block_number,block_timestamp_utc,block_timestamp_ms,tx_hash,log_index,from,to,amount_usdc,direction,window_id
473126601,2026-06-13T16:54:39Z,1781369679000,0xcd873365a32a1e97e15f848ddd8b613ae9b82cf742a745e7e7b2f64c23f5001d,28,0x0b64bb1e540c37c7eb82ab5b094481f5e9afbe0f,0x2df1c51e09aecf9cacb7bc98cb1742757f163df7,499.8,deposit,7
473126673,2026-06-13T16:54:57Z,1781369697000,0xa2367c59d5a66b27f4660e256a6dee07ef0d97349654de04e943379ed19b8bfa,28,0x2df1c51e09aecf9cacb7bc98cb1742757f163df7,0xce196fdce30d967a21b309151bf39af6a81c5eae,12.651081,withdraw,7
473126673,2026-06-13T16:54:57Z,1781369697000,0xa2367c59d5a66b27f4660e256a6dee07ef0d97349654de04e943379ed19b8bfa,30,0x2df1c51e09aecf9cacb7bc98cb1742757f163df7,0x10628b22e03030a6c1638790a9eef493d9bfe608,25.422375,withdraw,7
473126673,2026-06-13T16:54:57Z,1781369697000,0xa2367c59d5a66b27f4660e256a6dee07ef0d97349654de04e943379ed19b8bfa,32,0x2df1c51e09aecf9cacb7bc98cb1742757f163df7,0xe430c40439dda86d14e08831805b2e663166b80f,21.826139,withdraw,7
473126673,2026-06-13T16:54:57Z,1781369697000,0xa2367c59d5a66b27f4660e256a6dee07ef0d97349654de04e943379ed19b8bfa,34,0x2df1c51e09aecf9cacb7bc98cb1742757f163df7,0x3b7b8a2aa9d0e309d7dcddd48ef6359a80543dc7,21.108837,withdraw,7
473126673,2026-06-13T16:54:57Z,1781369697000,0xa2367c59d5a66b27f4660e256a6dee07ef0d97349654de04e943379ed19b8bfa,36,0x2df1c51e09aecf9cacb7bc98cb1742757f163df7,0x8e17b38ae0943fa84c3d5a836a74471d651f77c4,15.763996,withdraw,7
473126982,2026-06-13T16:56:13Z,1781369773000,0xe412c9969000f74e035cf1be7939045586541a0889a7de0a9d852599b45e4afd,56,0x2df1c51e09aecf9cacb7bc98cb1742757f163df7,0x260ab86369c910121277541276a6dd2901de8a5b,49.0,withdraw,7
473127099,2026-06-13T16:56:43Z,1781369803000,0x37e08cf495a2888dcb319e6fdfe42e11d07e4cb5a8792af727e87a0bf592426d,37,0x2df1c51e09aecf9cacb7bc98cb1742757f163df7,0x707a207c5fa4551850c8f001b4299279741d3c83,126.77,withdraw,7
473127099,2026-06-13T16:56:43Z,1781369803000,0x37e08cf495a2888dcb319e6fdfe42e11d07e4cb5a8792af727e87a0bf592426d,39,0x2df1c51e09aecf9cacb7bc98cb1742757f163df7,0x97100054bdd93162b46c418632d7c21850ebd32e,24.25,withdraw,7
473127154,2026-06-13T16:56:57Z,1781369817000,0xe82d251aa6ebe99e6973c03ad7f352f68eefc87417049144a3bc7c1af9dcf769,1,0xd9355b7a03d49a13ee6d4e498e1e024788ecef8f,0x2df1c51e09aecf9cacb7bc98cb1742757f163df7,10.0,deposit,7
473127272,2026-06-13T16:57:26Z,1781369846000,0x6edc6f2ec5264b8878408b506b4642e9647c7b110eccfc4006e5fd768fbf59f8,2,0xa1a9c9a306f56df562c71bdb3e834ed71c58adca,0x2df1c51e09aecf9cacb7bc98cb1742757f163df7,100.0,deposit,7
473127663,2026-06-13T16:59:05Z,1781369945000,0xcfb418f6ef524680b09a54c45e2b27dfb978e5055a39bd4035a70128cf4d3487,3,0x2df1c51e09aecf9cacb7bc98cb1742757f163df7,0x14c7ffeeaf06c15c98aef41d598e9069fac74fd9,148.065056,withdraw,7
473127910,2026-06-13T17:00:08Z,1781370008000,0x52dd6b8911be03ae3a9cf2a863ec41417511864aaa736be43f7c73d1880cb274,2,0x170f6131a759e30a5e834dc65872ac33420c7f25,0x2df1c51e09aecf9cacb7bc98cb1742757f163df7,449.144059,deposit,7
473127914,2026-06-13T17:00:09Z,1781370009000,0xfdd606c034c7f96895ff84006b0b98dff75bc302c2a6260eeaf98707b3b3a0e3,36,0xf032648dfd22c4d81588bd83e09ab89cfe816705,0x2df1c51e09aecf9cacb7bc98cb1742757f163df7,122.826395,deposit,7
473128098,2026-06-13T17:00:55Z,1781370055000,0x3871e644e4bb7bc0d22790dd6a5f8be748b81c9dfb9bbb839b82379ca9d4f5d6,0,0x2df1c51e09aecf9cacb7bc98cb1742757f163df7,0x7dd57240534dd82fa83235eee4fe5d14481dc303,201.976364,withdraw,7
473128377,2026-06-13T17:02:04Z,1781370124000,0xb408127d4bcd77042448ab5649005f6bfdb112aa8e22d99bcb577ce4c03f164a,2,0x34021b9fcf21b2526c9e33740f780d56c1b57b9a,0x2df1c51e09aecf9cacb7bc98cb1742757f163df7,148.065056,deposit,7
473128463,2026-06-13T17:02:26Z,1781370146000,0x37e3356987a258ab7b0fc6d432ea8cff44bfe723fd2faa35798b5001fb83ccea,1,0xfddd50f3ad034c32155be0a5893a4719b0b881db,0x2df1c51e09aecf9cacb7bc98cb1742757f163df7,10000.0,deposit,7
473128490,2026-06-13T17:02:32Z,1781370152000,0x069eba24aefe33d62a8c482575dd7a4f1dfa99e77a61b54290067ae5b3bc3e3a,1,0x66eab467b43b2fea5f53017bbea8b38067f57614,0x2df1c51e09aecf9cacb7bc98cb1742757f163df7,10000.0,deposit,7
473128522,2026-06-13T17:02:40Z,1781370160000,0x49a8ee4d0cdeee45e0ef7b1a713673fed248abca2a05bc29aa3d46428b53d4eb,1,0xd3c911f9e517e9e0d1c12447bf1028d1bc2aecc1,0x2df1c51e09aecf9cacb7bc98cb1742757f163df7,13913.63,deposit,7
473128555,2026-06-13T17:02:49Z,1781370169000,0xcdb7e50b71766c2dc3658d21272b934e049b05cdb29866e6eb9b72cb02fa8a75,2,0xd8d32e96484f566cb87198542ddbd71b1b0af750,0x2df1c51e09aecf9cacb7bc98cb1742757f163df7,11981.79,deposit,7
473128582,2026-06-13T17:02:55Z,1781370175000,0xa42c9e049fd5d66107dcb90eef037db5be1301426d113419fccb9670ec3c2011,1,0x5fa5531ffc0f4c38277e81fa95cfb933f6fd77f8,0x2df1c51e09aecf9cacb7bc98cb1742757f163df7,10926.57,deposit,7
473128609,2026-06-13T17:03:02Z,1781370182000,0xee74a1c2513711a16402ffe7689744de3b7af10d682794f711797a1856f473ec,1,0x8540027fcb524a163b4f0382ffac6a94a34e3cde,0x2df1c51e09aecf9cacb7bc98cb1742757f163df7,10620.51,deposit,7
473128636,2026-06-13T17:03:09Z,1781370189000,0x7857796d5615a8ba5862657ef76446a79cb7a4253021d1329853545ecb0fe1c1,7,0xe436441b71f46d41eec0637fde0395c29f74d9c0,0x2df1c51e09aecf9cacb7bc98cb1742757f163df7,10575.17,deposit,7
473128663,2026-06-13T17:03:16Z,1781370196000,0xad73a74d8516bd345b3f601951bcf7a6171a15e1219240a3c897e20097088ac0,1,0xcb864c9a9501336b57739f96bb950b157f6c1f9e,0x2df1c51e09aecf9cacb7bc98cb1742757f163df7,103964.650753,deposit,7
473128669,2026-06-13T17:03:17Z,1781370197000,0x99450c9c99a15b74f4385dc1ab3a4ba22c0c9da99fb829910b6fbdee0561d2b7,0,0x2df1c51e09aecf9cacb7bc98cb1742757f163df7,0x373877a649eb785960b9f719bd9a7ccfa23d41ca,22.27,withdraw,7
473128669,2026-06-13T17:03:17Z,1781370197000,0x99450c9c99a15b74f4385dc1ab3a4ba22c0c9da99fb829910b6fbdee0561d2b7,2,0x2df1c51e09aecf9cacb7bc98cb1742757f163df7,0x29822e2755bbaaa80650386fb0000ac3dabc0ad3,17.19,withdraw,7
473128837,2026-06-13T17:04:01Z,1781370241000,0x702a6592a36d8f73fc1573c47fda7e9cbe369c5f36fe4624e2e20b6a8f412b97,0,0x2df1c51e09aecf9cacb7bc98cb1742757f163df7,0xefd564b47e43d64a0a4e4fc8fd24d7db33e1e96a,2075.970074,withdraw,7
473129322,2026-06-13T17:06:03Z,1781370363000,0x0286ae0ce9bebfe191aa654f1e5f7c03e2d9e6b502466a968fbd498c8172f625,35,0x2df1c51e09aecf9cacb7bc98cb1742757f163df7,0xbdafc4514e551c00cf023cc2eecf49fcc9301e08,199.0,withdraw,7
473129475,2026-06-13T17:06:41Z,1781370401000,0x1884d79294d06335fb00fd8825247c3ffedd4cda9b9dbfb82f0440f62f71394c,2,0xc97beaa056ae9fd8491efd7078208b49950fcfac,0x2df1c51e09aecf9cacb7bc98cb1742757f163df7,100.02,deposit,7
473129480,2026-06-13T17:06:42Z,1781370402000,0x75a529d877bbdf235db66ebfc52a6aa2e978e4f88a961cc5f400ad67d1385263,31,0x0ea580fbb731989e0a1fcd2427b5e0e637ba7e98,0x2df1c51e09aecf9cacb7bc98cb1742757f163df7,14.8849,deposit,7
473129887,2026-06-13T17:08:24Z,1781370504000,0x4d206ca7e1301806c362462a54f79100fb894929d85262724391a679d621a58f,5,0x2df1c51e09aecf9cacb7bc98cb1742757f163df7,0xf900814c105cfbcae79ba27b9e5d4d0887d37979,1.32,withdraw,7
473130031,2026-06-13T17:09:00Z,1781370540000,0x5b887000a832051ef459e50904e882886a2d4146bb229fecc25b44d3e71ad5b8,0,0x75ca86101fc5f996f61a41da1920aa3c564a6525,0x2df1c51e09aecf9cacb7bc98cb1742757f163df7,5999.0,deposit,7
473130132,2026-06-13T17:09:25Z,1781370565000,0x3a4ab164a4df73fc958e55edac79f76d46d662abb0ae1663dbbb8e9f624c4790,41,0xee5b873685ba1bd322a8bd4d20e1710c37b90290,0x2df1c51e09aecf9cacb7bc98cb1742757f163df7,35.57784,deposit,7
473130289,2026-06-13T17:10:05Z,1781370605000,0xb8c6bb5ead4fea093b16f59a335460ea0c99c9c061caaf039a452a3f4d3618bd,4,0x2df1c51e09aecf9cacb7bc98cb1742757f163df7,0x98af8e1be62ba31184899116136a07be3544b34e,11126.67,withdraw,7
473130289,2026-06-13T17:10:05Z,1781370605000,0xb8c6bb5ead4fea093b16f59a335460ea0c99c9c061caaf039a452a3f4d3618bd,6,0x2df1c51e09aecf9cacb7bc98cb1742757f163df7,0x72b8079ca05e65ddf9bd5b09b1a3be40e067b4ad,37.52,withdraw,7
473130289,2026-06-13T17:10:05Z,1781370605000,0xb8c6bb5ead4fea093b16f59a335460ea0c99c9c061caaf039a452a3f4d3618bd,8,0x2df1c51e09aecf9cacb7bc98cb1742757f163df7,0x167274c9a0c20ab7673b1788e0f309ddad44fbe7,12.24,withdraw,7
473130322,2026-06-13T17:10:13Z,1781370613000,0x131cb947a74d4d8a4e05fe682af625d19f0e9b32025f1ba17fb46f8f10612816,2,0x404ca2035b37bf2e83505134ebcf8d03babb5f03,0x2df1c51e09aecf9cacb7bc98cb1742757f163df7,114306.8,deposit,7
473130477,2026-06-13T17:10:52Z,1781370652000,0xe6b42f4c1f47ce85665d09a57f6619b50b27a75fce83b40a66760e2e35b2ba0e,85,0x2df1c51e09aecf9cacb7bc98cb1742757f163df7,0x4810f61d8e849cc51bff61a7587bd9dffca4b666,3587.99858,withdraw,7
473130477,2026-06-13T17:10:52Z,1781370652000,0xe6b42f4c1f47ce85665d09a57f6619b50b27a75fce83b40a66760e2e35b2ba0e,87,0x2df1c51e09aecf9cacb7bc98cb1742757f163df7,0x20731e7d61607fe8f53eb5f77328b8e2c69687b8,55.0,withdraw,7
473130544,2026-06-13T17:11:09Z,1781370669000,0xee070e0610b23806dc4b13f48becebdac5a49d4a446d5553a441bb388f949601,0,0xbdafc4514e551c00cf023cc2eecf49fcc9301e08,0x2df1c51e09aecf9cacb7bc98cb1742757f163df7,199.000023,deposit,7
473130726,2026-06-13T17:11:54Z,1781370714000,0xeffda7b0d8a25217daa5eb082b7141d92308b09b9cf36b0f8aa04381c27b49c2,1,0x64703ef077079da9b9748de401b994c303432a0a,0x2df1c51e09aecf9cacb7bc98cb1742757f163df7,5.0,deposit,7
473130963,2026-06-13T17:12:54Z,1781370774000,0xf5db0c762eba46169511395fdf03f54b7aba3ccf01bb7d11c3311889a6c01265,92,0x1545e727962c2b822fbaff39190a579787019750,0x2df1c51e09aecf9cacb7bc98cb1742757f163df7,6.156014,deposit,7
473131089,2026-06-13T17:13:26Z,1781370806000,0x9871b61e15c70973f13c0f8cf02e07f69cfd35ad05a500e0cdf8c4871f0c6a8f,0,0x2df1c51e09aecf9cacb7bc98cb1742757f163df7,0xa5b44df12176ce4bbb27ed806a99e72bd33fd445,13.756247,withdraw,7
473131089,2026-06-13T17:13:26Z,1781370806000,0x9871b61e15c70973f13c0f8cf02e07f69cfd35ad05a500e0cdf8c4871f0c6a8f,2,0x2df1c51e09aecf9cacb7bc98cb1742757f163df7,0xee93ede57fadba712ba9d4fe17269435c67a6864,99.0,withdraw,7
473131428,2026-06-13T17:14:51Z,1781370891000,0x384c3563a2d3f80be7fe7238d22def14d674e142d86e5de167789b01d2d17554,0,0xd9c529b233b6675673b9f510474c4025a0994664,0x2df1c51e09aecf9cacb7bc98cb1742757f163df7,324.15,deposit,7
473131672,2026-06-13T17:15:52Z,1781370952000,0x1b9cb552956f9c9054e10aa6d5d799798f147c213568217ea5cfd690af752350,33,0x2df1c51e09aecf9cacb7bc98cb1742757f163df7,0x3926690821d0cff8d1bb489f0039a1b274f4cebf,3367.94,withdraw,7
473131672,2026-06-13T17:15:52Z,1781370952000,0x1b9cb552956f9c9054e10aa6d5d799798f147c213568217ea5cfd690af752350,35,0x2df1c51e09aecf9cacb7bc98cb1742757f163df7,0xb90cfc89cfb57f96010eae2aa347b1623d176988,900.046069,withdraw,7
473132070,2026-06-13T17:17:33Z,1781371053000,0x9962a10e1b40480ff8dabc22c8dea9101c3e627196876fc2b2e3f105c078b6e8,1,0xd9355b7a03d49a13ee6d4e498e1e024788ecef8f,0x2df1c51e09aecf9cacb7bc98cb1742757f163df7,30.0,deposit,7
473132608,2026-06-13T17:19:48Z,1781371188000,0x09a833388264985c5e782d09b2725f712a3b8cf0c7381bb7245113f33d20eec7,9,0x3bebb51c6b62d1f739e912cdb65bda73ebb38ebd,0x2df1c51e09aecf9cacb7bc98cb1742757f163df7,9.850059,deposit,7
473132694,2026-06-13T17:20:10Z,1781371210000,0x22d708a670c21d26deef2957dc4d9c6fb892c69bf51509a9cdd363fdb132d256,0,0xf032648dfd22c4d81588bd83e09ab89cfe816705,0x2df1c51e09aecf9cacb7bc98cb1742757f163df7,251.738329,deposit,7
473133213,2026-06-13T17:22:19Z,1781371339000,0x6321be56bbd9a1489dede227bb69bad587053436f71e43427c8f1cfb81521553,1,0x2df1c51e09aecf9cacb7bc98cb1742757f163df7,0x9e422766b1508e9b4de4ec82f696f65e49468c8d,99.0,withdraw,7
473133213,2026-06-13T17:22:19Z,1781371339000,0x6321be56bbd9a1489dede227bb69bad587053436f71e43427c8f1cfb81521553,3,0x2df1c51e09aecf9cacb7bc98cb1742757f163df7,0x3144cc0e46bfe904ecd161de6347f8294990d388,4.0,withdraw,7
473133213,2026-06-13T17:22:19Z,1781371339000,0x6321be56bbd9a1489dede227bb69bad587053436f71e43427c8f1cfb81521553,5,0x2df1c51e09aecf9cacb7bc98cb1742757f163df7,0xed967e7ceed3b38e3e6dd06e88c25fabdd3e0d2c,2199.0,withdraw,7
473133213,2026-06-13T17:22:19Z,1781371339000,0x6321be56bbd9a1489dede227bb69bad587053436f71e43427c8f1cfb81521553,7,0x2df1c51e09aecf9cacb7bc98cb1742757f163df7,0x11b6a5fe2906f3354145613db0d99ceb51f604c9,286.5,withdraw,7
473133213,2026-06-13T17:22:19Z,1781371339000,0x6321be56bbd9a1489dede227bb69bad587053436f71e43427c8f1cfb81521553,9,0x2df1c51e09aecf9cacb7bc98cb1742757f163df7,0x9660b7ce0f3deed7842711c82aee1a5feeefe383,199.0,withdraw,7
473133883,2026-06-13T17:25:08Z,1781371508000,0xed636ca17debb52a4eeec8d2d04b2b23752d1b6777162433a0c69ccfe7a242d0,76,0xf3e9a881a08b97cfe79c62bcf651cdde1fa7df4c,0x2df1c51e09aecf9cacb7bc98cb1742757f163df7,100.0,deposit,7
473134018,2026-06-13T17:25:42Z,1781371542000,0x9cda2310ef4ae9665798f9c2ec8717a62641e9a635abc03d2ec601e1f1132478,0,0x2df1c51e09aecf9cacb7bc98cb1742757f163df7,0x77b145e963a96843e3bd90d0a11af6fc352b54f8,9.0,withdraw,7
473134018,2026-06-13T17:25:42Z,1781371542000,0x9cda2310ef4ae9665798f9c2ec8717a62641e9a635abc03d2ec601e1f1132478,2,0x2df1c51e09aecf9cacb7bc98cb1742757f163df7,0x8daf06fc19d63d64c706b8cdb9a5b91c4791443c,120.52,withdraw,7
473134061,2026-06-13T17:25:53Z,1781371553000,0x8110f8813048b95b97381a45af065728f719321345a8f74e979f6a9201bea584,0,0x7b307827dfb0d1875ff99ab17ccae7c015d75179,0x2df1c51e09aecf9cacb7bc98cb1742757f163df7,1000.0,deposit,7
473134117,2026-06-13T17:26:07Z,1781371567000,0xbd5870c6c6e9c5f37db030b352751395203ee87029a9159c6c6531bd8ff024b9,12,0x2df1c51e09aecf9cacb7bc98cb1742757f163df7,0x72498366ee82383fc028b6139712789d2c54d823,75.751752,withdraw,7
473134158,2026-06-13T17:26:18Z,1781371578000,0x8b0c8e0fe34b93925ce9c8d349d9957d76918dff857f36d5a90b5f3b0f04094c,5,0x3bebb51c6b62d1f739e912cdb65bda73ebb38ebd,0x2df1c51e09aecf9cacb7bc98cb1742757f163df7,999.850059,deposit,7
473134305,2026-06-13T17:26:55Z,1781371615000,0x132cdf4901e5fd9d9f978116b04e1a34915e0f427fdf75357d221881384d4f57,0,0x2df1c51e09aecf9cacb7bc98cb1742757f163df7,0x1e5d09dac0692ff91e82e22c630e975c701bb226,14.26,withdraw,7
473135083,2026-06-13T17:30:09Z,1781371809000,0x417e3f4dc0e54412d023af50818776b0dc4a2abf07f06bec7db0b8d4f1a4957f,1,0x2df1c51e09aecf9cacb7bc98cb1742757f163df7,0x5b6dbe7cbcfe8f2968572cc0d8abd9441b023371,99.0,withdraw,7
473135207,2026-06-13T17:30:40Z,1781371840000,0x2ed1c4c96a9ea1c717aad985b1533ce8d4fa6f86ac24c9308184a349095ecf55,6,0x75ff509ef9bcc1180c0ded7e4534c67f23c722c3,0x2df1c51e09aecf9cacb7bc98cb1742757f163df7,5.213869,deposit,7
473135293,2026-06-13T17:31:02Z,1781371862000,0x7e321375a6cf5dcfb4784699b222459017ee541a03878e6ac26e9304e1f39a6d,60,0xd55faf2b41d004fa9f385e2e2675d6ebaa65cf45,0x2df1c51e09aecf9cacb7bc98cb1742757f163df7,11.55,deposit,7
473135524,2026-06-13T17:32:01Z,1781371921000,0x3c1b58af94d21c02c9b112366c808ae1be00b6e4c769a4db7ad9a1296a55e3c7,1,0x50001e67d44460f0d4eb725dc25a603b5e077940,0x2df1c51e09aecf9cacb7bc98cb1742757f163df7,95.18,deposit,7
473135756,2026-06-13T17:32:59Z,1781371979000,0x4b4f59ca4e34e8cab77892bae9d25d097dde66c8f62a0ac9c83064ef9f47c74f,30,0x2df1c51e09aecf9cacb7bc98cb1742757f163df7,0x9fc02ce1d5b5963bde6f1601b9d2a8efc721032f,99.0,withdraw,7
473135791,2026-06-13T17:33:08Z,1781371988000,0x611ca1d8e062138ad1e1a113d583bcc2710940d214916481a9f1e57de62adbc6,3,0xb6cb1cb28b84e071a163b39cd3731ef957a7c285,0x2df1c51e09aecf9cacb7bc98cb1742757f163df7,25.98983,deposit,7
473135846,2026-06-13T17:33:21Z,1781372001000,0xd1ae41a9c1a975e37aa78435255e5c68e8aed45492a282bdbfcd1ef84e8e8e8f,2,0x48b7019916ea29d702ebf9ccd82aff32d3ddb7e4,0x2df1c51e09aecf9cacb7bc98cb1742757f163df7,127.326944,deposit,7
473135941,2026-06-13T17:33:44Z,1781372024000,0x6279283094b847430f8d2adfe7878c67d8c2c0685696d159c55536c8dce91a5b,12,0x2d2fcae7c789464554dab778b232f106b79d8c21,0x2df1c51e09aecf9cacb7bc98cb1742757f163df7,119.0,deposit,7
473136085,2026-06-13T17:34:21Z,1781372061000,0x8d58726e5dcd45cc0955ab65e70863986710d48c6b7fc16a7d8fba99f12c8761,8,0x2df1c51e09aecf9cacb7bc98cb1742757f163df7,0x5b6dbe7cbcfe8f2968572cc0d8abd9441b023371,4.0,withdraw,7
473136191,2026-06-13T17:34:47Z,1781372087000,0xc52ac3a0615c8dbabcfbf40529f19c7f3ee66e46bad8e7de9308587a7a493e26,9,0x2df1c51e09aecf9cacb7bc98cb1742757f163df7,0x1d73e95d13f9a740698898288fc5be2c07f08528,39.06,withdraw,7
473136595,2026-06-13T17:36:28Z,1781372188000,0xe65b41880e894c4d4b623e86077528a3adcd73e8f300055850a1e3632ba2cf7d,6,0x74fbb7a938040a63f659ae1b2d174251b9001d71,0x2df1c51e09aecf9cacb7bc98cb1742757f163df7,39.8,deposit,7
473136692,2026-06-13T17:36:53Z,1781372213000,0xee49e878cefc726815c52bbe056377d20d1474b62d42a5592d44d2c997745fe3,0,0x2df1c51e09aecf9cacb7bc98cb1742757f163df7,0xb30f8aa57166da878add656d5290de2d6b2b04c8,486.402665,withdraw,7
473136790,2026-06-13T17:37:17Z,1781372237000,0x2aa86a9a64282c48077cb9931bb645d5985ca4d4405521171e0eecdb682ad1d4,0,0x2df1c51e09aecf9cacb7bc98cb1742757f163df7,0x4a19f3a5b7d20a7272c8fd9d81b941df1ec13fc6,30.34,withdraw,7
473136790,2026-06-13T17:37:17Z,1781372237000,0x2aa86a9a64282c48077cb9931bb645d5985ca4d4405521171e0eecdb682ad1d4,2,0x2df1c51e09aecf9cacb7bc98cb1742757f163df7,0x79384bb6ac6e65e7b9a3c20b137f750bb9970649,1.0,withdraw,7
473136790,2026-06-13T17:37:17Z,1781372237000,0x2aa86a9a64282c48077cb9931bb645d5985ca4d4405521171e0eecdb682ad1d4,4,0x2df1c51e09aecf9cacb7bc98cb1742757f163df7,0x4189780aea07b1b1ccb2576809ed56ffc057e34a,96.92,withdraw,7
473137282,2026-06-13T17:39:21Z,1781372361000,0x4d5327b04c74f0b20b5ec9ea089e3210f9fbecfcf32b0ca89e3f3f299a7a5edb,1,0x2df1c51e09aecf9cacb7bc98cb1742757f163df7,0xc5643d526045124c8a241f91c92f2fb36842f1f2,19999.0,withdraw,7
473137461,2026-06-13T17:40:05Z,1781372405000,0x492caa46c5fdd5a4b7424fbba5e70425315e94ec09c90e870c94cceff27dcab2,0,0x57a6d995742e4f4936f7edfc26f2119ddaf8a44e,0x2df1c51e09aecf9cacb7bc98cb1742757f163df7,10.000048,deposit,7
473137856,2026-06-13T17:41:44Z,1781372504000,0xc9c6f1255666e1bf0024a3d3eb650a1731537aab5806d35c18ebbc97d6d20642,3,0x2df1c51e09aecf9cacb7bc98cb1742757f163df7,0x5bba19a69ff8d2e2387c6fd6751d79f62820f641,656.542284,withdraw,7
473138094,2026-06-13T17:42:44Z,1781372564000,0x465337e48f4a9d1d8b5b48fa2eb017d28261ae6eb885468664d37901f49a4d7e,3,0x2df1c51e09aecf9cacb7bc98cb1742757f163df7,0xe94d7dfee5b2eb29912f92d702dc6e9fe6ebb21c,0.01,withdraw,7
473138383,2026-06-13T17:43:56Z,1781372636000,0xee833eea738b2b76395313106ff6cd8233d7d5d9565e6a6fc8d55b155a819faf,1,0x00ab9a502812249a7d0a6e03a90d79e097c9ebe5,0x2df1c51e09aecf9cacb7bc98cb1742757f163df7,73.6,deposit,7
473138383,2026-06-13T17:43:56Z,1781372636000,0xee833eea738b2b76395313106ff6cd8233d7d5d9565e6a6fc8d55b155a819faf,3,0x2e31f090d9a126f7463c92a162233a6735587c2a,0x2df1c51e09aecf9cacb7bc98cb1742757f163df7,200.0,deposit,7
473138513,2026-06-13T17:44:29Z,1781372669000,0xa6b191b269e35b91af399e73f4629ce9d7fe9d0e2795661df8098fd58d4ec19c,60,0x33445c6dc355e219dbcf432862a8652adfe917f5,0x2df1c51e09aecf9cacb7bc98cb1742757f163df7,89.8,deposit,7
473138609,2026-06-13T17:44:53Z,1781372693000,0x94a10e266333405b23fbb8a15933e4d444ff4db4baf33ea18b567545ee8a46ca,0,0x42257424380d1afa0a22a5cb617acb45a7656910,0x2df1c51e09aecf9cacb7bc98cb1742757f163df7,10.0,deposit,7
473138685,2026-06-13T17:45:12Z,1781372712000,0x4f785aac56cb8d6c99694b569e5ac46d97a25a1994315665ca4c66b8e8d9e79e,9,0xf032648dfd22c4d81588bd83e09ab89cfe816705,0x2df1c51e09aecf9cacb7bc98cb1742757f163df7,375.946792,deposit,7
473138800,2026-06-13T17:45:41Z,1781372741000,0x5e9d47007817a1f498d219894279f42c8803285e328467592cd470987f3fd102,0,0x589d3fc1b0cc3437bc2fc829068d380868744a1a,0x2df1c51e09aecf9cacb7bc98cb1742757f163df7,51.544284,deposit,7
473139243,2026-06-13T17:47:31Z,1781372851000,0x921c31be4de31abe31f415ed06f5bcb0c22e5e9090d30a8403cec2a941773abb,19,0x2df1c51e09aecf9cacb7bc98cb1742757f163df7,0xdb701167787e0a0b47aac94721f9547059e5794b,113.75,withdraw,7
473139247,2026-06-13T17:47:32Z,1781372852000,0xb2457bc3716ec8b0964da3c8a6c19a307c0b311efde047b7a509b6a3aa1909f0,6,0x46fb94f5918c1cb6b6c9363539acfe2b16746e9e,0x2df1c51e09aecf9cacb7bc98cb1742757f163df7,12.0,deposit,7
473139676,2026-06-13T17:49:20Z,1781372960000,0x1f9ec60366796a509b5a0cec03a911b101a57699afd78cb26ac467af12a3faa9,2,0x103e9d15f8a102ef9333ad8b66ffe25b0db448a4,0x2df1c51e09aecf9cacb7bc98cb1742757f163df7,4606.998473,deposit,7
473139734,2026-06-13T17:49:34Z,1781372974000,0x70b5e3168cb2ab3d019c3dcdded31eed8c2cca66236575c596ccd0a281b3dd5b,5,0x2df1c51e09aecf9cacb7bc98cb1742757f163df7,0xc2083502043b425916930af5a4ae4ea20cbbc7e4,19.94,withdraw,7
473139947,2026-06-13T17:50:28Z,1781373028000,0x04be3e8d72fd79459ef9181dc51846091f676dca595d4b723e21efa6dde8d880,4,0xefbf0ab1bfca0cfd457bfdbd0a01f2fef1dd17da,0x2df1c51e09aecf9cacb7bc98cb1742757f163df7,27.31,deposit,7
473139984,2026-06-13T17:50:37Z,1781373037000,0x0be804b5298af112938c2464d2a80e94be4f18fca54bee32e84789475321a90b,5,0x1408f6d38c1209afdcae3a3ae33f09f03f69b98d,0x2df1c51e09aecf9cacb7bc98cb1742757f163df7,2478.0,deposit,7
473140254,2026-06-13T17:51:45Z,1781373105000,0xf2847c8bf56cd5e2bec7ec29d29c9868e368d5761ff0338d4c31389496d14528,3,0x48b7019916ea29d702ebf9ccd82aff32d3ddb7e4,0x2df1c51e09aecf9cacb7bc98cb1742757f163df7,496.849674,deposit,7
473140469,2026-06-13T17:52:38Z,1781373158000,0xd0a6158b05b61b609c02b6b44ca776fb940bcce7b4ec84c70184b1843bb77b6d,1,0x1560b3c122448d66fdfbf5c19285fbf7b0e4a155,0x2df1c51e09aecf9cacb7bc98cb1742757f163df7,13.3,deposit,7
473140623,2026-06-13T17:53:17Z,1781373197000,0x60f7122cd842cc9e67a0d1844399dbefe491ff55afca8d60d6c65ddedfbce3d8,94,0x2df1c51e09aecf9cacb7bc98cb1742757f163df7,0x4382788bfdaf241a2a2095eba6867ebf848e5226,279.01,withdraw,7
473141191,2026-06-13T17:55:39Z,1781373339000,0xd8c6cc2888ab245699914b97becba6ab33ac050a22d01bd02c9fcd09b4719c39,158,0x2df1c51e09aecf9cacb7bc98cb1742757f163df7,0xdc2724db51987a86a7ce800ae54acfa1aa5338fb,9.0,withdraw,7
473141388,2026-06-13T17:56:29Z,1781373389000,0x3aff572991421ed609fdbcbae5c7982f46b0eac90fecfc9b7991174775e09836,91,0x11f9a5bd171bdb5f71126d59276072f4b76dcf00,0x2df1c51e09aecf9cacb7bc98cb1742757f163df7,6767.356734,deposit,7
473141543,2026-06-13T17:57:08Z,1781373428000,0x0a47a7bde18e827c55346e7f4877f31e6b144d76445d03dc9e6ed49d6c78d11d,62,0x623e31ed1d4e2cc2237c97893a75a52c16e6dba7,0x2df1c51e09aecf9cacb7bc98cb1742757f163df7,30.52,deposit,7
473141709,2026-06-13T17:57:50Z,1781373470000,0x8ffafa11cbfd1309dea61a0c7bc01e46873abc765ffdaca90933af04e18df772,0,0xda04ffc95de4aed9fd68069ed6674a4f238ac502,0x2df1c51e09aecf9cacb7bc98cb1742757f163df7,30.12,deposit,7
473141885,2026-06-13T17:58:34Z,1781373514000,0x84fcf377dc77c7e60bf57251930a9f4f38c591d4608cbc2bfc7d3ea9a4902516,0,0x2df1c51e09aecf9cacb7bc98cb1742757f163df7,0x236963633f5e962af53478c7893f444a35f5e704,37.41,withdraw,7
473141885,2026-06-13T17:58:34Z,1781373514000,0x84fcf377dc77c7e60bf57251930a9f4f38c591d4608cbc2bfc7d3ea9a4902516,2,0x2df1c51e09aecf9cacb7bc98cb1742757f163df7,0x5b0f4c10feb1e4ded67c6c6352047d9fdd939ca1,49.0,withdraw,7
473141904,2026-06-13T17:58:38Z,1781373518000,0x7ffa3162b19aec2aa92015058698125995cfbf078d1aa10894bf3bab3648edc5,1,0x4081495223dac0d390307060cba80facb83e5084,0x2df1c51e09aecf9cacb7bc98cb1742757f163df7,275.787784,deposit,7
473142068,2026-06-13T17:59:19Z,1781373559000,0x0c7568dc6d4021147c8f297657d87c6fa5538d7dd411e85dc95fc5f827b584b6,34,0x2df1c51e09aecf9cacb7bc98cb1742757f163df7,0xcfdd3ef63fbfa1dacbc54ab34110195f819f4ca6,154.63,withdraw,7
473142168,2026-06-13T17:59:44Z,1781373584000,0x04138fe35ba0eeddd9e3851a56d17e9bc5a08ba91f231ff51944366d033d6be9,0,0x2df1c51e09aecf9cacb7bc98cb1742757f163df7,0x21dd684e037e4e607ac5c24a6b8a0c216c649aad,297.7,withdraw,7
473142168,2026-06-13T17:59:44Z,1781373584000,0x04138fe35ba0eeddd9e3851a56d17e9bc5a08ba91f231ff51944366d033d6be9,2,0x2df1c51e09aecf9cacb7bc98cb1742757f163df7,0x7725a7f2bb0e1c448d6fe361d53c840486ec6557,1883.0,withdraw,7
473142311,2026-06-13T18:00:20Z,1781373620000,0x0d0cabae2018a37fad3208fe7789d14cf2e034999da8b703c1f51527cda36127,2,0x84d3029c51f2598ea6121c5a8e20203790d8b457,0x2df1c51e09aecf9cacb7bc98cb1742757f163df7,49.779853,deposit,7
473142397,2026-06-13T18:00:42Z,1781373642000,0xbc96010f5696b554547ff2196e8c404c06b7aafd3bc4add446a7e4c2b6d1d39c,13,0xda04ffc95de4aed9fd68069ed6674a4f238ac502,0x2df1c51e09aecf9cacb7bc98cb1742757f163df7,21.75,deposit,7
473142757,2026-06-13T18:02:13Z,1781373733000,0x46f16a4c1f8446886b8343881974f3307b82bd719f8f916686b67147b48a8843,1,0x2df1c51e09aecf9cacb7bc98cb1742757f163df7,0xc9c6f3464ac14bdca54882993079697033a07059,20.74,withdraw,7
473142757,2026-06-13T18:02:13Z,1781373733000,0x46f16a4c1f8446886b8343881974f3307b82bd719f8f916686b67147b48a8843,3,0x2df1c51e09aecf9cacb7bc98cb1742757f163df7,0xa4598a5cd281980c431894873b355fc2110e2558,10371.64,withdraw,7
473142757,2026-06-13T18:02:13Z,1781373733000,0x46f16a4c1f8446886b8343881974f3307b82bd719f8f916686b67147b48a8843,5,0x2df1c51e09aecf9cacb7bc98cb1742757f163df7,0xb77faf001c7e2b70a81d0abaf20e79279841383d,20.0,withdraw,7
473142843,2026-06-13T18:02:34Z,1781373754000,0x4feb9afa6dfa83df1173e19b9c327da30cf9491e6a7d2b34fe4678794cbcd378,0,0xf032648dfd22c4d81588bd83e09ab89cfe816705,0x2df1c51e09aecf9cacb7bc98cb1742757f163df7,732.495752,deposit,7
473142924,2026-06-13T18:02:55Z,1781373775000,0xee46afc6696491ca6d7c7f07a747f43a8f091598e642a1598976162242b8bbdb,1,0xb77faf001c7e2b70a81d0abaf20e79279841383d,0x2df1c51e09aecf9cacb7bc98cb1742757f163df7,20.0,deposit,7
473143012,2026-06-13T18:03:17Z,1781373797000,0x67469c210e30c030e9cc9e2e6660601e5efea02077a4097bece34a848be28291,1,0xeab0f09247e3e67767d1928d143ad0adc57e75e9,0x2df1c51e09aecf9cacb7bc98cb1742757f163df7,13.250056,deposit,7
473143137,2026-06-13T18:03:50Z,1781373830000,0xffd45ee0412e97d0c9bc6d2c3ccbcb88c0d5b767e674bc655a1125f1870d94d1,0,0xc6513510bde1293910b9a6bb478dc006874fb627,0x2df1c51e09aecf9cacb7bc98cb1742757f163df7,899.997686,deposit,7
473143140,2026-06-13T18:03:50Z,1781373830000,0xe10ee40931736f3f9242c71eb8910a04cad3340783d74bf0a1d80e144ff306a8,0,0x2df1c51e09aecf9cacb7bc98cb1742757f163df7,0x8c8534b7cef0756bb8c894a445b898e10191f2a8,2354.314557,withdraw,7
473143303,2026-06-13T18:04:32Z,1781373872000,0x226e2e5a6a17dcbadbec01cb3f64bb7be41a5f5656d64c9698c7ac22fa0f70ae,1,0x52071681f3f00ea5435d0f5041e2f6c90a71cc58,0x2df1c51e09aecf9cacb7bc98cb1742757f163df7,2516.45,deposit,7
473143467,2026-06-13T18:05:13Z,1781373913000,0x784165f8535419603eff97505bb4f751f5dbf55c7f1f9d8d00431bc809f41b48,12,0xdc2724db51987a86a7ce800ae54acfa1aa5338fb,0x2df1c51e09aecf9cacb7bc98cb1742757f163df7,9.0,deposit,7
473143501,2026-06-13T18:05:22Z,1781373922000,0xc30b2b68ed0a2f098e21d56b0015f0aacf94f44d02d90f28b9f6df613aba7200,1,0x2df1c51e09aecf9cacb7bc98cb1742757f163df7,0x5b0f4c10feb1e4ded67c6c6352047d9fdd939ca1,233.29,withdraw,7
473143501,2026-06-13T18:05:22Z,1781373922000,0xc30b2b68ed0a2f098e21d56b0015f0aacf94f44d02d90f28b9f6df613aba7200,3,0x2df1c51e09aecf9cacb7bc98cb1742757f163df7,0xb77faf001c7e2b70a81d0abaf20e79279841383d,19.0,withdraw,7
473143663,2026-06-13T18:06:02Z,1781373962000,0x73e4379d56d54adaf709940df195566b4605fccfe1e2eec0708fa1a08c513f70,2,0xb77faf001c7e2b70a81d0abaf20e79279841383d,0x2df1c51e09aecf9cacb7bc98cb1742757f163df7,19.0,deposit,7
473144083,2026-06-13T18:07:47Z,1781374067000,0xdd72f1b6cbd659b9515f20750fa22e861df423856aedf8b3a3c34398c5d672c0,0,0x2df1c51e09aecf9cacb7bc98cb1742757f163df7,0x5c31405046549257b033facf4938e426f6f7043a,552.403299,withdraw,7
473144083,2026-06-13T18:07:47Z,1781374067000,0xdd72f1b6cbd659b9515f20750fa22e861df423856aedf8b3a3c34398c5d672c0,2,0x2df1c51e09aecf9cacb7bc98cb1742757f163df7,0x47a0e35640485a9920995e2beb0173ac30b93742,293.3,withdraw,7
473144488,2026-06-13T18:09:30Z,1781374170000,0x492681f843e95b3a89dd78210623f64553a0def34284ff4237e13e3aedcfca7b,24,0x2df1c51e09aecf9cacb7bc98cb1742757f163df7,0x90adbee30c0468bc1d0b3fb17125ed1b57444566,59.0,withdraw,7
473144488,2026-06-13T18:09:30Z,1781374170000,0x492681f843e95b3a89dd78210623f64553a0def34284ff4237e13e3aedcfca7b,26,0x2df1c51e09aecf9cacb7bc98cb1742757f163df7,0xc6fee72e2dfb27d75c282747f268738c7bc179b1,19994.494821,withdraw,7
473144632,2026-06-13T18:10:07Z,1781374207000,0x0e869e81b6c7940689787cf7fdb738f3b1e52ad998ea308136d9a65cd4604d77,0,0xf032648dfd22c4d81588bd83e09ab89cfe816705,0x2df1c51e09aecf9cacb7bc98cb1742757f163df7,635.221728,deposit,7
473144756,2026-06-13T18:10:38Z,1781374238000,0x2342f04997cc9327979a71502a3480071843eb508ef359de1c3e09660e838c00,0,0x6239fbae9d15c031aac8a9ff0f9e9803a3b9016c,0x2df1c51e09aecf9cacb7bc98cb1742757f163df7,35.6927,deposit,7
473144942,2026-06-13T18:11:25Z,1781374285000,0x6d2e4c51a5d1fc0eb08287c6a47df56ab2e00b1fc8700bd5acb9d36df180dbae,0,0x01a1e4ae9e7835cb2fdc79139d95d354a6ab46f6,0x2df1c51e09aecf9cacb7bc98cb1742757f163df7,451.935512,deposit,7
473144961,2026-06-13T18:11:30Z,1781374290000,0x8c5acab3b682353327b17d4a883faabc71aa70dd1eae50811ace7683ae7e7e53,2,0x21ad97cd3b0e82a81d04fdf695a281cd0e056759,0x2df1c51e09aecf9cacb7bc98cb1742757f163df7,70.606745,deposit,7
473144974,2026-06-13T18:11:33Z,1781374293000,0x11ea6537534e00d7657071cb70fea40746ee67ef24ba730de6c89b9ac0ea1150,0,0x2df1c51e09aecf9cacb7bc98cb1742757f163df7,0xdc2724db51987a86a7ce800ae54acfa1aa5338fb,9.0,withdraw,7
473144974,2026-06-13T18:11:33Z,1781374293000,0x11ea6537534e00d7657071cb70fea40746ee67ef24ba730de6c89b9ac0ea1150,2,0x2df1c51e09aecf9cacb7bc98cb1742757f163df7,0x542bbc16c0d07f954ae3fa5f1d5e4bcf5d4c8f6c,59257.602041,withdraw,7
473144974,2026-06-13T18:11:33Z,1781374293000,0x11ea6537534e00d7657071cb70fea40746ee67ef24ba730de6c89b9ac0ea1150,4,0x2df1c51e09aecf9cacb7bc98cb1742757f163df7,0x16c8cd648612fb474fdb62c45714605edaadfc99,1480.904061,withdraw,7
473145050,2026-06-13T18:11:53Z,1781374313000,0x1cbf8ad4b121a080b25a51d82edcda6ede6af75fced1eb147f45f4d968f7361e,0,0x2df1c51e09aecf9cacb7bc98cb1742757f163df7,0x22b6a5cd7aa10d8968974cbe6b932cc4c2c5572d,38.0,withdraw,7
473145050,2026-06-13T18:11:53Z,1781374313000,0x1cbf8ad4b121a080b25a51d82edcda6ede6af75fced1eb147f45f4d968f7361e,2,0x2df1c51e09aecf9cacb7bc98cb1742757f163df7,0x6239fbae9d15c031aac8a9ff0f9e9803a3b9016c,104.571736,withdraw,7
473145165,2026-06-13T18:12:21Z,1781374341000,0xd2567a93dacf53c5b521d67c46dd6c637f8bfcdedfc92c481c61ea6c6620ee64,14,0x2df1c51e09aecf9cacb7bc98cb1742757f163df7,0xc7041ae8ff2edc2547013b17ec021f8142594b37,7044.998602,withdraw,7
473145165,2026-06-13T18:12:21Z,1781374341000,0xd2567a93dacf53c5b521d67c46dd6c637f8bfcdedfc92c481c61ea6c6620ee64,16,0x2df1c51e09aecf9cacb7bc98cb1742757f163df7,0xb5ef613772362cb0290a432a14a31b9d8af7f6e9,151.99,withdraw,7
473145199,2026-06-13T18:12:30Z,1781374350000,0xf16ddffc2d2f7d96b00c018bcaf800c6abb627bc1a9104b91e3f8560ae493990,1,0x7ef287785711fb278a5d0b031af0278ef159877e,0x2df1c51e09aecf9cacb7bc98cb1742757f163df7,48.78,deposit,7
473145223,2026-06-13T18:12:36Z,1781374356000,0x4904669fc5dfcfb829f86c1a62aa19bfb8b7d8bdf848793d99b3526285e6074d,1,0xdc2724db51987a86a7ce800ae54acfa1aa5338fb,0x2df1c51e09aecf9cacb7bc98cb1742757f163df7,9.0,deposit,7
473145278,2026-06-13T18:12:50Z,1781374370000,0x4a5c9f386c7b58c23e989d47d2ab0f9d814a1a499429d9ebf9318ff58abd4a49,0,0x31969fc5deffab60d87ad619ccf1d4f24ccf52f5,0x2df1c51e09aecf9cacb7bc98cb1742757f163df7,26.140251,deposit,7
473145473,2026-06-13T18:13:39Z,1781374419000,0xe8daa394e0b1095bb19419391514bd6de36b38c0b3fc22f53edac15a812fd8e5,0,0x2df1c51e09aecf9cacb7bc98cb1742757f163df7,0xbacd24e22b792c0102b96090b2d6af42752bf4e1,157.312468,withdraw,7
473145846,2026-06-13T18:15:16Z,1781374516000,0x9f830e27082c809b118e11434e9ad37ae7eb7af56890daa87d05b5d6cd9db7cc,0,0x2df1c51e09aecf9cacb7bc98cb1742757f163df7,0xf9461cc24ab6b79d7bca758ee0688c3090df47e3,107.97,withdraw,7
473145846,2026-06-13T18:15:16Z,1781374516000,0x9f830e27082c809b118e11434e9ad37ae7eb7af56890daa87d05b5d6cd9db7cc,2,0x2df1c51e09aecf9cacb7bc98cb1742757f163df7,0x291a45f3dd1d7b01df78e9e2b39e86a75dc34f2b,18.98,withdraw,7
473146006,2026-06-13T18:15:56Z,1781374556000,0x3eb85c9afa29f0343ea27b80bd0d1056c25b1651886900b4e689b56648c4b59f,0,0x8ede0eeb8c03a45886836a1badec03cdb08cdfb2,0x2df1c51e09aecf9cacb7bc98cb1742757f163df7,103.0,deposit,7
473146075,2026-06-13T18:16:14Z,1781374574000,0x25ea35d1456341813992ca97b748637bc6589d5ae089c7f033da2a62165cf143,0,0xb3243090bd753980e2cc17765fc8d9cf472bb399,0x2df1c51e09aecf9cacb7bc98cb1742757f163df7,59.980925,deposit,7
473146362,2026-06-13T18:17:28Z,1781374648000,0xbd321e0b3e2b70ff2376e35a66384f0f887a5eb748dfa9ea52ab4c4c63754d58,8,0x7d3818c2e7fb8625623ec8434c9fb15a81df55a4,0x2df1c51e09aecf9cacb7bc98cb1742757f163df7,10.050781,deposit,7
473146425,2026-06-13T18:17:46Z,1781374666000,0x9c8f2ef1b03d732f066ac3e71b7f86ec8a269b4ba1a50ab2e98b99a892546196,3,0x2df1c51e09aecf9cacb7bc98cb1742757f163df7,0x455493124eb538f6d9f52faf6bda7a333ba5ff69,18.71,withdraw,7
473146425,2026-06-13T18:17:46Z,1781374666000,0x9c8f2ef1b03d732f066ac3e71b7f86ec8a269b4ba1a50ab2e98b99a892546196,5,0x2df1c51e09aecf9cacb7bc98cb1742757f163df7,0xc11e9027fdcaaf2f49f4ce4fcb703d11ebaece14,162.64,withdraw,7
473146541,2026-06-13T18:18:14Z,1781374694000,0x7c3bac2d2b2119a7cfd5b949e6d97287be7b340660b69ddbfb9d086209e0bf88,0,0x2df1c51e09aecf9cacb7bc98cb1742757f163df7,0x688d940db4b57d8e3cbf815a9f29bb45edc618be,2514.0,withdraw,7
473146756,2026-06-13T18:19:10Z,1781374750000,0xcbd958be51085894ff2b329ff43e2c0f83775a5eb717056191b03b8be106a817,1,0x6b78482030baf961489928b23623c04af382902d,0x2df1c51e09aecf9cacb7bc98cb1742757f163df7,506.07,deposit,7
473146886,2026-06-13T18:19:43Z,1781374783000,0x7c7784b1c6c97cf1c96a70dbcc5de1ad4f3b39b3a389370f77d7f5eaff8a2976,0,0x2080f19622601bc83612fc1391e4105d6acd6608,0x2df1c51e09aecf9cacb7bc98cb1742757f163df7,1682.258059,deposit,7
473146937,2026-06-13T18:19:56Z,1781374796000,0xe187d056988c0d279bbbf4fe789abd702689b39fa9a68bfa5439f66548d4ffcb,1,0x2df1c51e09aecf9cacb7bc98cb1742757f163df7,0x74377fa4144cdfcd3d18ab49422b2046b6b6ae50,165.26,withdraw,7
473146937,2026-06-13T18:19:56Z,1781374796000,0xe187d056988c0d279bbbf4fe789abd702689b39fa9a68bfa5439f66548d4ffcb,3,0x2df1c51e09aecf9cacb7bc98cb1742757f163df7,0xb4b7f05987f516465fe6f42deb12b9a3fb27c8fb,119.0,withdraw,7
473147740,2026-06-13T18:23:20Z,1781375000000,0x20f98d842626b81701740de748ad025fa375f975aac61eac89690d6d64173266,27,0x34021b9fcf21b2526c9e33740f780d56c1b57b9a,0x2df1c51e09aecf9cacb7bc98cb1742757f163df7,48.8,deposit,7
473147973,2026-06-13T18:24:19Z,1781375059000,0x608824c3c9d1c49399ded2388445b694c1133a306568bf1912c5766bc15b139e,2,0x37bd723d35be837e67cd7c9005b406934ca05cc5,0x2df1c51e09aecf9cacb7bc98cb1742757f163df7,12.729664,deposit,7
473148128,2026-06-13T18:24:59Z,1781375099000,0xd909f80cea62be51b6bd03b43005501279be58e1b372a31583d408d2d03449be,0,0xafa7a7a8cb611249250e423c8062b936a8e2497c,0x2df1c51e09aecf9cacb7bc98cb1742757f163df7,109.060663,deposit,7
473148147,2026-06-13T18:25:04Z,1781375104000,0xd90d3460ab3047fa926f6c26dc7f8075392d6cd254bf5327b1089a19fa0ae3ec,0,0xf032648dfd22c4d81588bd83e09ab89cfe816705,0x2df1c51e09aecf9cacb7bc98cb1742757f163df7,382.299048,deposit,7
473148177,2026-06-13T18:25:11Z,1781375111000,0x47b9e4d537c4717ca272afb3af94a971bb420325507d20d5ba525cfa250b905e,3,0x2df1c51e09aecf9cacb7bc98cb1742757f163df7,0x7f7be5ce581b7fd59058373654bc6355e037c3e2,19.0,withdraw,7
473148177,2026-06-13T18:25:11Z,1781375111000,0x47b9e4d537c4717ca272afb3af94a971bb420325507d20d5ba525cfa250b905e,5,0x2df1c51e09aecf9cacb7bc98cb1742757f163df7,0x59d2446670b52c8f597004fd99f6a8ffaaa97775,964.53,withdraw,7
473148177,2026-06-13T18:25:11Z,1781375111000,0x47b9e4d537c4717ca272afb3af94a971bb420325507d20d5ba525cfa250b905e,7,0x2df1c51e09aecf9cacb7bc98cb1742757f163df7,0x1b7a20374ba506083c0eaaff867e42d72b1eff9a,9.0,withdraw,7
473148244,2026-06-13T18:25:28Z,1781375128000,0x2cc5a53ff4e73f559559ba9bd2efc095452325807f76d9c7cb13af59f07e6e28,1,0x7f7be5ce581b7fd59058373654bc6355e037c3e2,0x2df1c51e09aecf9cacb7bc98cb1742757f163df7,19.0,deposit,7
473148520,2026-06-13T18:26:37Z,1781375197000,0x1be3868d3ed62e95219a018f1f1e74927a2c5c70b1947fab50516e9a5e24155a,0,0xb42f18659abdbb18c937c82166c7559a040b44cb,0x2df1c51e09aecf9cacb7bc98cb1742757f163df7,19.5,deposit,7
473148639,2026-06-13T18:27:08Z,1781375228000,0x58c0f944e7efeb56a39164a58a1972892a157dfe385c34c815bb26d4a51e8eda,9,0x52a28e0968b573e4c48249527c66e73de6f58046,0x2df1c51e09aecf9cacb7bc98cb1742757f163df7,5998.4,deposit,7
473149000,2026-06-13T18:28:40Z,1781375320000,0x07f9f0a944ad0a39119cda971951afd8db02b6942363cffbea0198d2e8e7cbd4,2,0x65a99a04def84b68aaba3ec6579219db7dfc0caf,0x2df1c51e09aecf9cacb7bc98cb1742757f163df7,19.1168,deposit,7
473149328,2026-06-13T18:30:03Z,1781375403000,0x7d301d15ff7f48009535f9805773d368a1852e51993e94d6d4650946c42e3121,4,0xf032648dfd22c4d81588bd83e09ab89cfe816705,0x2df1c51e09aecf9cacb7bc98cb1742757f163df7,612.59887,deposit,7
473149434,2026-06-13T18:30:30Z,1781375430000,0x1928cbf3f6bb33a789682b2de6b026a94c711b99d1e50f6a68228a4053ea234e,21,0x2df1c51e09aecf9cacb7bc98cb1742757f163df7,0x574e5e2a373e0ce66040f4a4c0b9654d2d8ff80d,1999.0,withdraw,7
473149434,2026-06-13T18:30:30Z,1781375430000,0x1928cbf3f6bb33a789682b2de6b026a94c711b99d1e50f6a68228a4053ea234e,23,0x2df1c51e09aecf9cacb7bc98cb1742757f163df7,0xdd6048976580d760a8b6a8126c491696a1cf7887,830.7,withdraw,7
473149749,2026-06-13T18:31:51Z,1781375511000,0x23c77468068cb47800bc577dd51f0d0ea267eaef3234a7043c307b31e11242ee,0,0x395f4d7528d80689b6ac39d00474d0164a114f8d,0x2df1c51e09aecf9cacb7bc98cb1742757f163df7,456.935734,deposit,7
473149850,2026-06-13T18:32:16Z,1781375536000,0x1b4db6f28c2e69ab63845df0a40d2ee0667eb16654094d45540054d123398f3a,0,0x2df1c51e09aecf9cacb7bc98cb1742757f163df7,0x9faf6e876eb71728930d11117e0c2f424dc9c58c,4999.0,withdraw,7
473149882,2026-06-13T18:32:24Z,1781375544000,0x7c6cef577da6505393e3aa13a36fd70a3341730ba879e0a915b5dc0dd3d4758b,15,0x6e1e3c428117a6c86fb9c0b93d40323e6ecfa9c6,0x2df1c51e09aecf9cacb7bc98cb1742757f163df7,150.0,deposit,7
473150001,2026-06-13T18:32:54Z,1781375574000,0x6981da6c511f6f28539add1eaefee94e54f9d6f3dc7ef4b7249ec33494240879,1,0xcdb68de97745ee369c4faafc01f064fd10913bc7,0x2df1c51e09aecf9cacb7bc98cb1742757f163df7,61.0,deposit,7
473150038,2026-06-13T18:33:04Z,1781375584000,0xb94727f438e99aca142bbf001da9a48cc895f43faf9c1a4ff865351ba13b079f,6,0xead71e1da97fbcd7d77a5c49916ef4ec3e0c282d,0x2df1c51e09aecf9cacb7bc98cb1742757f163df7,10.0,deposit,7
473150040,2026-06-13T18:33:04Z,1781375584000,0x7cdb5a33a27e9b2da08db570d9019dc195664c44f6726017791d88a4c3961d8c,8,0x2df1c51e09aecf9cacb7bc98cb1742757f163df7,0x90adbee30c0468bc1d0b3fb17125ed1b57444566,4.0,withdraw,7
473150412,2026-06-13T18:34:38Z,1781375678000,0x13c6e7bdcd0574e0a23cb987ceed5f214745149cb464df606bf18cf98309d2c0,0,0x2df1c51e09aecf9cacb7bc98cb1742757f163df7,0x69abf03d0af42756e10d8b83f953b5098f05094b,18.0,withdraw,7
473150607,2026-06-13T18:35:28Z,1781375728000,0xa04bf3577a8b5c33fc7d70dd1175ca749b8add33c3a3c4c7beeff43721bf2442,1,0x11fadf829a9d8f67a7159e26866aab0c5b5b9f16,0x2df1c51e09aecf9cacb7bc98cb1742757f163df7,1103.65,deposit,7
473150756,2026-06-13T18:36:07Z,1781375767000,0x254e1a0dfb8d1888f52a9d454de2955fdb47502d486a38ac12623fc6e81f6ff9,0,0x2df1c51e09aecf9cacb7bc98cb1742757f163df7,0x65a0332252d11427c9a9cce24d7bee3c4fc6f86a,136.643703,withdraw,7
473151225,2026-06-13T18:38:06Z,1781375886000,0x10039f9f1c686e0f716c0b2220244fd59b6929a96c33e888af84eb3afd7a7676,2,0xa879afd9d1273c30525bc63fe18136af6eada9ba,0x2df1c51e09aecf9cacb7bc98cb1742757f163df7,199.945252,deposit,7
473151383,2026-06-13T18:38:48Z,1781375928000,0xedfa94a9fce176fff8e9bbe983133a4c2903c207ecb386ef7515995ac668bfc7,17,0x8a712c4deff950c5314ddae975a0c13989176fc6,0x2df1c51e09aecf9cacb7bc98cb1742757f163df7,35.0,deposit,7
473151688,2026-06-13T18:40:05Z,1781376005000,0x45b5e67ab22afdccf7526b2bd6d7348299fcdb5a85dbb630650d93a060b96fa5,2,0xf032648dfd22c4d81588bd83e09ab89cfe816705,0x2df1c51e09aecf9cacb7bc98cb1742757f163df7,135.287751,deposit,7
473151821,2026-06-13T18:40:38Z,1781376038000,0xb96aed66bfbdb434bff0a387800377d294060797c349b39c0adbd7d4052aef84,2,0x6239fbae9d15c031aac8a9ff0f9e9803a3b9016c,0x2df1c51e09aecf9cacb7bc98cb1742757f163df7,52.28585,deposit,7
473151877,2026-06-13T18:40:53Z,1781376053000,0x34b1f547df98ad2b20d0fe12d9ea11ec09cb7c63e5d49e66757692555ce5ce39,0,0x2df1c51e09aecf9cacb7bc98cb1742757f163df7,0x3cb6ea9e2acbdb8c51047720a851bde007d289af,499.37,withdraw,7
473151877,2026-06-13T18:40:53Z,1781376053000,0x34b1f547df98ad2b20d0fe12d9ea11ec09cb7c63e5d49e66757692555ce5ce39,2,0x2df1c51e09aecf9cacb7bc98cb1742757f163df7,0xf71c853a55ee857c234e5bfd052eda29761861b0,13558.51,withdraw,7
473151947,2026-06-13T18:41:11Z,1781376071000,0x61df64071525c3989e7229039a73f6ed7ab8b7550da2f7fb98eff62c23c8ccf8,4,0x11fadf829a9d8f67a7159e26866aab0c5b5b9f16,0x2df1c51e09aecf9cacb7bc98cb1742757f163df7,1103.65,deposit,7
473152161,2026-06-13T18:42:06Z,1781376126000,0xffca01a9b9c73823d2a05a720a3c9e0823758154dcb97654f716551428cee061,0,0x10628b22e03030a6c1638790a9eef493d9bfe608,0x2df1c51e09aecf9cacb7bc98cb1742757f163df7,10.080741,deposit,7
473152250,2026-06-13T18:42:28Z,1781376148000,0xed7c2ea6f8ae10509db759be873b95a39d9378b083f413409d22ef02cc37b45a,0,0x2df1c51e09aecf9cacb7bc98cb1742757f163df7,0xe3f21c7ed1a5fde9c16a8c23e4f69fe2efd18d82,13870.78,withdraw,7
473152315,2026-06-13T18:42:45Z,1781376165000,0xd14a0cb06619234d2eb37f3c210d0ba3905ca3b446b296bb743ce9fb5c0e7696,0,0xe430c40439dda86d14e08831805b2e663166b80f,0x2df1c51e09aecf9cacb7bc98cb1742757f163df7,13.0,deposit,7
473152396,2026-06-13T18:43:06Z,1781376186000,0x9e9ecf2fe78f6e643342490a40729b227973a803776368d8cb0f489db9a0efb1,0,0xce196fdce30d967a21b309151bf39af6a81c5eae,0x2df1c51e09aecf9cacb7bc98cb1742757f163df7,8.39,deposit,7
473152448,2026-06-13T18:43:19Z,1781376199000,0x4a8ce8a081e87098631b2ab9f5fae8e653a9bb21ecefaa180ff359f5a9bb0e93,0,0x8e17b38ae0943fa84c3d5a836a74471d651f77c4,0x2df1c51e09aecf9cacb7bc98cb1742757f163df7,19.992428,deposit,7
473152880,2026-06-13T18:45:10Z,1781376310000,0x1c48c710b5448c1200d9ff0315824cebd57543d6bcb0f36f6e4608db45273774,20,0xf032648dfd22c4d81588bd83e09ab89cfe816705,0x2df1c51e09aecf9cacb7bc98cb1742757f163df7,186.886941,deposit,7
473153168,2026-06-13T18:46:24Z,1781376384000,0x9986664c25217661b6be4b862ce1bd1c0d611ee770a11cde833c75dc15b951fe,1,0xeee81fa8d062a0ed41c175b391dae614a92617ff,0x2df1c51e09aecf9cacb7bc98cb1742757f163df7,19989.7,deposit,7
473153210,2026-06-13T18:46:34Z,1781376394000,0xffa25a34e7af2a0b43df34ef84d2c6109ddac0c2765b5e854d794d311c75ec1a,0,0x2df1c51e09aecf9cacb7bc98cb1742757f163df7,0x9a5f19234f49f9b7b9822796fb2afb32a8533192,22.91,withdraw,7
473153210,2026-06-13T18:46:34Z,1781376394000,0xffa25a34e7af2a0b43df34ef84d2c6109ddac0c2765b5e854d794d311c75ec1a,2,0x2df1c51e09aecf9cacb7bc98cb1742757f163df7,0xaff60322152bb9769d2049a59cb0df0702efe8ce,19.0,withdraw,7
473153249,2026-06-13T18:46:44Z,1781376404000,0x1e5fd02280a505cef906e7eed71f9facaaab11f90b221704ed86da8bcce884de,1,0xa106eb4fdac16d6bcc0d44cfbef2d0f88ddf273b,0x2df1c51e09aecf9cacb7bc98cb1742757f163df7,20.0,deposit,7
473153341,2026-06-13T18:47:08Z,1781376428000,0xd01b941015adcd0405655e9befe22e2c56d6baa7777f2f0b21d8ff1db1eba0e3,10,0x7da97b23d4f308e62349ecdc26562752943a38a5,0x2df1c51e09aecf9cacb7bc98cb1742757f163df7,1450.0,deposit,7
473153405,2026-06-13T18:47:24Z,1781376444000,0xfb650db6be8334f29c0a8c5ae4e65c38b92dd5d36b87d8c4a0f5dd919375f14a,0,0x2df1c51e09aecf9cacb7bc98cb1742757f163df7,0xede92d0fc0aa6d52e41e36211bfbdf5dd2399e27,19.0,withdraw,7
473153420,2026-06-13T18:47:28Z,1781376448000,0xd69a555b9396dc46e4d72451d61227a7dd2d7e383b20ae2ab870864634831a75,1,0x5d1ce36f501dc4f0e285431ea12b1fbbc7d31795,0x2df1c51e09aecf9cacb7bc98cb1742757f163df7,346.683357,deposit,7
473153457,2026-06-13T18:47:37Z,1781376457000,0xf49fdaf97bf483162e65331f17005dd3b41999f0601dbe4786f22a4001d863b8,149,0x39bf8d511a182930e15ed7dfe646b5598774ab52,0x2df1c51e09aecf9cacb7bc98cb1742757f163df7,501.0,deposit,7
473153504,2026-06-13T18:47:50Z,1781376470000,0xcbba2f1c036b9784f9052402a6c4883d5daa07355b169c4c0cf6d0c86d5890c6,0,0x2df1c51e09aecf9cacb7bc98cb1742757f163df7,0xc2fa554c96051717aa32930833bac68747112e68,39.0,withdraw,7
473153769,2026-06-13T18:48:58Z,1781376538000,0x1d4a0b28e374cf7e93fde89546f58b92373e08995ad9e77d3054db766dbdb8d6,6,0x2df1c51e09aecf9cacb7bc98cb1742757f163df7,0x8ede0eeb8c03a45886836a1badec03cdb08cdfb2,49.0,withdraw,7
473153816,2026-06-13T18:49:10Z,1781376550000,0x846696851b6f36b8db30698f7f18798d472b9e86112783665b3e48b02539fa7a,1,0x85d748972bbef880ccd350fa24acd6092b7d07d3,0x2df1c51e09aecf9cacb7bc98cb1742757f163df7,45.6,deposit,7
473153905,2026-06-13T18:49:33Z,1781376573000,0x3bb5ab868c630647300c7801f40880605dc2ee4875505ecf30a4d9f459f6b0dc,7,0x9fe02e61a3a7d7835234e05086219a91fff839b7,0x2df1c51e09aecf9cacb7bc98cb1742757f163df7,398.096223,deposit,7
473154060,2026-06-13T18:50:11Z,1781376611000,0x6961795922b4cb7afe7e7a234d7cd9afe29a9059950c05f24f1391b52b24e326,2,0xf3f6a4d1c0a3ef76951a96de4c20365b55ee0f32,0x2df1c51e09aecf9cacb7bc98cb1742757f163df7,9.968396,deposit,7
473154069,2026-06-13T18:50:14Z,1781376614000,0xee70a7293ac676ad985825750dbe0612241d48822495f43e419c35df8e988a3f,2,0x416f2b31a7ea98e204cf873b712e1aea80a3aa56,0x2df1c51e09aecf9cacb7bc98cb1742757f163df7,9654.335,deposit,7
473154227,2026-06-13T18:50:53Z,1781376653000,0x5fccc320bd3e89579367354e8d52932573010c7ed906c716fc2b3e7357dfa04a,0,0x2df1c51e09aecf9cacb7bc98cb1742757f163df7,0x1ddb96dff4893efedda5634a68ab646cf99284ee,22.33,withdraw,7
473154342,2026-06-13T18:51:22Z,1781376682000,0x185ec7ae1113a50d3216be9471127cff85a0bd28f3978bc9ec7d9a0358cc9846,20,0x2df1c51e09aecf9cacb7bc98cb1742757f163df7,0xa106eb4fdac16d6bcc0d44cfbef2d0f88ddf273b,19.0,withdraw,7
473154681,2026-06-13T18:52:49Z,1781376769000,0xe166a992ab668b8bdf0a6c1fc7ea70330ad87f23de137db1ab1c8eb5d1b23439,2,0x2df1c51e09aecf9cacb7bc98cb1742757f163df7,0xc9d801c1b16342d36c129b89f29056bb30eb08ff,12.51,withdraw,7
473154681,2026-06-13T18:52:49Z,1781376769000,0xe166a992ab668b8bdf0a6c1fc7ea70330ad87f23de137db1ab1c8eb5d1b23439,4,0x2df1c51e09aecf9cacb7bc98cb1742757f163df7,0xcd523849f99709ea4f7340cf4c94239d7b1e7faf,73.62,withdraw,7
473154762,2026-06-13T18:53:10Z,1781376790000,0xb9390df6acc29bdbe364953b8fd8c912edd5643d7bfc5a5d1b908f6980eaceef,12,0xaafcb35403dd7c9126e3c71a02caa867c72367d9,0x2df1c51e09aecf9cacb7bc98cb1742757f163df7,24.916843,deposit,7
473154849,2026-06-13T18:53:33Z,1781376813000,0x8a8997e2740f86cdc3b202fdfcab7a8263358b235daaafcfddae9e0fa6e36b83,1,0x241e9e296e5e784179a6616f5ca01fb404870b49,0x2df1c51e09aecf9cacb7bc98cb1742757f163df7,16.82,deposit,7
473155043,2026-06-13T18:54:23Z,1781376863000,0x307cdedb8491c4578637b7436bf392c7db13131dd32b5a7f6d9a527f3d872f72,1,0xf3f6a4d1c0a3ef76951a96de4c20365b55ee0f32,0x2df1c51e09aecf9cacb7bc98cb1742757f163df7,200.0,deposit,7
473155140,2026-06-13T18:54:49Z,1781376889000,0x8e5f0cad9ecf5df33c0705c5cb150075a75f099a6f81adbcb29ad10b7d040454,0,0x2df1c51e09aecf9cacb7bc98cb1742757f163df7,0x7dc334dc5700d9dba80729bdd2062c863c57ef96,13.554219,withdraw,7
473155217,2026-06-13T18:55:10Z,1781376910000,0x2d33a2af8be6bfb4138818bee22d39ee0dbe066fa724be5a93c6be08e3cc1c81,10,0x2df1c51e09aecf9cacb7bc98cb1742757f163df7,0x55f55ad12c8d8be97396a13be5ec8823f89017d3,132.72,withdraw,7
473155287,2026-06-13T18:55:28Z,1781376928000,0x9514347c6b06df150eebb6c69c0880f8e029c2a8c2b1c61063c84bec0be6cec0,1,0xc74aeae2852f0269bbe334b4f58137574d8b6845,0x2df1c51e09aecf9cacb7bc98cb1742757f163df7,20.0,deposit,7
473155848,2026-06-13T18:57:50Z,1781377070000,0xa8ef5055510e39bc099b50ab7487b28c9c6e03f2b325d49b4208efdd34dbde74,10,0xaf2dbfc7a9bfc7810c5ea8bbc32b2de85aae1d4e,0x2df1c51e09aecf9cacb7bc98cb1742757f163df7,68.43,deposit,7
473156051,2026-06-13T18:58:42Z,1781377122000,0x697c722695afafdd0c0f9907ca953f7283ad78d2ab75e330aa6893a52cb790e7,0,0x2df1c51e09aecf9cacb7bc98cb1742757f163df7,0x1907715849c2b009e619eef0895346599ad3ab3f,130.0,withdraw,7
473156051,2026-06-13T18:58:42Z,1781377122000,0x697c722695afafdd0c0f9907ca953f7283ad78d2ab75e330aa6893a52cb790e7,2,0x2df1c51e09aecf9cacb7bc98cb1742757f163df7,0x8c8534b7cef0756bb8c894a445b898e10191f2a8,2032.497077,withdraw,7
473156390,2026-06-13T19:00:09Z,1781377209000,0xe425e6441c2aa0e23542e979c5e78e335525a9ce77c8f8eb295a97c56c474711,0,0xf032648dfd22c4d81588bd83e09ab89cfe816705,0x2df1c51e09aecf9cacb7bc98cb1742757f163df7,466.539298,deposit,7
473156506,2026-06-13T19:00:38Z,1781377238000,0x63fd3627ee99976c246f7afd53df53a75f1426a988f082ece0f13ad8d4182969,18,0x2df1c51e09aecf9cacb7bc98cb1742757f163df7,0xab0772405f28e39803f01cb5574562c4e0d82ee4,4.947984,withdraw,7
473156506,2026-06-13T19:00:38Z,1781377238000,0x63fd3627ee99976c246f7afd53df53a75f1426a988f082ece0f13ad8d4182969,20,0x2df1c51e09aecf9cacb7bc98cb1742757f163df7,0xc74aeae2852f0269bbe334b4f58137574d8b6845,19.0,withdraw,7
473156515,2026-06-13T19:00:40Z,1781377240000,0x2782ebdb1d8a95481f0bbf67f32c1ebf898ab0e70ccaac2c6897d31d96f00b89,0,0xdb701167787e0a0b47aac94721f9547059e5794b,0x2df1c51e09aecf9cacb7bc98cb1742757f163df7,494.793754,deposit,7
473156750,2026-06-13T19:01:40Z,1781377300000,0x889e8464dc728b6ce156e0a336e08f7122786a81e03e338a6bd06449867f87cc,9,0x3b7b8a2aa9d0e309d7dcddd48ef6359a80543dc7,0x2df1c51e09aecf9cacb7bc98cb1742757f163df7,24.991748,deposit,7
473156944,2026-06-13T19:02:31Z,1781377351000,0x967285be2b9cb83fbf9d264a36ec1098238b70a4e3687ef9f2393b501a399af8,0,0xf032648dfd22c4d81588bd83e09ab89cfe816705,0x2df1c51e09aecf9cacb7bc98cb1742757f163df7,116.575942,deposit,7
473157156,2026-06-13T19:03:24Z,1781377404000,0xb7fd4e38e4193be2bee6cf5315a865ed0e43544d6778764ec97658fb6e97412d,1,0xf032648dfd22c4d81588bd83e09ab89cfe816705,0x2df1c51e09aecf9cacb7bc98cb1742757f163df7,122.778055,deposit,7
473157362,2026-06-13T19:04:17Z,1781377457000,0x447575fe5c563ac0e111d91a73f4299887418cb197721d7eb55614d48eb4dfe3,1,0x2df1c51e09aecf9cacb7bc98cb1742757f163df7,0x1b7a20374ba506083c0eaaff867e42d72b1eff9a,9.0,withdraw,7
473157376,2026-06-13T19:04:20Z,1781377460000,0x017a4439da4702520c2e2ae931d9c06fb882b16ed8f7c53e6d23a110b170c3f2,0,0xae6f3381df1508c4746a04f9d24c68cb7d4b481d,0x2df1c51e09aecf9cacb7bc98cb1742757f163df7,9.965557,deposit,7
473157463,2026-06-13T19:04:42Z,1781377482000,0x123e04e3697f266a16e19844ddcf4781f1d9ab80ad639e0841006b338619456d,11,0x2df1c51e09aecf9cacb7bc98cb1742757f163df7,0x2cca3341de55975ff94d17b6f9714bcaf5f7a97a,3.556397,withdraw,7
473157665,2026-06-13T19:05:33Z,1781377533000,0xf49ddf50db91a1e45e0638212e799b0e1390339e49cfaa70559b479e38615432,0,0x4841feb6b959e00a8178763d3e8f6ed3f4d0d650,0x2df1c51e09aecf9cacb7bc98cb1742757f163df7,60.09,deposit,7
473157727,2026-06-13T19:05:50Z,1781377550000,0x8c7a0753e9af9db843be5ebf545d05497e3dd45148315c19ab7e8f919023d4a5,1,0xabd2e440f9a32354a79824001cc540fede2cf419,0x2df1c51e09aecf9cacb7bc98cb1742757f163df7,124.480424,deposit,7
473157925,2026-06-13T19:06:41Z,1781377601000,0xc9e5c47ec50033b7a3003d37081e3cce1ee3113d5985cfda6cb358c6ce80a2b2,51,0x2df1c51e09aecf9cacb7bc98cb1742757f163df7,0x85cb4073045ea6e2ff1d8e58a5a84d99ae7bfbc5,380.154625,withdraw,7
473158102,2026-06-13T19:07:26Z,1781377646000,0xb0d647e57bf9e62e5a95d7471a2a458680c406b1c97aeca3a96d37ea0ff5f82a,0,0x2df1c51e09aecf9cacb7bc98cb1742757f163df7,0x4beed227ed4f7d14441c2641329a166064704381,59.263174,withdraw,7
473158287,2026-06-13T19:08:14Z,1781377694000,0x142240915eb6334692ffd3ddff5a286a32b2d673b24ba78e3fd0de2d13592208,1,0x66a143232182da58d5a451552ab7abd853857787,0x2df1c51e09aecf9cacb7bc98cb1742757f163df7,29.850059,deposit,7
473158298,2026-06-13T19:08:17Z,1781377697000,0x05e12631444aaf9aa6f2c0db2ed0407ebde27d04b7d0515d77f0ca1ce4233353,0,0x2df1c51e09aecf9cacb7bc98cb1742757f163df7,0x96c459975eca995d66c07b3f1f51727ac4e5e8b3,4.0,withdraw,7
473158491,2026-06-13T19:09:09Z,1781377749000,0x49f9ec576b63a7dd539922044d57e4b5399968ea3870d5a4f8f58a859321aaab,4,0x9b9390d15958f39af20d2634a80e57feb3bf1be2,0x2df1c51e09aecf9cacb7bc98cb1742757f163df7,3986.214227,deposit,7
473158503,2026-06-13T19:09:12Z,1781377752000,0x97968764e215ce2246d8e078919907adb73cb4929947f22624173342fc3d86a2,31,0x115231b1c0ad58f97944f8e69ef0dbb35f1cd055,0x2df1c51e09aecf9cacb7bc98cb1742757f163df7,16949.369396,deposit,7
473158520,2026-06-13T19:09:16Z,1781377756000,0x3c19325acb24d28a72f0f46229031682cfaa83cdb9d6e2ed7e75ddf52043e201,2,0x85cc6f80b9c9ef21ac9f124fb5014c20b7f13cc3,0x2df1c51e09aecf9cacb7bc98cb1742757f163df7,10649.719205,deposit,7
473158521,2026-06-13T19:09:17Z,1781377757000,0x25b246b5219ae8b9ef4ec4e1f4292c57e67d1c1253cfd18f533df6f073bcb30f,2,0xe690ebdb7616526bb5ad2a6544221fb0bb69d0f5,0x2df1c51e09aecf9cacb7bc98cb1742757f163df7,47729.247523,deposit,7
473158530,2026-06-13T19:09:19Z,1781377759000,0x23e85b97a0448de9235ff164d6e860d7e94a4f6a012fc339353db8fd71929607,0,0x2df1c51e09aecf9cacb7bc98cb1742757f163df7,0x96c459975eca995d66c07b3f1f51727ac4e5e8b3,4.0,withdraw,7
473158717,2026-06-13T19:10:05Z,1781377805000,0xdbb7c662ff117b8fffea0daa5ee0003dafa3dc16f080ab5c5cf2259dd49286f2,0,0x2df1c51e09aecf9cacb7bc98cb1742757f163df7,0x241e9e296e5e784179a6616f5ca01fb404870b49,161.0,withdraw,7
473158725,2026-06-13T19:10:07Z,1781377807000,0x872bb538d1554ce5fa115fe4c491e79a89185cb9ac8b3731186c355591748abc,8,0xf032648dfd22c4d81588bd83e09ab89cfe816705,0x2df1c51e09aecf9cacb7bc98cb1742757f163df7,19.161012,deposit,7
473158828,2026-06-13T19:10:33Z,1781377833000,0x899d9c1a519185741fe84e5bda3a5e0dc69cee1ed36683fdd731924ebcf76084,0,0x948515c8ec10b27291cc284e2afda7bd62f9fc93,0x2df1c51e09aecf9cacb7bc98cb1742757f163df7,2353.657281,deposit,7
473158895,2026-06-13T19:10:50Z,1781377850000,0x46437df9e94ca87daea40177dc8163bdc29a47da2540eae88d687c54d5f534fa,4,0xf7c98d498abf693066964ddf3b197d4c98f4a7ff,0x2df1c51e09aecf9cacb7bc98cb1742757f163df7,49.700028,deposit,7
473159212,2026-06-13T19:12:10Z,1781377930000,0x4a89f0fef9ef550469ab6c0402b0d528c3a76b2c42684bbf059b8f9904cd6caf,6,0x71c0daa7544398128a4a13ae33e01725f8c1edba,0x2df1c51e09aecf9cacb7bc98cb1742757f163df7,14.945458,deposit,7
473159339,2026-06-13T19:12:42Z,1781377962000,0x149638c321d68315b733de3fbe850cf10ab7fc96d7c4aee87d184678e39c4a90,7,0x66a143232182da58d5a451552ab7abd853857787,0x2df1c51e09aecf9cacb7bc98cb1742757f163df7,758.858794,deposit,7
473159545,2026-06-13T19:13:34Z,1781378014000,0x84dfab3130953566b1752b78f623f03eafaa5c4482bbd009703787063032c251,1,0xd4dfee3fde45bdba585b127495831a543e64f74a,0x2df1c51e09aecf9cacb7bc98cb1742757f163df7,10.0,deposit,7
473159679,2026-06-13T19:14:08Z,1781378048000,0x6c4c1b84cec2c984cb8a835d009565d469d08040b4fbd1b26cc0cd008bcf01e9,9,0x2df1c51e09aecf9cacb7bc98cb1742757f163df7,0xc43c2b9431dc0d5861e3813b554c0d635ba2008c,13.786043,withdraw,7
473159773,2026-06-13T19:14:32Z,1781378072000,0xaae7eaa17bad425ee511f09b5c94aa1fc50b028a054e5def76a7f2037ab35997,5,0xcaf664d0a43cb7e52c191ce1f71cbb2a1439dee8,0x2df1c51e09aecf9cacb7bc98cb1742757f163df7,10.0,deposit,7
473159925,2026-06-13T19:15:10Z,1781378110000,0x1ea50dadcc356ef695f48fab7cfa624c4becc76376d08c70dcaba64937bdb053,15,0xf032648dfd22c4d81588bd83e09ab89cfe816705,0x2df1c51e09aecf9cacb7bc98cb1742757f163df7,976.03286,deposit,7
473160212,2026-06-13T19:16:24Z,1781378184000,0xc3739dc96df878707ef7a04858dc40d49fd633068f083649a0205448d5151f57,1,0xd4dfee3fde45bdba585b127495831a543e64f74a,0x2df1c51e09aecf9cacb7bc98cb1742757f163df7,2000.0,deposit,7
473160492,2026-06-13T19:17:36Z,1781378256000,0xb9126952cf76b6b4d0325ed178e864e1298a20474dbced10576e2f192db36882,4,0xd4dfee3fde45bdba585b127495831a543e64f74a,0x2df1c51e09aecf9cacb7bc98cb1742757f163df7,2867.745724,deposit,7
473160669,2026-06-13T19:18:21Z,1781378301000,0xaefc59fd06e8931a5128614c3799559b76cf6296d4bb87b4136b89fb4d01f97c,1,0xf44565f8b0e13297b7364814167fa27fe829031a,0x2df1c51e09aecf9cacb7bc98cb1742757f163df7,5.0,deposit,7
473161221,2026-06-13T19:20:40Z,1781378440000,0x9f3140a7e3b8b846e3500d9cf15d6c5eb2fcd717275dd09f92f46adff0439e21,15,0xcaf664d0a43cb7e52c191ce1f71cbb2a1439dee8,0x2df1c51e09aecf9cacb7bc98cb1742757f163df7,40.040892,deposit,7
473161405,2026-06-13T19:21:27Z,1781378487000,0x597e7cd27785ad2f7bee65bbea1fba2a3f1bc6f69fa3c8357f3a4aaa609f1fd8,16,0x82fa89c6c8f328ba1f4efcb83ffeeb175105bc6f,0x2df1c51e09aecf9cacb7bc98cb1742757f163df7,200.0,deposit,7
473161500,2026-06-13T19:21:51Z,1781378511000,0x0ac36844298d61fdbbc60aff8332e36b3e7e41735c4ca2ae94d94cdbd1274dd9,5,0x2df1c51e09aecf9cacb7bc98cb1742757f163df7,0x1d5cf5556d0195906aa74f6edead1059458ea28f,346.557912,withdraw,7
473161611,2026-06-13T19:22:19Z,1781378539000,0x24a063a78d2762dcf849e6289ba22d3cf8bb2f6b914dfae03af327e161d37c2e,1,0x2df1c51e09aecf9cacb7bc98cb1742757f163df7,0x1b7a20374ba506083c0eaaff867e42d72b1eff9a,9.0,withdraw,7
473161611,2026-06-13T19:22:19Z,1781378539000,0x24a063a78d2762dcf849e6289ba22d3cf8bb2f6b914dfae03af327e161d37c2e,3,0x2df1c51e09aecf9cacb7bc98cb1742757f163df7,0x6ce9020b599ffe0f55308d6c3760b57f8a1c11b4,440.22,withdraw,7
473161611,2026-06-13T19:22:19Z,1781378539000,0x24a063a78d2762dcf849e6289ba22d3cf8bb2f6b914dfae03af327e161d37c2e,5,0x2df1c51e09aecf9cacb7bc98cb1742757f163df7,0x3bf15f0182cdfa73caf76a73e8d48ab52d7414bb,17.57,withdraw,7
473161893,2026-06-13T19:23:30Z,1781378610000,0xbef56ab7faf7cd7f236b035acd8d2f7ed8e01109ef1524bbddff0c78edcc8506,25,0xab21cc4a0a1821eee3d9e9491a4178a44e3b0127,0x2df1c51e09aecf9cacb7bc98cb1742757f163df7,10.189825,deposit,7
473162012,2026-06-13T19:24:00Z,1781378640000,0xc7b6817fe695003e453521d7227a2c3ec5de0fa14e72d9afaf29e10a4921f99e,1,0xfe631ca1723312b0464061cb4a6aa8f423d5c575,0x2df1c51e09aecf9cacb7bc98cb1742757f163df7,230.0,deposit,7
473162213,2026-06-13T19:24:51Z,1781378691000,0xf833fad90472316489e1143ad21d368400513f7c7aa959dd10eda9d46260c6e1,9,0xe81a6cff0fbbdbf1fc42308619a520e203808281,0x2df1c51e09aecf9cacb7bc98cb1742757f163df7,9.0,deposit,7
473162516,2026-06-13T19:26:07Z,1781378767000,0xf0bc7ef7de4faaf6e902ac94e2c9b83dd811d140770e6beddb263c4968acedf2,3,0xea992382d1ef6a14fab098220ec5c59c8284fa0c,0x2df1c51e09aecf9cacb7bc98cb1742757f163df7,36.822163,deposit,7
473162551,2026-06-13T19:26:16Z,1781378776000,0x5ce9211eb57360f6fc2bd11f2c66d33e10653df9f215340ff0d536504e1d8c63,0,0x2df1c51e09aecf9cacb7bc98cb1742757f163df7,0x44eb49a763ad2be93779b6f4dae8a155c2ac47d7,9.0,withdraw,7
473162593,2026-06-13T19:26:27Z,1781378787000,0x53bca63bed7a15b6626b7d15f21eb4081777d83c172940d0378a774adac5b1b4,3,0x98c08e303aae8b7f9204cf4e5c1cb36d555c2896,0x2df1c51e09aecf9cacb7bc98cb1742757f163df7,14976.0,deposit,7
473162888,2026-06-13T19:27:41Z,1781378861000,0x0bb7123b6872bff3eae6f8c3afbf71295e000d730bd4ca73f0c9d54c740859a7,1,0xe81a6cff0fbbdbf1fc42308619a520e203808281,0x2df1c51e09aecf9cacb7bc98cb1742757f163df7,389.0,deposit,7
473163842,2026-06-13T19:31:39Z,1781379099000,0x028a0c092a929777dcba0b9cd760315b2a06bbe8952cc5f910967d365ba2fd76,0,0x2df1c51e09aecf9cacb7bc98cb1742757f163df7,0x5f131f33a190e33f1e1dc5cf1dc2c8b7553d6120,29.28,withdraw,7
473164217,2026-06-13T19:33:14Z,1781379194000,0x4bba457eaea4087083f9383a730ccbbb57b049038e6011e73e2fb24d414d4116,0,0x2df1c51e09aecf9cacb7bc98cb1742757f163df7,0x95f4d32a250d698e29ea33145b61f6c934009d75,107.72,withdraw,7
473164217,2026-06-13T19:33:14Z,1781379194000,0x4bba457eaea4087083f9383a730ccbbb57b049038e6011e73e2fb24d414d4116,2,0x2df1c51e09aecf9cacb7bc98cb1742757f163df7,0x8f9e2d6ee28d3e11ec4c5a31de1c12ff71f009f3,33.16,withdraw,7
473164286,2026-06-13T19:33:32Z,1781379212000,0x26c9fe5c0b33f05c42965b914c0010d4c70d11d63b262b14d31f6e83e6f9befe,19,0xd9bc76156ccfee0b0aece95c86e4ac877d86b7c3,0x2df1c51e09aecf9cacb7bc98cb1742757f163df7,7.005573,deposit,7
473164339,2026-06-13T19:33:45Z,1781379225000,0x6a347e847af4ee4494ff1746aaf47e2828da79510fa38564d91cb6a2245b563f,1,0x2df1c51e09aecf9cacb7bc98cb1742757f163df7,0x3d244241a72a72df84bd8046cc11f4ad3d0cc44b,149.0,withdraw,7
473164339,2026-06-13T19:33:45Z,1781379225000,0x6a347e847af4ee4494ff1746aaf47e2828da79510fa38564d91cb6a2245b563f,3,0x2df1c51e09aecf9cacb7bc98cb1742757f163df7,0xb2771a1bca22c53e2422774e14802265bae58fc6,82.0,withdraw,7
473164344,2026-06-13T19:33:47Z,1781379227000,0x340be21a941fbca07b8e2436ce6b6627c51e5254876e36f002b1a97b49bcbe45,1,0xcc94b53c0d33f0e24d024e3c476c29370c9624f8,0x2df1c51e09aecf9cacb7bc98cb1742757f163df7,2000.0,deposit,7
473164853,2026-06-13T19:35:55Z,1781379355000,0xffb3a89a2650c003308af24ba7145bf789a500f14389263e3fae926be09432d9,1,0x2df1c51e09aecf9cacb7bc98cb1742757f163df7,0x0c2d71b53fbf8ca7ff293eb075463a4d19dfe686,59.65,withdraw,7
473165046,2026-06-13T19:36:44Z,1781379404000,0x38367262070ac8c9f9d209118b51074a4dcbead9e1f1ba84ae49bf070cae0a83,1,0x1112fcca623c31181e72e073464ed027422e3185,0x2df1c51e09aecf9cacb7bc98cb1742757f163df7,700.8,deposit,7
473165308,2026-06-13T19:37:51Z,1781379471000,0xa56cf8bc85764e0b689f5e10d1718346b4cbe625589c284f2758ed2bbcaca65c,0,0x2df1c51e09aecf9cacb7bc98cb1742757f163df7,0x3b8d23a7cfc6eb0a419735ea3fc033e58083b608,581.92553,withdraw,7
473165421,2026-06-13T19:38:20Z,1781379500000,0x0d66ca3b8511ef13728579ade764a6f8523ea82b587d3a8e8dc0e109a60e9eaf,28,0x2df1c51e09aecf9cacb7bc98cb1742757f163df7,0x126d246e7a3ee56eb44f3feb2620e56fc1e80fa4,19.0,withdraw,7
473165888,2026-06-13T19:40:18Z,1781379618000,0x3f17426ef31cb7e6ad5975e13c6974f62c13bd18221c341013f61989c69fdbcc,4,0x48dd57509cfbed78405a8fa8d295edbae0ec7015,0x2df1c51e09aecf9cacb7bc98cb1742757f163df7,9.0,deposit,7
473165919,2026-06-13T19:40:27Z,1781379627000,0x9934ac1e6ea2681021bcdf0cb95552dbf1ffce8e06d359157a040f32858149b2,1,0xdfa564d27e53535890c7ddb413de5d77cc9d6536,0x2df1c51e09aecf9cacb7bc98cb1742757f163df7,238.635222,deposit,7
473166368,2026-06-13T19:42:19Z,1781379739000,0x21263460374103eb99628a4942b82913e7654505e8f86d292c63b4db2926843e,1,0x2df1c51e09aecf9cacb7bc98cb1742757f163df7,0x4c7da9cd529f780e476b43bd500d7e3b1316bb65,97.448934,withdraw,7
473166370,2026-06-13T19:42:20Z,1781379740000,0x62f902d813be3310e58dda40233530ae78d688d07b8666e6260a27477b31f700,17,0x862b1fdc51e78f0dff315f66f3bb13f771dbe27d,0x2df1c51e09aecf9cacb7bc98cb1742757f163df7,20.371728,deposit,7
473166463,2026-06-13T19:42:44Z,1781379764000,0x7f90ac9cde741beec84ca5ee57ec88e89f029708027a8af4e32317a22d8436ab,0,0x2df1c51e09aecf9cacb7bc98cb1742757f163df7,0x221d3aa580e36319d6b16e50602b287347804932,6.87,withdraw,7
473166565,2026-06-13T19:43:10Z,1781379790000,0xeb061a956ac83ffaf9d6af56e2d72e66bbd65d7c72743758f1e8990d6429ca16,9,0x2df1c51e09aecf9cacb7bc98cb1742757f163df7,0x28e7084a210749561347f342cefd9985dc91a8eb,48.94,withdraw,7
473166565,2026-06-13T19:43:10Z,1781379790000,0xeb061a956ac83ffaf9d6af56e2d72e66bbd65d7c72743758f1e8990d6429ca16,11,0x2df1c51e09aecf9cacb7bc98cb1742757f163df7,0x126d246e7a3ee56eb44f3feb2620e56fc1e80fa4,699.0,withdraw,7
473166839,2026-06-13T19:44:20Z,1781379860000,0x46f07f3b08e117a61536c010228ac6342951eb27afc1fad52f9680dd64547ca6,4,0x48dd57509cfbed78405a8fa8d295edbae0ec7015,0x2df1c51e09aecf9cacb7bc98cb1742757f163df7,9.38436,deposit,7
473167029,2026-06-13T19:45:09Z,1781379909000,0xd94e28b2d4d0b63d2a84cc7ae5df1a1b85bdb357285bbd680f889d3d8dcc1bc4,9,0xf032648dfd22c4d81588bd83e09ab89cfe816705,0x2df1c51e09aecf9cacb7bc98cb1742757f163df7,985.845386,deposit,7
473167104,2026-06-13T19:45:29Z,1781379929000,0x0637e93756ec9c42e8fa461d25c53e84d95b052f808dcfc10bb47d130c16cf02,0,0x7d0d0021473cd85871b5460c317f01577f385762,0x2df1c51e09aecf9cacb7bc98cb1742757f163df7,4298.209544,deposit,7
473167884,2026-06-13T19:48:45Z,1781380125000,0x4dbdbfa8011d2785826008b92cd1ccfa7cc35b3a1ee2dd4816f05173fbd414bc,0,0x2df1c51e09aecf9cacb7bc98cb1742757f163df7,0x7748dba0e6f154a03ff33bd0d60be2b3331f8cf9,9.620261,withdraw,7
473167951,2026-06-13T19:49:02Z,1781380142000,0x7eb9643b185ff839a28227b168d2ec622bd61ec512bd3330ad8eaa094714d0d0,24,0x491e6ee48bd58920b1dc49947b9b211de5ff9649,0x2df1c51e09aecf9cacb7bc98cb1742757f163df7,185.463433,deposit,7
473168136,2026-06-13T19:49:50Z,1781380190000,0xa86fb24eb398510917a8d84edd4d64f9a78524dd2696296a55f6c1cd6f442169,0,0x2df1c51e09aecf9cacb7bc98cb1742757f163df7,0xd9bc76156ccfee0b0aece95c86e4ac877d86b7c3,6.0,withdraw,7
473168297,2026-06-13T19:50:31Z,1781380231000,0xfaf252c1a222aacb64557b4695138dfcc0eacd1ec707e24749d4682b4833a1ab,3,0x91c61f786d40591e84c228688165c9b2070cd9f0,0x2df1c51e09aecf9cacb7bc98cb1742757f163df7,100.0,deposit,7
473168429,2026-06-13T19:51:05Z,1781380265000,0xee4ed16a530c560ecb3a171547033b0ee354e42d8a5fe5bb44761467226509a1,0,0x2df1c51e09aecf9cacb7bc98cb1742757f163df7,0x855a6f045436659ed3373ca805b27cdff813531d,29.0,withdraw,7
473168612,2026-06-13T19:51:51Z,1781380311000,0xd8d332aa08bc1c391edcf16f4d509b3a6d2194a91960922fcaed3a13585d1fc8,1,0x604f93d700fd61ca44c835e90c2b181e671514cf,0x2df1c51e09aecf9cacb7bc98cb1742757f163df7,51.653165,deposit,7
473168818,2026-06-13T19:52:44Z,1781380364000,0x2f1c83e3bcae88584f5800eee524f28ba553b6af68300a6c74318c7fe2027f6b,0,0x89cac2e88e1534d8553e20fb28b95755ec4561b3,0x2df1c51e09aecf9cacb7bc98cb1742757f163df7,165.85,deposit,7
473168971,2026-06-13T19:53:23Z,1781380403000,0xb5dbf59a0ecff5b728f9e7dfb98ec7b041c52110324e167bf7c58123c3effc5b,1,0xe305d1a2dedf6c1802d9c85c0ce03df07fec3bdc,0x2df1c51e09aecf9cacb7bc98cb1742757f163df7,28.64,deposit,7
473169387,2026-06-13T19:55:08Z,1781380508000,0x1dac0b538ae0a804db860d49a591a5d5ad665e8ef022cf6d7b3e20f6f063ba10,66,0xf032648dfd22c4d81588bd83e09ab89cfe816705,0x2df1c51e09aecf9cacb7bc98cb1742757f163df7,357.894378,deposit,7
473169681,2026-06-13T19:56:25Z,1781380585000,0x6f0dd2b634c7148277dce9c0706f7436237123d1e84e6da315327aba052a7a88,0,0x2df1c51e09aecf9cacb7bc98cb1742757f163df7,0x4c7da9cd529f780e476b43bd500d7e3b1316bb65,98.449978,withdraw,7
473169687,2026-06-13T19:56:26Z,1781380586000,0xf7b81d5e9080cea4a54d5d993089757731a33b39f6272e69221cdf0c0aa3b297,1,0xb3a39b435469d7131137c262cf970defa74974d0,0x2df1c51e09aecf9cacb7bc98cb1742757f163df7,582.261858,deposit,7
473170047,2026-06-13T19:57:59Z,1781380679000,0x68a5ae52bd687f6703f22de4a3d74d9c4023b48d7ee0464920316e4ba6f89d8c,1,0xbc0056e6ec87cd53bb105a8c0a790fd4929d75cf,0x2df1c51e09aecf9cacb7bc98cb1742757f163df7,15.0,deposit,7
473170629,2026-06-13T20:00:30Z,1781380830000,0xe476a81f22f0aee0ba14030ed0760bfa4d744abca9809dd73264282d4e0ab4dc,3,0x2df1c51e09aecf9cacb7bc98cb1742757f163df7,0x96940b319adec6d9548ac91730685605ed0bc7b4,40.29,withdraw,7
473170730,2026-06-13T20:00:55Z,1781380855000,0x49047534ae59067bdeadfc07cdd0a76c3c29804f791ea8c5e0a2dab99dd6df6f,1,0x2d3a43370b751b2546b57086157edee0a4aca2c3,0x2df1c51e09aecf9cacb7bc98cb1742757f163df7,69.26,deposit,7
473170730,2026-06-13T20:00:55Z,1781380855000,0x49047534ae59067bdeadfc07cdd0a76c3c29804f791ea8c5e0a2dab99dd6df6f,3,0x5b44b3737c5ec553b4b4e42d50df57ec9f462310,0x2df1c51e09aecf9cacb7bc98cb1742757f163df7,1000.0,deposit,7
473170743,2026-06-13T20:00:59Z,1781380859000,0xb975720dfea6429278d568f8a07e65ac060ccba99c9773738470b3bdea569f61,1,0xa8d8ebd15f54b9cfbf97be9cd3756b6e998699fd,0x2df1c51e09aecf9cacb7bc98cb1742757f163df7,57.8,deposit,7
473170867,2026-06-13T20:01:30Z,1781380890000,0x4c25077a6974aac12f2c0e485ae1d3e23bd583fb19b28b7432fafddbfc2b34ae,0,0x6b0f131d51aa5ffb70273ee3a63606fc5be2d170,0x2df1c51e09aecf9cacb7bc98cb1742757f163df7,29.535754,deposit,7
473170937,2026-06-13T20:01:49Z,1781380909000,0x9e9e931bc9f6ffd0099dad51e06d206cb312c2c651f629a0c010ac7bf449cac7,0,0x2df1c51e09aecf9cacb7bc98cb1742757f163df7,0x5d63931a7a5f218fcb281174b12239d99020a27a,10.930877,withdraw,7
473170937,2026-06-13T20:01:49Z,1781380909000,0x9e9e931bc9f6ffd0099dad51e06d206cb312c2c651f629a0c010ac7bf449cac7,2,0x2df1c51e09aecf9cacb7bc98cb1742757f163df7,0x2a2df932693c176a66491ec52faadfa084829ca3,19.0,withdraw,7
473171206,2026-06-13T20:02:58Z,1781380978000,0x3731762bcfefecac90f16471a19a86a6996ec7671b9fbca9b813dfb39b5ad1c4,1,0xc7c430cc4bbc4eea3a95a031bb78f841055e1682,0x2df1c51e09aecf9cacb7bc98cb1742757f163df7,47.72,deposit,7
473171301,2026-06-13T20:03:22Z,1781381002000,0xb708fca4c325226de7e6e9b384411877a50d8cc143512473ec9e31e2700346e9,0,0x2df1c51e09aecf9cacb7bc98cb1742757f163df7,0x49475d8c58d281f304592e5d17d3057e8a616f9e,24.0,withdraw,7
473171405,2026-06-13T20:03:49Z,1781381029000,0x6aba6cbd7372b1db7dae2c28e93bfab13a54b8429b8635067dbb3ffe56bad008,5,0x2df1c51e09aecf9cacb7bc98cb1742757f163df7,0x14b2e0b1a325cb1fa5f5f0fb858f0b2d20ef1edf,151.83,withdraw,7
473171600,2026-06-13T20:04:39Z,1781381079000,0x813ba5eb63e0d984bebcf529de15fc752417473f068d36eec2e6fc532d225123,0,0x2df1c51e09aecf9cacb7bc98cb1742757f163df7,0x8c8534b7cef0756bb8c894a445b898e10191f2a8,2624.770104,withdraw,7
473172167,2026-06-13T20:07:06Z,1781381226000,0xc857e1acd9a5bea7e913fb9ed64f7689507f024e512dbea33670afafa6279786,0,0x8e1393f24e8265b74ed67645dd914b2f4374a205,0x2df1c51e09aecf9cacb7bc98cb1742757f163df7,306.527177,deposit,7
473172289,2026-06-13T20:07:36Z,1781381256000,0x41115c9f38c991eadfd0c019421ce1bf8f9941848ddb59ab138b1bac350abe22,0,0x0b642fcd274a7c30bc663affdabac46d470ca938,0x2df1c51e09aecf9cacb7bc98cb1742757f163df7,9.195472,deposit,7
473172371,2026-06-13T20:07:58Z,1781381278000,0x0d966e39f5219c23194dd89872bf67ebd33ad71c8d7fa2dcb789dd81dfc85dcd,0,0x2df1c51e09aecf9cacb7bc98cb1742757f163df7,0x39374faf29eb1cf4594346e5e594e7c79ef50bce,6194.29,withdraw,7
473173226,2026-06-13T20:11:38Z,1781381498000,0xa092136e103dda421b115f5b9f9425ffd3bce4439f148f1b2d133a7e4265f34f,1,0xa30ee49f641e5fb55746c9ead2cb29d42ad1abb5,0x2df1c51e09aecf9cacb7bc98cb1742757f163df7,4000.0,deposit,7
473173288,2026-06-13T20:11:54Z,1781381514000,0x2faf0a904aeae2dc49a5c7b203f3b89d885517934be42c18cdeab903044ba7ac,8,0x2df1c51e09aecf9cacb7bc98cb1742757f163df7,0x00b3e8d16bae58535fceef8d898347a40263f309,21.97,withdraw,7
473173323,2026-06-13T20:12:03Z,1781381523000,0x8c995fe36a27488c7c4f6bc44a5c4335fce02bcf33f1790fc401c1018dec56b8,43,0x26457205fc20051d894b7b3c9fa0921373731114,0x2df1c51e09aecf9cacb7bc98cb1742757f163df7,5099.8,deposit,7
473173592,2026-06-13T20:13:10Z,1781381590000,0xab23349b6c95d8d0d3f9120c0d9b635b6723de2cd49daaf196f5d3d0233bb578,11,0x2df1c51e09aecf9cacb7bc98cb1742757f163df7,0x86ba227c4ac5a4845b805ba03a3d68cd9dc2da45,58.777508,withdraw,7
473173675,2026-06-13T20:13:31Z,1781381611000,0x6fa8d3b3b76cd502975fc6f37f271e439cd61a300e7aeb3e9dc0c8c5371266e9,11,0xa4afb9bb9fbaeeb6965d01f51bc812c9f75f497c,0x2df1c51e09aecf9cacb7bc98cb1742757f163df7,14.63,deposit,7
473174253,2026-06-13T20:15:59Z,1781381759000,0xe49bcb259dd33751ab40a81154ad12c58d8b87452d01b93d0cab534c53854e98,0,0x2df1c51e09aecf9cacb7bc98cb1742757f163df7,0x66601462e1e18044942404c5605b4559c6fde45b,15.390953,withdraw,7
473174518,2026-06-13T20:17:07Z,1781381827000,0xf8d58f9cbcfe27c5fac44528f7f77c31ddd93a887221f6f97e48e381bef56883,1,0x3b8d23a7cfc6eb0a419735ea3fc033e58083b608,0x2df1c51e09aecf9cacb7bc98cb1742757f163df7,581.92553,deposit,7
473174547,2026-06-13T20:17:14Z,1781381834000,0x45736126cceb5561c6e5700150b380e3349b92d6e484b6b66e37b3466992e5a1,1,0xdabdbc05f85f49651c01aaaced955074dd833a72,0x2df1c51e09aecf9cacb7bc98cb1742757f163df7,19.99,deposit,7
473174609,2026-06-13T20:17:31Z,1781381851000,0xba3c26bd434f56e91d90b46f2a0423dc80e8e13e5eb8566171a2a841a8874ba8,1,0xfd14a41e18caedae2fb72449d479baba1665f593,0x2df1c51e09aecf9cacb7bc98cb1742757f163df7,110.899885,deposit,7
473174793,2026-06-13T20:18:17Z,1781381897000,0x6ded397bde1a40210c524acced6963ab20599a79f33ad2bec843d5608af5f455,2,0xcf07ab3d7d0cc99ab319cff7ce33580e82ef8b82,0x2df1c51e09aecf9cacb7bc98cb1742757f163df7,18.89652,deposit,7
473175035,2026-06-13T20:19:18Z,1781381958000,0x3f30a73202ecaa26a26f41d262e4842f83d65c806ff2424ef026df475a525be2,10,0x2df1c51e09aecf9cacb7bc98cb1742757f163df7,0x5b6442c3a75f6b0ebbcd188d0befd45bc8bdcf3d,21.32,withdraw,7
473175215,2026-06-13T20:20:02Z,1781382002000,0x5e92756102fcc2c91bdc1382049a8e3614d47e949451d1da783c8d25e4c6ace0,0,0xf032648dfd22c4d81588bd83e09ab89cfe816705,0x2df1c51e09aecf9cacb7bc98cb1742757f163df7,66.517195,deposit,7
473175226,2026-06-13T20:20:05Z,1781382005000,0x582eb7f8f42da0083e21f7ad6e7d1b567a57a0800ecedcc2ef2c47ba8593e5c4,14,0x5b597cf16713f689c7225f12271c35333569e3af,0x2df1c51e09aecf9cacb7bc98cb1742757f163df7,6.986341,deposit,7
473176056,2026-06-13T20:23:35Z,1781382215000,0x218c7871008975818ce11bf0e6dd5ca4a9f8fb716605fcd963c4fcc965262713,12,0x4a3a227f2ec754a268949f3151ff0ae3fb941ec6,0x2df1c51e09aecf9cacb7bc98cb1742757f163df7,33.33,deposit,7
473176098,2026-06-13T20:23:46Z,1781382226000,0x3febdbaaa5264021d6b478cb11b850b7beb41559d27582288d135c7a6f5d69e6,0,0x2df1c51e09aecf9cacb7bc98cb1742757f163df7,0xc6cc884ae7293a5848ee55c3012cf29144c71d0a,28.8,withdraw,7
473176201,2026-06-13T20:24:12Z,1781382252000,0x316dbc7c14b8a028eab443e59caaaf181df6372a656d3c4ef39f8c0991d92447,1,0x2df1c51e09aecf9cacb7bc98cb1742757f163df7,0xec9dbf068fbe74d7e4275221dee8b757e3c4716c,4999.0,withdraw,7
473176300,2026-06-13T20:24:37Z,1781382277000,0x0ac5c82f46e95de81460d44a11f9d15c731893cc6b7ffe417001a322a32ccffc,0,0x2df1c51e09aecf9cacb7bc98cb1742757f163df7,0xaff60322152bb9769d2049a59cb0df0702efe8ce,12.0,withdraw,7
473811560,2026-06-15T16:54:22Z,1781542462000,0x1b4fd7a887a4f3d5f96c002262bfcb583423080052e09886c6ba74f024a735dc,2,0x2df1c51e09aecf9cacb7bc98cb1742757f163df7,0x45aefe0f12a80b46f507f25089665d0cccba96b7,0.02,withdraw,6
473811768,2026-06-15T16:55:13Z,1781542513000,0x78798c6571023da5b81715d05089a5d121b64ebd1518c20874ef346e556bc5ce,16,0xf3eb45874e02f79ddb65e26991871e14f65a32aa,0x2df1c51e09aecf9cacb7bc98cb1742757f163df7,30.0,deposit,6
473811798,2026-06-15T16:55:20Z,1781542520000,0x6905d67d1f5141a1076c97916b9ebf5d531c11884d4d10a5bf69dfe1e8b85f82,0,0xd8d021f81687a82b3fb72cb7d4989d9694ba042a,0x2df1c51e09aecf9cacb7bc98cb1742757f163df7,28.211386,deposit,6
473811840,2026-06-15T16:55:31Z,1781542531000,0xe6d1a25e3196d6ec90791e1d11757b65f55f1a80da85991beb912e0ee087330e,1,0x2df1c51e09aecf9cacb7bc98cb1742757f163df7,0x65624bdd5183a50c243e268f172c6d0acda0fda0,9476.01,withdraw,6
473811899,2026-06-15T16:55:45Z,1781542545000,0xe897210e30c7e25d9a551e3a1af03bd2825c04489f5905c4c679691817df1c87,8,0x3f9703c3205b65a8db7fca33f96e717037422842,0x2df1c51e09aecf9cacb7bc98cb1742757f163df7,60.0,deposit,6
473811947,2026-06-15T16:55:58Z,1781542558000,0x580b0a312fd86dbf038f46574da4a96b7a0b5a4cd4ae042eb75197ed3f9b8292,0,0x2df1c51e09aecf9cacb7bc98cb1742757f163df7,0x8a0d72e9be50db66969b9f112aff419cbd2bb4f4,4822.4,withdraw,6
473812193,2026-06-15T16:56:59Z,1781542619000,0x7e99e82b5957b4c49a47fe2b34024d6359ad04be68ed5e42aa014d27806e7237,6,0x45533c92f693b7c90b5ef32bfa5a2f98a8fca4af,0x2df1c51e09aecf9cacb7bc98cb1742757f163df7,4999.997281,deposit,6
473812254,2026-06-15T16:57:15Z,1781542635000,0x6826ca801205a6c003dc0936fc4249eb5777dfb18502312699f0a3df9f5c2b33,0,0x2df1c51e09aecf9cacb7bc98cb1742757f163df7,0x2407ae4297d548cffd44b34048bd835f486f5135,999.0,withdraw,6
473812459,2026-06-15T16:58:06Z,1781542686000,0x255f1544c1cad805d6a7cbb8b9f9327a039850f506b61c211c72b572e1d7b477,9,0x2df1c51e09aecf9cacb7bc98cb1742757f163df7,0x058589ed65f03c86ec562937f9059faeb8ce0292,299.0,withdraw,6
473812459,2026-06-15T16:58:06Z,1781542686000,0x255f1544c1cad805d6a7cbb8b9f9327a039850f506b61c211c72b572e1d7b477,11,0x2df1c51e09aecf9cacb7bc98cb1742757f163df7,0x9116029f91b6e1e51c28b2b0c8a676164669b40e,208.91,withdraw,6
473812621,2026-06-15T16:58:47Z,1781542727000,0x6e60d26c0bb79012eb9aa179aad2cf7f74cb78af4995dec205ec6dace0f27abd,3,0xf573a2c992c900671d752031df54d94679a8458e,0x2df1c51e09aecf9cacb7bc98cb1742757f163df7,10.0,deposit,6
473812927,2026-06-15T17:00:04Z,1781542804000,0x3a1141e0b5190d3838a659bae5b07c32ef06ab66ff8a2657fe3ec8a66f12295b,8,0x2df1c51e09aecf9cacb7bc98cb1742757f163df7,0x3f9703c3205b65a8db7fca33f96e717037422842,58.99,withdraw,6
473812927,2026-06-15T17:00:04Z,1781542804000,0x3a1141e0b5190d3838a659bae5b07c32ef06ab66ff8a2657fe3ec8a66f12295b,10,0x2df1c51e09aecf9cacb7bc98cb1742757f163df7,0xb7a5f314f4390d456efae76045a6c81ffba6952e,82342.921566,withdraw,6
473813006,2026-06-15T17:00:23Z,1781542823000,0x1b9ba2ecd2e23f57d2f2b489a5799661d5580179634b6ea84853f1f6ce36bae7,0,0x2df1c51e09aecf9cacb7bc98cb1742757f163df7,0x1a44a6bc450d233049d629c27792c5309d9ca12d,172140.8,withdraw,6
473813006,2026-06-15T17:00:23Z,1781542823000,0x1b9ba2ecd2e23f57d2f2b489a5799661d5580179634b6ea84853f1f6ce36bae7,2,0x2df1c51e09aecf9cacb7bc98cb1742757f163df7,0x51f63885534cb494f4592a0311551f369bff2b39,36503.0,withdraw,6
473813121,2026-06-15T17:00:52Z,1781542852000,0xb6eb3a561df66931463f0c5f4832d0f5e7ff0a5ff091fe69ec3829f928a4db25,22,0x2df1c51e09aecf9cacb7bc98cb1742757f163df7,0xc16e43725fe6f519165f32aba1174a7830e0a3c1,49.0,withdraw,6
473813341,2026-06-15T17:01:46Z,1781542906000,0xa6b9be7b9e2d612fac3bfd87f6a2c773086162eae8b5eacd1db5eb588b627ee6,14,0x2df1c51e09aecf9cacb7bc98cb1742757f163df7,0x0d55e1ef589ac3a01f88361463b70d495255007d,10.001301,withdraw,6
473813341,2026-06-15T17:01:46Z,1781542906000,0xa6b9be7b9e2d612fac3bfd87f6a2c773086162eae8b5eacd1db5eb588b627ee6,16,0x2df1c51e09aecf9cacb7bc98cb1742757f163df7,0x2e75f6e0341dbbd49ebe9a2ff04d54625289be08,16.7,withdraw,6
473813514,2026-06-15T17:02:30Z,1781542950000,0x7e44b00189b177543dee8f8796da86e8c8c39ec29dc8035fdf1bbf0b532b6eba,0,0xe3ccbb32f577854cec1616d3740e56eefd76bf2e,0x2df1c51e09aecf9cacb7bc98cb1742757f163df7,499.000938,deposit,6
473813527,2026-06-15T17:02:33Z,1781542953000,0x1c02a6dc77180ce3787a17c9209b9ad57f11535251f5e99e816c648883b7b16a,8,0x2df1c51e09aecf9cacb7bc98cb1742757f163df7,0xf4f5770263f18b7b860f3fbf7c6d62893d343ff8,15.47,withdraw,6
473813527,2026-06-15T17:02:33Z,1781542953000,0x1c02a6dc77180ce3787a17c9209b9ad57f11535251f5e99e816c648883b7b16a,10,0x2df1c51e09aecf9cacb7bc98cb1742757f163df7,0x4e77b72e161b465c44319dd683ac46736d4ba829,71.71,withdraw,6
473813740,2026-06-15T17:03:26Z,1781543006000,0x3ad835483c9e135ec395e745a988a5496b126679d252a592947f4e7cb248d5ad,93,0x59b10b7c2cf17be2b03ac2c8df1bda5fb99c9cf3,0x2df1c51e09aecf9cacb7bc98cb1742757f163df7,4919.19,deposit,6
473813752,2026-06-15T17:03:29Z,1781543009000,0xed7fe4b44d69a9b2601490bc6ca29c0785aae84164f6eb233b67f8e237e4a006,1,0xf573a2c992c900671d752031df54d94679a8458e,0x2df1c51e09aecf9cacb7bc98cb1742757f163df7,100.0,deposit,6
473813926,2026-06-15T17:04:13Z,1781543053000,0x417184ca72de9540336f96887914c859681a3890cedfe3a0d601795084bfdf6d,4,0xa0986eed70ce5d2c7c88de4c16696f2cd753a9c1,0x2df1c51e09aecf9cacb7bc98cb1742757f163df7,16.524119,deposit,6
473813969,2026-06-15T17:04:24Z,1781543064000,0x0176e4d48b6331b56d02d76acb48a4e4ac2718e6e49c520697e22ab961c73891,0,0x2df1c51e09aecf9cacb7bc98cb1742757f163df7,0xd9545c36ced9f0ef85a55841735fceeec4405dd4,147.22,withdraw,6
473813969,2026-06-15T17:04:24Z,1781543064000,0x0176e4d48b6331b56d02d76acb48a4e4ac2718e6e49c520697e22ab961c73891,2,0x2df1c51e09aecf9cacb7bc98cb1742757f163df7,0x0e3175d7f4c33beabbf396f6840284074a10a02f,110.382773,withdraw,6
473814122,2026-06-15T17:05:02Z,1781543102000,0xb41125792867e007d616a5e8c03764fdb71211f043cf9395ea4a43f9de33134c,0,0x83a713f381ccdb0cbc847dbb42239aa3eed5b232,0x2df1c51e09aecf9cacb7bc98cb1742757f163df7,5000.0,deposit,6
473814131,2026-06-15T17:05:04Z,1781543104000,0xe431cccbbe05b4528a1f3721f18e4c98d4d8ec91c7b7eb1de0d614f76589b62b,1,0xe269d66133676dce0dcad1e8c453131543ae0bce,0x2df1c51e09aecf9cacb7bc98cb1742757f163df7,22.141544,deposit,6
473814381,2026-06-15T17:06:07Z,1781543167000,0xb852323d4c43c52da2008d20352e2edf0a6d383adcae361f835c3f7a6ebc595e,9,0xcc5c27678cb62b2e617efce14c189fa60d658d4b,0x2df1c51e09aecf9cacb7bc98cb1742757f163df7,19.8,deposit,6
473814466,2026-06-15T17:06:28Z,1781543188000,0x606892b2ee904527161f474b2ece48889c678ecc11a7c4875c9238d627921469,4,0x2df1c51e09aecf9cacb7bc98cb1742757f163df7,0x7725a7f2bb0e1c448d6fe361d53c840486ec6557,151.0,withdraw,6
473814466,2026-06-15T17:06:28Z,1781543188000,0x606892b2ee904527161f474b2ece48889c678ecc11a7c4875c9238d627921469,6,0x2df1c51e09aecf9cacb7bc98cb1742757f163df7,0x69f1f6307f0fcbb12fb522d1827224f18a80eb3b,227.57,withdraw,6
473814674,2026-06-15T17:07:21Z,1781543241000,0xad27a85b4c556e295eeeb8c02ee75697e31dfb4102049491a966c1e80086bdf8,0,0x2df1c51e09aecf9cacb7bc98cb1742757f163df7,0x48594ff05cceb4f62aabb9be15a141c204661f0b,3671696.0,withdraw,6
473814697,2026-06-15T17:07:26Z,1781543246000,0xb3ef607869b210172a65998cb7fc19a7e280ae4a595d85192232175e9132ff08,0,0xea60d48be3e4f1f4db1f600ea4f945a07cfb1c87,0x2df1c51e09aecf9cacb7bc98cb1742757f163df7,99753.52933,deposit,6
473814771,2026-06-15T17:07:45Z,1781543265000,0xe1d4600bdfc64c6d55f029acabacad1c55f1170a4c6be7ad02ebadf9f2e56df5,1,0x3f9703c3205b65a8db7fca33f96e717037422842,0x2df1c51e09aecf9cacb7bc98cb1742757f163df7,62.4,deposit,6
473814835,2026-06-15T17:08:00Z,1781543280000,0x13e1ae67ca9fc909d26fb1d3f5feea7c8800779f46c1c2e342b62736139eccc6,3,0x2df1c51e09aecf9cacb7bc98cb1742757f163df7,0xabd2e440f9a32354a79824001cc540fede2cf419,600.104656,withdraw,6
473814948,2026-06-15T17:08:28Z,1781543308000,0xbb53fefe954a247acba68122879ba7a18da2ec05f63d5298abb9df8d30f65dfd,3,0x2df1c51e09aecf9cacb7bc98cb1742757f163df7,0x513643eb1a82e38e7879108381df20be5afa6a75,8.9,withdraw,6
473815112,2026-06-15T17:09:09Z,1781543349000,0x9202e13f5f917b13ce5e85eaa97580841f00d4102329ef8724a61a7d72a07900,32,0x2e3954966f2019e65912efd5303b5de41b869119,0x2df1c51e09aecf9cacb7bc98cb1742757f163df7,3000.0,deposit,6
473815129,2026-06-15T17:09:14Z,1781543354000,0x695216c948303ad4c14aa3b7dccc901fdb07aafca3adb2eb0c56e58866268fe8,16,0x2df1c51e09aecf9cacb7bc98cb1742757f163df7,0x8c8534b7cef0756bb8c894a445b898e10191f2a8,4093.59023,withdraw,6
473815248,2026-06-15T17:09:43Z,1781543383000,0x3a4db66f92167ea46fad87e923c0c779faadc89f1d4f8896794a10d63c53c202,0,0xe3ccbb32f577854cec1616d3740e56eefd76bf2e,0x2df1c51e09aecf9cacb7bc98cb1742757f163df7,7486.470168,deposit,6
473815294,2026-06-15T17:09:55Z,1781543395000,0xf097c9b833a76aa5541ff7b71840a4fe9b3ca8f11a9f330ddba312b4c80474b6,37,0xaf42d8e6a313f2061920908dfef7c3771a3f3f59,0x2df1c51e09aecf9cacb7bc98cb1742757f163df7,3931.399509,deposit,6
473815350,2026-06-15T17:10:09Z,1781543409000,0x2848d77140e6292523223193beca605e5dbdae725fba4ec5aef686f00d4f4094,1,0x2df1c51e09aecf9cacb7bc98cb1742757f163df7,0x005e1ecfafe45d0887428b8f6c5db978ec72296a,129999.0,withdraw,6
473815350,2026-06-15T17:10:09Z,1781543409000,0x2848d77140e6292523223193beca605e5dbdae725fba4ec5aef686f00d4f4094,3,0x2df1c51e09aecf9cacb7bc98cb1742757f163df7,0x1b7d1c14ca5ef63786f72043bab051912dec7b0d,2.7,withdraw,6
473815350,2026-06-15T17:10:09Z,1781543409000,0x2848d77140e6292523223193beca605e5dbdae725fba4ec5aef686f00d4f4094,5,0x2df1c51e09aecf9cacb7bc98cb1742757f163df7,0x471a6070e646d3bf906b5ca50ce23e7bc73fbe43,341.0,withdraw,6
473815353,2026-06-15T17:10:10Z,1781543410000,0x3bace66c4a9d7120f5c94ee2ef70e2891601dc8ce1cce732110f39b5c7f89f3e,0,0x784aaefe602fbd725b458b7a8efbbba8a5a51030,0x2df1c51e09aecf9cacb7bc98cb1742757f163df7,236.686223,deposit,6
473815398,2026-06-15T17:10:21Z,1781543421000,0x4d231410b37b1fdb35aefbc6aeb24876fa585fb2ae503a538e42d3eb6ebf8a92,8,0xa3371d8b79f0d7e000c79755413ae345990cf4d3,0x2df1c51e09aecf9cacb7bc98cb1742757f163df7,1551.52,deposit,6
473815485,2026-06-15T17:10:43Z,1781543443000,0x42180f6964ee0a6a8de073521dd13a5cbd19d4c02486f1b22570d840eb5e5562,1,0x404ca2035b37bf2e83505134ebcf8d03babb5f03,0x2df1c51e09aecf9cacb7bc98cb1742757f163df7,278603.8,deposit,6
473815550,2026-06-15T17:10:59Z,1781543459000,0xe1275f25c937f4cd3adab533eff6514b7fa6b07cea416da1f8fdf6557095ce89,0,0x2df1c51e09aecf9cacb7bc98cb1742757f163df7,0xf370c2c7fbf3ff5ba46378fc9203cb05af87866f,37.93,withdraw,6
473815587,2026-06-15T17:11:09Z,1781543469000,0x42d3ee530b432e5e9a2724f677ff052bc01ebfea8ab6aa8b1edea6eca6e83802,124,0xf370c2c7fbf3ff5ba46378fc9203cb05af87866f,0x2df1c51e09aecf9cacb7bc98cb1742757f163df7,37.93,deposit,6
473815651,2026-06-15T17:11:25Z,1781543485000,0x4dc794e6be267a19db49fe273f513a33b8cff96bc83f70d4070683fa288092e8,1,0x2df1c51e09aecf9cacb7bc98cb1742757f163df7,0x8cbaf87ab38529516789eb457235a6e56b2f470a,1999.0,withdraw,6
473815667,2026-06-15T17:11:29Z,1781543489000,0xed870dc2dcf0ca6e82dc5e8993bfd13b9c84f0847b9cb1b7eaa9c5b2dbd956f9,12,0xe3ccbb32f577854cec1616d3740e56eefd76bf2e,0x2df1c51e09aecf9cacb7bc98cb1742757f163df7,998.152291,deposit,6
473815739,2026-06-15T17:11:47Z,1781543507000,0x003e94fd39f2f0a3253bdf49bf82fd6e0764085b59af0fff8d5311e39a128069,24,0xbc683e1ff73371f0d50aa9d09f868e5c787f380f,0x2df1c51e09aecf9cacb7bc98cb1742757f163df7,4000.0,deposit,6
473815771,2026-06-15T17:11:55Z,1781543515000,0xf90971035a7adf68b7e1f0855a9fe140d1be32903065cacfcd98c6cd097edf55,0,0x2df1c51e09aecf9cacb7bc98cb1742757f163df7,0xe0618d44e68a80ec7ae79d5a5236df4a8586e03b,49.12,withdraw,6
473815825,2026-06-15T17:12:09Z,1781543529000,0x95232a3750901149d52186df77e495b18de2e36e80e8d01415e41256dd8b92d7,120,0xcb6ce0cbd60a19d6d8e495e9ca0a500fe432cc9f,0x2df1c51e09aecf9cacb7bc98cb1742757f163df7,99.848317,deposit,6
473815856,2026-06-15T17:12:17Z,1781543537000,0x8b5b002ac9a27d6f9fb2410f107b857eeb2d6454ad8342908534a390473cf921,14,0x2df1c51e09aecf9cacb7bc98cb1742757f163df7,0x7725a7f2bb0e1c448d6fe361d53c840486ec6557,34097.0,withdraw,6
473815927,2026-06-15T17:12:34Z,1781543554000,0x9a1e967445cdcb8aba449c0bdf19fa954cef6baea48d46fec3f14b2b2866c612,3,0x9aecd931f32c594d5fb7e75fa57f34b3637e9762,0x2df1c51e09aecf9cacb7bc98cb1742757f163df7,500.0,deposit,6
473816047,2026-06-15T17:13:04Z,1781543584000,0x98382a6a657eaf45605da49750a117b0255b82041056d2d05ebaf5c36786396b,4,0xdcf5f19285deb27a337529671b29266e91418910,0x2df1c51e09aecf9cacb7bc98cb1742757f163df7,23.634,deposit,6
473816134,2026-06-15T17:13:27Z,1781543607000,0x536141e8fbe0bd61fdfbe14b20975df7eb6d3c3f057378606ab0bbae312d7156,3,0x513643eb1a82e38e7879108381df20be5afa6a75,0x2df1c51e09aecf9cacb7bc98cb1742757f163df7,11.0,deposit,6
473816227,2026-06-15T17:13:50Z,1781543630000,0x21a8be0784e85635f6333807f591f8fa0c2b9022caaf0c042a5da25f0d8d0944,1,0x181fdbc95e11e1c436f311b2129786af6ed6e25b,0x2df1c51e09aecf9cacb7bc98cb1742757f163df7,344.8,deposit,6
473816252,2026-06-15T17:13:56Z,1781543636000,0x8148f58a34874a5ee13a40ca27288e8529b2a1c9bf3a9e3175d532c7a05d3367,0,0x062f9a13ce88cd5823082ed2851d39e77e1957e6,0x2df1c51e09aecf9cacb7bc98cb1742757f163df7,13.326231,deposit,6
473816275,2026-06-15T17:14:02Z,1781543642000,0x8f055fa52e60e17834c12e92ff19129b01ce7e4fa34fd09ddd8b1b838fe7a97a,33,0x9aecd931f32c594d5fb7e75fa57f34b3637e9762,0x2df1c51e09aecf9cacb7bc98cb1742757f163df7,19000.0,deposit,6
473816296,2026-06-15T17:14:08Z,1781543648000,0x8dbd9dd7fbb002efeb807a12108fd82bafd66f5ebc963c67d4870d2a43b0ba9b,0,0x2df1c51e09aecf9cacb7bc98cb1742757f163df7,0xb7a5f314f4390d456efae76045a6c81ffba6952e,147967.35414,withdraw,6
473816371,2026-06-15T17:14:25Z,1781543665000,0xb70f68f5e7e8a8ab2aefa17a268ea2b309a2bfb966fd7e6021ef3e2da80fa251,3,0xcc5c27678cb62b2e617efce14c189fa60d658d4b,0x2df1c51e09aecf9cacb7bc98cb1742757f163df7,149.8,deposit,6
473816521,2026-06-15T17:15:03Z,1781543703000,0xdbcf4492b525b22d36001dda9fe996f407eda058360efe97a53aca79c961d5ae,0,0xf032648dfd22c4d81588bd83e09ab89cfe816705,0x2df1c51e09aecf9cacb7bc98cb1742757f163df7,310.852,deposit,6
473816595,2026-06-15T17:15:21Z,1781543721000,0x0fcdbff36f35c5c98bb4371930737969c1af81e45ce35a48e676aea055604a90,2,0x2df1c51e09aecf9cacb7bc98cb1742757f163df7,0x8d7460e51bcf4ed26877cb77e56f3ce7e9f5eb8f,4.0,withdraw,6
473816595,2026-06-15T17:15:21Z,1781543721000,0x0fcdbff36f35c5c98bb4371930737969c1af81e45ce35a48e676aea055604a90,4,0x2df1c51e09aecf9cacb7bc98cb1742757f163df7,0x91857134753915b8906d5d74fef132bd14d0d6e6,16.8,withdraw,6
473816761,2026-06-15T17:16:03Z,1781543763000,0x59b86d3655bd2fc8415bc504f2ba21d3beb9fa8daa725bdb7aca01f491310b27,1,0x181fdbc95e11e1c436f311b2129786af6ed6e25b,0x2df1c51e09aecf9cacb7bc98cb1742757f163df7,147.8,deposit,6
473817107,2026-06-15T17:17:30Z,1781543850000,0x258e3e0cab4e908c7a5f11299387a4863d6aa0c166a25fe2d1688acbfa30c743,33,0x138ed8e9c7aa36c338dc08d8ca9421dae7a381f0,0x2df1c51e09aecf9cacb7bc98cb1742757f163df7,93.994778,deposit,6
473817142,2026-06-15T17:17:39Z,1781543859000,0x093b1e63fc3e4ac4acbba2605c022a5d869ae4200566d9dbda15bf25ae0338f7,1,0x2ffef81bfe61cc182e6fb728fa33ff41373e75fc,0x2df1c51e09aecf9cacb7bc98cb1742757f163df7,181.793946,deposit,6
473817194,2026-06-15T17:17:52Z,1781543872000,0xd87480d8e1e07faae98650519aace8dbcf10624913e255e7a0e37e439b9d8158,0,0x2df1c51e09aecf9cacb7bc98cb1742757f163df7,0x0df0ddb576398e16535c2fa7aeb5cc54bd573c51,785.57,withdraw,6
473817299,2026-06-15T17:18:18Z,1781543898000,0x4d1cf6cf54952ecee0f2e21e9bd0f6dd7e33bc85de194480a6223ad85de5ee16,1,0xbf73931a6f7a38ecfdea543832aaeff55c933304,0x2df1c51e09aecf9cacb7bc98cb1742757f163df7,163.809345,deposit,6
473817301,2026-06-15T17:18:18Z,1781543898000,0x7820f46ce606f926665afadfe60d56bfa002e6f5de98f9a031a965d9d2204e09,0,0x2df1c51e09aecf9cacb7bc98cb1742757f163df7,0xdbeeae908c54971a7f020b9915220b5c21584a61,54.0,withdraw,6
473817301,2026-06-15T17:18:18Z,1781543898000,0x7820f46ce606f926665afadfe60d56bfa002e6f5de98f9a031a965d9d2204e09,2,0x2df1c51e09aecf9cacb7bc98cb1742757f163df7,0x3b33dee36a5693ff5b78bcfeebd4a6214d7446fd,27.0,withdraw,6
473817384,2026-06-15T17:18:39Z,1781543919000,0xdb4e3e5282cfe2efebabb34508be0d517e622b4eb7044e001b29bab7e3af70e1,7,0x105a8501eae3aa9462a47568a2de12e421f75e5e,0x2df1c51e09aecf9cacb7bc98cb1742757f163df7,4207.0,deposit,6
473817482,2026-06-15T17:19:04Z,1781543944000,0x36f9a08eb8ca3d3d8b324d228bb3400c77e707afc7bec87d77e072e763ab554e,129,0x2df1c51e09aecf9cacb7bc98cb1742757f163df7,0x3d51b92141139bc258b65369bdc9b2638f982b8f,18.2,withdraw,6
473817535,2026-06-15T17:19:17Z,1781543957000,0xb48d65f298d9bded9ba22b69c855a955d5069fe150630c1e791d7f428cef642b,0,0x7d4e5d6b6c5a3084b50ffb6e10019f08d5e14a58,0x2df1c51e09aecf9cacb7bc98cb1742757f163df7,1422.218666,deposit,6
473817547,2026-06-15T17:19:20Z,1781543960000,0x202ee52e5205247b4986f685a17b5984ea2bbe469871f389838e0565ac1c77e6,29,0x22e871d1f90298897ef4308ff8f00608b00e929d,0x2df1c51e09aecf9cacb7bc98cb1742757f163df7,42.0,deposit,6
473817639,2026-06-15T17:19:43Z,1781543983000,0x72c9c60ffa68bbedd61c48f192b93ff85abf28ad6befca76240f59666badafd2,0,0x2df1c51e09aecf9cacb7bc98cb1742757f163df7,0xdf7a0fc43fa995b82fa3ede556f0ccd73cf22998,59.55,withdraw,6
473817639,2026-06-15T17:19:43Z,1781543983000,0x72c9c60ffa68bbedd61c48f192b93ff85abf28ad6befca76240f59666badafd2,2,0x2df1c51e09aecf9cacb7bc98cb1742757f163df7,0x61b5ab49ad77a069dda2a730c43b7a2dcd0d5ffa,99.0,withdraw,6
473817731,2026-06-15T17:20:07Z,1781544007000,0x2986fed957cc701ab362ebeff129db25d0c9a797cf6f336f8c0fb2931a447336,8,0xf032648dfd22c4d81588bd83e09ab89cfe816705,0x2df1c51e09aecf9cacb7bc98cb1742757f163df7,213.665228,deposit,6
473817792,2026-06-15T17:20:22Z,1781544022000,0xfb32f2a2f547c68bc035534add247bc19d4cdc1ca3706ece5ed4f79a31d698da,0,0x2df1c51e09aecf9cacb7bc98cb1742757f163df7,0x5ea71d048a4b2676f01b561e87d37d255a774add,1428.0,withdraw,6
473817826,2026-06-15T17:20:31Z,1781544031000,0x5d737b864edab97b346b7ef4eb0097f57db71ce621301ebcb0fbd9be26a333dd,0,0x88f484b2cd9db48adb40cc802d28a036f417c8bc,0x2df1c51e09aecf9cacb7bc98cb1742757f163df7,24.390075,deposit,6
473817876,2026-06-15T17:20:43Z,1781544043000,0x8a7612c91f827569a6dc2e35b7e65333710263865d03ee616e630300dfb40506,9,0xc98deef74ccdf5090bf1e6aa144ff16b737cd2d0,0x2df1c51e09aecf9cacb7bc98cb1742757f163df7,99.523557,deposit,6
473817975,2026-06-15T17:21:07Z,1781544067000,0x6849cc34f7c48f6cb9a5f50f9161a25b5fdf89fac3cf8d452ae581b9d33fb349,0,0x2df1c51e09aecf9cacb7bc98cb1742757f163df7,0xff11f86612076f0553208d521ed39afd3aea083b,62.0,withdraw,6
473818339,2026-06-15T17:22:38Z,1781544158000,0x61872949f1968d09211f1953c9bbd00b247a5872bc9bd6a004ad1b24ef6128fd,7,0x2a39a56681aebcb8c8590050b1577d43df56e1b2,0x2df1c51e09aecf9cacb7bc98cb1742757f163df7,171.503636,deposit,6
473818616,2026-06-15T17:23:48Z,1781544228000,0xefc01f1e4c6aecda78d399f829cfcafa0595c06e271dcdfe49943f54a4c7ab6d,0,0x2df1c51e09aecf9cacb7bc98cb1742757f163df7,0x17f6948ca7c55cc891ec99584daab80540fb33d9,27.0,withdraw,6
473818617,2026-06-15T17:23:48Z,1781544228000,0x8093e7d7d86d7861b9551eb2ce857b3bf26183730608d2b1ba2f47e3982263b0,6,0xd5f5ed4be3acf89907c2bdda903e5f50d3899738,0x2df1c51e09aecf9cacb7bc98cb1742757f163df7,49.9,deposit,6
473818703,2026-06-15T17:24:10Z,1781544250000,0x041aa3bd08c4f1a0c70ce2d7a8c82269a79758e1819e29742e2734231ecb152e,4,0x2df1c51e09aecf9cacb7bc98cb1742757f163df7,0xeaceafbfb9309c1014abb40619535f4d9d891ac5,17.2,withdraw,6
473818703,2026-06-15T17:24:10Z,1781544250000,0x041aa3bd08c4f1a0c70ce2d7a8c82269a79758e1819e29742e2734231ecb152e,6,0x2df1c51e09aecf9cacb7bc98cb1742757f163df7,0x7725a7f2bb0e1c448d6fe361d53c840486ec6557,893.0,withdraw,6
473818930,2026-06-15T17:25:07Z,1781544307000,0x54610ecf1ad5d3ae314786ce1f9c2b0309c2da19b68455fb550978f62c368abc,8,0x77b8b8fa32e6c95476df00772c008005e0754a1f,0x2df1c51e09aecf9cacb7bc98cb1742757f163df7,15.269735,deposit,6
473818945,2026-06-15T17:25:10Z,1781544310000,0x2344eedfb384cb8d84a558c5d6d2fc74fc28d603e41a5ce5d4f18325800f7be8,28,0x58258c4be5d76e2988d65d320c3d9ca568fce3b1,0x2df1c51e09aecf9cacb7bc98cb1742757f163df7,205.95,deposit,6
473819077,2026-06-15T17:25:43Z,1781544343000,0xc96d3921e24147c56e8057f120356d2228fed026dcba0ddd77944754a730c806,0,0x2df1c51e09aecf9cacb7bc98cb1742757f163df7,0x5039321fb7a7cc47424476fd2e54dc1a9cddc5fc,130.2,withdraw,6
473819077,2026-06-15T17:25:43Z,1781544343000,0xc96d3921e24147c56e8057f120356d2228fed026dcba0ddd77944754a730c806,2,0x2df1c51e09aecf9cacb7bc98cb1742757f163df7,0xe84dbf50af55807618e01d291669cffcfb8e5280,99.0,withdraw,6
473819077,2026-06-15T17:25:43Z,1781544343000,0xc96d3921e24147c56e8057f120356d2228fed026dcba0ddd77944754a730c806,4,0x2df1c51e09aecf9cacb7bc98cb1742757f163df7,0x2dbd4163555606632d291375c26ef7cec34dbd1e,106.86,withdraw,6
473819108,2026-06-15T17:25:51Z,1781544351000,0x3c186082a0ab5713e24523e3c0b11c5269e4a3c30d9d605cebd96da809f19839,15,0xea418b560bae97d4cc940a543aeec5f1dca8da90,0x2df1c51e09aecf9cacb7bc98cb1742757f163df7,540.0,deposit,6
473819286,2026-06-15T17:26:36Z,1781544396000,0xefe203f1e2dc07a3336ee3181fc245af05aa65fbdc5f5a099a5ec2245bdd24f1,4,0x2df1c51e09aecf9cacb7bc98cb1742757f163df7,0xcf810d3f3e9351fb61d553649e5bd63a8ac18a31,32.73,withdraw,6
473819286,2026-06-15T17:26:36Z,1781544396000,0xefe203f1e2dc07a3336ee3181fc245af05aa65fbdc5f5a099a5ec2245bdd24f1,6,0x2df1c51e09aecf9cacb7bc98cb1742757f163df7,0xd45d8b513ff83644206f4e1d2a51dbaf102cc91b,98.47,withdraw,6
473819286,2026-06-15T17:26:36Z,1781544396000,0xefe203f1e2dc07a3336ee3181fc245af05aa65fbdc5f5a099a5ec2245bdd24f1,8,0x2df1c51e09aecf9cacb7bc98cb1742757f163df7,0x94aa7024dd34c4d306517d2f18df274e28ab9988,52.61,withdraw,6
473819286,2026-06-15T17:26:36Z,1781544396000,0xefe203f1e2dc07a3336ee3181fc245af05aa65fbdc5f5a099a5ec2245bdd24f1,10,0x2df1c51e09aecf9cacb7bc98cb1742757f163df7,0x08c0676012dfb5abc198bdccdad5a1bff7afab7e,25.8,withdraw,6
473819366,2026-06-15T17:26:56Z,1781544416000,0xbf5ff8da91edccf8519aa16f6fc35ae76f2f20267a8e48bd09ecd5f08ee09928,3,0x2df1c51e09aecf9cacb7bc98cb1742757f163df7,0x4d0aee078071fb1376f62cc90482998e7e611545,32.37,withdraw,6
473819366,2026-06-15T17:26:56Z,1781544416000,0xbf5ff8da91edccf8519aa16f6fc35ae76f2f20267a8e48bd09ecd5f08ee09928,5,0x2df1c51e09aecf9cacb7bc98cb1742757f163df7,0x6ada38a601b0a0ba9a20175d81b9896670962ff4,1.0,withdraw,6
473819495,2026-06-15T17:27:27Z,1781544447000,0xde00494d4becc44bb9074a3e2e7195926d9b6b01fe4823eb23a80569ada62a47,5,0x9d9a113560868d7db94d22edf92102c08603881d,0x2df1c51e09aecf9cacb7bc98cb1742757f163df7,800.0,deposit,6
473819537,2026-06-15T17:27:37Z,1781544457000,0x299345120d69429af4e906f5c8d4ab28e05e2d71ef629cc78b243944d1038737,1,0xbb2a89760dcc03c09b442f536c8a400bc2d99844,0x2df1c51e09aecf9cacb7bc98cb1742757f163df7,12.9,deposit,6
473819581,2026-06-15T17:27:48Z,1781544468000,0x59f651830d03d7c0a8b8fa145b109ed495c74437e891a93100409daa7bc995d4,0,0x2df1c51e09aecf9cacb7bc98cb1742757f163df7,0x3b73c6db120ecceb1f701475e9b8835f1625488c,1.0,withdraw,6
473819581,2026-06-15T17:27:48Z,1781544468000,0x59f651830d03d7c0a8b8fa145b109ed495c74437e891a93100409daa7bc995d4,2,0x2df1c51e09aecf9cacb7bc98cb1742757f163df7,0xd3d98ee59b66708d018b41037a19e73f1590b4fa,2299.0,withdraw,6
473819581,2026-06-15T17:27:48Z,1781544468000,0x59f651830d03d7c0a8b8fa145b109ed495c74437e891a93100409daa7bc995d4,4,0x2df1c51e09aecf9cacb7bc98cb1742757f163df7,0xfe7caad1cb5442e2a3c72022d5bb7ef7f1182c3e,28.0,withdraw,6
473819581,2026-06-15T17:27:48Z,1781544468000,0x59f651830d03d7c0a8b8fa145b109ed495c74437e891a93100409daa7bc995d4,6,0x2df1c51e09aecf9cacb7bc98cb1742757f163df7,0x827ee58374f74af4ad0ede668e6db51d1ac54cc4,3.66,withdraw,6
473819595,2026-06-15T17:27:52Z,1781544472000,0xe715cea475b7279c8d4f749ba6c34b5b7e2b2a3d0ac916a1608b676aa0586ba4,34,0x98a80afbc4690372292f9664a7027ed9c5a7a77b,0x2df1c51e09aecf9cacb7bc98cb1742757f163df7,10.66,deposit,6
473819600,2026-06-15T17:27:53Z,1781544473000,0x88613f6928efe7f15d56d9d7bf6ab0580ab431ff7f5731cd00448f9c7be408f1,10,0x3c46521b0351b77a4928f6b2909f3339830fc1d8,0x2df1c51e09aecf9cacb7bc98cb1742757f163df7,5.8,deposit,6
473819641,2026-06-15T17:28:03Z,1781544483000,0x4f0d2720d0727339384bcd7d692eeb5440a73c5d5c02b66cf0f38ee4527db4eb,2,0x2df1c51e09aecf9cacb7bc98cb1742757f163df7,0x8964b9b043c0a8b475ad1d43c93c504c99c94a48,99.0,withdraw,6
473819801,2026-06-15T17:28:44Z,1781544524000,0xc009f1af7f1d4088d10bd6d4fc2024eaf7d9c2271ef4211f9ac76f381083ef12,1,0xded20665aa095d22bb4b60863b2ad8283719fc0d,0x2df1c51e09aecf9cacb7bc98cb1742757f163df7,15.0,deposit,6
473819833,2026-06-15T17:28:52Z,1781544532000,0x2153c7990673f3c888899be8b8e6624419fd89f841b23d5bd1700ca60522aeaf,3,0x2df1c51e09aecf9cacb7bc98cb1742757f163df7,0x0e654f4f4ae0994a427b9168dcf7d07ed765424e,1.0,withdraw,6
473819948,2026-06-15T17:29:21Z,1781544561000,0xa5a6cf728faaaa0aed5f52ec396258b54000f63f05be85da50abcd766da37b55,4,0x2df1c51e09aecf9cacb7bc98cb1742757f163df7,0x48f113bfd0a6370d2737b2095e3671ed0b0438d3,246.94,withdraw,6
473819997,2026-06-15T17:29:33Z,1781544573000,0x77af7ff081f3b4df2d222fe310f6a7a4955bba72ab97c60b0bbd58946fcfd63d,0,0xdbd8e9f66e2cf8f71dc32160488b62989762108e,0x2df1c51e09aecf9cacb7bc98cb1742757f163df7,25.08,deposit,6
473820133,2026-06-15T17:30:07Z,1781544607000,0x4258fd66c6a7cfc8b4bd6aecc93b5182e37dd816d2c39cd149b03895704e5e5b,0,0x2df1c51e09aecf9cacb7bc98cb1742757f163df7,0x86187363a206fd9a9869036a8c0c6873ba833095,2.0,withdraw,6
473820217,2026-06-15T17:30:28Z,1781544628000,0xfbfe77dfa475cbaffe025e9ffbb81df9aea0a2f52106bd90f7163278cf83d047,4,0x2df1c51e09aecf9cacb7bc98cb1742757f163df7,0x5dcd9df26f2c88238252bf61e493a1dc095a9776,15.8,withdraw,6
473820217,2026-06-15T17:30:28Z,1781544628000,0xfbfe77dfa475cbaffe025e9ffbb81df9aea0a2f52106bd90f7163278cf83d047,6,0x2df1c51e09aecf9cacb7bc98cb1742757f163df7,0xe28d446e085aa45bf09c8cf75a6d8f5cce921457,6895.16,withdraw,6
473820265,2026-06-15T17:30:40Z,1781544640000,0x0949334478b79833d6d9bbc8b13f786c7e8fcba0e92281f50d7e69c623d38ddf,0,0x3026d6967215cc5496f1cdaf432fae3662cb43aa,0x2df1c51e09aecf9cacb7bc98cb1742757f163df7,31.893037,deposit,6
473820399,2026-06-15T17:31:14Z,1781544674000,0xe966050af52d459cbcf93440ebbb44e43a29737f9c25b7a9d50dc33fd88fbc09,0,0x2df1c51e09aecf9cacb7bc98cb1742757f163df7,0xaa52aa514056f4e8c810f9b76d5a9e6b22da01b7,8.66,withdraw,6
473820614,2026-06-15T17:32:08Z,1781544728000,0x1edbb09daadab71d6a485fe284e2ba44a37936ca38ab6c036ccb4db4d017894c,202,0x45bf834282b8e5630471482e470187a71c8bed33,0x2df1c51e09aecf9cacb7bc98cb1742757f163df7,1998.0,deposit,6
473820632,2026-06-15T17:32:13Z,1781544733000,0xeb6855fd4e61c0ffff0c44c6363e6ea1ca24b3580d8a73d2f97b44d8a991fbd6,1,0xa0986eed70ce5d2c7c88de4c16696f2cd753a9c1,0x2df1c51e09aecf9cacb7bc98cb1742757f163df7,19.897406,deposit,6
473820704,2026-06-15T17:32:31Z,1781544751000,0x1ede912371a861fe95f53e2a0f8722af7f22fd73cdab6098857bddd0dfaa28fa,0,0x2df1c51e09aecf9cacb7bc98cb1742757f163df7,0x8ca90ce202fa2456fbfd9225c0850c633944ba59,670.43,withdraw,6
473820735,2026-06-15T17:32:38Z,1781544758000,0xc46e04c09a52b91c0ef6c0b8aa5dd057c7c6fab78c727f1cd49daf6ab8d27e02,1,0xb2102ce6b44eafb25dba62390eac86c12f89f544,0x2df1c51e09aecf9cacb7bc98cb1742757f163df7,1199.801546,deposit,6
473820783,2026-06-15T17:32:51Z,1781544771000,0x8b5c1cd3de440770b4b67f1c9bc9f1bde3edd31aed2c32370dcc071676633117,3,0x2df1c51e09aecf9cacb7bc98cb1742757f163df7,0xc2fa554c96051717aa32930833bac68747112e68,948.33,withdraw,6
473820783,2026-06-15T17:32:51Z,1781544771000,0x8b5c1cd3de440770b4b67f1c9bc9f1bde3edd31aed2c32370dcc071676633117,5,0x2df1c51e09aecf9cacb7bc98cb1742757f163df7,0x882e2ac274d796aacf605317fa7ca8a47a160cf9,20.96,withdraw,6
473820817,2026-06-15T17:32:59Z,1781544779000,0x1a092fc6b380299b837aaa8c6a35630cf5f2f5a13116a628d3a4c0ba15657570,1,0x5801456f8b934d5cb097b35f8aa09b9c4f211353,0x2df1c51e09aecf9cacb7bc98cb1742757f163df7,49930.58602,deposit,6
473820897,2026-06-15T17:33:19Z,1781544799000,0x66d9ed892b7a0be49bcda323250ab32119b7b64c65b49e0cdaa9ffb3fbc86125,0,0x2df1c51e09aecf9cacb7bc98cb1742757f163df7,0xb76e1bf22e41d7e1b2692adef66fa70e16e322ca,816.78687,withdraw,6
473821229,2026-06-15T17:34:42Z,1781544882000,0x996626b295e10c72b5e5eb0289ea199f06e6ec414791992d9510ed7c4d851492,0,0xccdacec11475d9e0e4d63ddd4e83294cffde5c72,0x2df1c51e09aecf9cacb7bc98cb1742757f163df7,40.73,deposit,6
473821267,2026-06-15T17:34:51Z,1781544891000,0xe42e380d7189ba036937cb0222a6099c8a5336e565485d9da9e5a446e1910303,0,0x2df1c51e09aecf9cacb7bc98cb1742757f163df7,0x21716a168b41c2c500208bc04f6493bb4d11d971,8.01,withdraw,6
473821277,2026-06-15T17:34:54Z,1781544894000,0xbd84699a0314946f30fd0ace97d470b41923aee77834229270249176ebbf1252,2,0x0938b118c0de1435fb952b169508148d6e12b4f5,0x2df1c51e09aecf9cacb7bc98cb1742757f163df7,9.8,deposit,6
473821373,2026-06-15T17:35:18Z,1781544918000,0x7755a917c1eacbab126250414e61ea5c913c3746ec92e3467609ee51ad3c41b7,0,0x2df1c51e09aecf9cacb7bc98cb1742757f163df7,0x7725a7f2bb0e1c448d6fe361d53c840486ec6557,1759.0,withdraw,6
473821391,2026-06-15T17:35:22Z,1781544922000,0x1681628f98d06e86ac7ab85f0eabce8b6c514d209035da50871b9020777015df,8,0xc7d8639ac21bb6d58c42f7964688e22bb8cf350d,0x2df1c51e09aecf9cacb7bc98cb1742757f163df7,25.82,deposit,6
473821502,2026-06-15T17:35:50Z,1781544950000,0x829a3988253511662785347ecc63c5de49aab15c24bdc5a9d1bbd23dd9443808,1,0x505838efed7cc1b7d77f69a6204de5511918b910,0x2df1c51e09aecf9cacb7bc98cb1742757f163df7,5000.0,deposit,6
473821580,2026-06-15T17:36:10Z,1781544970000,0xc2ba255468040fbe907afb113a766b02fff318b38f410c424f689f96bda73a1c,0,0x2df1c51e09aecf9cacb7bc98cb1742757f163df7,0xe84dbf50af55807618e01d291669cffcfb8e5280,99.0,withdraw,6
473821679,2026-06-15T17:36:34Z,1781544994000,0x71a999334634df2ba655cdc85e5b6ab21bfc13d958aaf57048634c5dd7a8687e,0,0xb6dd92706b9e27a93105d053bd3771dbe69fa344,0x2df1c51e09aecf9cacb7bc98cb1742757f163df7,15.0,deposit,6
473821784,2026-06-15T17:37:01Z,1781545021000,0x38629ddabdc6892b779c778ee65a64d4bcd3e160f4f755018aaa303363d2d46e,0,0x2df1c51e09aecf9cacb7bc98cb1742757f163df7,0xa0986eed70ce5d2c7c88de4c16696f2cd753a9c1,9.32,withdraw,6
473821784,2026-06-15T17:37:01Z,1781545021000,0x38629ddabdc6892b779c778ee65a64d4bcd3e160f4f755018aaa303363d2d46e,2,0x2df1c51e09aecf9cacb7bc98cb1742757f163df7,0x7c9731cc5a0c3811d11c72f103a792b2ac4fd448,329.69,withdraw,6
473821983,2026-06-15T17:37:51Z,1781545071000,0xa8797bd6a23add7c727ee7b04a67d59fdd1645b9a1ed3506846a6d07b5c97c0f,0,0x2df1c51e09aecf9cacb7bc98cb1742757f163df7,0x5670925f3a460b54f9e038e4bd54840b84c3bfc5,775.011913,withdraw,6
473821989,2026-06-15T17:37:52Z,1781545072000,0xae571bfaa592309fa384a40cf7f485289e88c4b4d1fb3b8e51e0a5878f633c7d,0,0xa0986eed70ce5d2c7c88de4c16696f2cd753a9c1,0x2df1c51e09aecf9cacb7bc98cb1742757f163df7,12.0,deposit,6
473822078,2026-06-15T17:38:14Z,1781545094000,0xc8d2037453ec93e6ca0768a5fe2c9622e9d4cc1a13ce6e8c12c03cf1ef7e34cb,5,0x2df1c51e09aecf9cacb7bc98cb1742757f163df7,0x0a1f0b4fe1c15413022b9936d658ee114f0575ef,4.0,withdraw,6
473822519,2026-06-15T17:40:05Z,1781545205000,0xfee9668c83a072d09db9933adc87fe52bb404c752702f028ad7cd4f490dab798,5,0xf032648dfd22c4d81588bd83e09ab89cfe816705,0x2df1c51e09aecf9cacb7bc98cb1742757f163df7,213.155776,deposit,6
473822541,2026-06-15T17:40:11Z,1781545211000,0x41d8ded92047eec62ba9623f68c7a817242ab2897ce303adaee6c0ddf1773a95,11,0x0b403265ca3663b4999886707f021e9951bb1b3b,0x2df1c51e09aecf9cacb7bc98cb1742757f163df7,10.0,deposit,6
473822734,2026-06-15T17:41:00Z,1781545260000,0x9f87304c7504941fafce0e1f2ea7341ea633d09309b697b5c8b4949a7354b85a,0,0x2df1c51e09aecf9cacb7bc98cb1742757f163df7,0x4b13a2ff69e39e8b0b40048fc8d4cdfdcb23d140,55.75,withdraw,6
473822838,2026-06-15T17:41:26Z,1781545286000,0x153ce51be1fcf5504a22a12671283a2f0334dae292c16b9f0057ac85bf196b9c,1,0x2df1c51e09aecf9cacb7bc98cb1742757f163df7,0x7725a7f2bb0e1c448d6fe361d53c840486ec6557,3136.0,withdraw,6
473823024,2026-06-15T17:42:12Z,1781545332000,0x13671858cc99e44d3d6d4e96456627b0e0a671c002949143c6da95a4b717f510,11,0xad81d274d21341500a936eaefa739b72c03b45ce,0x2df1c51e09aecf9cacb7bc98cb1742757f163df7,59.02,deposit,6
473823354,2026-06-15T17:43:36Z,1781545416000,0x0b9203159837d579d0b23faf563cb0600213f10f1ec43449f5de3efaa91a0461,49,0x044f83b995daa69703b6dfccbeee4328d2fa7087,0x2df1c51e09aecf9cacb7bc98cb1742757f163df7,10.0,deposit,6
473823613,2026-06-15T17:44:41Z,1781545481000,0x6c9dc50d052669804b157917948559acc50e96080ad57d6744068544dac97523,2,0x2df1c51e09aecf9cacb7bc98cb1742757f163df7,0xdb0e50d2e733d566592a2aaefbdc4074cc6b56c5,13.28,withdraw,6
473823674,2026-06-15T17:44:56Z,1781545496000,0xa98f2ecb7b59e6770619793fc36571c67e1a246af14b855fbc5b1a30c99a1927,1,0x044f83b995daa69703b6dfccbeee4328d2fa7087,0x2df1c51e09aecf9cacb7bc98cb1742757f163df7,1482.426929,deposit,6
473823674,2026-06-15T17:44:56Z,1781545496000,0xa98f2ecb7b59e6770619793fc36571c67e1a246af14b855fbc5b1a30c99a1927,3,0x615570dd8ea8a5a0aa4bc551d924311921cb1c09,0x2df1c51e09aecf9cacb7bc98cb1742757f163df7,3047.01438,deposit,6
473823714,2026-06-15T17:45:06Z,1781545506000,0x87c677830a3ada93b1795e7c27cacb847ffebcbbfba88971fb7bd791bcb16823,1,0x993d466efa957744d271787c73ec5eecadff4a4d,0x2df1c51e09aecf9cacb7bc98cb1742757f163df7,40.0,deposit,6
473823758,2026-06-15T17:45:17Z,1781545517000,0x43fc1ddf92ad022e815078c51398e3a0cace445a2a5b49f9c7d5004bcf37671a,7,0xae4ff985ce1e5c7f65a34a5d87ddeba44f9a10c2,0x2df1c51e09aecf9cacb7bc98cb1742757f163df7,100.2,deposit,6
473823799,2026-06-15T17:45:27Z,1781545527000,0x2d7abfb15965c13f070c6d66f70b86d45d176fe2b0b12ffcace279a1e04934df,1,0x2df1c51e09aecf9cacb7bc98cb1742757f163df7,0x3b73c6db120ecceb1f701475e9b8835f1625488c,92.0,withdraw,6
473823841,2026-06-15T17:45:38Z,1781545538000,0x3950bbf1babda48e8fe9a2e61c104bf4dc7ab31f685f08030571da0133088b35,0,0xa0986eed70ce5d2c7c88de4c16696f2cd753a9c1,0x2df1c51e09aecf9cacb7bc98cb1742757f163df7,18.073826,deposit,6
473824170,2026-06-15T17:47:00Z,1781545620000,0xf878b494bd8db430f70f79fdca01d9f49caa061eb0cb8e803eb85a2cabd4fee1,6,0x2df1c51e09aecf9cacb7bc98cb1742757f163df7,0xe65cd4002ea7cbe5a5eec7a7bdfe9a302dc60070,461.208216,withdraw,6
473824271,2026-06-15T17:47:25Z,1781545645000,0x9a7eba60f342cb3d6265e2eae6d0ad730756a5b55f4e25eaafe2bd3751e1bb57,0,0x2df1c51e09aecf9cacb7bc98cb1742757f163df7,0x8feee00f1d8c355086b4667f153c744688b7f6b0,100.76,withdraw,6
473824399,2026-06-15T17:47:57Z,1781545677000,0xfccc6f7a8baf22eee41ef9b47e9cd75c037c4e320b570cc9d4dbcadd3650d3b8,10,0xcde80fff143d40c38aa4a1ddeac418e67e5151c8,0x2df1c51e09aecf9cacb7bc98cb1742757f163df7,138018.222996,deposit,6
473824432,2026-06-15T17:48:06Z,1781545686000,0x4b1c4f651a250a640683aa69d471dc38867fcfc3b718da4f6313d99ddbe56862,1,0xae366ac824a27d97103193111fbe0be61c9280a3,0x2df1c51e09aecf9cacb7bc98cb1742757f163df7,11000.0,deposit,6
473824463,2026-06-15T17:48:13Z,1781545693000,0x3025f0fc46015a62d6a458406e9bf9e117a66b628b6eef3714b43628ac159696,1,0x6fb240313c3036171ed30dc8121974f1793c671f,0x2df1c51e09aecf9cacb7bc98cb1742757f163df7,24000.0,deposit,6
473824499,2026-06-15T17:48:22Z,1781545702000,0x34084348750bbed999e8baddf088669aa39f095a9432d9fcc2946d3350415135,14,0xa2ebaabbe79e657aeff83ea90218cae914dbf1b0,0x2df1c51e09aecf9cacb7bc98cb1742757f163df7,10457.0,deposit,6
473824527,2026-06-15T17:48:29Z,1781545709000,0x2a1eec4e3f00fa72e0a138cb1bb0f2b6b2b41db279e17be4b75aaa73fd452417,1,0xd9f844bd794e0e1f6aa7f4ba3befeba334fb65e6,0x2df1c51e09aecf9cacb7bc98cb1742757f163df7,12022.41,deposit,6
473824557,2026-06-15T17:48:37Z,1781545717000,0xc2cd8ffcb34554294682e9db85e8f85e4149c253910657b7ac01f92768592479,5,0x92cceab546fb992e12861e6b534a3fb9441e546a,0x2df1c51e09aecf9cacb7bc98cb1742757f163df7,11253.82,deposit,6
473824566,2026-06-15T17:48:39Z,1781545719000,0xc0bce50ab18bc6c65b5f7c9a14cebf7ea626b31e8bdf211d30db22c1a407168c,10,0xe8ef42525415d37831cca094bfbf2b84f628be92,0x2df1c51e09aecf9cacb7bc98cb1742757f163df7,300.0,deposit,6
473824588,2026-06-15T17:48:45Z,1781545725000,0x692aa365383fcfeb638d9c75f06412cc81eba417ed278f83e85e9009c6160cfe,1,0x2df43ee7ea4000c72f7ed39ebea88756f4192d4e,0x2df1c51e09aecf9cacb7bc98cb1742757f163df7,11033.45,deposit,6
473824744,2026-06-15T17:49:24Z,1781545764000,0x2c74e4555ae2cbf41d8f2868f566f495a71b79310d7539b65c89f564c821692c,0,0x2df1c51e09aecf9cacb7bc98cb1742757f163df7,0x0dfac4fd82123414e788d20f5a7486986c43bbef,360.583134,withdraw,6
473824800,2026-06-15T17:49:38Z,1781545778000,0x8c4b2cc7300e46f8fe9d608c065bddfa69c3763793efdf9c3976078239d98e1a,1,0x6e3af895e7d50c21e9c2ba557d1bf4a85e3b3843,0x2df1c51e09aecf9cacb7bc98cb1742757f163df7,198.99,deposit,6
473824812,2026-06-15T17:49:41Z,1781545781000,0x5c2e22840d52c9e9523ae16746111597acbbeb84bc954d206f442bb415355311,67,0xa9c73e4d20bbb3e671d9e4ce0b019d653456dcf2,0x2df1c51e09aecf9cacb7bc98cb1742757f163df7,861.001,deposit,6
473824836,2026-06-15T17:49:47Z,1781545787000,0xf9a4980c1b1192ae21f3fa2bcd64dc61f43ba1c120513e7a77377e0836a05f5a,4,0xaefe2a99286aca794925733996cf49296136c848,0x2df1c51e09aecf9cacb7bc98cb1742757f163df7,225.36883,deposit,6
473824908,2026-06-15T17:50:05Z,1781545805000,0x40c629c2765c92253a3b1859a1f9cc4881d6d6ad22ea34025b534381c725f3da,19,0x01839f2bd545dc24f0abcf075c1e96ec214359e5,0x2df1c51e09aecf9cacb7bc98cb1742757f163df7,105.0,deposit,6
473824943,2026-06-15T17:50:14Z,1781545814000,0x0928a02974a47f0e73a07a2b94f4fa213c4a1fc8ca2e76b9346b5ef84d25a01b,1,0xf032648dfd22c4d81588bd83e09ab89cfe816705,0x2df1c51e09aecf9cacb7bc98cb1742757f163df7,358.764047,deposit,6
473825178,2026-06-15T17:51:13Z,1781545873000,0xeae4df8a147e30ce5f4a60aaa78200fc92871d555ac399e8296b0df506f1ecd0,3,0xe781733543813112633da132eaf88c8302fc03d1,0x2df1c51e09aecf9cacb7bc98cb1742757f163df7,9.963974,deposit,6
473825441,2026-06-15T17:52:19Z,1781545939000,0x9c81bd216a8a90d68c1f92fe368a5165f8472a1a4933c5926c98d1842bafdd8e,1,0x2df1c51e09aecf9cacb7bc98cb1742757f163df7,0x56cf22ce5c643a401cfc9d4d15cd23177ce32cf5,54.662181,withdraw,6
473825445,2026-06-15T17:52:20Z,1781545940000,0x75a5323a40bd77ac8b219217147bf3e947da8f9bbb9e9dd484d8d7c0a2d3c3de,0,0x4847cc0402f297cf80e5f245787a31651c23f0e2,0x2df1c51e09aecf9cacb7bc98cb1742757f163df7,9.875957,deposit,6
473825508,2026-06-15T17:52:36Z,1781545956000,0xa4e77419869cbbd958e96f03ca62cedbcb646104c7438c39d4cec2e5b97340ff,4,0x2df1c51e09aecf9cacb7bc98cb1742757f163df7,0xc869db330be7bee0c9f63b8d1a1fc64ce0b58558,2.46,withdraw,6
473825580,2026-06-15T17:52:53Z,1781545973000,0x47cb43b9924cdc97442579cef04f39bb5bda2b93536a4ae41596bfe2a5f60958,1,0x01839f2bd545dc24f0abcf075c1e96ec214359e5,0x2df1c51e09aecf9cacb7bc98cb1742757f163df7,17.0,deposit,6
473825714,2026-06-15T17:53:27Z,1781546007000,0xb42ccb533ee72b4df67e45661e22d458b48ca1863b70809db12a5d259a567e68,0,0x2df1c51e09aecf9cacb7bc98cb1742757f163df7,0xb93f0bcdff66192746cac4a6d92b58fc1a62c3cf,64.0,withdraw,6
473825766,2026-06-15T17:53:40Z,1781546020000,0x2ae6fc303930b4e3775a2214a6544e51a2b996eecdb923b52e1250204874b147,3,0xe781733543813112633da132eaf88c8302fc03d1,0x2df1c51e09aecf9cacb7bc98cb1742757f163df7,9.95964,deposit,6
473825811,2026-06-15T17:53:51Z,1781546031000,0x6d18889ef528a5d1fb489ec2850da6e00370fce2d07dd7380c84a6c9b061037d,1,0x213ec80875c9580f6383a1755216e94a4d229461,0x2df1c51e09aecf9cacb7bc98cb1742757f163df7,28.8,deposit,6
473825843,2026-06-15T17:53:59Z,1781546039000,0xbb521084474dafe72082a3a1bc169b4c234d493706d7ac7513e726233f0a36d9,0,0x45533c92f693b7c90b5ef32bfa5a2f98a8fca4af,0x2df1c51e09aecf9cacb7bc98cb1742757f163df7,4999.997482,deposit,6
473825907,2026-06-15T17:54:15Z,1781546055000,0xfcfde780f5983c3301b1bd78b31fe42464fe3254182aa35d58cc59aa3b184a08,0,0x3ce8ac607e07efb02108925dfe85033b93a8bd96,0x2df1c51e09aecf9cacb7bc98cb1742757f163df7,1852.555131,deposit,6
473825936,2026-06-15T17:54:23Z,1781546063000,0xfd10545ab656f3a14f32110d29e976e49349dce9c2b2021b2701d373b8c7b3ee,18,0x2df1c51e09aecf9cacb7bc98cb1742757f163df7,0x29c1bc7c79decd5cd89621f959e75fe448fad935,102.42,withdraw,6
473825995,2026-06-15T17:54:37Z,1781546077000,0xa442eb23fef75c82f1c77d4d2d376fc555eb2b05b58cc4e30738e1f3eee974c0,1,0xea60d48be3e4f1f4db1f600ea4f945a07cfb1c87,0x2df1c51e09aecf9cacb7bc98cb1742757f163df7,99883.931913,deposit,6
473826207,2026-06-15T17:55:31Z,1781546131000,0xff1db9397c71dd284903afb3f230edabd748753b9615b138b7de8fe19892c7e1,24,0x01839f2bd545dc24f0abcf075c1e96ec214359e5,0x2df1c51e09aecf9cacb7bc98cb1742757f163df7,121.998638,deposit,6
473826250,2026-06-15T17:55:41Z,1781546141000,0xfda7261ae2e39eecf5e038d2bccaeb48ab969968f5005d01d47e121d922e8974,1,0xa0986eed70ce5d2c7c88de4c16696f2cd753a9c1,0x2df1c51e09aecf9cacb7bc98cb1742757f163df7,23.954743,deposit,6
473826320,2026-06-15T17:55:59Z,1781546159000,0xeec89bfd13c2d755b8d7400c7cf358504028c11f4fec2fefb15155cb200f7e7e,8,0x2df1c51e09aecf9cacb7bc98cb1742757f163df7,0x46d1a0b5104943c3865b5c2451d1f94f46bc8afc,31.01,withdraw,6
473826563,2026-06-15T17:57:00Z,1781546220000,0x6fce05e2de20b73f3402d754adb7feb13e11f1de935908296b6d78f211cccb98,0,0x9f0793d5dc452867ae370c81c3252b73b4a5b1d6,0x2df1c51e09aecf9cacb7bc98cb1742757f163df7,9.95202,deposit,6
473826701,2026-06-15T17:57:35Z,1781546255000,0xe420d52e951c5fe5e60fa51d0850307a659407d87fa90ba216c585e7b24f9b42,7,0x2df1c51e09aecf9cacb7bc98cb1742757f163df7,0x51f63885534cb494f4592a0311551f369bff2b39,43786.0,withdraw,6
473826796,2026-06-15T17:57:59Z,1781546279000,0x9a8dbf4dfa5b33532f7a271c4676e20b9df5dc1633c0c2f4763c9b4d5ce0a85e,0,0x6b6c51c444fea186e7dab8963730f37faff1db16,0x2df1c51e09aecf9cacb7bc98cb1742757f163df7,1739.066116,deposit,6
473826808,2026-06-15T17:58:02Z,1781546282000,0x8c9134b4a60cc4a75f5303f085fb9bee1a8aff2f7f3c1cfa966b67715318d709,4,0x2df1c51e09aecf9cacb7bc98cb1742757f163df7,0xe2ca93136a2f8b434533093c6aa9b7c5736a86f8,997.998424,withdraw,6
473826909,2026-06-15T17:58:27Z,1781546307000,0x008bea358aa1c6a81237432f1bbd7e7fb78e48650d773b17541abcb436bc8e3d,1,0x2df1c51e09aecf9cacb7bc98cb1742757f163df7,0x9968d0a7c247e9ef72dba20139d3891ee7d07e8c,4.0,withdraw,6
473827122,2026-06-15T17:59:20Z,1781546360000,0xf4d6b5158011df53fb4505dc464a1e5e502a1a0aea1463ca5d7761426c3d7911,0,0xc36f2fe0f39a46a45c89bbf92d2531f7d1389062,0x2df1c51e09aecf9cacb7bc98cb1742757f163df7,3127.27,deposit,6
473827136,2026-06-15T17:59:23Z,1781546363000,0xab4c9e2382aa11847e3efd4adbb5aa102ed55c4d64bf4675143eb7295dd85fc2,1,0x2df1c51e09aecf9cacb7bc98cb1742757f163df7,0x7725a7f2bb0e1c448d6fe361d53c840486ec6557,437.0,withdraw,6
473827189,2026-06-15T17:59:36Z,1781546376000,0x90eac5b2f83936acac4a9ea37fd405224d9deaa6252b8d8d90778181ae111c85,1,0xad8d55010473a03f24685cbc1d1df74010d35a76,0x2df1c51e09aecf9cacb7bc98cb1742757f163df7,19.99,deposit,6
473827210,2026-06-15T17:59:42Z,1781546382000,0x9629c0e251d037dec8b6ee8ef1805dba564ae282bf0d0c78e3382f9fbe79d27e,1,0x539841f8619aa3bef5f8a015e61a38f9f6be41d3,0x2df1c51e09aecf9cacb7bc98cb1742757f163df7,110.786559,deposit,6
473827221,2026-06-15T17:59:44Z,1781546384000,0xe1ab0fe2e2ae0a0754b84e8cb11d76f9b8553f5f9f94399022e0666f7eee5029,1,0xbe4efd80698d99fee9f917a444ec502684b332d2,0x2df1c51e09aecf9cacb7bc98cb1742757f163df7,9.57,deposit,6
473827232,2026-06-15T17:59:47Z,1781546387000,0x2ffdff2165a8a798e06402914b6363d1a0cbe7b42f3853d4793dd80e59dbfc83,1,0xea60d48be3e4f1f4db1f600ea4f945a07cfb1c87,0x2df1c51e09aecf9cacb7bc98cb1742757f163df7,99873.591933,deposit,6
473827410,2026-06-15T18:00:32Z,1781546432000,0x4e2d2b30f85cb3a1149e9e31241c9f71cfb22f48e78175f8c6c8fca4baefc905,10,0x2df1c51e09aecf9cacb7bc98cb1742757f163df7,0xa02391df56092c19f522592250ec878dc42bc8be,67.23,withdraw,6
473827477,2026-06-15T18:00:49Z,1781546449000,0x08fa6b82a905472cff13ca3f530af1ab379f69738c919cf54077c4025d9c062d,0,0x94ddefaf2e3ebb2d56a91cfbcfd25399d960d6b8,0x2df1c51e09aecf9cacb7bc98cb1742757f163df7,9.95,deposit,6
473827559,2026-06-15T18:01:09Z,1781546469000,0x6ea979dc5b9434c6afbe5ff45ff41630c89d556deb7ca53e15482bd005d994a9,126,0x4b5d1c3da7ff66e339fe3877e1784ab16a36db05,0x2df1c51e09aecf9cacb7bc98cb1742757f163df7,10.0,deposit,6
473827680,2026-06-15T18:01:40Z,1781546500000,0x5813f16f70d4bc710cb1d11eae22c99729bded64d771c818c00ca487ab247e87,1,0x2df1c51e09aecf9cacb7bc98cb1742757f163df7,0x4c51cc447271dd71260bd613d11b3ad8135c5210,2.0,withdraw,6
473827891,2026-06-15T18:02:33Z,1781546553000,0x52ec32624c9bc554dd030f5eb0804feae5c621951bf57601a4e5342609c1b93f,0,0x7e3a2837dc8e56e986fe7daf8e8677bfb3ae715f,0x2df1c51e09aecf9cacb7bc98cb1742757f163df7,245.0,deposit,6
473827966,2026-06-15T18:02:52Z,1781546572000,0xdc38ca2db2455d76a105b5926390c30ae479a072b2ba2c4591893ad5d2519bc0,9,0x2df1c51e09aecf9cacb7bc98cb1742757f163df7,0x2b8fea806fffb31110f74110a405e7b0f8b298a8,4039.0,withdraw,6
473827974,2026-06-15T18:02:54Z,1781546574000,0x266ffeddc4896231d6efe83fabab6d7d14b6b6542fca840838e20c786eba7850,0,0x0ffcd3e8a768225587543fd1d6080c00a1f44479,0x2df1c51e09aecf9cacb7bc98cb1742757f163df7,999.306018,deposit,6
473828035,2026-06-15T18:03:09Z,1781546589000,0x15d55a96e9b085a354fc6922733de210e5f9556d2f0bd7a06482fce15dfdd0da,19,0x2df1c51e09aecf9cacb7bc98cb1742757f163df7,0x0f8ece876c840da69aa36f6a3e6f37e7d6f0f633,13.73,withdraw,6
473828120,2026-06-15T18:03:31Z,1781546611000,0x383aec89b180462a0682be6f05b8398d35989d74f24bef465b666a30a4453211,1,0x45aadee162401bd7c016a1eaf82b058136cf5aff,0x2df1c51e09aecf9cacb7bc98cb1742757f163df7,25.085195,deposit,6
473828144,2026-06-15T18:03:37Z,1781546617000,0x32341354f85e9c98c3569620453120a88bf144b7c840367bb1b15871ef110b1d,0,0x2df1c51e09aecf9cacb7bc98cb1742757f163df7,0xc04fe665f18726db8e527d45f8dcef43a9630eec,2.327799,withdraw,6
473828144,2026-06-15T18:03:37Z,1781546617000,0x32341354f85e9c98c3569620453120a88bf144b7c840367bb1b15871ef110b1d,2,0x2df1c51e09aecf9cacb7bc98cb1742757f163df7,0x40fbcd7a9b0c024271d63f7f308b10a967ab815e,2971.142606,withdraw,6
473828321,2026-06-15T18:04:21Z,1781546661000,0xe9847f29a09b6e7c940d9045cca0e0b321338a8ebe0232783d44a4ae5017b5ec,10,0x1ca946d0bc919769fb5f7771162071e0b3c32be4,0x2df1c51e09aecf9cacb7bc98cb1742757f163df7,93.540156,deposit,6
473828339,2026-06-15T18:04:25Z,1781546665000,0x63eefd6218fa2a70b2b5a449a6a05ce327fcbe4e4a794447199d2fd566d1221c,3,0x2df1c51e09aecf9cacb7bc98cb1742757f163df7,0xe9216679541c2bd729d835f96265a62fc65021e1,9.17,withdraw,6
473828437,2026-06-15T18:04:50Z,1781546690000,0x9cfa376e940cac52e438edadde675dcf154758e290bd2b7c53d279298f6cb175,0,0xa543c24cd0928f8bfe2cf85c0448349da4d6c5af,0x2df1c51e09aecf9cacb7bc98cb1742757f163df7,11.824921,deposit,6
473828439,2026-06-15T18:04:51Z,1781546691000,0xc02627491c6cd895d1ddd090e9d6efca8d6d8899286629bd4cd939268b9b8322,0,0x2df1c51e09aecf9cacb7bc98cb1742757f163df7,0x87004ad0d2b94450170d56a09ffb20cde6bd2fcf,237238.378795,withdraw,6
473828645,2026-06-15T18:05:42Z,1781546742000,0x803f2c6fc5d96ff9ccca36b6118f420d4f2a8abb473b50679415363825d41303,1,0x2df1c51e09aecf9cacb7bc98cb1742757f163df7,0x7725a7f2bb0e1c448d6fe361d53c840486ec6557,205.0,withdraw,6
473828888,2026-06-15T18:06:43Z,1781546803000,0xcace51cf338bdc7086db27c367ae78264da88e3596f0e998555372bb45aba074,1,0xea60d48be3e4f1f4db1f600ea4f945a07cfb1c87,0x2df1c51e09aecf9cacb7bc98cb1742757f163df7,99845.158516,deposit,6
473829054,2026-06-15T18:07:25Z,1781546845000,0x85c696ceda9ff855d4c4e0b443bc3ba3d7676c132fb894a55af9ea43f4dd9ea9,0,0x2df1c51e09aecf9cacb7bc98cb1742757f163df7,0xc04fe665f18726db8e527d45f8dcef43a9630eec,22.392014,withdraw,6
473829250,2026-06-15T18:08:14Z,1781546894000,0x6410c64aa7a62c939017b267127afd40f5a81f05b9d9843488fb0e4db9f0df5d,20,0xbcd94efbc779165a1538c9da2c4f7ffa9bfe5150,0x2df1c51e09aecf9cacb7bc98cb1742757f163df7,99.9667,deposit,6
473829476,2026-06-15T18:09:12Z,1781546952000,0xaa77c04644d1507980808b47687b4a0c6bc42f485c48d77b41c4a167714057eb,0,0x2df1c51e09aecf9cacb7bc98cb1742757f163df7,0x2081d586d3ca419f55e5a028d1a7c14164a296d0,15.44,withdraw,6
473829575,2026-06-15T18:09:36Z,1781546976000,0xa1bc3dbbfe52a607fccdde930d1001ee30a31999e3400f84d02bd0038fd6eb50,0,0x60963344843d315d140ce98e5544b370e99d218c,0x2df1c51e09aecf9cacb7bc98cb1742757f163df7,458.349517,deposit,6
473829792,2026-06-15T18:10:31Z,1781547031000,0x4bdab5569656220fd60e0b74402be505678f8f0cfdb38a03c7ee5ae277f67b39,4,0x7688b399c3237d098be4688d222d586ab5236451,0x2df1c51e09aecf9cacb7bc98cb1742757f163df7,70000.0,deposit,6
473829851,2026-06-15T18:10:46Z,1781547046000,0x7be5f09b3c1a8274fe534bee8f79e586efd9b9b9598d5f815a1174adda2051d2,0,0x2df1c51e09aecf9cacb7bc98cb1742757f163df7,0x3b03eaad78fce0c80ec3826f74b2cd73d4f3c74f,222.27,withdraw,6
473829872,2026-06-15T18:10:51Z,1781547051000,0xc79777cad96f4bfa0388c72acfe479681bb3f828a4ec963a3ef407f0657e79fd,6,0xf4b1fa0f183080900e0b0dcbf9002b742f08cf2f,0x2df1c51e09aecf9cacb7bc98cb1742757f163df7,590.5162,deposit,6
473829961,2026-06-15T18:11:13Z,1781547073000,0xf1b4a9f16f5afbdf93137c95c59aafa6982539860b9c15147969c83c663b982e,10,0xea60d48be3e4f1f4db1f600ea4f945a07cfb1c87,0x2df1c51e09aecf9cacb7bc98cb1742757f163df7,99909.159732,deposit,6
473830034,2026-06-15T18:11:31Z,1781547091000,0xd575be91805c799ab9b8a2831df07b1b4fa6d9f89e43a2e778092444a9e259bb,25,0x2df1c51e09aecf9cacb7bc98cb1742757f163df7,0x9968d0a7c247e9ef72dba20139d3891ee7d07e8c,25.007791,withdraw,6
473830138,2026-06-15T18:11:58Z,1781547118000,0x3a0c28bfef6d5c033686e3ee6ada4ad9a14753b5b46706bafe680da11744752a,0,0x2df1c51e09aecf9cacb7bc98cb1742757f163df7,0xc994f9679cb618c2b7a3239a7ce624ab02ec9e53,93.0,withdraw,6
473830234,2026-06-15T18:12:21Z,1781547141000,0xe936a1bb4c3fcc6b2b630b1cbddd8324d4d422e7bd6800b3d096c948d42fca48,0,0x2df1c51e09aecf9cacb7bc98cb1742757f163df7,0x22c0cc9e78143c98462b60e10e006a541525b02e,31.544868,withdraw,6
473830247,2026-06-15T18:12:24Z,1781547144000,0x2782cf8c1b6d185610d1f697498f96d4b6bf2ce06ed11b75bca970533cc57305,2,0xa0f39e2a2065492f1869f36d7c6843bc357f7706,0x2df1c51e09aecf9cacb7bc98cb1742757f163df7,27.770277,deposit,6
473830282,2026-06-15T18:12:33Z,1781547153000,0x4839724d4629d8853d3bb5a6342241c7041f640f691412712e6e92fa8285e45e,13,0x53f815b5e2bff40f60c597dbe210d336baf442e7,0x2df1c51e09aecf9cacb7bc98cb1742757f163df7,65.174396,deposit,6
473830316,2026-06-15T18:12:41Z,1781547161000,0x6eb6b772d1e7f8656fafab7cfdba510634b2f03411016f989e745519870b1de0,0,0x2df1c51e09aecf9cacb7bc98cb1742757f163df7,0xb4e44d810480c66a79512b809f34f4c8afa4d9d2,10.84,withdraw,6
473830361,2026-06-15T18:12:53Z,1781547173000,0xb619fc678fdfcdab8253d43c239aaf5cc353d7f656121a844ec0eed671f48214,13,0x0ffcd3e8a768225587543fd1d6080c00a1f44479,0x2df1c51e09aecf9cacb7bc98cb1742757f163df7,998.793969,deposit,6
473830400,2026-06-15T18:13:03Z,1781547183000,0x1cfeadfb54c784e97edb1095bc24dab0766e53b4f212f4fcf496ff72eaa39235,1,0x9b907dcf2be252f800a0e8d9b6f5534bf2e8044c,0x2df1c51e09aecf9cacb7bc98cb1742757f163df7,5.0,deposit,6
473830470,2026-06-15T18:13:20Z,1781547200000,0xcf6905a8fdab5c54b17a573e2f5cf5500535a44c55fc945c3b38dff1e53df01b,0,0xa8f557d9fef4a33f749d3ba3f5760ae6a9e131e5,0x2df1c51e09aecf9cacb7bc98cb1742757f163df7,99.732469,deposit,6
473830665,2026-06-15T18:14:09Z,1781547249000,0x297d74c497cac38ab2b272e8c1c3e9a8ea31d520365b6b68c196ac62f41a7f0a,2,0x944054ac05ff8a9cf996cd11a05fa47122f59d29,0x2df1c51e09aecf9cacb7bc98cb1742757f163df7,111.0,deposit,6
473830691,2026-06-15T18:14:16Z,1781547256000,0xd83110f6c6f94b9cf01204f4e115f12fc2acaa16e8c7ee23c8647b544e2d11f8,0,0x2df1c51e09aecf9cacb7bc98cb1742757f163df7,0x7725a7f2bb0e1c448d6fe361d53c840486ec6557,1344.0,withdraw,6
473830884,2026-06-15T18:15:04Z,1781547304000,0x87c1ea199a2af623d090b8c408f497b26d3ab9dc400cde01be30f7441255258d,18,0x2df1c51e09aecf9cacb7bc98cb1742757f163df7,0xda00166b4ffbaa0005d3099a14ea927fa1dec0ce,84.540402,withdraw,6
473830949,2026-06-15T18:15:21Z,1781547321000,0xf582c5f6dfdd9f0d1c907f21c8d2d663d113a73eb254903fcc1e65f13204a2e4,1,0xadae59f60fb5b52379274c1b9211ca383aa469b6,0x2df1c51e09aecf9cacb7bc98cb1742757f163df7,50.0,deposit,6
473830989,2026-06-15T18:15:31Z,1781547331000,0x1cfe39ae6bb2d80fe691ba4ae72051542fba8664b8e2a4b55358f4f19b288264,1,0x2df1c51e09aecf9cacb7bc98cb1742757f163df7,0x396d404d6aa15d858a490cb2b2861dfd030872d9,6020.472412,withdraw,6
473831143,2026-06-15T18:16:10Z,1781547370000,0xa52af17416a70c17a098bc1495260ee2bdf1e6a01e3bb951a0695057518131f8,2,0x43b689d067834d649274abee3f4f3c9035dd6847,0x2df1c51e09aecf9cacb7bc98cb1742757f163df7,14.761131,deposit,6
473831163,2026-06-15T18:16:15Z,1781547375000,0x3bb2c333e910fd3396dd8b8cd268f89cf14abc610f5f82d0af16a61da1b70134,29,0x54c1aae9ce7cbb29daacf675399b24a9bd8696d6,0x2df1c51e09aecf9cacb7bc98cb1742757f163df7,150.0,deposit,6
473831274,2026-06-15T18:16:43Z,1781547403000,0x95ee36be2a1e5b2514720fb64b483549c48e150e0118e4ca8a658bded7dfde90,0,0xa0986eed70ce5d2c7c88de4c16696f2cd753a9c1,0x2df1c51e09aecf9cacb7bc98cb1742757f163df7,18.200239,deposit,6
473831365,2026-06-15T18:17:07Z,1781547427000,0x5d1243e474a9e8280af025b94bdfd17638668e028783500bfe80d30f8f64603d,4,0x090280a03cdb97eaedd338a0ffe3b0115a3356eb,0x2df1c51e09aecf9cacb7bc98cb1742757f163df7,73.651698,deposit,6
473831402,2026-06-15T18:17:16Z,1781547436000,0x666c2539b8ddb79e7deea76993baf0c10c3b5cad6ee9f748fc4f625e5972087f,1,0x822309bab94f8d1d78e549a6c69b28b236a63157,0x2df1c51e09aecf9cacb7bc98cb1742757f163df7,7.529021,deposit,6
473831462,2026-06-15T18:17:31Z,1781547451000,0x03b119e9b9a349479ad5d68efa8a8d36bebc05cbb3ec5a4c00a620abf5f8ca81,0,0x2df1c51e09aecf9cacb7bc98cb1742757f163df7,0x521123e2757ff024277f09e9b3e2632109e3d034,19.66,withdraw,6
473831483,2026-06-15T18:17:36Z,1781547456000,0x392d827e036101a725405e2fd45e0a0c076a1d4c26366fcd4e5b7275be9cde04,1,0x54c1aae9ce7cbb29daacf675399b24a9bd8696d6,0x2df1c51e09aecf9cacb7bc98cb1742757f163df7,150.0,deposit,6
473831663,2026-06-15T18:18:21Z,1781547501000,0x27407840aaf34326d3054d82a8a98419508f398b5e4fa37520e45b42faec3581,0,0x2df1c51e09aecf9cacb7bc98cb1742757f163df7,0x471a6070e646d3bf906b5ca50ce23e7bc73fbe43,92.361332,withdraw,6
473831663,2026-06-15T18:18:21Z,1781547501000,0x27407840aaf34326d3054d82a8a98419508f398b5e4fa37520e45b42faec3581,2,0x2df1c51e09aecf9cacb7bc98cb1742757f163df7,0xebd180699e470ee3300367bc382377f5025f3538,199798.847906,withdraw,6
473832001,2026-06-15T18:19:46Z,1781547586000,0xdfadb458418818a1b4abe865fa2e91d2f9ab09c810057d2269b3abbe2ff718df,0,0x14ce50f9c53f15e729956b675cdbc2802138290e,0x2df1c51e09aecf9cacb7bc98cb1742757f163df7,1219.57,deposit,6
473832024,2026-06-15T18:19:52Z,1781547592000,0x3a847fbc2e4fa2ffd6a6527304362ac170479dbb851e4c5ac86bb70742a1afeb,0,0xea60d48be3e4f1f4db1f600ea4f945a07cfb1c87,0x2df1c51e09aecf9cacb7bc98cb1742757f163df7,99828.516105,deposit,6
473832048,2026-06-15T18:19:58Z,1781547598000,0x28e4653a7720561aabfbb0e4d91a3e29cc732598baa2127879f492989bfe987e,0,0x7df26d25c6ad12351ab33a08d343f82e1249bb01,0x2df1c51e09aecf9cacb7bc98cb1742757f163df7,5.0,deposit,6
473832132,2026-06-15T18:20:19Z,1781547619000,0xb511f543c33f5f3498fdfaa6579c463902c19a295400e5a509e7fd485c1bd1fa,22,0x5d76bf2246753e6e77316053f1c5b6873559595c,0x2df1c51e09aecf9cacb7bc98cb1742757f163df7,521.265152,deposit,6
473832306,2026-06-15T18:21:02Z,1781547662000,0xf267ed28b1f460680f7168219e4e213b31195964447c2d0de9bcc43f15fd8b48,3,0x2df1c51e09aecf9cacb7bc98cb1742757f163df7,0x30a9ee52612aa53db678f3e5d011416b57d5311c,20.53,withdraw,6
473832347,2026-06-15T18:21:13Z,1781547673000,0xff6d68cc622fafeaed5e1c10d8751ea19d637734060ccb93e68e88fd95c526fe,4,0x108fca88e37743c3a76b0f0eec40dc042ed5109a,0x2df1c51e09aecf9cacb7bc98cb1742757f163df7,13.0,deposit,6
473832394,2026-06-15T18:21:24Z,1781547684000,0xa1808fd8afcc2d1ce47c6703332daac7639f624f628cc0526a1783ebfe30bc5e,0,0x2df1c51e09aecf9cacb7bc98cb1742757f163df7,0x7725a7f2bb0e1c448d6fe361d53c840486ec6557,66.0,withdraw,6
473832503,2026-06-15T18:21:52Z,1781547712000,0x67f5de74dbf7323c4439589c13a9f53d50c11c5ab59ea0348c6704589277dded,0,0x2df1c51e09aecf9cacb7bc98cb1742757f163df7,0xd12d23dd4cd40f9628fb52810b4ffce18c1b5712,6.87,withdraw,6
473832503,2026-06-15T18:21:52Z,1781547712000,0x67f5de74dbf7323c4439589c13a9f53d50c11c5ab59ea0348c6704589277dded,2,0x2df1c51e09aecf9cacb7bc98cb1742757f163df7,0xf63e8c4feb4991a12dc4bee7307694b973c24aee,13993.25,withdraw,6
473832703,2026-06-15T18:22:43Z,1781547763000,0x53e230d00977430360b16e770d9f63690aedbe5ebaf4033a677d5f07de055b07,0,0x2df1c51e09aecf9cacb7bc98cb1742757f163df7,0xf46bbc61b2549635c49f1b288088a5681afcfc6a,23.33,withdraw,6
473832800,2026-06-15T18:23:07Z,1781547787000,0x0d6c1372e69dbd8c5e702eaf5fc6e7703d167df008bf55f70280edd2646d2a6a,1,0x2df1c51e09aecf9cacb7bc98cb1742757f163df7,0xf3fbb2c0a711529ef9b81fe59a5ef5b8f1e0eb27,103.78,withdraw,6
473832841,2026-06-15T18:23:18Z,1781547798000,0x11906f420be8ab39e5a90bbf68215baf319b33130cb03e0a5231533d5d8bf8d3,10,0x1e76a0d9274f986d8be6c7e612c6b7e793793ad2,0x2df1c51e09aecf9cacb7bc98cb1742757f163df7,29.7,deposit,6
473832969,2026-06-15T18:23:50Z,1781547830000,0xd6bb37c9bb18ea8ec2c185c0af11e5ad73de36bf3e6f1d342fe6ff12dc9468c4,0,0x71412de05c711cccef453c8980e25a9928216ea9,0x2df1c51e09aecf9cacb7bc98cb1742757f163df7,70.0,deposit,6
473832976,2026-06-15T18:23:52Z,1781547832000,0xab7408e481da20f24ef276a4b78c274639194c8dcfd161a194d3eca88600378f,0,0x2df1c51e09aecf9cacb7bc98cb1742757f163df7,0x8e7a4aebaf374f970261bdd38aed3cd1bb5987b8,750.45,withdraw,6
473833031,2026-06-15T18:24:06Z,1781547846000,0x3a8b9b2bfda8f873d6f80e8a29df13005de2022405dc3686e58af5904114e60b,21,0x0b303a6f76be917efa336a2884350e0dba921f47,0x2df1c51e09aecf9cacb7bc98cb1742757f163df7,7.0,deposit,6
473833281,2026-06-15T18:25:08Z,1781547908000,0xf821782f7905db1a9905df26f94732a4e8acfa2625a1a192256b7ba01681d101,1,0x2df1c51e09aecf9cacb7bc98cb1742757f163df7,0xae85d39c39024c08a99ebb60e30c7b09d519ab34,4.0,withdraw,6
473833309,2026-06-15T18:25:15Z,1781547915000,0xde4e7739e2863855468c7cc09db38ab814658375a3a193f51db839b28c60493d,1,0xf1167fa874cc262f5e30ccd330a1094e52d8f3a4,0x2df1c51e09aecf9cacb7bc98cb1742757f163df7,30.0,deposit,6
473833338,2026-06-15T18:25:22Z,1781547922000,0x3d376baab755eccf368b19fa844ed12218375a8953763049c3202ebcc8899891,10,0x45533c92f693b7c90b5ef32bfa5a2f98a8fca4af,0x2df1c51e09aecf9cacb7bc98cb1742757f163df7,4999.997468,deposit,6
473833387,2026-06-15T18:25:34Z,1781547934000,0x47c34460e66dd13753a1c0b660b96bf8d693b41fb0af3798aa18ae0cd3fea080,2,0x300bd559cd7c8653ebd7fb3aa82e309a227b060f,0x2df1c51e09aecf9cacb7bc98cb1742757f163df7,13385.000001,deposit,6
473833437,2026-06-15T18:25:47Z,1781547947000,0x93502b59017379f1c83e883870f17f44a9625b7e9292041f002a7d647da7e39c,5,0xf1167fa874cc262f5e30ccd330a1094e52d8f3a4,0x2df1c51e09aecf9cacb7bc98cb1742757f163df7,500.0,deposit,6
473833449,2026-06-15T18:25:50Z,1781547950000,0xf62af238bc8c5ac1fd5ed3870292c95bd477e5ef878a7824a778faf9f7524776,1,0x505838efed7cc1b7d77f69a6204de5511918b910,0x2df1c51e09aecf9cacb7bc98cb1742757f163df7,5000.0,deposit,6
473833528,2026-06-15T18:26:10Z,1781547970000,0xa3d6a978093f8f242613a05cca647fc73dca9bba7c4816bbdedf481e22578d7d,12,0x505838efed7cc1b7d77f69a6204de5511918b910,0x2df1c51e09aecf9cacb7bc98cb1742757f163df7,5000.0,deposit,6
473833783,2026-06-15T18:27:14Z,1781548034000,0x18bfb14b07a622ec32c53810975d9ac33b16ab99ce763eb17910303d15f98dd0,1,0xad8d55010473a03f24685cbc1d1df74010d35a76,0x2df1c51e09aecf9cacb7bc98cb1742757f163df7,11.29,deposit,6
473833812,2026-06-15T18:27:21Z,1781548041000,0xc9bdf688ab65dd2e4ff5d7bef26951ada4c66053430d28fb0a1037a0a539377c,4,0x1eb8d9beeb70db83ae603453f74e36912579cb2d,0x2df1c51e09aecf9cacb7bc98cb1742757f163df7,14.231709,deposit,6
473833840,2026-06-15T18:27:28Z,1781548048000,0x844a444a32e3cbf133ff61ff0086cafed3cf4673c5bd1671d6828357d72c68a3,6,0x2e4442146812a5658317c3fa6058deb82f29c0fc,0x2df1c51e09aecf9cacb7bc98cb1742757f163df7,104.99,deposit,6
473833938,2026-06-15T18:27:53Z,1781548073000,0x43ff6f1fad8112205b9a9f90450cafab7340d11f17c0ed1a16afd1aeb0dc1bde,9,0x2df1c51e09aecf9cacb7bc98cb1742757f163df7,0x3d92f9b4d173c0ce9dd29419b84305c7a119bbb0,36.29,withdraw,6
473834349,2026-06-15T18:29:36Z,1781548176000,0xb732828600743e9faa559acaa02803d436d9de0e15116b23d8b59cafb758b6ca,1,0x866ab0c6fe6cc03de266e433bd80183cfa01c3d3,0x2df1c51e09aecf9cacb7bc98cb1742757f163df7,25.0,deposit,6
473834349,2026-06-15T18:29:36Z,1781548176000,0x640c51ed6312280a491b6f04f25221f26791267c99b16965b855144bc0f43b08,7,0x00f166c4cdb74c58314f313e784bd675791b9ff8,0x2df1c51e09aecf9cacb7bc98cb1742757f163df7,55.656973,deposit,6
473834746,2026-06-15T18:31:14Z,1781548274000,0x08e8b8ed1fd9d57a5a1aed2a4c86906ebde9f45155bd5a0749d9cc6355d21354,9,0x2df1c51e09aecf9cacb7bc98cb1742757f163df7,0x54e47b334fb51be389c797574dd658ae1c47a8e0,2.5,withdraw,6
473834746,2026-06-15T18:31:14Z,1781548274000,0x08e8b8ed1fd9d57a5a1aed2a4c86906ebde9f45155bd5a0749d9cc6355d21354,11,0x2df1c51e09aecf9cacb7bc98cb1742757f163df7,0xf9fc8acef9923a04764dfc0ed6a4f94df0f71ea3,445.260379,withdraw,6
473834780,2026-06-15T18:31:23Z,1781548283000,0x0db41c8dba780f0cfc93873d91e1df91d5196f66e4038411e20b90cbe3daa7b4,1,0x53f815b5e2bff40f60c597dbe210d336baf442e7,0x2df1c51e09aecf9cacb7bc98cb1742757f163df7,2553.625604,deposit,6
473834812,2026-06-15T18:31:31Z,1781548291000,0x3477a3a165c3873edf5d12a10a312e8c8c72e9f09bec1db7a06f559ab8decbcd,14,0xd2e86da2f71403c459894e39b0c79c36060d85fa,0x2df1c51e09aecf9cacb7bc98cb1742757f163df7,234.913963,deposit,6
473834848,2026-06-15T18:31:40Z,1781548300000,0x1b9e412be2a123376543c8e224d4493c154ec0a4437db17e2cf56c4f408f0789,1,0x2df1c51e09aecf9cacb7bc98cb1742757f163df7,0xb91906895c223421f31e72af0267b131cc2f4448,383.0,withdraw,6
473834848,2026-06-15T18:31:40Z,1781548300000,0x1b9e412be2a123376543c8e224d4493c154ec0a4437db17e2cf56c4f408f0789,3,0x2df1c51e09aecf9cacb7bc98cb1742757f163df7,0x0d1bd1eeec4c4be14ee06282bd930ff954a4f92b,41.56,withdraw,6
473834956,2026-06-15T18:32:07Z,1781548327000,0x527434ab3fb9c49c30cd2814c1a15459e35c35adbdfc48c28104e816a72a72cf,10,0xfc2d654a09c732d4da03dbef5ff58334d4655e02,0x2df1c51e09aecf9cacb7bc98cb1742757f163df7,449.72307,deposit,6
473835025,2026-06-15T18:32:24Z,1781548344000,0xb3a30a8ba9e4d7887d58fcd73f72f5b02f3d9c9001fd824c250e63bade3e654d,7,0x2df1c51e09aecf9cacb7bc98cb1742757f163df7,0x7725a7f2bb0e1c448d6fe361d53c840486ec6557,529.0,withdraw,6
473835048,2026-06-15T18:32:30Z,1781548350000,0x547023aecb48158a68c63d25ce05eb0871b2a567a5fbec4eb21b3970b50cb321,8,0x9b907dcf2be252f800a0e8d9b6f5534bf2e8044c,0x2df1c51e09aecf9cacb7bc98cb1742757f163df7,10.0,deposit,6
473835072,2026-06-15T18:32:36Z,1781548356000,0x6ad948edd882fe7f13ad5a1b2efaa5a5212827a5736a1275381efc887b7ee9d7,6,0xa2e5b88538d9c9c5651a26946a059412b5339206,0x2df1c51e09aecf9cacb7bc98cb1742757f163df7,13.0,deposit,6
473835165,2026-06-15T18:32:59Z,1781548379000,0x9033b9d67406000eccb3f7b4e04586f44ceb0b33a76f8a205aaeb69036abcb01,1,0xc48dab308ebb7429b2ce171bc6ce17ef35831f0c,0x2df1c51e09aecf9cacb7bc98cb1742757f163df7,1135.081948,deposit,6
473835337,2026-06-15T18:33:43Z,1781548423000,0x5c3be9889f6ec9a2ba1e1320eafa49952a663b3431f502292e6dc1c407cfa457,0,0x2df1c51e09aecf9cacb7bc98cb1742757f163df7,0xff4c8901670a088afc92819ca646e98552eb57fc,49.0,withdraw,6
473835337,2026-06-15T18:33:43Z,1781548423000,0x5c3be9889f6ec9a2ba1e1320eafa49952a663b3431f502292e6dc1c407cfa457,2,0x2df1c51e09aecf9cacb7bc98cb1742757f163df7,0x40fbcd7a9b0c024271d63f7f308b10a967ab815e,1415.05535,withdraw,6
473835445,2026-06-15T18:34:10Z,1781548450000,0xd2cf4f8eb3865d945c5e6fef7e3e50c6ad469abbda6c1fb9089e95978149bd93,2,0x2df1c51e09aecf9cacb7bc98cb1742757f163df7,0x90e5cd378c0553d6a58a8c68b0011b8ef3b42a75,18.91,withdraw,6
473835535,2026-06-15T18:34:32Z,1781548472000,0xc4ede5c6fad0227357155225791c562a1d0bc15c3f96fef32fdc401dcd88ccf6,1,0x35dcb936522a2b767d5fb094d4825d57ae02311d,0x2df1c51e09aecf9cacb7bc98cb1742757f163df7,996.728807,deposit,6
473835625,2026-06-15T18:34:55Z,1781548495000,0xdb6f155cd35c792483bac8ea5b00c59a36ef8bba4fbbada992a8c2bb811de43b,0,0x2df1c51e09aecf9cacb7bc98cb1742757f163df7,0xa0986eed70ce5d2c7c88de4c16696f2cd753a9c1,53.730091,withdraw,6
473835625,2026-06-15T18:34:55Z,1781548495000,0xdb6f155cd35c792483bac8ea5b00c59a36ef8bba4fbbada992a8c2bb811de43b,2,0x2df1c51e09aecf9cacb7bc98cb1742757f163df7,0x7b14dc7d87b2ab9f54ac54553efd8b32c29f2ece,40.27,withdraw,6
473835635,2026-06-15T18:34:58Z,1781548498000,0x2f974446d568a2ec42f56f1c060a28a8da1e9779d8ce89b607851ac55abc47ae,12,0x8c72a972537b111b6899bbcc991fce07316a26a8,0x2df1c51e09aecf9cacb7bc98cb1742757f163df7,100.0,deposit,6
473835724,2026-06-15T18:35:20Z,1781548520000,0xd65d55ea31c4341e350993bf7a5961ab82fcfa0137fa2b32d66781e2fb24ca97,0,0x2df1c51e09aecf9cacb7bc98cb1742757f163df7,0x24cd4b3b5ea5688ba3bac2399d6def87171076e6,33.65,withdraw,6
473836196,2026-06-15T18:37:19Z,1781548639000,0x356a419ae7f894bdff11ce04486f0630d6114e5c51c85902d39b5f34849aaff5,5,0x2df1c51e09aecf9cacb7bc98cb1742757f163df7,0xb9a0998404cd2db709060bc3d7719412593346e6,7.72,withdraw,6
473836272,2026-06-15T18:37:37Z,1781548657000,0xf3ca6e24161b4a8cede9b42117fdec246d735c3e24c624b4261b8300bd744555,0,0x2df1c51e09aecf9cacb7bc98cb1742757f163df7,0xea688abd20b1fb7182deba28947dd0806147dc43,14.09,withdraw,6
473836422,2026-06-15T18:38:15Z,1781548695000,0x0425f8a608a2351f49ba02100e4a00fa1efe78560db07d8a7747b483f0397eba,0,0xf822fa0fd364c573fcdb7009fcf47601bc8be01a,0x2df1c51e09aecf9cacb7bc98cb1742757f163df7,4999999.0,deposit,6
473836445,2026-06-15T18:38:21Z,1781548701000,0xe1041c86e42fcbbff6f34d0ea3311ae3b00e91000bc46d9e96697967b6448814,10,0x77fc36ac144bfae0d5ef34f9b0c8c13b71c9ee22,0x2df1c51e09aecf9cacb7bc98cb1742757f163df7,65.058775,deposit,6
473836478,2026-06-15T18:38:29Z,1781548709000,0xac479ddf28da4160eabd4aaa2fc8d8dd6274226fe48f5d48f0ecea9d74576af8,4,0x7ab8764fcc1e78b79af6b0b491a2dfac9800d2d0,0x2df1c51e09aecf9cacb7bc98cb1742757f163df7,307.13,deposit,6
473836565,2026-06-15T18:38:51Z,1781548731000,0x6338df28fe3a1946d47e5fc5c6bf1527acdc5a71ad3227706e863091d074f3a5,3,0x2df1c51e09aecf9cacb7bc98cb1742757f163df7,0x40069c15fc92a36ccda064c0132113af8a0322dd,51.0,withdraw,6
473836636,2026-06-15T18:39:08Z,1781548748000,0x63475cca69f57760df10f7b552b3a55b23f668f9087374def940d0cb9c81c747,0,0x2df1c51e09aecf9cacb7bc98cb1742757f163df7,0x7725a7f2bb0e1c448d6fe361d53c840486ec6557,91.0,withdraw,6
473836737,2026-06-15T18:39:34Z,1781548774000,0x112f5013be5839f76c8d289e9e14ba23eceae776f43f6890698a02d29461a5fe,8,0xfabee32ab2c189c2ff20ac2a83cfd820de7b1d6d,0x2df1c51e09aecf9cacb7bc98cb1742757f163df7,15000.0,deposit,6
473836740,2026-06-15T18:39:35Z,1781548775000,0x83f9f5f5582f035cd7ce9392c8c179773766d12b1c357f068624effe4176add4,0,0x2df1c51e09aecf9cacb7bc98cb1742757f163df7,0xcd900a474959827acb6ffc00797a88ece73e1146,393.757043,withdraw,6
473836936,2026-06-15T18:40:24Z,1781548824000,0xe89e4337f9e8122c68a1fdb11b1d2a8d1ce6afcce360241c5152347f2933821a,1,0x2df1c51e09aecf9cacb7bc98cb1742757f163df7,0x60bce92a6f6685a8e7cc721ed025c7b848dd52c2,399.0,withdraw,6
473836936,2026-06-15T18:40:24Z,1781548824000,0xe89e4337f9e8122c68a1fdb11b1d2a8d1ce6afcce360241c5152347f2933821a,3,0x2df1c51e09aecf9cacb7bc98cb1742757f163df7,0x28a454dcaf5df79365a24fbb3a5ec1a233230bb6,37.7,withdraw,6
473837021,2026-06-15T18:40:45Z,1781548845000,0x70fedf02faae111a6ffcb98671996d40a5c4e7aa65bec55a0601f5ad9d59b962,6,0xa25e4475d14008507a6a5c1dc2c19274214c4226,0x2df1c51e09aecf9cacb7bc98cb1742757f163df7,6.0,deposit,6
473837081,2026-06-15T18:41:00Z,1781548860000,0x80b74322ee4c193ff48fff8d1e341c8cd037f60016cf5cdba5659637094943ec,15,0xa8f557d9fef4a33f749d3ba3f5760ae6a9e131e5,0x2df1c51e09aecf9cacb7bc98cb1742757f163df7,99.732469,deposit,6
473837206,2026-06-15T18:41:31Z,1781548891000,0xc7e19d503a2970ca8ef7aae93b520b4de1a5aed077cc5f9e5be8678caf4b30da,0,0xd2e86da2f71403c459894e39b0c79c36060d85fa,0x2df1c51e09aecf9cacb7bc98cb1742757f163df7,299.89163,deposit,6
473837304,2026-06-15T18:41:56Z,1781548916000,0xf7fae47b06980f9d9a4556cc3f0af34c3be8be9fa2fb76d3cfb6eda2d39dd4ad,1,0xf68f095b3babcabcbcf98221b88844eb83b1212e,0x2df1c51e09aecf9cacb7bc98cb1742757f163df7,198.0,deposit,6
473837546,2026-06-15T18:42:57Z,1781548977000,0x20c08cd6f077dc9a3eb32a18578729dd14dd965094100d7d6eb880d8910349c3,1,0x2df1c51e09aecf9cacb7bc98cb1742757f163df7,0x917ae3d6ede10a17cce489fb73b0e91ae5af96c1,39.55,withdraw,6
473837901,2026-06-15T18:44:26Z,1781549066000,0xe8e599e146f1c3e9d99a85b955f1e837af6d4d793f26a8592dd4389382815c95,100,0xc44c2b43b56c0fbae53d1152f423befafe2eb753,0x2df1c51e09aecf9cacb7bc98cb1742757f163df7,225.513838,deposit,6
473837928,2026-06-15T18:44:32Z,1781549072000,0x4992539ad06a0b35c7a7aa70276b2bb897778547fb48cd2be879f9f0a94f0c21,0,0x2df1c51e09aecf9cacb7bc98cb1742757f163df7,0x7725a7f2bb0e1c448d6fe361d53c840486ec6557,1423.0,withdraw,6
473837928,2026-06-15T18:44:32Z,1781549072000,0x4992539ad06a0b35c7a7aa70276b2bb897778547fb48cd2be879f9f0a94f0c21,2,0x2df1c51e09aecf9cacb7bc98cb1742757f163df7,0xc025347d58003a6cb83247e8c6b03763e4bfcdd7,92.92,withdraw,6
473837928,2026-06-15T18:44:32Z,1781549072000,0x4992539ad06a0b35c7a7aa70276b2bb897778547fb48cd2be879f9f0a94f0c21,4,0x2df1c51e09aecf9cacb7bc98cb1742757f163df7,0xe5d8ae02417beacbd62a8c7635425102e3ad70c1,19.0,withdraw,6
473837932,2026-06-15T18:44:33Z,1781549073000,0x5391e6d761654b1b4bab22fb5af43b35092447e1b5a48039c07417a347b2840a,22,0xea4ce67a5af0622fefe2262f90ee555d042205e3,0x2df1c51e09aecf9cacb7bc98cb1742757f163df7,3083.256606,deposit,6
473838022,2026-06-15T18:44:56Z,1781549096000,0xb9306c0cdbeb430d1d4647a8af45c7b417297e653ba1475bae00a9de22b4e133,0,0x2df1c51e09aecf9cacb7bc98cb1742757f163df7,0xe6e0685cec9cd93e69b43720c0547bf6547ab3a9,41.9519,withdraw,6
473838022,2026-06-15T18:44:56Z,1781549096000,0xb9306c0cdbeb430d1d4647a8af45c7b417297e653ba1475bae00a9de22b4e133,2,0x2df1c51e09aecf9cacb7bc98cb1742757f163df7,0x0695faecb6403f91d67feb7ead652daf200d819d,124.79,withdraw,6
473838260,2026-06-15T18:45:56Z,1781549156000,0x7dfa942ef1fca01aa8765c1760eea064e4fe322040f5da04915d488498b601c1,1,0x68e850293dd207724d4b314cc1c5edf6db5b26ac,0x2df1c51e09aecf9cacb7bc98cb1742757f163df7,50.0,deposit,6
473838295,2026-06-15T18:46:04Z,1781549164000,0x2695203d4843fce86048670f84a996c91ad38b921b57e16f034a88791cebc7cc,1,0xbda3c7630ddeb6b810fb8cd2a18c1c5a000c64c4,0x2df1c51e09aecf9cacb7bc98cb1742757f163df7,5.0,deposit,6
473838531,2026-06-15T18:47:04Z,1781549224000,0x4c0c8aa357806da362d804890820c9602f97497800de4eb5009e18e0cd1f59fd,0,0x2df1c51e09aecf9cacb7bc98cb1742757f163df7,0x784aaefe602fbd725b458b7a8efbbba8a5a51030,925.22,withdraw,6
473838554,2026-06-15T18:47:10Z,1781549230000,0xba4153746e326d92b652a0b4842297dde7331850ad4476ea023ce3dedb95955c,0,0xa62c0bd908bed47ee997f1c17ed7bcebe1553553,0x2df1c51e09aecf9cacb7bc98cb1742757f163df7,34.074421,deposit,6
473838712,2026-06-15T18:47:50Z,1781549270000,0x268755a78fdcc0ed6b910775fbd13ab3f58574a76191fe32059c9e4721224366,10,0x2df1c51e09aecf9cacb7bc98cb1742757f163df7,0x26a0bb6354213b057d92711d1e69c74ed01b2cfd,98.05,withdraw,6
473839199,2026-06-15T18:49:52Z,1781549392000,0x3e3e1bf2dd0769873fcc77c8371321c07a0f99e5cfb0afb9e8c622e2f8d0acdb,0,0x2df1c51e09aecf9cacb7bc98cb1742757f163df7,0xe8096b08afebfa8372c5d469cc652fb1a94738b1,16.5,withdraw,6
473839421,2026-06-15T18:50:47Z,1781549447000,0xe7167c848bbf867f8724bbc3873520cddfc325c89b0478f21483a16a30c457b6,1,0x43b689d067834d649274abee3f4f3c9035dd6847,0x2df1c51e09aecf9cacb7bc98cb1742757f163df7,13.88019,deposit,6
473839422,2026-06-15T18:50:47Z,1781549447000,0x072248bd37cef0fc20d1f4b8b6a119f7bb2ebfb63cdd3e2dc7a5ae8e718eb482,0,0x2df1c51e09aecf9cacb7bc98cb1742757f163df7,0xa0986eed70ce5d2c7c88de4c16696f2cd753a9c1,37.813651,withdraw,6
473839521,2026-06-15T18:51:12Z,1781549472000,0x04389ced2d7fd0b5021799927d28623ffdfbee787a7e5dd42f7e6262eb50ff4c,0,0x69281f10ca8b5d94fd982f7bb03f6af48065f865,0x2df1c51e09aecf9cacb7bc98cb1742757f163df7,5.0,deposit,6
473839680,2026-06-15T18:51:52Z,1781549512000,0xfc2d2c8bd32481bdeb3ee28a8f8543b1914ee59fd90c9687b048a980fccea274,0,0x2df1c51e09aecf9cacb7bc98cb1742757f163df7,0x4bf1a9574540de3b3f488f57566e0d7b69067c18,21.0,withdraw,6
473839788,2026-06-15T18:52:19Z,1781549539000,0x78a9a91015aa26db20bedff30f5bafe8a99fd09bf9dd7a750b3504105a7121af,9,0x2df1c51e09aecf9cacb7bc98cb1742757f163df7,0x591947e0833334a5eaf01ab463fcfc6589e09082,32.2,withdraw,6
473839980,2026-06-15T18:53:08Z,1781549588000,0xa0f83217abf3f5f099ed92b9ae06c5b71782d374806a98f65a3bdc1c036133e5,0,0x2df1c51e09aecf9cacb7bc98cb1742757f163df7,0x0976dd6566bedc1aa901e732071879180082e901,80.74,withdraw,6
473840142,2026-06-15T18:53:48Z,1781549628000,0x22b6595a9a718f9c465524bd0a891e59ff789d0e3667f98b31bd15b8ad295e7e,14,0x03ff6504535ed9a3d0df1476fd6811ebda70f276,0x2df1c51e09aecf9cacb7bc98cb1742757f163df7,76.887889,deposit,6
473840173,2026-06-15T18:53:56Z,1781549636000,0x7cbb0155fa1e6d68139bee06f5dd0388eca6e9aa1cb0c746665d44ee293807f1,0,0x2df1c51e09aecf9cacb7bc98cb1742757f163df7,0x22354440a5d5c5ee3b3ef16a18cbb18ab06b5929,391.173476,withdraw,6
473840173,2026-06-15T18:53:56Z,1781549636000,0x7cbb0155fa1e6d68139bee06f5dd0388eca6e9aa1cb0c746665d44ee293807f1,2,0x2df1c51e09aecf9cacb7bc98cb1742757f163df7,0xcfdd3ef63fbfa1dacbc54ab34110195f819f4ca6,8999.0,withdraw,6
473840218,2026-06-15T18:54:07Z,1781549647000,0xaf6149774859bcc547bf0773f44cdd390733c426e3510e5022fe3c7370d57b3d,89,0x8e7a4aebaf374f970261bdd38aed3cd1bb5987b8,0x2df1c51e09aecf9cacb7bc98cb1742757f163df7,751.893711,deposit,6
473840685,2026-06-15T18:56:04Z,1781549764000,0xd080a722c79fcc304030a8129942ba432d5c0af558b3cf21dd3dccd833571e0c,54,0x2df1c51e09aecf9cacb7bc98cb1742757f163df7,0xe8096b08afebfa8372c5d469cc652fb1a94738b1,11.55,withdraw,6
473840874,2026-06-15T18:56:51Z,1781549811000,0x5fe001a6300cc0a8b8e68ffb9b27476e8de40764dd93e53a6062476c4fba7465,90,0x2329d6d67dc1d4da1858e2fe839c20e7f5456081,0x2df1c51e09aecf9cacb7bc98cb1742757f163df7,406.207683,deposit,6
473840878,2026-06-15T18:56:52Z,1781549812000,0x580e59a32801251ccea83e4193b827b412b96439cbad4cdd28dc6d9c22b94beb,0,0x2df1c51e09aecf9cacb7bc98cb1742757f163df7,0x3d90d50711b7c2c5dd2cc25bb1e6ac992907b19d,40.0,withdraw,6
473840878,2026-06-15T18:56:52Z,1781549812000,0x580e59a32801251ccea83e4193b827b412b96439cbad4cdd28dc6d9c22b94beb,2,0x2df1c51e09aecf9cacb7bc98cb1742757f163df7,0xad71126331d3fd081029d908994cac7807cb5e31,1.0,withdraw,6
473841027,2026-06-15T18:57:29Z,1781549849000,0xc0a6f48ba9bad0e282d9ae2ef9cd4f877cef92403a88715c611d096858b84e70,53,0x9673ece36e2edbb93d3c691cd1f090e5ae7fa414,0x2df1c51e09aecf9cacb7bc98cb1742757f163df7,44.699854,deposit,6
473841072,2026-06-15T18:57:40Z,1781549860000,0x42f37001022c0f936c74e40dbd6be35606d5b5a42b95e0905efc62871f39ec5c,1,0x2df1c51e09aecf9cacb7bc98cb1742757f163df7,0x20731e7d61607fe8f53eb5f77328b8e2c69687b8,22.0,withdraw,6
473841160,2026-06-15T18:58:03Z,1781549883000,0x9c188d57886b1ef2d70d275c3e5e05e3c866fe2e39f1ebf98fb0ec7bdbca2620,4,0x2df1c51e09aecf9cacb7bc98cb1742757f163df7,0x2ec4687465e2f8521f82b19d18fc7d601aebe0f1,10.96,withdraw,6
473841172,2026-06-15T18:58:06Z,1781549886000,0x1f5f6536204e2cbaa17530deef4132b7c26e5d2cd4652177fba9274f4447bd45,3,0x7306b3681570b1e1f0d55bb038c7c80888dc8d0e,0x2df1c51e09aecf9cacb7bc98cb1742757f163df7,200.0,deposit,6
473841248,2026-06-15T18:58:25Z,1781549905000,0x42c8f9692bca4479463b83109330cae173dfe8109f4350e30b51be6cabd432de,0,0x2df1c51e09aecf9cacb7bc98cb1742757f163df7,0x3d90d50711b7c2c5dd2cc25bb1e6ac992907b19d,37.0,withdraw,6
473841319,2026-06-15T18:58:43Z,1781549923000,0x5f10515b74765068e81bbee515aff1599bf933a7edf7ac472d72a2b0de2271a9,1,0x4838aef67465951ad23f7cc43a8a2c3b712f5a4d,0x2df1c51e09aecf9cacb7bc98cb1742757f163df7,53.447125,deposit,6
473841392,2026-06-15T18:59:01Z,1781549941000,0xac41cf1c31ad6929198690586964a4646f18e927d356e5a0041d462d9dc18fca,10,0x2621dd09e1640a7cb0249c8c99edffa59129df8c,0x2df1c51e09aecf9cacb7bc98cb1742757f163df7,20.085087,deposit,6
473841545,2026-06-15T18:59:40Z,1781549980000,0xc1478875b844be4cc5ec23b11e2e6b8e389bcf212c53dc7be7787f3c340f1724,8,0x2df1c51e09aecf9cacb7bc98cb1742757f163df7,0x0d977d2978cbf21ff5af3cadc66efd39f1b385b7,107.31,withdraw,6
473841617,2026-06-15T18:59:58Z,1781549998000,0x74bc515510a2087ee05546f595860f15ab7371baf29999626c49236888131250,29,0x2df1c51e09aecf9cacb7bc98cb1742757f163df7,0x6c0696aa951dfb284e3546316f47521938b8f3c0,17.0,withdraw,6
473841833,2026-06-15T19:00:52Z,1781550052000,0xa3e333f093c6949c35711c75feb54a3d7573f19c7fb981bc9efca3ea098132db,5,0x2df1c51e09aecf9cacb7bc98cb1742757f163df7,0x5ac9658bc6d88bff536c01e9193543c1cdebaec4,48.52,withdraw,6
473841833,2026-06-15T19:00:52Z,1781550052000,0xa3e333f093c6949c35711c75feb54a3d7573f19c7fb981bc9efca3ea098132db,7,0x2df1c51e09aecf9cacb7bc98cb1742757f163df7,0x996592206a8743cab5be61d32895ecd2456bb752,209.0,withdraw,6
473841937,2026-06-15T19:01:18Z,1781550078000,0x0593e52170ec442626b67607b77d38e135c7586ec08fae82b0f0fc62d132e8a3,2,0x2df1c51e09aecf9cacb7bc98cb1742757f163df7,0x08a00e5f4c9897ee0bdf5055b2ce3139c0796896,12100.0,withdraw,6
473842012,2026-06-15T19:01:37Z,1781550097000,0x3a883553ab04118b6da3315f06e411add9e0b58a161520295a7fc71cf73319c8,1,0x0b2b96d8cfa735845b74dcbdb77d4c52194ae514,0x2df1c51e09aecf9cacb7bc98cb1742757f163df7,18.0,deposit,6
473842137,2026-06-15T19:02:08Z,1781550128000,0x2b476fc0bcaf53310720e21b5b6a73cf43d2776f3b42cbda1b5853efa6a4600b,0,0x2df1c51e09aecf9cacb7bc98cb1742757f163df7,0xf3f33ccdccdbd09b8a31f80f6134baf0fb5b91ff,791.015,withdraw,6
473842137,2026-06-15T19:02:08Z,1781550128000,0x2b476fc0bcaf53310720e21b5b6a73cf43d2776f3b42cbda1b5853efa6a4600b,2,0x2df1c51e09aecf9cacb7bc98cb1742757f163df7,0x7725a7f2bb0e1c448d6fe361d53c840486ec6557,561.0,withdraw,6
473842187,2026-06-15T19:02:21Z,1781550141000,0x56e59540c3a3f239ab483657a2c0dd7be6d1e6485f96e1499439c62d0b794690,1,0x8cc2b484fc9b746ec316a32374d9869f273af69a,0x2df1c51e09aecf9cacb7bc98cb1742757f163df7,99.8,deposit,6
473842211,2026-06-15T19:02:27Z,1781550147000,0xf12e2e1809ef1b0a85c7f865215b75a2cb7b5395b50a89c1ac6c338b943446f0,1,0xf032648dfd22c4d81588bd83e09ab89cfe816705,0x2df1c51e09aecf9cacb7bc98cb1742757f163df7,544.572611,deposit,6
473842408,2026-06-15T19:03:15Z,1781550195000,0x54505bb36577579ba8810bfcc039eb98d2ea3aa44183b10211e32604096c5d85,3,0x2df1c51e09aecf9cacb7bc98cb1742757f163df7,0x2329d6d67dc1d4da1858e2fe839c20e7f5456081,3499.0,withdraw,6
473842428,2026-06-15T19:03:20Z,1781550200000,0xa908dd3b93c51f5ee3fe0685e71e8e50a43c230a4d883374de739e18a0f8dfb1,16,0xf032648dfd22c4d81588bd83e09ab89cfe816705,0x2df1c51e09aecf9cacb7bc98cb1742757f163df7,395.084795,deposit,6
473842564,2026-06-15T19:03:54Z,1781550234000,0x121216857df3939ff8ff6e7c0bc43893e237d6ad7ad3f610886f2a0c64c52296,1,0x5ac9658bc6d88bff536c01e9193543c1cdebaec4,0x2df1c51e09aecf9cacb7bc98cb1742757f163df7,48.52,deposit,6
473842625,2026-06-15T19:04:10Z,1781550250000,0x22fb25b2c67cd1491b717fa930c5540116006a780c9134b084d8186d97654721,0,0x2df1c51e09aecf9cacb7bc98cb1742757f163df7,0x8c8534b7cef0756bb8c894a445b898e10191f2a8,2445.792387,withdraw,6
473842727,2026-06-15T19:04:35Z,1781550275000,0xa8c14a9e0fbd732d9fe8dc7b79b9e07d00c3c988e3926e2440fab1fd2ddadc71,8,0x2df1c51e09aecf9cacb7bc98cb1742757f163df7,0x09bba59b90ec0457131e6a5f846f2924d2e35e7e,50.93,withdraw,6
473842803,2026-06-15T19:04:54Z,1781550294000,0xf686787eab439c949ce27b3eaad6cfd9e918e5e240b2f4d7b92ba7547e546fd6,10,0xd9753ca9169b83b50c07ed7d0ff1450a2b4dc0fb,0x2df1c51e09aecf9cacb7bc98cb1742757f163df7,3065.29997,deposit,6
473842831,2026-06-15T19:05:01Z,1781550301000,0x84fc626d1137f5b27b4f625734721d471ae67b91af40bd7dcc686ce853788c98,17,0x2df1c51e09aecf9cacb7bc98cb1742757f163df7,0x96de89d208396526e32efe1395091cfea37ed529,500.9,withdraw,6
473842851,2026-06-15T19:05:06Z,1781550306000,0x9a5b82e378c9b56e42234dc4f32ef92da265dd49a2af37d395ec234eb5c52ff5,0,0xf032648dfd22c4d81588bd83e09ab89cfe816705,0x2df1c51e09aecf9cacb7bc98cb1742757f163df7,163.398348,deposit,6
473842913,2026-06-15T19:05:22Z,1781550322000,0x4a6056d9706ebe03ec468cddb43e4cba1996b05c0fae43e4cc3faf8cc77f6aa9,3,0x9ed0ad83d12efbe10e4e2b9bddbdf9f27601f7d3,0x2df1c51e09aecf9cacb7bc98cb1742757f163df7,5.0,deposit,6
473842939,2026-06-15T19:05:28Z,1781550328000,0x9da603ec86249e8472b0a4f7e885cc5559bfdc3ad5843b56c9c64f365f14e275,6,0x13c2a8e202ce5247a8561e9d06f311865839bc21,0x2df1c51e09aecf9cacb7bc98cb1742757f163df7,499.85,deposit,6
473843111,2026-06-15T19:06:12Z,1781550372000,0x5b8ada944a3ae0decd719fe6ea0e9382b7c79e3d95e6efaa4dfc44a36a80738a,0,0x1545e727962c2b822fbaff39190a579787019750,0x2df1c51e09aecf9cacb7bc98cb1742757f163df7,13.274829,deposit,6
473843222,2026-06-15T19:06:39Z,1781550399000,0xf5a0f54a51ab8f4f66de6f179edc3a6da0cb4800443d7d4cd9bdf631724420ac,28,0xa126f8cce9a2f99169c0c826c9cec1633d2c4811,0x2df1c51e09aecf9cacb7bc98cb1742757f163df7,66.95,deposit,6
473843314,2026-06-15T19:07:02Z,1781550422000,0xfc093b3e609bf0e0cfad6a55c916898239660c682a4729eb3cd83b9618df40d7,9,0xa08debdb59060a53fea111272276583c93458872,0x2df1c51e09aecf9cacb7bc98cb1742757f163df7,24.285544,deposit,6
473843381,2026-06-15T19:07:19Z,1781550439000,0x4b693a98a668614f2ed9f3ece1911f92a2a2cd5c3e78002af761bba7cc16f09c,2,0x2df1c51e09aecf9cacb7bc98cb1742757f163df7,0x64aec3a64c9ba88d5b2a8550463f840e6e164826,21.75,withdraw,6
473843381,2026-06-15T19:07:19Z,1781550439000,0x4b693a98a668614f2ed9f3ece1911f92a2a2cd5c3e78002af761bba7cc16f09c,4,0x2df1c51e09aecf9cacb7bc98cb1742757f163df7,0x7074b8dc35e4ce7d25afb73e5386948fd8cf1efe,3599.0,withdraw,6
473843405,2026-06-15T19:07:25Z,1781550445000,0xb94ab215b80d965fd2e40fb9e0d812127c247ccfa4552be317eb9a863d53163f,0,0xf462399d5007d144b20aae6aedfa25fb82812542,0x2df1c51e09aecf9cacb7bc98cb1742757f163df7,498.745119,deposit,6
473843461,2026-06-15T19:07:39Z,1781550459000,0x4aa0134cbc2852a10093b39e9c04ec79a84f4c36572ca0f53b4045d5be17ee10,2,0x05ab6518cf10cc4695585c82762bc3f4d7000c53,0x2df1c51e09aecf9cacb7bc98cb1742757f163df7,21.42,deposit,6
473843944,2026-06-15T19:09:41Z,1781550581000,0xdc96274daf85cf878d2402f58bd3b83b18af90a6c08798fb32fa92aeb79cf45c,5,0x2df1c51e09aecf9cacb7bc98cb1742757f163df7,0x6b6a34783d132cf881ea7cd8092a6586f7da464a,8.81982,withdraw,6
473843997,2026-06-15T19:09:54Z,1781550594000,0x4a9c4adb8bcb6a7eeed8fc5b220dbd7d2561f214e373d52923fd6eeeb7318105,3,0x64aec3a64c9ba88d5b2a8550463f840e6e164826,0x2df1c51e09aecf9cacb7bc98cb1742757f163df7,21.75,deposit,6
473844033,2026-06-15T19:10:03Z,1781550603000,0x670a532715ccc62fbfcdced615ca3ad83ff22fedd1f81ccc268cc89165941537,0,0xf032648dfd22c4d81588bd83e09ab89cfe816705,0x2df1c51e09aecf9cacb7bc98cb1742757f163df7,116.786162,deposit,6
473844043,2026-06-15T19:10:05Z,1781550605000,0x115042a82e1c83dbb9fb71dc3e81e56fb9b2ce7632daf03f4374f395d2b0ee8c,23,0x2df1c51e09aecf9cacb7bc98cb1742757f163df7,0x62d0e6944b5bddf1c05c7c4b59f32d0db7331c78,27.1,withdraw,6
473844219,2026-06-15T19:10:50Z,1781550650000,0xdb4894202ddfdf52fe644563f5a52dff6aa661c7ea73723d9dad76b3c3e9a0d7,0,0x2df1c51e09aecf9cacb7bc98cb1742757f163df7,0xbc36904aada26868094c2df1305b8a73c90fa3ed,8375.84,withdraw,6
473844358,2026-06-15T19:11:25Z,1781550685000,0x123006a4b92fd63e6480f5a170c4ff35a3d67f3b32ac72f4d9769aaf34b6f8d5,24,0x4da9d207d5f1dda4c8df0ca57f1e155407528e02,0x2df1c51e09aecf9cacb7bc98cb1742757f163df7,136.063441,deposit,6
473844414,2026-06-15T19:11:39Z,1781550699000,0x232ac0ce0fa806a2a29fe6a6bd7261dda50d2f69751b4b446ba134dbad01f89c,500,0x2df1c51e09aecf9cacb7bc98cb1742757f163df7,0x59d9f670f966bc52a04adf88621d38ed538d1a54,103.71,withdraw,6
473844414,2026-06-15T19:11:39Z,1781550699000,0x232ac0ce0fa806a2a29fe6a6bd7261dda50d2f69751b4b446ba134dbad01f89c,502,0x2df1c51e09aecf9cacb7bc98cb1742757f163df7,0x399de20fc1dcd75a36e00737f89b0e962f420872,149.068253,withdraw,6
473844592,2026-06-15T19:12:24Z,1781550744000,0x712534309c027e7aa9d5cb81f9fee6328b9a8cbc7ec3404268c6c7b7565de10c,1,0x2df1c51e09aecf9cacb7bc98cb1742757f163df7,0xe655523d1760b059f92308953c84db78123d693d,217.64,withdraw,6
473844798,2026-06-15T19:13:15Z,1781550795000,0x662b7cbc10daccd3903c3547f6a71baf06be71fc92257eda98fcd0d54c896aa6,4,0x2df1c51e09aecf9cacb7bc98cb1742757f163df7,0xc869db330be7bee0c9f63b8d1a1fc64ce0b58558,8.22,withdraw,6
473844798,2026-06-15T19:13:15Z,1781550795000,0x662b7cbc10daccd3903c3547f6a71baf06be71fc92257eda98fcd0d54c896aa6,6,0x2df1c51e09aecf9cacb7bc98cb1742757f163df7,0x576bfa198e5c215b554c6e93d0178302ecdfd829,93.87,withdraw,6
473844875,2026-06-15T19:13:35Z,1781550815000,0x2c7f45cbfe9cff66cec27c9d885b739633cad308f0366c437096b830eb603f74,1,0x630dfe94383a326c24aaf4b8fdaee867af5145e2,0x2df1c51e09aecf9cacb7bc98cb1742757f163df7,575.2667,deposit,6
473844912,2026-06-15T19:13:44Z,1781550824000,0x2e5809fae7d32bc04adacd0ea8551ed6fdc34ee98d639f0f484039fa09c37774,1,0x9d99aace5502d0bad747af33ccb1199b866893bf,0x2df1c51e09aecf9cacb7bc98cb1742757f163df7,28.271585,deposit,6
473844917,2026-06-15T19:13:45Z,1781550825000,0x3fe9ee2cbd85adf5e9174cd5871b25ca2f139e59a7b559806cc4ab6092acc7d5,0,0x2df1c51e09aecf9cacb7bc98cb1742757f163df7,0xe1dce371d633932065e8c939c7df5e8396e470ea,14.0,withdraw,6
473845083,2026-06-15T19:14:27Z,1781550867000,0x6c530d30eb740e26c0b6ec1d63a6ec91bcadac433cd2f75fe7073fdcd8889fe2,18,0x2df1c51e09aecf9cacb7bc98cb1742757f163df7,0xe40ab447d6538f7e94b2dff6a14052c71374d097,50.58,withdraw,6
473845172,2026-06-15T19:14:50Z,1781550890000,0x71db7c5573f5ee9577c3ca638f9de9869aab8f02b523b122597a1117a84ba734,5,0xcf2b484e71ddbf11795563110aac6bea9e599baa,0x2df1c51e09aecf9cacb7bc98cb1742757f163df7,11.175244,deposit,6
473845223,2026-06-15T19:15:03Z,1781550903000,0x49f97e9d06f9fad1f9abe90574b722cc4eff379961d0fca985a50f6ffc97e705,0,0x97c03ef569a4e07ef88c6280b586f75a8dd8ce8a,0x2df1c51e09aecf9cacb7bc98cb1742757f163df7,1998.767771,deposit,6
473845299,2026-06-15T19:15:22Z,1781550922000,0x7f2ac19ae475c03003a69ad7acc454eea9cdb64e39560b7836855d848a7fc95c,1,0x2df1c51e09aecf9cacb7bc98cb1742757f163df7,0x1e24fdde94cdf4b4fb35558a910762ece54e096a,54.09,withdraw,6
473845299,2026-06-15T19:15:22Z,1781550922000,0x7f2ac19ae475c03003a69ad7acc454eea9cdb64e39560b7836855d848a7fc95c,3,0x2df1c51e09aecf9cacb7bc98cb1742757f163df7,0x12b1f227b5bdaa31914c9d7c417619addd299ae8,7688.58,withdraw,6
473845303,2026-06-15T19:15:23Z,1781550923000,0x4f8eec7787ef752c9bba947ea5d3109ae72991ac1e868bcd28828025dc95469f,0,0xa4e33be0b96c1ec4031f2db53dcd5660621ce3ec,0x2df1c51e09aecf9cacb7bc98cb1742757f163df7,36934.0,deposit,6
473845306,2026-06-15T19:15:24Z,1781550924000,0x5ce891beb198beb920de09a5190cf6ace4ea0d55a348cfbe1ef33a8fcf9ea867,6,0x51e688dd3b09372cf2883f8044bb4697f5f1bb40,0x2df1c51e09aecf9cacb7bc98cb1742757f163df7,107.55871,deposit,6
473845411,2026-06-15T19:15:50Z,1781550950000,0x0f0d6cd8fc1ddd0a3d0d7081269bb34e1cb78b9ada8dfd812e79c83871fa1508,4,0x5d63931a7a5f218fcb281174b12239d99020a27a,0x2df1c51e09aecf9cacb7bc98cb1742757f163df7,13.416948,deposit,6
473845444,2026-06-15T19:15:58Z,1781550958000,0x9165c4935c84dee5b180d2cb3d62cbf8928e50e1eb55aed53cfde26cba1b29a6,1,0x7e3a2837dc8e56e986fe7daf8e8677bfb3ae715f,0x2df1c51e09aecf9cacb7bc98cb1742757f163df7,4973.456273,deposit,6
473845608,2026-06-15T19:16:38Z,1781550998000,0x9ae8e1f3fcecf819aa320ee42c47742ba23fbef865460d34bd6e1a8983a3d5b3,0,0x2df1c51e09aecf9cacb7bc98cb1742757f163df7,0xed511b85dd1c5fa37dc4f16960e9da0983a54fee,39.0,withdraw,6
473845737,2026-06-15T19:17:11Z,1781551031000,0x38f1b5addbd0d37b2fdfa906702f7e992a87c11982a6c4c86bd9544a39b4b178,1,0xc54d19124418b4246f0805cc96418d664e0512e6,0x2df1c51e09aecf9cacb7bc98cb1742757f163df7,5.0,deposit,6
473845799,2026-06-15T19:17:26Z,1781551046000,0xb3a0fdd6adb09fb114e01e3e37c254cd782c7fed74fb8b809c4262a35938871c,1,0xd83f689db3c5bd6c22b2fa62d1217fc8b5cc6d2b,0x2df1c51e09aecf9cacb7bc98cb1742757f163df7,10.46,deposit,6
473846197,2026-06-15T19:19:06Z,1781551146000,0x77b3c4873644be45619e92b594edf10b65d29352103dd0d502625e4dd043f36a,6,0x75e322e249730d007bc072a76249027b13bac75f,0x2df1c51e09aecf9cacb7bc98cb1742757f163df7,70000.0,deposit,6
473846199,2026-06-15T19:19:07Z,1781551147000,0xbbc415b3ddf6f34fefe8c4dad535f0d7732dc4e2d2f736c4e184b03fb496527d,40,0x2df1c51e09aecf9cacb7bc98cb1742757f163df7,0x5798e35b5e43e28d92c5092a8f81fec0d3b78afd,65.15,withdraw,6
473846207,2026-06-15T19:19:09Z,1781551149000,0x8f02a7086904211a59b65dff7169deca364b21f0822d1ee56374d87ac5bdda9b,0,0xc5327054b7ac55907b593a95fad73a5092ababd8,0x2df1c51e09aecf9cacb7bc98cb1742757f163df7,199.945989,deposit,6
473846331,2026-06-15T19:19:40Z,1781551180000,0x5092256b631dcb2c8a564000760c74464cf3d0426e857b5b09c51ca064aaa691,34,0xa8f557d9fef4a33f749d3ba3f5760ae6a9e131e5,0x2df1c51e09aecf9cacb7bc98cb1742757f163df7,99.729479,deposit,6
473846371,2026-06-15T19:19:50Z,1781551190000,0x31efde3ff1719cd793e0c14b97623e96b27fb80662ff7ed82dbef5c5c72586ee,12,0xa8f557d9fef4a33f749d3ba3f5760ae6a9e131e5,0x2df1c51e09aecf9cacb7bc98cb1742757f163df7,99.729479,deposit,6
473846392,2026-06-15T19:19:55Z,1781551195000,0x518b41d55ff205d1f0664171f9c54b77ec86a27d3e2a198ac1f44061596ec548,0,0x2df1c51e09aecf9cacb7bc98cb1742757f163df7,0x419e26073e95785abd964b1966a85117adc332ef,94.86,withdraw,6
473846488,2026-06-15T19:20:19Z,1781551219000,0x3309b68dbe74d67470af50031d3bcc82bf0c687e73fb32a8442068c52ff4d1bd,1,0x2df1c51e09aecf9cacb7bc98cb1742757f163df7,0x7f0218c4c9c25259ea610da4d7e54ec9b975e6dd,10978.998358,withdraw,6
473846672,2026-06-15T19:21:05Z,1781551265000,0x012bd200f526aa4dd6669a2e339c8e1d7c6c1618b22753435aaa21c1bc184380,0,0x2df1c51e09aecf9cacb7bc98cb1742757f163df7,0x36cbf0aa17efc2b8211da122fce3eca0a41ba396,13.93,withdraw,6
473846771,2026-06-15T19:21:30Z,1781551290000,0x43bd51ccc28749791dcadf61d6f2b97cc00331a089e641de152550e481c411fc,5,0x2df1c51e09aecf9cacb7bc98cb1742757f163df7,0xebe5a23b1e4469933a30b7e9bf759893ac73ec48,5.13,withdraw,6
473846820,2026-06-15T19:21:43Z,1781551303000,0xd36e77d1f3947239ce3e8fd6ee08e394c3bc191c07980206b1cfb46a6ba7405b,15,0xea15d40fe92337e2eb0c1d910f73b8c26ffa1f19,0x2df1c51e09aecf9cacb7bc98cb1742757f163df7,9.8,deposit,6
473846854,2026-06-15T19:21:51Z,1781551311000,0xd39d0951b7dea493bb4f839d5a9a3ddcbe666ff0be11b17c1851ddde7410129d,2,0x8416ed45ad2ab6bc0fcf739d5f631cef33969cfb,0x2df1c51e09aecf9cacb7bc98cb1742757f163df7,136.500414,deposit,6
473846947,2026-06-15T19:22:15Z,1781551335000,0xc70c2b423537ed60838036849fc0f8ae596309bde86a07a93b74f6cd89d40c32,72,0x2df1c51e09aecf9cacb7bc98cb1742757f163df7,0x7725a7f2bb0e1c448d6fe361d53c840486ec6557,19787.0,withdraw,6
473847052,2026-06-15T19:22:40Z,1781551360000,0x428e1a5d87550f71e04f0cf228a3a077f4d676dde305baaf1d5703318404bb83,62,0x2df1c51e09aecf9cacb7bc98cb1742757f163df7,0xe81a6cff0fbbdbf1fc42308619a520e203808281,127.037068,withdraw,6
473847052,2026-06-15T19:22:40Z,1781551360000,0x428e1a5d87550f71e04f0cf228a3a077f4d676dde305baaf1d5703318404bb83,64,0x2df1c51e09aecf9cacb7bc98cb1742757f163df7,0x47c9add62cb995d77b841dd70ccb262742a29329,9.2,withdraw,6
473847115,2026-06-15T19:22:56Z,1781551376000,0x502d6d156ac5663653c1b4cda62b41dfbd755f78df70a5b1514be90049c6bac1,1,0xe81a6cff0fbbdbf1fc42308619a520e203808281,0x2df1c51e09aecf9cacb7bc98cb1742757f163df7,127.037068,deposit,6
473847139,2026-06-15T19:23:02Z,1781551382000,0x756f0a83224590ae5319f3461f05e83bede471a06c11fcd3864abbc1b2129367,57,0x2df1c51e09aecf9cacb7bc98cb1742757f163df7,0x48594ff05cceb4f62aabb9be15a141c204661f0b,2987460.0,withdraw,6
473847151,2026-06-15T19:23:05Z,1781551385000,0xe5bec49743edb98156cd024ffe0b9e9f2b52145c1ecf4d79f1f59080e752a5be,1,0x9d99aace5502d0bad747af33ccb1199b866893bf,0x2df1c51e09aecf9cacb7bc98cb1742757f163df7,92.733032,deposit,6
473847353,2026-06-15T19:23:56Z,1781551436000,0x0d09f163d5d961c076282d6ade1496531fd739d1d957555ad7d451956bcbd11b,0,0x2df1c51e09aecf9cacb7bc98cb1742757f163df7,0x8c8534b7cef0756bb8c894a445b898e10191f2a8,5252.99836,withdraw,6
473847422,2026-06-15T19:24:13Z,1781551453000,0x394ae0256b1e9d3c931e68c12560def8d33776ec0e7fc9d6926049a4e0c77da6,0,0x5fbc6cd550f5219a8c9db01508bee63ea1cc70af,0x2df1c51e09aecf9cacb7bc98cb1742757f163df7,90.333159,deposit,6
473847495,2026-06-15T19:24:32Z,1781551472000,0xa5349b581fcea75b60f8e1a3ccfa52cfa55ae34a95a8fb5cf41840b17a2163e2,2,0xea15d40fe92337e2eb0c1d910f73b8c26ffa1f19,0x2df1c51e09aecf9cacb7bc98cb1742757f163df7,499.8,deposit,6
473847623,2026-06-15T19:25:04Z,1781551504000,0x2145e9dfd4a8ce3ecea29cf0d3f8ca18d9664e2cfb9ae960a29492ced440ee3a,0,0xf032648dfd22c4d81588bd83e09ab89cfe816705,0x2df1c51e09aecf9cacb7bc98cb1742757f163df7,1356.164867,deposit,6
473847912,2026-06-15T19:26:17Z,1781551577000,0xf08131cbb567cdfe14aa8cc32e09ea842fd591860a148264d0c111dd1c1ccfd3,0,0x2568cc3db010b13d612582cc4df0ea67072364dc,0x2df1c51e09aecf9cacb7bc98cb1742757f163df7,1000.0,deposit,6
473847990,2026-06-15T19:26:36Z,1781551596000,0x20618a6178f26ce32fed7eb6224eb9ea96839a9cc2106f517956d1d5be070ac3,16,0xed511b85dd1c5fa37dc4f16960e9da0983a54fee,0x2df1c51e09aecf9cacb7bc98cb1742757f163df7,20.0,deposit,6
473848105,2026-06-15T19:27:05Z,1781551625000,0xdad6be520cc059649eb70b837baf9e162933884d7094450a8833f9160463729f,30,0x495ca5b6a295796017acf459332b9436a1b10c30,0x2df1c51e09aecf9cacb7bc98cb1742757f163df7,2449.78,deposit,6
473848234,2026-06-15T19:27:38Z,1781551658000,0xab17234e233ca9ee7fa1465c6f703f41e938c3af79b5034cbedc3e5a2cd45499,11,0x2df1c51e09aecf9cacb7bc98cb1742757f163df7,0x51f63885534cb494f4592a0311551f369bff2b39,33380.0,withdraw,6
473848234,2026-06-15T19:27:38Z,1781551658000,0xab17234e233ca9ee7fa1465c6f703f41e938c3af79b5034cbedc3e5a2cd45499,13,0x2df1c51e09aecf9cacb7bc98cb1742757f163df7,0x7725a7f2bb0e1c448d6fe361d53c840486ec6557,42921.0,withdraw,6
473848547,2026-06-15T19:28:55Z,1781551735000,0x3bc3e5fcdff35811a5b93970a9184d4e4f9f8caf5f7c59f2a507cd1d5217bd01,0,0x2df1c51e09aecf9cacb7bc98cb1742757f163df7,0xcd900a474959827acb6ffc00797a88ece73e1146,394.841105,withdraw,6
473848624,2026-06-15T19:29:14Z,1781551754000,0x79f27d726fec0fd3c3d08af62e2fb0397531e9abc70d9aa6d44a97ba0b8a5ff9,13,0x43f68333e1ead7869a7814648ba61c99200d508c,0x2df1c51e09aecf9cacb7bc98cb1742757f163df7,2707.716455,deposit,6
473848710,2026-06-15T19:29:36Z,1781551776000,0x64bc1502b5f8ecbdf4c30f3cb4f42e0b2c7fb06c99faa05a87c78510413f2112,0,0x8cc94dc843e1ea7a19805e0cca43001123512b6a,0x2df1c51e09aecf9cacb7bc98cb1742757f163df7,600000.0,deposit,6
473848874,2026-06-15T19:30:18Z,1781551818000,0x61ed8dc33a846d44b73d083a63a3d2dd685b00e4fbbd936fd51895bc26c6db08,8,0xe19a52297c5d7b4d3b1181c62ffa6fa9e06d0d42,0x2df1c51e09aecf9cacb7bc98cb1742757f163df7,202.5694,deposit,6
473849266,2026-06-15T19:31:56Z,1781551916000,0x2ffa7d803881a702825dcb0ccc721e9fb3f32d074c7ff76c569baff834f065e2,12,0x7f06635010f9420ba9c091527724c5bdf0ec5848,0x2df1c51e09aecf9cacb7bc98cb1742757f163df7,10.680263,deposit,6
473849335,2026-06-15T19:32:14Z,1781551934000,0x315f36ead3f030edc7598428f65959aaa3c9492ea0109f419fed03f39635d370,0,0x2df1c51e09aecf9cacb7bc98cb1742757f163df7,0x9673ece36e2edbb93d3c691cd1f090e5ae7fa414,20.31,withdraw,6
473849335,2026-06-15T19:32:14Z,1781551934000,0x315f36ead3f030edc7598428f65959aaa3c9492ea0109f419fed03f39635d370,2,0x2df1c51e09aecf9cacb7bc98cb1742757f163df7,0xda8641b64b0f512b93e0bb7ec00b7a21dea31e2f,19.45,withdraw,6
473849619,2026-06-15T19:33:25Z,1781552005000,0x2814578e855c19930debc4afa930e70b2c593a6a3511b8591d134c5fea28f405,0,0x2df1c51e09aecf9cacb7bc98cb1742757f163df7,0x27c2e2acbdbf4c50c506b9ec3c9ef0a786f61445,11.37,withdraw,6
473849808,2026-06-15T19:34:12Z,1781552052000,0xe575a7808d47e30f40d5febf447f60b379157287590a35485287ad6fa53ffef3,3,0x2df1c51e09aecf9cacb7bc98cb1742757f163df7,0x7725a7f2bb0e1c448d6fe361d53c840486ec6557,6661.0,withdraw,6
473849998,2026-06-15T19:35:00Z,1781552100000,0x8bcb9f1fb0464c807603cb3a51dc514b4d29a4b38fa31ea6236e5e7b62f3645b,0,0x2df1c51e09aecf9cacb7bc98cb1742757f163df7,0x4d53cf05e7c2a3a7907b2fd11e6178a83d5d02d2,30.99,withdraw,6
473850020,2026-06-15T19:35:05Z,1781552105000,0x9669da3397f43ca14fb237f781075325b104532d134eb50c1d12b6ec80fe278e,58,0xf032648dfd22c4d81588bd83e09ab89cfe816705,0x2df1c51e09aecf9cacb7bc98cb1742757f163df7,1028.33589,deposit,6
473850094,2026-06-15T19:35:23Z,1781552123000,0x6f1c6c8d15b7fa304de5408a0beca8b4798b678e7f470614ae7360df77292454,0,0x2df1c51e09aecf9cacb7bc98cb1742757f163df7,0x9203f25cd9a8d08d72207b877c9998fac7803dc7,49.0,withdraw,6
473850720,2026-06-15T19:38:00Z,1781552280000,0x66d37ce6df5d51f171680e2c249f4500e444f2562e4ffb07f9e2218a6e554abd,1,0xa31be636f842c4950ccdf2817a2a1715dd4561ad,0x2df1c51e09aecf9cacb7bc98cb1742757f163df7,33.75906,deposit,6
473850950,2026-06-15T19:38:58Z,1781552338000,0xd2efe4d53bd2677b60ebdeea6eb636640d78ba049eacfb65e17b546e559f452a,0,0x2df1c51e09aecf9cacb7bc98cb1742757f163df7,0x0306e537b9171ef9c734997400cbe7c934524cbe,61.794979,withdraw,6
473850958,2026-06-15T19:39:00Z,1781552340000,0x94841d95dcdefb23a003849c3edeec6e7ae885445b56b737e79df3f83765fd75,10,0xde3c3f529e79a63bf6802a280caf33be04b28a95,0x2df1c51e09aecf9cacb7bc98cb1742757f163df7,27.604467,deposit,6
473851044,2026-06-15T19:39:21Z,1781552361000,0xd872277e256900b391634cf22be2c5a9b6a6617cd7b93aec579573fe65277ce9,1,0xb7fda8e3ab9ecc96fcea6ccf02f19fd5004864a0,0x2df1c51e09aecf9cacb7bc98cb1742757f163df7,9.9,deposit,6
473851051,2026-06-15T19:39:23Z,1781552363000,0xede037727fdeaf9c8680756a763cc0cabb71aa1de82727c1a757e069f63d8832,0,0x2df1c51e09aecf9cacb7bc98cb1742757f163df7,0x698fa9d90a61a190648cbb9e0e938ba0735e32a8,1099.0,withdraw,6
473851095,2026-06-15T19:39:34Z,1781552374000,0xefc636f280d91fe3142e05d9f412f162c7fd6519d455a34542243725dc6bae30,1,0xcb358858edd986dee62742156726aba0fc493ac8,0x2df1c51e09aecf9cacb7bc98cb1742757f163df7,103.519762,deposit,6
473851210,2026-06-15T19:40:03Z,1781552403000,0x60569a4c5d492c9e17b11a627ee1c39b46288d30dccac080052742eec6ae7037,2,0xf032648dfd22c4d81588bd83e09ab89cfe816705,0x2df1c51e09aecf9cacb7bc98cb1742757f163df7,395.938453,deposit,6
473851307,2026-06-15T19:40:28Z,1781552428000,0xcb69e9da7066adb9b1a6aab678f50de6d38459a615ebc32876f2ba8ee8358563,2,0x6b1683dc5a873f63e837bcd41d7aa7cd451030ad,0x2df1c51e09aecf9cacb7bc98cb1742757f163df7,100.0,deposit,6
473851378,2026-06-15T19:40:46Z,1781552446000,0x50b49f34abaf35dda2ad33197c9f8ea010f49a3a06ec81083596d0d4be04aab2,1,0x00ac208091341b8c0c99b8d10dbc224c5dbcbdc0,0x2df1c51e09aecf9cacb7bc98cb1742757f163df7,13.284141,deposit,6
473851553,2026-06-15T19:41:30Z,1781552490000,0xcdc892f483e98d84e0999dcf7d3ba8d652aeaf790d6d2d55bac509972c3ed473,0,0x2df1c51e09aecf9cacb7bc98cb1742757f163df7,0xd9148f274e861105ab26805763cd087968fda4ce,124.37,withdraw,6
473851585,2026-06-15T19:41:37Z,1781552497000,0xff6e30a49072761b207c7df1bd62761a5293caa308e6dbd7d66fdaa1354ad47d,1,0x0ab76f00c5033ab30c42d6eef6bd75a9dd011653,0x2df1c51e09aecf9cacb7bc98cb1742757f163df7,2498.8,deposit,6
473851943,2026-06-15T19:43:07Z,1781552587000,0x90a7df30d31f548fb92f34097471872d7347cde2ec6dd0c974f3ba560e729087,0,0x2df1c51e09aecf9cacb7bc98cb1742757f163df7,0xdbf58752fad773073ca24c04f4b9e04249d82d2a,582.500092,withdraw,6
473852174,2026-06-15T19:44:05Z,1781552645000,0x9092f706607c4a8a1c8129d6aa6d9e4f1d0125a60b0677362982b4664e6466ca,1,0x51ca7afccbd566db8bef674af1fdcf6710f92a63,0x2df1c51e09aecf9cacb7bc98cb1742757f163df7,101.841953,deposit,6
473852377,2026-06-15T19:44:56Z,1781552696000,0x1e77478f9a9f7dcd3a8a916a2bdbf43cd81dd6a7e52ebc8c1098b6225ceb291d,21,0x6641170e14b055f9d6dc9aa571d66502e95e0842,0x2df1c51e09aecf9cacb7bc98cb1742757f163df7,92.115,deposit,6
473852437,2026-06-15T19:45:11Z,1781552711000,0x4bc2f373086ae51d48afc22f7f940a5c29384d9acd0c062c90e4ed8a6f78d951,1,0x2df1c51e09aecf9cacb7bc98cb1742757f163df7,0x4b2ea94afe5574ff994dbcd691e99961c567e163,599.0,withdraw,6
473852437,2026-06-15T19:45:11Z,1781552711000,0x4bc2f373086ae51d48afc22f7f940a5c29384d9acd0c062c90e4ed8a6f78d951,3,0x2df1c51e09aecf9cacb7bc98cb1742757f163df7,0xad69a764c1bdc1dc6a7c32f7370c33d7d258b549,28.81,withdraw,6
473852439,2026-06-15T19:45:12Z,1781552712000,0x798f93a7e0ac8d4f137fe81d1c46fcc995d776c0e492f45f920f19c248ab34e5,1,0x408e8efb4151d50b38b01274b047761fcc03ca13,0x2df1c51e09aecf9cacb7bc98cb1742757f163df7,99.820044,deposit,6
473852468,2026-06-15T19:45:19Z,1781552719000,0xe8b221461984ea462616ccccb07114c398840c8aefa9bdce12be3e90c3d702a0,1,0xf032648dfd22c4d81588bd83e09ab89cfe816705,0x2df1c51e09aecf9cacb7bc98cb1742757f163df7,633.367995,deposit,6
473852551,2026-06-15T19:45:40Z,1781552740000,0x8588d190615de52c5ad2e17c2299b7949404001c9baad07b4a3afea4b1a52f85,0,0x2df1c51e09aecf9cacb7bc98cb1742757f163df7,0x519391e275b87bb273f9de9a4360edca89cd5a8e,49.0,withdraw,6
473852555,2026-06-15T19:45:41Z,1781552741000,0x36fdf7ad787c691018b1ff2c4aac3f41197660ea0bcd186fd611b67bf92b96d6,2,0x20551041ae3316f1b27731132e80d0a73dceaabe,0x2df1c51e09aecf9cacb7bc98cb1742757f163df7,35.0,deposit,6
473852659,2026-06-15T19:46:07Z,1781552767000,0x31a3d804e957f202cdd1af073578cc7ac5113cdc324a4a0cd83f968a40d411be,1,0x2df1c51e09aecf9cacb7bc98cb1742757f163df7,0xa5497a36a012ecf856df5967cd94867ed6f9ed24,7.9,withdraw,6
473852659,2026-06-15T19:46:07Z,1781552767000,0x31a3d804e957f202cdd1af073578cc7ac5113cdc324a4a0cd83f968a40d411be,3,0x2df1c51e09aecf9cacb7bc98cb1742757f163df7,0xdb0e50d2e733d566592a2aaefbdc4074cc6b56c5,16.35,withdraw,6
473852659,2026-06-15T19:46:07Z,1781552767000,0x31a3d804e957f202cdd1af073578cc7ac5113cdc324a4a0cd83f968a40d411be,5,0x2df1c51e09aecf9cacb7bc98cb1742757f163df7,0x3b1bf07534797aa85a251bcc3b7cea20652df6a1,499.0,withdraw,6
473852659,2026-06-15T19:46:07Z,1781552767000,0x31a3d804e957f202cdd1af073578cc7ac5113cdc324a4a0cd83f968a40d411be,7,0x2df1c51e09aecf9cacb7bc98cb1742757f163df7,0x5737c5a4dfe7b3d3c507c5bae03ecda82a55b328,8.0,withdraw,6
473852761,2026-06-15T19:46:33Z,1781552793000,0x5b8b43f383afbf9e099ec9bb5b733be1f218184bdb5bace1d7086ed79c57f1c7,0,0x2df1c51e09aecf9cacb7bc98cb1742757f163df7,0x2aac00c626af55f0cffe886f386b10eb55eb94d2,96.0,withdraw,6
473852868,2026-06-15T19:46:59Z,1781552819000,0xaddc5c5b7d55f7f39ed9965445d9e8f52fca5c966d93b3b33475ead3fdae9b51,11,0x2df1c51e09aecf9cacb7bc98cb1742757f163df7,0xebe29bf05dff8faa6c3df0c83a6ce02dc5656749,17.41,withdraw,6
473852868,2026-06-15T19:46:59Z,1781552819000,0xaddc5c5b7d55f7f39ed9965445d9e8f52fca5c966d93b3b33475ead3fdae9b51,13,0x2df1c51e09aecf9cacb7bc98cb1742757f163df7,0x4806525b92bcdd660734b825a5b4ad3783ad22a4,243313.06,withdraw,6
473852961,2026-06-15T19:47:23Z,1781552843000,0x1be604f9e3bb997c2bc729a797004ca510f90e32a288c7e0f7e05cbbe370dbbd,0,0x2df1c51e09aecf9cacb7bc98cb1742757f163df7,0x5dc9cbed10abd318f5b80501770168b663b923e6,11.23,withdraw,6
473853075,2026-06-15T19:47:50Z,1781552870000,0x65be02c8c872657df641816b6255a8aaef5e1c9f6a2e4b8964603f3d77908005,0,0x2df1c51e09aecf9cacb7bc98cb1742757f163df7,0x33c899099a7f5359641640c7b2c1b88bbda7b02f,4.0,withdraw,6
473853115,2026-06-15T19:48:00Z,1781552880000,0x00cc904c010df949a8f6574f6355ac9020f0777c7c4b4ddd0fa8b55682a35901,56,0xc45b178b2a09d5a9f4a0d906c26a57ab84e3a9a3,0x2df1c51e09aecf9cacb7bc98cb1742757f163df7,932.519407,deposit,6
473853269,2026-06-15T19:48:39Z,1781552919000,0xd56e7d45e44701b1f7b5c9857cbab87b5c1ba237d01ea0721430895334c7f975,0,0x2df1c51e09aecf9cacb7bc98cb1742757f163df7,0x9e422766b1508e9b4de4ec82f696f65e49468c8d,34.0,withdraw,6
473853272,2026-06-15T19:48:40Z,1781552920000,0x993e653b6cea2fba8e181bc93c402e9f4bb2077c5560e21795072e9fcbb07c75,1,0x91fd6db0942ae997db40f0b42049714adb359841,0x2df1c51e09aecf9cacb7bc98cb1742757f163df7,10000.0,deposit,6
473853432,2026-06-15T19:49:20Z,1781552960000,0x7547afc561d6c51469288a5968dd6e02a623d69c002f40587fbf9301f20313ed,1,0xf4e5448bc89dbf255d043639cec97fe43127bfc2,0x2df1c51e09aecf9cacb7bc98cb1742757f163df7,16.49,deposit,6
473853514,2026-06-15T19:49:40Z,1781552980000,0x57f91849e2971bf3647f88b62cd376e555cb485e1fd1e3ca30c75ea59227a783,17,0xa4d4a8baa528a4a740b34a4ca941122417c900c1,0x2df1c51e09aecf9cacb7bc98cb1742757f163df7,1179.96605,deposit,6
473853714,2026-06-15T19:50:30Z,1781553030000,0xfc6ae0967314f4a329b8c144cbdf94cb05a12320c7654bdd532244dc6c364338,0,0x2568cc3db010b13d612582cc4df0ea67072364dc,0x2df1c51e09aecf9cacb7bc98cb1742757f163df7,1000.0,deposit,6
473854070,2026-06-15T19:52:00Z,1781553120000,0xe34edf17ee3dd8a9ee3f5643e792a4a817ea6f2d8795bf66118cad0ab62629ae,100,0x2df1c51e09aecf9cacb7bc98cb1742757f163df7,0x519391e275b87bb273f9de9a4360edca89cd5a8e,157.84,withdraw,6
473854079,2026-06-15T19:52:02Z,1781553122000,0xdfe6a12bb14be974a9306b1163dba6f6206aa5f738e703dd266d75f59b42726d,2,0x154105548fe6d387d40fe460cc7af40740fc4029,0x2df1c51e09aecf9cacb7bc98cb1742757f163df7,19.865786,deposit,6
473854229,2026-06-15T19:52:40Z,1781553160000,0x6e0b11bcfb302751e4aad08b08423bad6749eff30546c319ee28cb14231d19be,0,0x886947c3464e6284be2004496d543a38dc9b0a2f,0x2df1c51e09aecf9cacb7bc98cb1742757f163df7,15.945009,deposit,6
473854337,2026-06-15T19:53:07Z,1781553187000,0x4c7818cd7f34425e098e85850c8a65279b59f6f3350ed805f24290ba8e020790,0,0x2df1c51e09aecf9cacb7bc98cb1742757f163df7,0x5ece6bcf23d9c00cda910fb04b76eb0d67c161e2,360.066137,withdraw,6
473854503,2026-06-15T19:53:49Z,1781553229000,0x77940a2afa920286543a167acc0f867695523b81aaca93fba519bdb04e4741eb,6,0xa3b3586ce701fba9506efab96cd9e20adb2390ef,0x2df1c51e09aecf9cacb7bc98cb1742757f163df7,6520.0,deposit,6
473854705,2026-06-15T19:54:39Z,1781553279000,0xca7b4c6d4666ff2673757ca4560e51b5cc1369f69c61fe98485f8311d5588078,6,0x2df1c51e09aecf9cacb7bc98cb1742757f163df7,0xbb2a56136f4e08dfc5e0f0255695db3b85019e9e,30.42,withdraw,6
473854860,2026-06-15T19:55:18Z,1781553318000,0x5889ffce5a44a2c86e9b8c62df642059b22de15f948faef29c528276f754a434,2,0xcd50fbe5eeecd7da20d8265c12d3cbb893b133ee,0x2df1c51e09aecf9cacb7bc98cb1742757f163df7,125.2,deposit,6
473854930,2026-06-15T19:55:36Z,1781553336000,0x9f76d7b2d6609af08bc5629f9add87a6df65a25f89855dee0a4b4767d920ebf5,4,0x36ef782734a42e665ca8fe0a08e2c40a7e6c2934,0x2df1c51e09aecf9cacb7bc98cb1742757f163df7,26.005537,deposit,6
473854931,2026-06-15T19:55:36Z,1781553336000,0x090db1cf533a8096919d111764f1c90de5259899c511e9beef4501ec601c1198,2,0x2df1c51e09aecf9cacb7bc98cb1742757f163df7,0x2066200b81f387375d19fb6c20ffd70a495bb69f,9.0,withdraw,6
473855010,2026-06-15T19:55:56Z,1781553356000,0xaf15b62a39a132e79a4cff103e58bc823ab195e925b1893f36fe506e3372da7d,1,0xe84dbf50af55807618e01d291669cffcfb8e5280,0x2df1c51e09aecf9cacb7bc98cb1742757f163df7,205.74,deposit,6
473855149,2026-06-15T19:56:31Z,1781553391000,0x8d165cc6e7cc0ed839a6e430b38eb4d43a4936bebed8e6a6ca6702e0e54d9249,96,0xa08debdb59060a53fea111272276583c93458872,0x2df1c51e09aecf9cacb7bc98cb1742757f163df7,785.0,deposit,6
473855505,2026-06-15T19:58:00Z,1781553480000,0x490e236aa02c338f5043ba3b0eff80f4b32dd4d5340d6b28eb935e02fe79e3dc,0,0x63aca8195a065d93ace4cfa0f453f601d6ee55c1,0x2df1c51e09aecf9cacb7bc98cb1742757f163df7,33.629322,deposit,6
473855677,2026-06-15T19:58:43Z,1781553523000,0x49b751cf64e3638610181a97c70099cd01bafb33b123ed7b2ccd72bd827b3b63,6,0x2df1c51e09aecf9cacb7bc98cb1742757f163df7,0x2066200b81f387375d19fb6c20ffd70a495bb69f,8.0,withdraw,6
473855782,2026-06-15T19:59:10Z,1781553550000,0x82a28648d2e73b3d9a9391338d87f456fb6cf4e0f7ffb220d83290cae4756bbb,5,0x2df1c51e09aecf9cacb7bc98cb1742757f163df7,0x8c8534b7cef0756bb8c894a445b898e10191f2a8,2651.790769,withdraw,6
473856102,2026-06-15T20:00:30Z,1781553630000,0x7924d13c200e6075fede478c825e4643aeec0230b20d660c57f76a6234a57a23,44,0xa8f557d9fef4a33f749d3ba3f5760ae6a9e131e5,0x2df1c51e09aecf9cacb7bc98cb1742757f163df7,99.733643,deposit,6
473856136,2026-06-15T20:00:38Z,1781553638000,0x6bc95aabd2e8e517fcb7771a8e4893ae6c08a4aeabd72ffb26cf6c6af47bb00b,14,0x866ab0c6fe6cc03de266e433bd80183cfa01c3d3,0x2df1c51e09aecf9cacb7bc98cb1742757f163df7,785.6206,deposit,6
473856136,2026-06-15T20:00:38Z,1781553638000,0x6bc95aabd2e8e517fcb7771a8e4893ae6c08a4aeabd72ffb26cf6c6af47bb00b,16,0xe1311ce5a5b8fbee14e24e554f3691479c588e8f,0x2df1c51e09aecf9cacb7bc98cb1742757f163df7,141.529786,deposit,6
473856157,2026-06-15T20:00:43Z,1781553643000,0xd319286b9cb308e3842ea5aca33abf8d551436301e21362ae506580a0aa1f186,0,0x2df1c51e09aecf9cacb7bc98cb1742757f163df7,0xdf80e864d07aee8cb5773601fca1399528334adf,715.57,withdraw,6
473856157,2026-06-15T20:00:43Z,1781553643000,0xd319286b9cb308e3842ea5aca33abf8d551436301e21362ae506580a0aa1f186,2,0x2df1c51e09aecf9cacb7bc98cb1742757f163df7,0x33c899099a7f5359641640c7b2c1b88bbda7b02f,44.9,withdraw,6
473856170,2026-06-15T20:00:46Z,1781553646000,0x574bbbfa3de39d30f84b95fb3dfc8f8b3f7b7895b122d93fd628ea449291aa48,1,0xe4f8a15be3bbb58bb38ba73fa653a6f7bf5d42e1,0x2df1c51e09aecf9cacb7bc98cb1742757f163df7,243.904817,deposit,6
473856201,2026-06-15T20:00:54Z,1781553654000,0x5f9979bf3d679fba05eec16e12c6ef8884d420fb8c4efec2d5b937378daa97d7,19,0x56051c8f4683c7977e7df4ad7495e660210198a7,0x2df1c51e09aecf9cacb7bc98cb1742757f163df7,40.24,deposit,6
473856237,2026-06-15T20:01:03Z,1781553663000,0x978163ee1b6be51971de1ca374d2e220f468bd1af7ddf5468ee3432529b86c27,0,0x2df1c51e09aecf9cacb7bc98cb1742757f163df7,0x154105548fe6d387d40fe460cc7af40740fc4029,7.0,withdraw,6
473856485,2026-06-15T20:02:05Z,1781553725000,0x7335f4f9bb276bde72fe4e124378cc80a6b23abb9754114a2fceceba2c7b4896,1,0x1a355cf91da1b68f13bb7eab76492945e3a761da,0x2df1c51e09aecf9cacb7bc98cb1742757f163df7,2000.0,deposit,6
473856536,2026-06-15T20:02:18Z,1781553738000,0xb17fae6f447ca420a645a24d685c7835664b1e351eab778c5984415e30f30aac,0,0x2df1c51e09aecf9cacb7bc98cb1742757f163df7,0x4b1c09fa8322548360a76a3747e32a60a864bc38,26177.0,withdraw,6
473856604,2026-06-15T20:02:35Z,1781553755000,0x5276a721fa54b2a58ae7dcf05d8c255781f8dbc43bfbdf26d797ad9eb00c037e,4,0x7ee6b077b59f4417bc36d41bb65365644315db10,0x2df1c51e09aecf9cacb7bc98cb1742757f163df7,2733.0,deposit,6
473856619,2026-06-15T20:02:39Z,1781553759000,0x354ba697ef19555b6d68fd2cd0fee33b68f865d78723742fba04ec2fcb7a443e,1,0xa451293bfaaf17cd43dd47f7e12a4eb30bc80c87,0x2df1c51e09aecf9cacb7bc98cb1742757f163df7,16.0,deposit,6
473856666,2026-06-15T20:02:51Z,1781553771000,0xe55d6f81a9651e2f70bab191fc670c26be43465b1ca8ed1b8928d86980a2559e,0,0x2df1c51e09aecf9cacb7bc98cb1742757f163df7,0x7725a7f2bb0e1c448d6fe361d53c840486ec6557,534.0,withdraw,6
473856721,2026-06-15T20:03:04Z,1781553784000,0x88dbf61afa1067268ae40bac9335d30d7d440fed36ed000747f6862b207869b7,1,0x7ee6b077b59f4417bc36d41bb65365644315db10,0x2df1c51e09aecf9cacb7bc98cb1742757f163df7,5680.0,deposit,6
473856735,2026-06-15T20:03:08Z,1781553788000,0xe6ba637f4d748ddad854d1094c5a1b13a01f00df558f8bce2b5901d09bfe2e93,10,0x2df1c51e09aecf9cacb7bc98cb1742757f163df7,0xf4f1e090b5da7f2bf3bd354632afef25a4d061c7,24.66,withdraw,6
473856797,2026-06-15T20:03:24Z,1781553804000,0x5167fe6315d2ae1578bc89516b29a291efadc6eb5f0132a499051b1198c7bbe2,0,0xf032648dfd22c4d81588bd83e09ab89cfe816705,0x2df1c51e09aecf9cacb7bc98cb1742757f163df7,478.162237,deposit,6
473856821,2026-06-15T20:03:30Z,1781553810000,0x47508eee31f513a33f38585f8eff39510de30a6c77e4a37949ff900ea20f8824,5,0xf4f1e090b5da7f2bf3bd354632afef25a4d061c7,0x2df1c51e09aecf9cacb7bc98cb1742757f163df7,24.66,deposit,6
473856889,2026-06-15T20:03:47Z,1781553827000,0x370ab5b3f12bf8f5cf21992897e05dec213dfcc04ba8996b0797257dadf09e71,12,0xafa88a2f075de96934bc0eeb2eb846091355a112,0x2df1c51e09aecf9cacb7bc98cb1742757f163df7,5000.0,deposit,6
473856926,2026-06-15T20:03:56Z,1781553836000,0xea68c767418e76440a87e735f126ba391d6b1b67c153958f57b295579b895598,1,0x2df1c51e09aecf9cacb7bc98cb1742757f163df7,0x64e1ca4da1120f9bdefabfec6ecdba07fda4d62b,46.600656,withdraw,6
473856926,2026-06-15T20:03:56Z,1781553836000,0xea68c767418e76440a87e735f126ba391d6b1b67c153958f57b295579b895598,3,0x2df1c51e09aecf9cacb7bc98cb1742757f163df7,0x1c798daa9ba08ee07f6959b3678cfa7aa5d810dd,7.001885,withdraw,6
473856926,2026-06-15T20:03:56Z,1781553836000,0xea68c767418e76440a87e735f126ba391d6b1b67c153958f57b295579b895598,5,0x2df1c51e09aecf9cacb7bc98cb1742757f163df7,0x3d0e3d0f8de3b57d1f4404f17161b5eb2cac9714,2464.0,withdraw,6
473856926,2026-06-15T20:03:56Z,1781553836000,0xea68c767418e76440a87e735f126ba391d6b1b67c153958f57b295579b895598,7,0x2df1c51e09aecf9cacb7bc98cb1742757f163df7,0x7ee6b077b59f4417bc36d41bb65365644315db10,62674.0,withdraw,6
473856999,2026-06-15T20:04:15Z,1781553855000,0x15a8db5dedd5697c14e76dc529b2dc3b4fe557678d447c78abef842ba13e90a5,2,0xe25baf2e2b7c82e1ee1b2b8c0f1075ae236b418a,0x2df1c51e09aecf9cacb7bc98cb1742757f163df7,49.999762,deposit,6
473857026,2026-06-15T20:04:22Z,1781553862000,0x73efdcb707ecf39ea603103ba0733f1ed1f574533d790e4cfad4f01f8d3b6d20,1,0x2df1c51e09aecf9cacb7bc98cb1742757f163df7,0x5d63931a7a5f218fcb281174b12239d99020a27a,13.157788,withdraw,6
473857026,2026-06-15T20:04:22Z,1781553862000,0x73efdcb707ecf39ea603103ba0733f1ed1f574533d790e4cfad4f01f8d3b6d20,3,0x2df1c51e09aecf9cacb7bc98cb1742757f163df7,0xeefc0f32b4c939b962a71812547f2eb6ce349f1e,7.0,withdraw,6
473857136,2026-06-15T20:04:49Z,1781553889000,0xbd493a55e0a65da826dfd35c2000949368652a80bd1d53d914660f692579b4a8,0,0x7ee6b077b59f4417bc36d41bb65365644315db10,0x2df1c51e09aecf9cacb7bc98cb1742757f163df7,1376.0,deposit,6
473857139,2026-06-15T20:04:50Z,1781553890000,0xd8aa41c5fbb559eacc01a3eccdf1302cd262bb0aed14be78c2f4e657c77c9caa,6,0xa126f8cce9a2f99169c0c826c9cec1633d2c4811,0x2df1c51e09aecf9cacb7bc98cb1742757f163df7,35.0,deposit,6
473857143,2026-06-15T20:04:51Z,1781553891000,0xecd09975c3d04c893bfbd766993e281c7694e5fb734d0f8f9a6c2aa637b1dc51,1,0x8626c0ef2e27d8ae67c31bd9148e45f3c4ec4821,0x2df1c51e09aecf9cacb7bc98cb1742757f163df7,499.996463,deposit,6
473857174,2026-06-15T20:04:59Z,1781553899000,0x6d7d08dfbaa5467b2f95583ea1f28162b249b362ce62db6be2a6acd1a4fcc3b9,0,0x587f222309bed7fe4650abf28ea79fc3b65b4928,0x2df1c51e09aecf9cacb7bc98cb1742757f163df7,27.380815,deposit,6
473857174,2026-06-15T20:04:59Z,1781553899000,0xacfc8cc6eef451b22e13c3615e4bf5a0571493d421c0f2dd3d85ecaf991fbd92,1,0x095dcce27a6809d3ad3264dc997e0b1611bfddcd,0x2df1c51e09aecf9cacb7bc98cb1742757f163df7,1989.3,deposit,6
473857191,2026-06-15T20:05:03Z,1781553903000,0xcd959f4034d70e9c32ebdfedc97270d99d97d3aecd5aaac53040c3e2af29ece0,0,0xf032648dfd22c4d81588bd83e09ab89cfe816705,0x2df1c51e09aecf9cacb7bc98cb1742757f163df7,177.727451,deposit,6
473857219,2026-06-15T20:05:10Z,1781553910000,0x0623aca62fdc6e5dae18af9f04ec6296351c99d3bf5f1bd8bef5dc24a0e3fb6e,0,0x2df1c51e09aecf9cacb7bc98cb1742757f163df7,0xe9b4246e664fef38f678407a42692e6aac4bfa33,11.0,withdraw,6
473857250,2026-06-15T20:05:18Z,1781553918000,0xfa0f7bcaffbc27b65a0ffa430852d2cb75fce239c4dea9446da42026c93dc026,0,0x7ee6b077b59f4417bc36d41bb65365644315db10,0x2df1c51e09aecf9cacb7bc98cb1742757f163df7,2715.0,deposit,6
473857263,2026-06-15T20:05:21Z,1781553921000,0xa08a8f8be6ec50ccf2c5ed5e6ab53906848dd99d0aa1b4c8cdbab33e21c4d778,18,0xf63f5770f645bc32f8d1709f27537e8efbad0302,0x2df1c51e09aecf9cacb7bc98cb1742757f163df7,60.316785,deposit,6
473857303,2026-06-15T20:05:31Z,1781553931000,0x84a25929dee0dae12b8e119f5699075e0b8cc27004c4e99c41827499b8960896,0,0x45533c92f693b7c90b5ef32bfa5a2f98a8fca4af,0x2df1c51e09aecf9cacb7bc98cb1742757f163df7,4999.997525,deposit,6
473857337,2026-06-15T20:05:39Z,1781553939000,0xbbb214406c83439e6d67649f43a3afe728085514fdb99c5171306897c8cd413f,8,0x2df1c51e09aecf9cacb7bc98cb1742757f163df7,0xb2946956a981f81f3a2dd11eebb80e9535b60c7b,16.191713,withdraw,6
473857392,2026-06-15T20:05:53Z,1781553953000,0xba7fe800e32a7342137c0b97ec02a6cd49685684ef57d5b4cac14981b9b50ef0,5,0xa451293bfaaf17cd43dd47f7e12a4eb30bc80c87,0x2df1c51e09aecf9cacb7bc98cb1742757f163df7,16.44,deposit,6
473857567,2026-06-15T20:06:37Z,1781553997000,0xffb6af6040444f9b98754d09ee502a6ce7b3c24f482062f711027c52637855c0,4,0x7ee6b077b59f4417bc36d41bb65365644315db10,0x2df1c51e09aecf9cacb7bc98cb1742757f163df7,1170.0,deposit,6
473857606,2026-06-15T20:06:47Z,1781554007000,0x184c25b13ccfba131007ed1dfa6e8b48d362af51a2bcdde617c0141b6758b828,8,0xa451293bfaaf17cd43dd47f7e12a4eb30bc80c87,0x2df1c51e09aecf9cacb7bc98cb1742757f163df7,16.24,deposit,6
473857685,2026-06-15T20:07:06Z,1781554026000,0xdc61a2bcc807286c7e35ee9b7d63990287346538d55fd9397734e721ce70c6d5,0,0x7ee6b077b59f4417bc36d41bb65365644315db10,0x2df1c51e09aecf9cacb7bc98cb1742757f163df7,2894.0,deposit,6
473857697,2026-06-15T20:07:09Z,1781554029000,0x7b976079592047e326d410ba101c763890b934866cb6e3a8780a7b8f8d4e3438,3,0x20ae54cc2e13abf68d8aa6939ef4aff4a577dcc1,0x2df1c51e09aecf9cacb7bc98cb1742757f163df7,50.83,deposit,6
473857989,2026-06-15T20:08:22Z,1781554102000,0xbc13d101e185f45a9c9a2fcc9572f232b3571d8786e8689debc7bd00d6b9edc0,0,0x54fb472b0d70f436f3e38d4feab246175a2cfe60,0x2df1c51e09aecf9cacb7bc98cb1742757f163df7,100.0,deposit,6
473858011,2026-06-15T20:08:27Z,1781554107000,0x63be23212adb788cb9fdfa3844ef9224d5a3b51a01e7acee6fbce66eb85be988,0,0x2df1c51e09aecf9cacb7bc98cb1742757f163df7,0x519dd8f2b7574a35dc99f4cbad5d8cf0fafaf1d2,27.3,withdraw,6
473858429,2026-06-15T20:10:12Z,1781554212000,0xf70665f466ef14f3cc4eda145d874975fc0fa8b441cd87d05f97478dcaef3073,0,0xf032648dfd22c4d81588bd83e09ab89cfe816705,0x2df1c51e09aecf9cacb7bc98cb1742757f163df7,237.556425,deposit,6
473858539,2026-06-15T20:10:40Z,1781554240000,0xea3def97e724476f326a9554bebec6dd96ba1dedc0405f91f53aa2a489b1a01f,5,0x12fdf386b8da98042e588dc420c5d5b9f2b0ec99,0x2df1c51e09aecf9cacb7bc98cb1742757f163df7,7.257736,deposit,6
473858606,2026-06-15T20:10:57Z,1781554257000,0x4010270a1cfcca0a5ec0029f78615534f64caff46057de1823be606315c352e6,0,0x7ee6b077b59f4417bc36d41bb65365644315db10,0x2df1c51e09aecf9cacb7bc98cb1742757f163df7,1570.0,deposit,6
473858759,2026-06-15T20:11:36Z,1781554296000,0x679a4cbf6f4a8ef60eb02512ed9e7e01c1cac2d06901f23afb7bd33a262ded59,0,0x29614a31977303b28dee82da6091dd1207685c4a,0x2df1c51e09aecf9cacb7bc98cb1742757f163df7,728.613342,deposit,6
473858822,2026-06-15T20:11:51Z,1781554311000,0x153d95755b7ec317118d0feec3cdbb8c174eda504c2f25753c780af06195a895,0,0x7ee6b077b59f4417bc36d41bb65365644315db10,0x2df1c51e09aecf9cacb7bc98cb1742757f163df7,1853.0,deposit,6
473858884,2026-06-15T20:12:07Z,1781554327000,0x362c4c1ffbf90bdbc5d4f9b5de7b3e1def5ca1184909028630193553b9226af1,0,0x2df1c51e09aecf9cacb7bc98cb1742757f163df7,0xaebee7c4857840b02794d380c4849a0521398186,19.95,withdraw,6
473859133,2026-06-15T20:13:09Z,1781554389000,0x5ae89bd94cdf27466148db8d4817b6ba24d0d66836339ee53d204af1e93684cc,0,0xd41e44dc36c7decac3dace6e265484eadd80d659,0x2df1c51e09aecf9cacb7bc98cb1742757f163df7,17.48747,deposit,6
473859142,2026-06-15T20:13:12Z,1781554392000,0xd9a056335970762efc6a62ae6387e27c6d0c92c7e05873bc62c3d7d1d308529d,1,0xa2feb0ea949fe164bfe59608efb85f87f296cb52,0x2df1c51e09aecf9cacb7bc98cb1742757f163df7,110.532382,deposit,6
473859239,2026-06-15T20:13:35Z,1781554415000,0xbdcd03cd5c52c34e60dc8a8e76c85251dd22d02ea25f5d9fc63fde0cccffb428,0,0x19749c54a810f3311822c7f4e3762f8f7af84934,0x2df1c51e09aecf9cacb7bc98cb1742757f163df7,11.0,deposit,6
473859287,2026-06-15T20:13:47Z,1781554427000,0xf7d692b962a6a84bdd37885b8fa91f52c86aa8ea3d6c803b501ad3cd06004f10,1,0xef87f42eec6a0de629d5e2d7d740cfa115c1008e,0x2df1c51e09aecf9cacb7bc98cb1742757f163df7,997.0,deposit,6
473859345,2026-06-15T20:14:01Z,1781554441000,0xa018d5ab20cacfcaac7580a238dc2f2e185f33ee735d5abd0b7441f1d177d23e,0,0x7ee6b077b59f4417bc36d41bb65365644315db10,0x2df1c51e09aecf9cacb7bc98cb1742757f163df7,3451.0,deposit,6
473859406,2026-06-15T20:14:17Z,1781554457000,0x9cb3e51498838817f828715d37290830888a4e4c7caec8d000e78ea2d1c4a606,1,0x2df1c51e09aecf9cacb7bc98cb1742757f163df7,0x99020692bd7c0a1a1f271b57541f07ccc4c16d2e,13.81,withdraw,6
473859501,2026-06-15T20:14:41Z,1781554481000,0x17bc3e1c522d8160436f75e08ef40b39b5f36a2b4c9ccaed1119e6131764df8f,0,0x2df1c51e09aecf9cacb7bc98cb1742757f163df7,0x391cea6e1c804876e4370b8f35b058c8522b62b1,2791.62,withdraw,6
473859501,2026-06-15T20:14:41Z,1781554481000,0x17bc3e1c522d8160436f75e08ef40b39b5f36a2b4c9ccaed1119e6131764df8f,2,0x2df1c51e09aecf9cacb7bc98cb1742757f163df7,0x2411dda4b10687919443f1372ebc93cacae7bc34,9.0,withdraw,6
473859763,2026-06-15T20:15:46Z,1781554546000,0xbde6f8a7cf1e0f6b0edb124413f28132935aa9c6cd4f77625bd88e222c6639f1,22,0x7ee6b077b59f4417bc36d41bb65365644315db10,0x2df1c51e09aecf9cacb7bc98cb1742757f163df7,1851.0,deposit,6
473859770,2026-06-15T20:15:48Z,1781554548000,0xbd88b6b1b3495a644903113966d4b8e40e5eceaf7dcf6fdee627ce56198ea972,10,0x3f90ebff6280fc3908d0438e6000278c624d6fa8,0x2df1c51e09aecf9cacb7bc98cb1742757f163df7,58.187831,deposit,6
473859971,2026-06-15T20:16:39Z,1781554599000,0x79984a3b64650c31d4196ff43965ab395e675ca13b7c9f274020d6206bdfaed9,0,0x2df1c51e09aecf9cacb7bc98cb1742757f163df7,0xe5da87a612b2afe6ac182c167d83f91d4706cf04,8.0,withdraw,6
473860090,2026-06-15T20:17:10Z,1781554630000,0x729b46e215d0e9b2db7296d9ca7517d0a77ed32843c388a7f3915929243c6d61,5,0xe025290994b6f61f52657775d187e49cb75195a8,0x2df1c51e09aecf9cacb7bc98cb1742757f163df7,9348.94,deposit,6
473860256,2026-06-15T20:17:52Z,1781554672000,0x43a22d2c03c30f819b0f5a7e6de300d475369a0ebd72d97ddfa45b9001b03929,3,0x1dcb646f8284faeed1ba6f5e6c578a1c54f7eb49,0x2df1c51e09aecf9cacb7bc98cb1742757f163df7,16.460947,deposit,6
473860465,2026-06-15T20:18:45Z,1781554725000,0xf90c2a076626b66a663cf8fd026e625a623c65fb690f3724054b32a83f06ee98,0,0x2df1c51e09aecf9cacb7bc98cb1742757f163df7,0x23e6a958dc8d85e1f184f0ed5129ee59503dc03d,24.9,withdraw,6
473860471,2026-06-15T20:18:46Z,1781554726000,0x924d0e87f4385c0327927c9dcb00dfa1d1a84f5a37a34fa8362305a2115146e8,0,0x371ffcb89021fd404da5f28b423877f7e61be8fc,0x2df1c51e09aecf9cacb7bc98cb1742757f163df7,548.980613,deposit,6
473860640,2026-06-15T20:19:28Z,1781554768000,0x430a7ca8e6e23316792adff26c27cc30485e91a92e4aa7417bf0ffe03fee7416,1,0xe4ba4ccd9654cd26daa71bc99c73b53e15865b76,0x2df1c51e09aecf9cacb7bc98cb1742757f163df7,434.148987,deposit,6
473860646,2026-06-15T20:19:30Z,1781554770000,0x532eb665815b0854051ab9b746be1f45d24144416b1c201199c5322162a37344,1,0xa8f557d9fef4a33f749d3ba3f5760ae6a9e131e5,0x2df1c51e09aecf9cacb7bc98cb1742757f163df7,99.712813,deposit,6
473860781,2026-06-15T20:20:04Z,1781554804000,0xb388d574b6f62c81687bcb747852b9f5d3a1e20f358a430595b8623d485c72a6,10,0x600b8a34ec1cfd8b8af78cfc49708419a16ea2e8,0x2df1c51e09aecf9cacb7bc98cb1742757f163df7,9999.934358,deposit,6
473860854,2026-06-15T20:20:22Z,1781554822000,0x052f8f6db286db7a84651385512fbaa13011f74eb23733bcbc7c87149d99a753,3,0x1fdfe7b3291920102c99d072955859fcf61345a3,0x2df1c51e09aecf9cacb7bc98cb1742757f163df7,97.990328,deposit,6
473860982,2026-06-15T20:20:54Z,1781554854000,0xa184177decb01b8068edc40482b4bf458f6e05e1bb1a1759b9cce247588996e7,0,0xe5c8f0f92e86672eadd99e4428774fac5f47488d,0x2df1c51e09aecf9cacb7bc98cb1742757f163df7,99.830806,deposit,6
473861000,2026-06-15T20:20:58Z,1781554858000,0x5c256edb443aea50eb5d46de8e824e24aa349c3d604c6973af5402d81b71ed62,0,0x108fca88e37743c3a76b0f0eec40dc042ed5109a,0x2df1c51e09aecf9cacb7bc98cb1742757f163df7,5.0,deposit,6
473861086,2026-06-15T20:21:20Z,1781554880000,0xe229fdfa9ea1a5305e5828bfc7794bf6f50bcf41693060c3352c30825a43e2d3,0,0xa8f557d9fef4a33f749d3ba3f5760ae6a9e131e5,0x2df1c51e09aecf9cacb7bc98cb1742757f163df7,99.41531,deposit,6
473861159,2026-06-15T20:21:38Z,1781554898000,0xb5f97faba6cb7e94f06df2c983116cbfed82c4b9e2c320e2440ac8260053ae13,19,0x2df1c51e09aecf9cacb7bc98cb1742757f163df7,0xbf5ce3e2eebfb354c4234312da7ec6ebe01e28fb,24.0,withdraw,6
473861159,2026-06-15T20:21:38Z,1781554898000,0xb5f97faba6cb7e94f06df2c983116cbfed82c4b9e2c320e2440ac8260053ae13,21,0x2df1c51e09aecf9cacb7bc98cb1742757f163df7,0x33e8f959fd9b8024c9762f1f30bfd788f130dd6f,499.0,withdraw,6
473861321,2026-06-15T20:22:19Z,1781554939000,0x5d0700dcbdf7d542442ea5e16078df7d356d2788ad1b2d9ee28bc489000b1764,1,0xac4924cb41ecebdb0acd165402fc2000cf3f50bc,0x2df1c51e09aecf9cacb7bc98cb1742757f163df7,11.039427,deposit,6
473861334,2026-06-15T20:22:22Z,1781554942000,0x4528759bb8c4874d8cfaf2ab4d85253e000038113d861fb6f1f4316d0178a1c0,1,0xe6976bebae95a7197c75b7ae2a3c2307f828cb72,0x2df1c51e09aecf9cacb7bc98cb1742757f163df7,29.821164,deposit,6
473861348,2026-06-15T20:22:26Z,1781554946000,0xca51dab3d0883f9ac4bc6e9f10f41797579844e9a05bd6ac04cb875bc1565dba,2,0x2df1c51e09aecf9cacb7bc98cb1742757f163df7,0xe4a0a7cdcd7620d628c82718b9313309b2a4a3bb,389.0,withdraw,6
473861462,2026-06-15T20:22:54Z,1781554974000,0xb857351754223b52c4ef4a20659f19489829c4ecaf174cfdd71aee9973b7d9aa,0,0x2df1c51e09aecf9cacb7bc98cb1742757f163df7,0xe25baf2e2b7c82e1ee1b2b8c0f1075ae236b418a,32.893006,withdraw,6
473861496,2026-06-15T20:23:03Z,1781554983000,0x8c19e8f1277b581bc2bdb91229d395c72d667ff263769fde78579ebe2bee3e73,0,0x7ee6b077b59f4417bc36d41bb65365644315db10,0x2df1c51e09aecf9cacb7bc98cb1742757f163df7,1225.0,deposit,6
474454694,2026-06-17T13:54:36Z,1781704476000,0x96b14e3cb1b75613850e3f81d2a446c02f75215aaa2a0dd0609ad3954cdc89ba,94,0xa39242452a692385ac1284881d1000769585fcf5,0x2df1c51e09aecf9cacb7bc98cb1742757f163df7,334.673882,deposit,5
474454711,2026-06-17T13:54:40Z,1781704480000,0x4491449acbdc9194fc868cfa5b926ac026a52ee074b04078390528fa1b98d42c,10,0x16cabae445269b12186f1cddbd24ea9c4eb48f65,0x2df1c51e09aecf9cacb7bc98cb1742757f163df7,29.887284,deposit,5
474454880,2026-06-17T13:55:22Z,1781704522000,0x19699c04135c1957a8180e1830906a1c571c11eea7ed6edecd833eb9104887f3,4,0x2df1c51e09aecf9cacb7bc98cb1742757f163df7,0x48594ff05cceb4f62aabb9be15a141c204661f0b,6012731.0,withdraw,5
474454880,2026-06-17T13:55:22Z,1781704522000,0x19699c04135c1957a8180e1830906a1c571c11eea7ed6edecd833eb9104887f3,6,0x2df1c51e09aecf9cacb7bc98cb1742757f163df7,0x51ff9ebbaf4d7aefcce9f6dc8d691aefa8e56815,78.0,withdraw,5
474454960,2026-06-17T13:55:42Z,1781704542000,0x649a5c6be305050ea1caecaad20443014baba7adbc21938b2fae7fdd865151ac,2,0x2df1c51e09aecf9cacb7bc98cb1742757f163df7,0x9c3bea737ff964d295fa43ecc3b3d7b12c85aaf6,9.0,withdraw,5
474455069,2026-06-17T13:56:09Z,1781704569000,0xa5c85a41765bbd6c4ca1c2710a6564e9666c1ffea7183172a191e9ff51bca5ad,0,0x2df1c51e09aecf9cacb7bc98cb1742757f163df7,0xf370c2c7fbf3ff5ba46378fc9203cb05af87866f,51.8,withdraw,5
474455070,2026-06-17T13:56:09Z,1781704569000,0x53cfaa024ec3a314f48c9b4ecec1e7a2248e2fb48f6d572a52459dbf6d6cfb8b,24,0x2e9827f8564e95160ad482ee5074ccadfc4f673f,0x2df1c51e09aecf9cacb7bc98cb1742757f163df7,150.0,deposit,5
474455545,2026-06-17T13:58:08Z,1781704688000,0x7f43bdcf90ab74dfe8ced3c3c401e4f403bc820a3fe2137ecf92f7008ebde653,24,0x2df1c51e09aecf9cacb7bc98cb1742757f163df7,0xc519ceda3a7db5cf151163276a66fd084402c04f,687.77,withdraw,5
474455718,2026-06-17T13:58:51Z,1781704731000,0x22af6d4fc1f5af2654e97eb800df8ab44c75d0148e13903bc0b12f7819658ade,2,0x2df1c51e09aecf9cacb7bc98cb1742757f163df7,0x633e110785796feb3eb2d393526d27eb97739eef,14.3678,withdraw,5
474455751,2026-06-17T13:58:59Z,1781704739000,0x2db6ac73552325d1bb1b70b52dcea9d4e208df4f0cb1982dcaad0bd6527dadb4,23,0x81c7019629cb50ac0c884b2e83096a6b70c456b4,0x2df1c51e09aecf9cacb7bc98cb1742757f163df7,33.13,deposit,5
474455827,2026-06-17T13:59:19Z,1781704759000,0x0c4d85905eede97b2309071b027977503f13ef018a8465caeaa5febebc741875,55,0x2df1c51e09aecf9cacb7bc98cb1742757f163df7,0xb34ee5f241c615289fdcfc64c2758e3683b76e87,111.243287,withdraw,5
474455827,2026-06-17T13:59:19Z,1781704759000,0x0c4d85905eede97b2309071b027977503f13ef018a8465caeaa5febebc741875,57,0x2df1c51e09aecf9cacb7bc98cb1742757f163df7,0xa5d7ae17a8764114f55ae5ec713f0dd70d3ba9c0,18.388831,withdraw,5
474455827,2026-06-17T13:59:19Z,1781704759000,0x0c4d85905eede97b2309071b027977503f13ef018a8465caeaa5febebc741875,59,0x2df1c51e09aecf9cacb7bc98cb1742757f163df7,0x0dea0871e545b4bba5ee3fd033e218356c3bf53e,99.0,withdraw,5
474456004,2026-06-17T14:00:03Z,1781704803000,0xcff382a67429910897f669de9822a416728825063ad19fd502413601be070abe,1,0x2df1c51e09aecf9cacb7bc98cb1742757f163df7,0x5a66c51281a82ba4ed5e85cb3a90c2c73cb894fd,31.261265,withdraw,5
474456104,2026-06-17T14:00:28Z,1781704828000,0xaab2887997603f7d3738c0842211f48b9670f7b40f5e5acf1eb4ac1f7ca5ab89,4,0x762235a45dacaac017ee57a419c650cfad84f3a2,0x2df1c51e09aecf9cacb7bc98cb1742757f163df7,15.0,deposit,5
474456154,2026-06-17T14:00:40Z,1781704840000,0x65f303b17441675fb9708bf4b956de95f599e497299270042f8d52dee473be39,28,0xb372d682830ef8e2957b1698a210dc5ef68b438e,0x2df1c51e09aecf9cacb7bc98cb1742757f163df7,5.0,deposit,5
474456198,2026-06-17T14:00:51Z,1781704851000,0xb78da7ac717cec9a80b5677922bca3a7984c54a4a8c6ca9b6c5270e72d3578b3,7,0x2df1c51e09aecf9cacb7bc98cb1742757f163df7,0x635596aef9eb04a2c319adb02fc325457d324412,9.0,withdraw,5
474456357,2026-06-17T14:01:31Z,1781704891000,0x98936e8e97bba637b6d8a6b14a35939ae548c2cc2cc4f313f1f99e15943ddff8,5,0x198b91b0c40dd00826b84a7467ed1fbf43d39e95,0x2df1c51e09aecf9cacb7bc98cb1742757f163df7,3223.449827,deposit,5
474456446,2026-06-17T14:01:54Z,1781704914000,0x113986f3fdc4d4d88e94440c2e6795a2b06d4b01e02f1f5d00963e76ff5d05a5,5,0x6fe774c58b0edd1cc4b0ac077c9130b137c36d45,0x2df1c51e09aecf9cacb7bc98cb1742757f163df7,6.01,deposit,5
474456465,2026-06-17T14:01:58Z,1781704918000,0xf612bcc905d50a9bf6fe025fd9f3fa9b30aac0426eb4f4a4e716f4233a512abd,13,0x2df1c51e09aecf9cacb7bc98cb1742757f163df7,0x824743981935bb07359e4e39f36db1909ec4f957,88.545,withdraw,5
474456562,2026-06-17T14:02:21Z,1781704941000,0xf72de2cb19ccef3aa48508087d05c3e547c317fc37f94294078fa9f0f654bb33,2,0x524897faf12865cc673815741a137a8782174dc7,0x2df1c51e09aecf9cacb7bc98cb1742757f163df7,4364.99637,deposit,5
474456607,2026-06-17T14:02:32Z,1781704952000,0x4a1f1115ef64fc85ffc64adbc7095264876d09769562e2ee061dad770b2cfc49,2,0x9aecb19ad3bb68ebb8eb8785a45aa6117ad84fca,0x2df1c51e09aecf9cacb7bc98cb1742757f163df7,114.889,deposit,5
474456729,2026-06-17T14:03:03Z,1781704983000,0x432d455f95bddb28dcc3da883fd04c63b29f2a7ca81de724927b739abf6abe6c,16,0x06c5606ff51ea7c1908f8f88056333dfcedd940c,0x2df1c51e09aecf9cacb7bc98cb1742757f163df7,1084.400751,deposit,5
474456791,2026-06-17T14:03:19Z,1781704999000,0xdb97f67d5d37fb4441dc9b13b56fad51c0e4eb0867a7ee5d2f4a95d7a99c3b9c,11,0x1290b6b877e27fcfdb7c91309f431c856c538cb5,0x2df1c51e09aecf9cacb7bc98cb1742757f163df7,25.297845,deposit,5
474456962,2026-06-17T14:04:01Z,1781705041000,0x269096e64906bba9636265e67c84f18f7760f8a47b9dd148888b16ba7ec0e51c,10,0x874b1c951194f6e7b07e8f4649a254e9290b8ef3,0x2df1c51e09aecf9cacb7bc98cb1742757f163df7,199.8,deposit,5
474456971,2026-06-17T14:04:04Z,1781705044000,0x68596ee20d5341264fb5b134694e09c26f15dae69567b1ef487c56b24ad9a77f,5,0x2df1c51e09aecf9cacb7bc98cb1742757f163df7,0x612528c759dc1f110a5d4c6d325454ad8b93d829,17599.671753,withdraw,5
474457057,2026-06-17T14:04:25Z,1781705065000,0x3bb52ab67c95712346e661a997f7d92145f7f25909026ba11fbb0f39830ab4d5,0,0x2df1c51e09aecf9cacb7bc98cb1742757f163df7,0x7b50b69b19edd3bac505f2475fca1da4ef1ba9a6,3.367723,withdraw,5
474457117,2026-06-17T14:04:40Z,1781705080000,0x13f086a55391db4741e1147cfda0176fbc11a08b7e162b0a86701a705dcb77eb,1,0x22b4966482b8582e241b5dbcb5a4fedfe63adc3d,0x2df1c51e09aecf9cacb7bc98cb1742757f163df7,24.39,deposit,5
474457286,2026-06-17T14:05:23Z,1781705123000,0x7ace69d09bae5b76a68421e5595c1830674e362703fb5282c80c0853d05be079,3,0x2df1c51e09aecf9cacb7bc98cb1742757f163df7,0x373684fcb727f19c29b933de77ec171ab1176d85,97.5,withdraw,5
474457343,2026-06-17T14:05:37Z,1781705137000,0xe843419118ed457e3518f7ecb4fa60f7683bc9ae1b228eb40730c6c101417378,1,0x9f2c315bdedc6dac202dc25f813b7c8f8309790c,0x2df1c51e09aecf9cacb7bc98cb1742757f163df7,500.0,deposit,5
474457483,2026-06-17T14:06:12Z,1781705172000,0xcc043f69bd29221f749364ef6efec2cb2ee12178052d0193fbdda5ac322b8e11,3,0x83dbc7524ece5a0ce2c8233c93745d6c58cdf50b,0x2df1c51e09aecf9cacb7bc98cb1742757f163df7,199999.800099,deposit,5
474457670,2026-06-17T14:06:59Z,1781705219000,0xc1f82e0bf7ab6982a0ae59a21c370499630051be59d53e44dd6e74b010bcbfca,53,0x2df1c51e09aecf9cacb7bc98cb1742757f163df7,0x7725a7f2bb0e1c448d6fe361d53c840486ec6557,2437.0,withdraw,5
474457670,2026-06-17T14:06:59Z,1781705219000,0xc1f82e0bf7ab6982a0ae59a21c370499630051be59d53e44dd6e74b010bcbfca,55,0x2df1c51e09aecf9cacb7bc98cb1742757f163df7,0x0e30e0b24da486f5f52cf4abed46c3f2f94dae90,499.0,withdraw,5
474457837,2026-06-17T14:07:41Z,1781705261000,0x8e443573d9d043aa9c7564aa3b3b5f74427501fca7207b778d9a7b42f28fdfd1,1,0x2df1c51e09aecf9cacb7bc98cb1742757f163df7,0x506262b7890d755896984f747ccf815c741c5044,16.8,withdraw,5
474457837,2026-06-17T14:07:41Z,1781705261000,0x8e443573d9d043aa9c7564aa3b3b5f74427501fca7207b778d9a7b42f28fdfd1,3,0x2df1c51e09aecf9cacb7bc98cb1742757f163df7,0x4bf1a9574540de3b3f488f57566e0d7b69067c18,32.44,withdraw,5
474457951,2026-06-17T14:08:09Z,1781705289000,0xe1569f55203bcb8966ace972159f4bfcedfa6f903b91a9443549d64a280f8290,83,0x2df1c51e09aecf9cacb7bc98cb1742757f163df7,0x0325d2c23074ec0295ae0d704ed5176cf679144e,99.0,withdraw,5
474458008,2026-06-17T14:08:24Z,1781705304000,0xfe43bc672aa4fee64c57df4bd7531da9c71ab840f37caa900eee597930126f68,0,0x7df26d25c6ad12351ab33a08d343f82e1249bb01,0x2df1c51e09aecf9cacb7bc98cb1742757f163df7,5.0,deposit,5
474458047,2026-06-17T14:08:33Z,1781705313000,0x7694a9e6f785caf9a5b78ae1ead887713c5f0254cf1caaecc5434ee31ab7a684,3,0x87b2979acf091fb6f798bb99eb6163ef37d9d12b,0x2df1c51e09aecf9cacb7bc98cb1742757f163df7,333.0,deposit,5
474458053,2026-06-17T14:08:35Z,1781705315000,0x9eec22a425a5f78950e4950e9c50cb9ea8c5101433876ed178e0cfb900237359,9,0x2df1c51e09aecf9cacb7bc98cb1742757f163df7,0x73e76314b97c4a21c468039f2074f89da1e3ca1c,11.75,withdraw,5
474458159,2026-06-17T14:09:00Z,1781705340000,0xd781e9c45b59b53fd4ef574b4b6e17924825ae5d1bf454f8bf5e0cd6ca2976a2,4,0x2df1c51e09aecf9cacb7bc98cb1742757f163df7,0xf24ad422010b4b0f1086cfe2c0b93d24ce515b3c,44.0,withdraw,5
474458159,2026-06-17T14:09:00Z,1781705340000,0xd781e9c45b59b53fd4ef574b4b6e17924825ae5d1bf454f8bf5e0cd6ca2976a2,6,0x2df1c51e09aecf9cacb7bc98cb1742757f163df7,0xa6356518ae0485d2247be7131bf7888d2906055b,49.0,withdraw,5
474458159,2026-06-17T14:09:00Z,1781705340000,0xd781e9c45b59b53fd4ef574b4b6e17924825ae5d1bf454f8bf5e0cd6ca2976a2,8,0x2df1c51e09aecf9cacb7bc98cb1742757f163df7,0x69e298f7edd4070b29ba0e5a3b0734b6c736d59a,372.819611,withdraw,5
474458161,2026-06-17T14:09:01Z,1781705341000,0x746ea4c38031602324589ee6d5c6673b454e29712be92eba75ca90e4ad8599bb,1,0x198b91b0c40dd00826b84a7467ed1fbf43d39e95,0x2df1c51e09aecf9cacb7bc98cb1742757f163df7,1606.739492,deposit,5
474458255,2026-06-17T14:09:24Z,1781705364000,0x15e9fa57948be47168110c6bafbb54cdf1f02cabd0822d3b3a813d64270ab696,99,0x2df1c51e09aecf9cacb7bc98cb1742757f163df7,0xadc16c3755b425204dc1705d96e73138139d969b,14.282,withdraw,5
474458423,2026-06-17T14:10:06Z,1781705406000,0xcb71953c28cb81caf5dbd1101f272ea261e3789be4c014225e06aee70b564cb0,1,0x68bd85dc5c94a5511e959d299617eb19cd26c298,0x2df1c51e09aecf9cacb7bc98cb1742757f163df7,150000.0,deposit,5
474458513,2026-06-17T14:10:29Z,1781705429000,0x02111d4599c5a54d5074012488181aecdb9cdfd8360c1c58547760c2dd25ac5b,1,0x804aed87c685b5f8fae675a13b50649d0c62c997,0x2df1c51e09aecf9cacb7bc98cb1742757f163df7,40.0,deposit,5
474458599,2026-06-17T14:10:50Z,1781705450000,0x447149a321584cf09a8dd8e97aa658341049f6b6775aca3405df4b1dc1044b19,8,0x2df1c51e09aecf9cacb7bc98cb1742757f163df7,0xc9f204f1852ecb1b56674ac9d6b69c80bcec70a3,30.4928,withdraw,5
474458742,2026-06-17T14:11:26Z,1781705486000,0x27d3f3e8c4fe9f30009bb390231ed2f168c10fc0781acaa3acc68094e13f4cd0,2,0x87b2979acf091fb6f798bb99eb6163ef37d9d12b,0x2df1c51e09aecf9cacb7bc98cb1742757f163df7,500.0,deposit,5
474458791,2026-06-17T14:11:39Z,1781705499000,0x27e6158a2f0b693a6d57b34f43ccc7fbf419b02d320fefed7ea2c21b18965c7b,2,0x2df1c51e09aecf9cacb7bc98cb1742757f163df7,0x3d700b4f6e5f2827596deeb5ff43cf8508575d14,71.0,withdraw,5
474458791,2026-06-17T14:11:39Z,1781705499000,0x27e6158a2f0b693a6d57b34f43ccc7fbf419b02d320fefed7ea2c21b18965c7b,4,0x2df1c51e09aecf9cacb7bc98cb1742757f163df7,0x9a3adeb74b582befae16758af58027e9a96e477b,26.778,withdraw,5
474458824,2026-06-17T14:11:47Z,1781705507000,0x3bcdc90badce500ab53ea10cc6d1571be8fae5bf293d31f7de0ce74171424e2d,4,0x22439c28f279979d86f9851dfb37e7b279ac4f7b,0x2df1c51e09aecf9cacb7bc98cb1742757f163df7,375.8,deposit,5
474458824,2026-06-17T14:11:47Z,1781705507000,0x572bd4bba2048919bce9c3d69a9d77759b4f38870718bfb605d433ec1511f6e2,6,0x5b0e6cb9d59bdcf40f39003d7ad0b60a86809b3d,0x2df1c51e09aecf9cacb7bc98cb1742757f163df7,399.56,deposit,5
474458898,2026-06-17T14:12:05Z,1781705525000,0x46cd3de66499896ab44aa33c0cbd4956b5cdbb39ff78ded692494ad8ab90a2b3,22,0x34469bd187ed70d4afe78d9c1082386587338dc0,0x2df1c51e09aecf9cacb7bc98cb1742757f163df7,3660.0,deposit,5
474458922,2026-06-17T14:12:11Z,1781705531000,0x4acc00c522dac8d21eb36fe4b5625aa55b9df95742388267f0aa010966909415,6,0x2ced8e435aa245b62a5d725a383dab8f15f10994,0x2df1c51e09aecf9cacb7bc98cb1742757f163df7,300.0,deposit,5
474459147,2026-06-17T14:13:08Z,1781705588000,0x09fb110f4163283da66254389bd3da2286c23fb43de4bfcbc25877da115baf2f,23,0xd18f52ee0045794bbc00d61380e806c9c0873024,0x2df1c51e09aecf9cacb7bc98cb1742757f163df7,39472.289992,deposit,5
474459181,2026-06-17T14:13:16Z,1781705596000,0x2fcb5599aeb27005151e87692b87077935482b073c3d7ce53fddf283217d4e50,1,0xd4ed61c290eb295bff09017163c61f70f7408921,0x2df1c51e09aecf9cacb7bc98cb1742757f163df7,6.65141,deposit,5
474459224,2026-06-17T14:13:27Z,1781705607000,0xf7ebe5d5af3797124e083f65db60aa5ede6d11a3f0cda146529fd1017be7c9ee,35,0x0d1a4ccda39de1a8868740e0aace126db11ab866,0x2df1c51e09aecf9cacb7bc98cb1742757f163df7,1164.919753,deposit,5
474459360,2026-06-17T14:14:01Z,1781705641000,0xcd6928673fdcba10a2bf510b6bad488e6df170a789d7b6a47b7ee684374d5118,30,0x2df1c51e09aecf9cacb7bc98cb1742757f163df7,0x7725a7f2bb0e1c448d6fe361d53c840486ec6557,121.0,withdraw,5
474459647,2026-06-17T14:15:12Z,1781705712000,0x48c834deaf2aeeb4d72597ee2e479db87a418bfed4193a053c744ca7b77536b7,0,0x2df1c51e09aecf9cacb7bc98cb1742757f163df7,0x824743981935bb07359e4e39f36db1909ec4f957,656.512369,withdraw,5
474459730,2026-06-17T14:15:32Z,1781705732000,0xc3ed723210e2857044492a635189baa6b6acadee71e8740059906cafd7ff8149,14,0x64b467c4f0ff0f9d70a44a698013bd730fa52cfe,0x2df1c51e09aecf9cacb7bc98cb1742757f163df7,26.339358,deposit,5
474459738,2026-06-17T14:15:34Z,1781705734000,0x1fa1943e7c3a21f6899c2654a0c1abd46c9e53473f2d67f18ca9f558c4e4ef58,3,0x2df1c51e09aecf9cacb7bc98cb1742757f163df7,0x6d45becbd7c35d46cee4377e8f50f08df546dc58,1140.192666,withdraw,5
474459973,2026-06-17T14:16:33Z,1781705793000,0x0bdd3773e69d49ecf6b96f5a793194fe92be41b48d8ae869b1290409a017780c,37,0x61387d7e85508811de339276e013e0517f3782ad,0x2df1c51e09aecf9cacb7bc98cb1742757f163df7,6316.9346,deposit,5
474460017,2026-06-17T14:16:44Z,1781705804000,0xccd56975b0efca63e35f13d06dd5fdfe1b85ac366caf022cf12e3857b17228d1,10,0x2df1c51e09aecf9cacb7bc98cb1742757f163df7,0xab83425b6a04b90cfa2164123b9e8b2bbb32ecca,227.7,withdraw,5
474460043,2026-06-17T14:16:51Z,1781705811000,0x0fc6ee38c97816717fc7835eacd10686ff60412ddc1ecc3b9283e68d130d7096,3,0x4365a363d8f25a5e783f9eea40a31cb186d4a93c,0x2df1c51e09aecf9cacb7bc98cb1742757f163df7,200.0,deposit,5
474460125,2026-06-17T14:17:11Z,1781705831000,0xb340904061033f5bcba455e542728be81afe7837d8d652df5782230ff6f04d02,0,0x2df1c51e09aecf9cacb7bc98cb1742757f163df7,0x7f3f936efed7ef058bdb22b99081cff99debae74,135.83,withdraw,5
474460125,2026-06-17T14:17:11Z,1781705831000,0xb340904061033f5bcba455e542728be81afe7837d8d652df5782230ff6f04d02,2,0x2df1c51e09aecf9cacb7bc98cb1742757f163df7,0xb73135f17550c62efe18a4f1d957581a79a98e60,67173.903058,withdraw,5
474460209,2026-06-17T14:17:32Z,1781705852000,0xee631a1c1dc8e8a0f3c5a3965cdc3a6d6cadeb45913f57da4c2da37da9740432,6,0x48de6557864792448bf70bbd6a6b583954caec42,0x2df1c51e09aecf9cacb7bc98cb1742757f163df7,5.58,deposit,5
474460249,2026-06-17T14:17:42Z,1781705862000,0x077adad03ba19ee896249ce89f836239429dd8772d623d54ea3271be8ae848e8,5,0xfb9c70230c93856c2429384f875d9a896d33d388,0x2df1c51e09aecf9cacb7bc98cb1742757f163df7,99.852849,deposit,5
474460340,2026-06-17T14:18:05Z,1781705885000,0x32d69476a9b5d5bf038715324f42f7306a51b099fadb6ff4fd3542303fe80f1e,8,0x2df1c51e09aecf9cacb7bc98cb1742757f163df7,0xdedcee31f1ec6e9d1ccd9da6f363dfa2aecea75d,30.342769,withdraw,5
474460340,2026-06-17T14:18:05Z,1781705885000,0x32d69476a9b5d5bf038715324f42f7306a51b099fadb6ff4fd3542303fe80f1e,10,0x2df1c51e09aecf9cacb7bc98cb1742757f163df7,0xfcf23c6e0dfda3ce89cefb93d852ef9cbd192e25,41869.720573,withdraw,5
474460395,2026-06-17T14:18:19Z,1781705899000,0x67ad3e89a96932ae59d04bf3aabfed9ef2d65844a4edaee330d8b6b16808368e,22,0xd134885c1d3d57280266711d31abca113591a770,0x2df1c51e09aecf9cacb7bc98cb1742757f163df7,2031.051295,deposit,5
474460411,2026-06-17T14:18:23Z,1781705903000,0xc1986d18e26551f0bb08032cc643d26e499219f3437cc658e645eac11b0c9a1c,4,0xdbe83ff6934f929ea89cf4d0458451e01f843142,0x2df1c51e09aecf9cacb7bc98cb1742757f163df7,433.803491,deposit,5
474460485,2026-06-17T14:18:42Z,1781705922000,0xccf2536ed8392ef0b570adc87d2334db7f70cfd56256135ca6f62130c9809742,75,0x878a79c5d9661e8ca2887e81b6c2ad68f47e990e,0x2df1c51e09aecf9cacb7bc98cb1742757f163df7,15.0,deposit,5
474460533,2026-06-17T14:18:54Z,1781705934000,0xa923acf8c8b01b343961019b937fef98cb504cd0de8a109f607c77fd290d1948,0,0x2df1c51e09aecf9cacb7bc98cb1742757f163df7,0xa6356518ae0485d2247be7131bf7888d2906055b,1999.0,withdraw,5
474460595,2026-06-17T14:19:09Z,1781705949000,0xfc92f409b608747f713fc0432647081ef196bf762b4025d20a9a2e0fc9646203,102,0x198b91b0c40dd00826b84a7467ed1fbf43d39e95,0x2df1c51e09aecf9cacb7bc98cb1742757f163df7,812.574879,deposit,5
474460655,2026-06-17T14:19:24Z,1781705964000,0x419e4aec271080d7907ddfbbe58a79678408c8d4be372e9b0102855c225a8306,6,0x2df1c51e09aecf9cacb7bc98cb1742757f163df7,0x24188ea98a2e0c83daaef62db6c666e0b3cce2d8,2999.0,withdraw,5
474460802,2026-06-17T14:20:01Z,1781706001000,0x970814a74fd43dcd74bf21c175fae31c9a36ad51e8c37b3e87438beb59441b5c,1,0x3f306beea26f302b99dce2f644d7917c75280edf,0x2df1c51e09aecf9cacb7bc98cb1742757f163df7,296.79,deposit,5
474460831,2026-06-17T14:20:08Z,1781706008000,0x08c185b9761eaa437008ada3209e27bab74f8f60a3c41701a41b9b5b895ac26c,1,0x62c58f406157b7ff38bb4951bebffe6e106a1a40,0x2df1c51e09aecf9cacb7bc98cb1742757f163df7,128.510243,deposit,5
474460885,2026-06-17T14:20:22Z,1781706022000,0xd854e90aff63ad7c5fa36169ec20eb15f1fe50482f46c23f9337a21b41fc5dfa,1,0x2df1c51e09aecf9cacb7bc98cb1742757f163df7,0x692b96621be149f4654b584ff3cfb6ff960e6833,209.67,withdraw,5
474460949,2026-06-17T14:20:38Z,1781706038000,0xf70f3abfd19efda67fcddaf3e76eb76e4be94ab628698e78fa0a0a6e48896e77,2,0xdcf5f19285deb27a337529671b29266e91418910,0x2df1c51e09aecf9cacb7bc98cb1742757f163df7,27.906,deposit,5
474461141,2026-06-17T14:21:24Z,1781706084000,0x02a2717e5f20e2c55f81a27506909f1735361b01a86db179675256fdbed64c6d,1,0xfebe9de56829bef503a9282a32a028ba430c32ff,0x2df1c51e09aecf9cacb7bc98cb1742757f163df7,49.989717,deposit,5
474461194,2026-06-17T14:21:37Z,1781706097000,0x4951affe5463b06ee4dd652c600f734dd44da6a9f13884c31975799dd1202447,1,0x7dd15e865e0dbe0e6e406c164adf5097af27f9f0,0x2df1c51e09aecf9cacb7bc98cb1742757f163df7,9.6,deposit,5
474461511,2026-06-17T14:22:56Z,1781706176000,0x2e03125600b0bc2a86cc978674a5647abcaf1b6dd8e7f3258cd977a7570a6130,1,0x2df1c51e09aecf9cacb7bc98cb1742757f163df7,0xea869669210a69b035b382e0f2a498b87dc6a45c,464.0,withdraw,5
474461511,2026-06-17T14:22:56Z,1781706176000,0x68c07587c82ca6a2c962c197caf917c622a5b05e74c6ee52c630586e78af7893,3,0x7ca3d5337fc2ae8a32abaee2369c042a0ce3d18c,0x2df1c51e09aecf9cacb7bc98cb1742757f163df7,9806.226103,deposit,5
474461636,2026-06-17T14:23:28Z,1781706208000,0xe3acd3aa7d6dd2d7f6839ce7964b31ec13b2067e01798ef2ea5491eb1c0ac5a6,14,0x8cb59afe24a386559172399e60a7b601aab78bd2,0x2df1c51e09aecf9cacb7bc98cb1742757f163df7,114.0,deposit,5
474461706,2026-06-17T14:23:45Z,1781706225000,0x7ffd0a0cad4ed53ae842fb63d4cdd7bd5c84b3d6440653cc7ccc0aca8661a4eb,0,0x2df1c51e09aecf9cacb7bc98cb1742757f163df7,0x1907715849c2b009e619eef0895346599ad3ab3f,99.0,withdraw,5
474461735,2026-06-17T14:23:53Z,1781706233000,0x4d2dff801e8ff07525f754c088cc62af4edb8d7a21f06009d64779c9ebe34021,1,0x38c1e36ece5b2360f86349b06857470a4ea3c091,0x2df1c51e09aecf9cacb7bc98cb1742757f163df7,5000.0,deposit,5
474461768,2026-06-17T14:24:01Z,1781706241000,0xa422565c15f0f8d5fe73ea06be907b13f386e86b1580130d7650986286f317db,1,0xc4f756155f713ba393c33b3f13de4d6addab0588,0x2df1c51e09aecf9cacb7bc98cb1742757f163df7,1751.407269,deposit,5
474461837,2026-06-17T14:24:18Z,1781706258000,0x251a70bc173f8e068dcc81f7e768407283461d3fb7fd984c9abf444c839f1e53,12,0x68024b7976f4df23f7085083f41ac25b28fdb11f,0x2df1c51e09aecf9cacb7bc98cb1742757f163df7,6512.812059,deposit,5
474462299,2026-06-17T14:26:14Z,1781706374000,0x7d0dceb60efe8f8610b69bc3dc8efcfcb5f329c9d5c470bdbe5488d524741b48,0,0x7cd555f2c038e67c410a9bb6d7befc4c5f3cf2c8,0x2df1c51e09aecf9cacb7bc98cb1742757f163df7,7.0,deposit,5
474462309,2026-06-17T14:26:16Z,1781706376000,0x6ccaffafe53c0fe39d7419cf69025d45ccfb4f252ed6ab5e971770c42c033cde,1,0x692b96621be149f4654b584ff3cfb6ff960e6833,0x2df1c51e09aecf9cacb7bc98cb1742757f163df7,209.670021,deposit,5
474462318,2026-06-17T14:26:19Z,1781706379000,0xbf6bf277dab82ce3a99483cc3949ee0419c0b5cb813ef32bbd3bcd3d06f48427,9,0x9382afe926b79f7c1ccb574456482040223d188c,0x2df1c51e09aecf9cacb7bc98cb1742757f163df7,91.46,deposit,5
474462365,2026-06-17T14:26:30Z,1781706390000,0x32f5dbc8e47005b363af04111231d2eec34ab058dd64cf9403a8eabfea431d38,2,0x2df1c51e09aecf9cacb7bc98cb1742757f163df7,0x7725a7f2bb0e1c448d6fe361d53c840486ec6557,511.0,withdraw,5
474462365,2026-06-17T14:26:30Z,1781706390000,0x32f5dbc8e47005b363af04111231d2eec34ab058dd64cf9403a8eabfea431d38,4,0x2df1c51e09aecf9cacb7bc98cb1742757f163df7,0xa89a6cce197a247f6c85b4c88bbf7bc298ab7759,15.98,withdraw,5
474462414,2026-06-17T14:26:43Z,1781706403000,0xc6a0b3a1a616ff29f6d87dfa1efc6c139a0db580d4425dfb7faec21946a14693,1,0x237c1957d66a8d8ec7769c748e0696ccf4f4453d,0x2df1c51e09aecf9cacb7bc98cb1742757f163df7,573.598528,deposit,5
474462473,2026-06-17T14:26:57Z,1781706417000,0x1b314a977845031aceef3a0de3fdfeaf8b9e4be6a62e69491fccda3a98995ede,0,0x2df1c51e09aecf9cacb7bc98cb1742757f163df7,0xa6356518ae0485d2247be7131bf7888d2906055b,4999.0,withdraw,5
474462560,2026-06-17T14:27:19Z,1781706439000,0xc7389ee87dbf99997a24ce21c104df9e0ffad8ca36fb5b069e003fba75a4763c,0,0x2df1c51e09aecf9cacb7bc98cb1742757f163df7,0xad4a539c937b81fc5b956ef35e6e175d5ed92870,5.41,withdraw,5
474462584,2026-06-17T14:27:25Z,1781706445000,0x89d81b29f44163f725f7d13c32a476afecc79cf70cea8cc0c96653ecb37e9d5e,0,0x0d1a4ccda39de1a8868740e0aace126db11ab866,0x2df1c51e09aecf9cacb7bc98cb1742757f163df7,1176.553852,deposit,5
474462796,2026-06-17T14:28:16Z,1781706496000,0x8a0fbf7201d2b2d1d78ec67395c61de5550d28f6e094fa295b31ce99120c28c8,10,0xd2df195549b6494f0963c780aea7dd6af2623749,0x2df1c51e09aecf9cacb7bc98cb1742757f163df7,60.0,deposit,5
474462884,2026-06-17T14:28:38Z,1781706518000,0x9a1421a9e32b28bb72e95f058d0be20240fb2e442a07c21437d331730301c127,22,0x7dd15e865e0dbe0e6e406c164adf5097af27f9f0,0x2df1c51e09aecf9cacb7bc98cb1742757f163df7,4986.6,deposit,5
474462950,2026-06-17T14:28:55Z,1781706535000,0xf4cd6ac4d8ebe9bc66a992f07c02be441b771e4fa48bae759ac44fa5c8ed6229,0,0x2df1c51e09aecf9cacb7bc98cb1742757f163df7,0x8c8534b7cef0756bb8c894a445b898e10191f2a8,11278.898313,withdraw,5
474463121,2026-06-17T14:29:38Z,1781706578000,0xbb05b7822c28e93011f154987c532a9c2b113c3348db2cbe9b2db770a2481021,1,0xc2c3080d28eeaeb9bd409e98b119b9e29f36942c,0x2df1c51e09aecf9cacb7bc98cb1742757f163df7,5.0,deposit,5
474463143,2026-06-17T14:29:43Z,1781706583000,0x56bac153a059f4e64e4cdf4d636c9d6fe5d3f32275e1befbfc42e5ddaef9b182,1,0x5c6533e4854c825be1c22cc5b7ffa905b48c9155,0x2df1c51e09aecf9cacb7bc98cb1742757f163df7,6.0,deposit,5
474463146,2026-06-17T14:29:44Z,1781706584000,0xc297e032640be090a54d7ced78bc649af70af95526b423aa52d6c4e10d00a46d,6,0x2df1c51e09aecf9cacb7bc98cb1742757f163df7,0xd3caf9adf09820f89c371cff5b85242f98dad285,31.003,withdraw,5
474463313,2026-06-17T14:30:26Z,1781706626000,0x0b7afd29cd02fdd42ce98a9680b3916c42da3faaf87f7862b17080ed413ab84c,1,0x2df1c51e09aecf9cacb7bc98cb1742757f163df7,0xa14c5f8fdfb3b5f5501f416f1ebdab97dd526cbf,2.75,withdraw,5
474463458,2026-06-17T14:31:03Z,1781706663000,0x44162f6560e397cff37042ae68f37bac6500fdb3dd61073c78c75b3b3193211f,2,0x5c6533e4854c825be1c22cc5b7ffa905b48c9155,0x2df1c51e09aecf9cacb7bc98cb1742757f163df7,8994.0,deposit,5
474463614,2026-06-17T14:31:42Z,1781706702000,0xf1ab4dfe055e263be4283c56d225100907e0dd9752679cdd4a8d2dacc9009ba0,2,0x2df1c51e09aecf9cacb7bc98cb1742757f163df7,0x3b0bab396aea134b3d9cacd124b06faa1fb4a0fa,31.852384,withdraw,5
474463650,2026-06-17T14:31:51Z,1781706711000,0xf917b77db8f6d2a5c89008db3c082b4fd9f446d2fbb9650ddb9fe4a65f4a6a36,12,0x8ec407b9ffd2af42b9b6ad79ff82022f912f4b1d,0x2df1c51e09aecf9cacb7bc98cb1742757f163df7,49.65,deposit,5
474463753,2026-06-17T14:32:17Z,1781706737000,0xa020ea95331185a570716a5c94e970aa6621b76ba9333256ef03245ca9bd3708,3,0x454e98e79eb566e9147680d0ab92b3529165f16c,0x2df1c51e09aecf9cacb7bc98cb1742757f163df7,1459.99832,deposit,5
474463789,2026-06-17T14:32:26Z,1781706746000,0x928ee0805628e4edca0d8fe00c91561dc749b323960b47397793c00e36ddc9db,6,0x2df1c51e09aecf9cacb7bc98cb1742757f163df7,0x4d312f819a8ddb0ca29a948cdea3f5eb52b8067f,49.0,withdraw,5
474463982,2026-06-17T14:33:14Z,1781706794000,0x28891a240b7d6670bc69bcc142161d0b884964dc9959219de01349c74a1e0b03,26,0x731a615d6c512e642f2d4204502b7a9ce5298b64,0x2df1c51e09aecf9cacb7bc98cb1742757f163df7,2749.407506,deposit,5
474463998,2026-06-17T14:33:18Z,1781706798000,0x75ce8012abb91bdc709340b9ad35ae9a828cd888eebcc4bc6c660baaa755d000,46,0x2df1c51e09aecf9cacb7bc98cb1742757f163df7,0x94e0f4088aac20713e78972247de7d906c7a9835,35.0,withdraw,5
474464077,2026-06-17T14:33:38Z,1781706818000,0x47e0ea6a8e8a3e698bf142147ee72e8c87bcd8b40531cd4d9d2866dce83e9561,20,0x2df1c51e09aecf9cacb7bc98cb1742757f163df7,0x7523391d8df8906471696dae01773680aec24e71,18.404751,withdraw,5
474464185,2026-06-17T14:34:05Z,1781706845000,0xd37fe12d5fba1676fdc3ee5a238a8193d2c0f98a91956ea47f34e8257dc3990f,2,0x2df1c51e09aecf9cacb7bc98cb1742757f163df7,0x956851b5f1f93e8d9c93542ac9b57f690722623e,1686.07,withdraw,5
474464401,2026-06-17T14:34:57Z,1781706897000,0x05933aa17d6235972717f815bfff2e4b8492cdc136e495e9af1270d973ae1a3f,0,0x4431b6aafbc6c120d02424de2438c0a2c1657707,0x2df1c51e09aecf9cacb7bc98cb1742757f163df7,1003.009443,deposit,5
474464424,2026-06-17T14:35:02Z,1781706902000,0xf08dfdd64fc56c69c533c4b1f536183ba223957b355690857dfef239adffa50a,1,0xf032648dfd22c4d81588bd83e09ab89cfe816705,0x2df1c51e09aecf9cacb7bc98cb1742757f163df7,2724.058406,deposit,5
474464463,2026-06-17T14:35:12Z,1781706912000,0xbb67f61959696c23e5c7a5fb9642c14c985c8279a997859f14126c7e36c2a443,11,0x2df1c51e09aecf9cacb7bc98cb1742757f163df7,0x83dbc7524ece5a0ce2c8233c93745d6c58cdf50b,304999.0,withdraw,5
474464561,2026-06-17T14:35:37Z,1781706937000,0xe20d79ce57062e3208c84fb5736c2f755c9934826794d39ba4395727d42ee353,1,0x2df1c51e09aecf9cacb7bc98cb1742757f163df7,0xa6356518ae0485d2247be7131bf7888d2906055b,2999.0,withdraw,5
474464764,2026-06-17T14:36:28Z,1781706988000,0xeb19b656b69a975bc445bf926c8821c9c2927aac69078f906e32622a167d03a0,21,0xebc2aba7330ffaa564f89ccf1afd6b56336efccd,0x2df1c51e09aecf9cacb7bc98cb1742757f163df7,478.650022,deposit,5
474464810,2026-06-17T14:36:39Z,1781706999000,0x0434858932fdd711d3b07fb2f9f660680574a3503710fa986f8504b9ff482641,3,0x2df1c51e09aecf9cacb7bc98cb1742757f163df7,0xe1f19a263f9916202b54fb39a04d9efea6b0bd39,5470.0,withdraw,5
474465227,2026-06-17T14:38:24Z,1781707104000,0xf0f0b0d2914738c848be73a3702bfbc5c986de8add3ead1907550338f8048933,19,0x2df1c51e09aecf9cacb7bc98cb1742757f163df7,0x17ffb8c8c720f4228bf52ddd9924f0f0d370a1db,109.53,withdraw,5
474465291,2026-06-17T14:38:40Z,1781707120000,0x608bafe330f8e5d8cc7ca19962e34c0d0e65284b473a4690da782fcc209fdbd3,1,0xd34d11b154eb3346db98a6db1fd9785d4f52be9f,0x2df1c51e09aecf9cacb7bc98cb1742757f163df7,525.0,deposit,5
474465318,2026-06-17T14:38:47Z,1781707127000,0x27fe16fa9f405ed11981fa9e14542508ec2bc9fe07e1dc509ce6092bbb839150,21,0x2df1c51e09aecf9cacb7bc98cb1742757f163df7,0x32ed8f6cd3ef2b6a832cf1a0757a5dd662316910,9.0,withdraw,5
474465546,2026-06-17T14:39:44Z,1781707184000,0x58d5217ca23d73f8bf0c46906bbb368fac48237a492691ecf2db396987d4dd03,0,0xb87443091b171f7e5f20c9dd92f5fcdc262cbc45,0x2df1c51e09aecf9cacb7bc98cb1742757f163df7,200.0,deposit,5
474465609,2026-06-17T14:40:00Z,1781707200000,0x45c39f395cb7b4cfd17ecd3530d35e0bc7b839b44b0e31f8f757c0f76dfe1732,33,0x2df1c51e09aecf9cacb7bc98cb1742757f163df7,0x88989549a1a049694fa8906c8bc389d3ed9fc834,92.954397,withdraw,5
474465912,2026-06-17T14:41:15Z,1781707275000,0x6531ca152649abf3c84b32fdefece081e70fe1e36e78a2717c99529995baa1cc,0,0x2df1c51e09aecf9cacb7bc98cb1742757f163df7,0x7c78f85d025e593650ca78bb2c8b9d2c75cff88d,28999.0,withdraw,5
474465912,2026-06-17T14:41:15Z,1781707275000,0x6531ca152649abf3c84b32fdefece081e70fe1e36e78a2717c99529995baa1cc,2,0x2df1c51e09aecf9cacb7bc98cb1742757f163df7,0xaa76df4156b23fe6503645f75b38a3863e3fabd4,2.0,withdraw,5
474466007,2026-06-17T14:41:39Z,1781707299000,0xbb734a12077cfd5ef97673e2b8fa579004b82a5d9d079dfbabcc597ef8205939,22,0x2df1c51e09aecf9cacb7bc98cb1742757f163df7,0xc7041ae8ff2edc2547013b17ec021f8142594b37,10604.99838,withdraw,5
474466008,2026-06-17T14:41:39Z,1781707299000,0x6aaca24940853c52f3585875ddd3f498f469c1fbc36fc5d971ef751b50c94054,1,0xb6a43ca24a4224819261418e15d159529d6afa39,0x2df1c51e09aecf9cacb7bc98cb1742757f163df7,489.567902,deposit,5
474466046,2026-06-17T14:41:48Z,1781707308000,0x00fdd758d2b411349eeef4bb2110cd251cf880b01ce145a5febdeadab4ef3c63,38,0x77898183cddbdbf7ff85d5e034fbe3b376c24076,0x2df1c51e09aecf9cacb7bc98cb1742757f163df7,87.4,deposit,5
474466047,2026-06-17T14:41:49Z,1781707309000,0x52d14a7cbef1db5b70f1175f1fd2fe07950893467e1fd99406a0bb9f939d140f,1,0xa351af0519a7d40895b9a62ade86fa66d6cc6168,0x2df1c51e09aecf9cacb7bc98cb1742757f163df7,21.460059,deposit,5
474466142,2026-06-17T14:42:12Z,1781707332000,0x427aa05daf68a3cf17b119fd00c6d6f256a1d51a9b8335af7c50369d82b0e77b,6,0xa37540c6e6215e3c2a95111202a98afc48b3b9da,0x2df1c51e09aecf9cacb7bc98cb1742757f163df7,737.8,deposit,5
474466189,2026-06-17T14:42:24Z,1781707344000,0xb9a0b36458cc39698bb2bb63984e925db05f3e159cfc795d4189646d34456c74,3,0x2df1c51e09aecf9cacb7bc98cb1742757f163df7,0x7c78f85d025e593650ca78bb2c8b9d2c75cff88d,24999.0,withdraw,5
474466371,2026-06-17T14:43:10Z,1781707390000,0x5e1acab87bba6ee574f9240b3d3a4f56d0cefa433414f9c50fbff1959726a90f,1,0xc56616b789ba2e4cb7e0af188bb5488acc7387b3,0x2df1c51e09aecf9cacb7bc98cb1742757f163df7,100.697,deposit,5
474466393,2026-06-17T14:43:15Z,1781707395000,0x93841693cbe47d1504dd92fd52a5418eb9d11336cf8c27fba49595dcb654629a,7,0x2df1c51e09aecf9cacb7bc98cb1742757f163df7,0x32ed8f6cd3ef2b6a832cf1a0757a5dd662316910,14.0,withdraw,5
474466496,2026-06-17T14:43:41Z,1781707421000,0xe80e70279638a82412ee85372581f42641093c6a214572bb1cca37c81a8ff93b,10,0x2df1c51e09aecf9cacb7bc98cb1742757f163df7,0x5a773a311e2f90c7bdfb35c5c0d23eddc64546be,19.7,withdraw,5
474466743,2026-06-17T14:44:44Z,1781707484000,0x08c95f6d84200ccdad18a8b03963cc197af7a2ba73333279f13d68635cd8b70b,3,0xe8a50552d1b0c805cc970905eda720f4cdfa19ff,0x2df1c51e09aecf9cacb7bc98cb1742757f163df7,87615.475887,deposit,5
474466823,2026-06-17T14:45:04Z,1781707504000,0x7cd0125ee90c78536dc5c649f2dd5fb376e1b5a10fc779401299832706907409,1,0xf032648dfd22c4d81588bd83e09ab89cfe816705,0x2df1c51e09aecf9cacb7bc98cb1742757f163df7,311.477743,deposit,5
474466839,2026-06-17T14:45:08Z,1781707508000,0x70135ae21bf6f85cba5611c15dce54bb548ea74182ebc9455a9a58d0c7db5b21,16,0xbed315e26a12b968b4b21f786838f784beb83e65,0x2df1c51e09aecf9cacb7bc98cb1742757f163df7,342.961002,deposit,5
474466885,2026-06-17T14:45:19Z,1781707519000,0x4eadb590f015b48266db91b83827228a0272b9a60af81eb81f103b64f3484944,0,0x2df1c51e09aecf9cacb7bc98cb1742757f163df7,0x0659dac4ff3170452155268c5a80bc7de484bc7d,1182.05,withdraw,5
474466885,2026-06-17T14:45:19Z,1781707519000,0x4eadb590f015b48266db91b83827228a0272b9a60af81eb81f103b64f3484944,2,0x2df1c51e09aecf9cacb7bc98cb1742757f163df7,0x11a6109a720ddcdd3c753509ef891337132d87c5,28.477725,withdraw,5
474467007,2026-06-17T14:45:50Z,1781707550000,0xe6ab61408c08acded265add9ec858804ec6df2108c1bae164e434b166318cc65,1,0x0659dac4ff3170452155268c5a80bc7de484bc7d,0x2df1c51e09aecf9cacb7bc98cb1742757f163df7,1182.05,deposit,5
474467065,2026-06-17T14:46:05Z,1781707565000,0x2fde92f9821d2d091d047f883d4f814ed7c2c3491587dc6437d99b2bca9b5dae,0,0x2df1c51e09aecf9cacb7bc98cb1742757f163df7,0xee845948e6806d12e966137caa07d49bbe632fe3,110999.0,withdraw,5
474467162,2026-06-17T14:46:29Z,1781707589000,0x29e5f5284c96399428aff9b6d5f55299f8961307f91adbc28beba21820986a94,1,0x2df1c51e09aecf9cacb7bc98cb1742757f163df7,0x91774bcc6750b281d7fa981eff5824d029b09cd5,30.45293,withdraw,5
474467583,2026-06-17T14:48:13Z,1781707693000,0xc700ee459c5aa04298d8a6af667f1eace953ebe3f7e2317f88d022a2af27fe8c,10,0x2df1c51e09aecf9cacb7bc98cb1742757f163df7,0x929caf56ba9bdf9768c1618236decc15feb2ec8f,149.0,withdraw,5
474467707,2026-06-17T14:48:44Z,1781707724000,0xc247448eddc1f0c50f4afd1700cf1284c67b6e246750c7026774a9a7b2471429,11,0x5177bb23df140f4e9e4974de09b12a8449fdfa5c,0x2df1c51e09aecf9cacb7bc98cb1742757f163df7,165.3,deposit,5
474467713,2026-06-17T14:48:46Z,1781707726000,0x11d23cc994c9c9243ddf47eef96120c81e74793e059a2e6c848fc83710da8af1,0,0x428babced19064beece58b8a252e3f17aac2a817,0x2df1c51e09aecf9cacb7bc98cb1742757f163df7,115000.0,deposit,5
474467860,2026-06-17T14:49:23Z,1781707763000,0x42f755c0c068807718f28041fcb5133ee4c3383df2b96ec11c6a577bc16c6958,6,0x2df1c51e09aecf9cacb7bc98cb1742757f163df7,0xb46a0f71fded6ceb00b1c9278e0ac7e22c242df5,99999.0,withdraw,5
474467947,2026-06-17T14:49:44Z,1781707784000,0x39212f0f81028dad4ae6c620673aeb687a352de7c8836098a86fa202be7ee757,2,0xe2144793061f0d5b9d94904b4d2424555d700107,0x2df1c51e09aecf9cacb7bc98cb1742757f163df7,125.218994,deposit,5
474468270,2026-06-17T14:51:05Z,1781707865000,0xa4f3409793f43f9ee2fd903f70af188f7eeb2646b1137c094195f58937886ff6,6,0x2df1c51e09aecf9cacb7bc98cb1742757f163df7,0x5dbd3f528352995f48a77bfc1334034c54dafa39,19.79,withdraw,5
474468270,2026-06-17T14:51:05Z,1781707865000,0xa4f3409793f43f9ee2fd903f70af188f7eeb2646b1137c094195f58937886ff6,8,0x2df1c51e09aecf9cacb7bc98cb1742757f163df7,0x6a8d68c4b78aab9e826eff2b66dd70e1f5bd60bc,145.25,withdraw,5
474468270,2026-06-17T14:51:05Z,1781707865000,0xa4f3409793f43f9ee2fd903f70af188f7eeb2646b1137c094195f58937886ff6,10,0x2df1c51e09aecf9cacb7bc98cb1742757f163df7,0xee845948e6806d12e966137caa07d49bbe632fe3,132999.0,withdraw,5
474468270,2026-06-17T14:51:05Z,1781707865000,0xa4f3409793f43f9ee2fd903f70af188f7eeb2646b1137c094195f58937886ff6,12,0x2df1c51e09aecf9cacb7bc98cb1742757f163df7,0xc58686fedf9504576fc06199ebca62cee00750b3,98.74,withdraw,5
474468345,2026-06-17T14:51:24Z,1781707884000,0xcfb0363cfd9e51256a47987d6d167862ce3f69f477fff9ce0ae04e316ef6d631,13,0xc79af9f4882e929397501e15fcfe2ffa91996641,0x2df1c51e09aecf9cacb7bc98cb1742757f163df7,20361.790496,deposit,5
474468377,2026-06-17T14:51:32Z,1781707892000,0xe7a25b2c911cfdf2c28bb29be81f75b9a14459081bba3ee95c62f4e44d0463e5,9,0x8ddb9c313e7a2509a99db3f6c64987614d4830c5,0x2df1c51e09aecf9cacb7bc98cb1742757f163df7,700.089585,deposit,5
474468434,2026-06-17T14:51:46Z,1781707906000,0x92eafaf086d55eb676bb2ebcbdc7bbf9b32342a75b9c2f9a37af6e49277afcc0,1,0xcc0bcfbfe54f323e18141d46fc6b1d2ef585a86b,0x2df1c51e09aecf9cacb7bc98cb1742757f163df7,399.312,deposit,5
474468445,2026-06-17T14:51:49Z,1781707909000,0xde2cd8d95462c7fa62a14c2456d611d3b2c7d66e956812955c4dcb7c9b7493c1,52,0x2c03c0498bf84cb40f81bd0f4f6f65e0bda54bae,0x2df1c51e09aecf9cacb7bc98cb1742757f163df7,39.884604,deposit,5
474468471,2026-06-17T14:51:56Z,1781707916000,0x83eb3b053e47d0d1aedc29fef4801ed10ded2f4ed0c5ed843d6ce7de69a983bf,3,0x2df1c51e09aecf9cacb7bc98cb1742757f163df7,0x7725a7f2bb0e1c448d6fe361d53c840486ec6557,7262.0,withdraw,5
474468471,2026-06-17T14:51:56Z,1781707916000,0x83eb3b053e47d0d1aedc29fef4801ed10ded2f4ed0c5ed843d6ce7de69a983bf,5,0x2df1c51e09aecf9cacb7bc98cb1742757f163df7,0x578728e317e9d1ad986872754f1afa83d9e02b99,104.0,withdraw,5
474468569,2026-06-17T14:52:20Z,1781707940000,0x6fff97fb60874de3d9818bdfde45fc3d17b7a485d951497b310e64c3b6bcfd13,5,0x2df1c51e09aecf9cacb7bc98cb1742757f163df7,0x2f01afc9f9437c4fcb8f2e8612c57bf522bcc81d,21022.5,withdraw,5
474468569,2026-06-17T14:52:20Z,1781707940000,0x6fff97fb60874de3d9818bdfde45fc3d17b7a485d951497b310e64c3b6bcfd13,7,0x2df1c51e09aecf9cacb7bc98cb1742757f163df7,0x6a8131d59ec82652beacd75c09ede81dfe7a84ce,49.0,withdraw,5
474468728,2026-06-17T14:53:00Z,1781707980000,0x55c534893488ad1e5631a6a9226b35f11f1c84118775926b0e4280975ad1f878,0,0x2df1c51e09aecf9cacb7bc98cb1742757f163df7,0xffc9a32e21d5241100044f22c0d2af7db3e99ebe,4799.0,withdraw,5
474468831,2026-06-17T14:53:26Z,1781708006000,0x6e1aea7c1c8389af6dba2b769d9ae642a2889c7eec7a42e14695e1d3eeae27c6,2,0x2df1c51e09aecf9cacb7bc98cb1742757f163df7,0x058589ed65f03c86ec562937f9059faeb8ce0292,299.0,withdraw,5
474468868,2026-06-17T14:53:35Z,1781708015000,0xbf2292b83d6e8d0b0d9118ce85672d4124c17843aee76d4caed2970ed6cd7c5d,3,0x090586ff9227e8e647b53efecb38aff3c42333f4,0x2df1c51e09aecf9cacb7bc98cb1742757f163df7,148.922309,deposit,5
474468921,2026-06-17T14:53:48Z,1781708028000,0x2feae0686a24d392de6e4efc941408c1c3fa3738a11d08310e0d13db23157bac,326,0x7fdafde5cfb5465924316eced2d3715494c517d1,0x2df1c51e09aecf9cacb7bc98cb1742757f163df7,449999.2,deposit,5
474468937,2026-06-17T14:53:52Z,1781708032000,0x4b1011c2128f2a48d059c1b84c4c282cde748eed9ae297e94c51816e4f761353,5,0x2df1c51e09aecf9cacb7bc98cb1742757f163df7,0xe01fd113494f36805618fb3c7bb930e4a8e70f60,999999.0,withdraw,5
474468937,2026-06-17T14:53:52Z,1781708032000,0x4b1011c2128f2a48d059c1b84c4c282cde748eed9ae297e94c51816e4f761353,7,0x2df1c51e09aecf9cacb7bc98cb1742757f163df7,0x8c8534b7cef0756bb8c894a445b898e10191f2a8,2354.366677,withdraw,5
474469146,2026-06-17T14:54:44Z,1781708084000,0x5a52fee837bba4c79b42f9538e38a50ae26a60ad7bc3d5566f4ade9c4d3b263f,0,0x2df1c51e09aecf9cacb7bc98cb1742757f163df7,0xbc2086c30b7db99e8953f3e4065736a474e2e7cb,99.79,withdraw,5
474469217,2026-06-17T14:55:02Z,1781708102000,0xf0037934d6c4459a307c1e09fbd2a46e1b355a91dca678e0d43622cfbdb91d5d,38,0x2df1c51e09aecf9cacb7bc98cb1742757f163df7,0x48594ff05cceb4f62aabb9be15a141c204661f0b,9913864.0,withdraw,5
474469217,2026-06-17T14:55:02Z,1781708102000,0xf0037934d6c4459a307c1e09fbd2a46e1b355a91dca678e0d43622cfbdb91d5d,40,0x2df1c51e09aecf9cacb7bc98cb1742757f163df7,0x48594ff05cceb4f62aabb9be15a141c204661f0b,8643044.0,withdraw,5
474469222,2026-06-17T14:55:03Z,1781708103000,0x22184f382a44c71da8e9c5c2d099e64d8bb21c5e367271f042bea455a52f0bf2,0,0xf032648dfd22c4d81588bd83e09ab89cfe816705,0x2df1c51e09aecf9cacb7bc98cb1742757f163df7,2307.795497,deposit,5
474469326,2026-06-17T14:55:29Z,1781708129000,0x522ca3d2bfcc13b24e8c0c295a87949d7387c48022f9da5b60e2811e67f1ae24,1,0x2df1c51e09aecf9cacb7bc98cb1742757f163df7,0xb46a0f71fded6ceb00b1c9278e0ac7e22c242df5,199999.0,withdraw,5
474469326,2026-06-17T14:55:29Z,1781708129000,0x522ca3d2bfcc13b24e8c0c295a87949d7387c48022f9da5b60e2811e67f1ae24,3,0x2df1c51e09aecf9cacb7bc98cb1742757f163df7,0xa311b81676607481e7dbed8c8356080a78d4db88,2.980624,withdraw,5
474469422,2026-06-17T14:55:53Z,1781708153000,0x652abaf24243d7dbfa0b9b4e50c215922f639edb51bce98708fe4ac71bd3bf4c,1,0x2df1c51e09aecf9cacb7bc98cb1742757f163df7,0x1126a614412951c8cb2bab8fd6e1c7c993f93130,1.0,withdraw,5
474469539,2026-06-17T14:56:23Z,1781708183000,0xf2b130fd456e4b4fcaa3eb5b51efd66e4048aef1a3ad31cf49e4db3858959358,0,0x2df1c51e09aecf9cacb7bc98cb1742757f163df7,0x226e2c9776184f4afdeb9ab594097f3d89d6fd18,607.89,withdraw,5
474469548,2026-06-17T14:56:25Z,1781708185000,0xa9532af4bb7eac1caf2e6aea4c0d4ff32181bca721554d3a53e69b00eec3459f,3,0xa2ca484c4f7e8c284b2f6afb6b0b79200eaf9c87,0x2df1c51e09aecf9cacb7bc98cb1742757f163df7,105.0,deposit,5
474469666,2026-06-17T14:56:54Z,1781708214000,0xe49e53b49bfa417a061ee1b0d70aea2c234a82244a94ec4fdd8d5f814f1cbf4c,6,0x269655dfdfbd4bbde4134b5b3db28d9026d96da0,0x2df1c51e09aecf9cacb7bc98cb1742757f163df7,28.943598,deposit,5
474469764,2026-06-17T14:57:19Z,1781708239000,0xd857b32501f49f96f597554561e57f84e614c571b9c0980e56c203fb2503ec52,6,0x2df1c51e09aecf9cacb7bc98cb1742757f163df7,0x86a2ad0d77993c1c40969ab048508237d5761c5a,23.826637,withdraw,5
474469764,2026-06-17T14:57:19Z,1781708239000,0xd857b32501f49f96f597554561e57f84e614c571b9c0980e56c203fb2503ec52,8,0x2df1c51e09aecf9cacb7bc98cb1742757f163df7,0x692b96621be149f4654b584ff3cfb6ff960e6833,208.67,withdraw,5
474469814,2026-06-17T14:57:32Z,1781708252000,0x5411e1e2baa2ff9731a8c194560e9fe9b3910775d2e29153792092989e7c1bce,7,0x54eb650cab4326725c2c6407e6c555488d7e61d0,0x2df1c51e09aecf9cacb7bc98cb1742757f163df7,914.0,deposit,5
474469838,2026-06-17T14:57:38Z,1781708258000,0x131b9bcc498ecd18121eb42898a7b7eb921b6278dc7c9f89c796009ade24fd8a,6,0x2df1c51e09aecf9cacb7bc98cb1742757f163df7,0x32ed8f6cd3ef2b6a832cf1a0757a5dd662316910,13999.0,withdraw,5
474469959,2026-06-17T14:58:08Z,1781708288000,0xdc869adba05dc3fe86d462c9cf7b2d9a862dd2923cec6a317524bbbfc028af36,13,0xfdfbaff07489687055729bbc0908836d1f6a414d,0x2df1c51e09aecf9cacb7bc98cb1742757f163df7,100.0,deposit,5
474469994,2026-06-17T14:58:17Z,1781708297000,0x21c367b99bc7e7fca459d340361649e599b9ab56a4ed550604b7711ff4b0b81f,1,0x7bfe802dd05d981d51ab3a55f1e711237d92b796,0x2df1c51e09aecf9cacb7bc98cb1742757f163df7,5.0,deposit,5
474470030,2026-06-17T14:58:26Z,1781708306000,0x537e5e78ad5b8ce3e0e593f4fc91aa8fd9964b6921b2cba2cd770e288d41d58c,0,0x2df1c51e09aecf9cacb7bc98cb1742757f163df7,0x84bb0fe6adf8e913e95a9c4e39986cf4efec2d41,99.0,withdraw,5
474470114,2026-06-17T14:58:47Z,1781708327000,0x56b2fa1397c1aedfce2c55ce6ab3fc73c5851b5b131f3b87adde79117238561c,10,0xdf2f0c8c58ade470c780c73e2a3c71b5eb787e9b,0x2df1c51e09aecf9cacb7bc98cb1742757f163df7,2.476078,deposit,5
474470240,2026-06-17T14:59:18Z,1781708358000,0xc1212a8a0140e0ac663e8355b3cbbdc0fb1de2e5ce72c7bd25e22b58866e3a38,2,0xf1657ce472ef795a48d15806b84301c815722176,0x2df1c51e09aecf9cacb7bc98cb1742757f163df7,38.97,deposit,5
474470352,2026-06-17T14:59:46Z,1781708386000,0x95ed8b1ea21c6e8410e287755b257aa56c77b0215e01513822e4588dadb90986,0,0x2df1c51e09aecf9cacb7bc98cb1742757f163df7,0xf7f9479520d9426bcf2a03f9127ce80d7c0b42d5,585.19,withdraw,5
474470552,2026-06-17T15:00:34Z,1781708434000,0xa3d59602dd8fc34ffafb5ab12e0a9de3b28d103e469f5d865f0b7796df878e55,9,0x2df1c51e09aecf9cacb7bc98cb1742757f163df7,0xc9ab3c49221f351e27b6f989190874f89817d7f1,4.0,withdraw,5
474470565,2026-06-17T15:00:38Z,1781708438000,0x6f95d7c04ce28fc9ffed3a1b973135c53b7c7926e739ecbd595161ef41973376,0,0xe1a5d0271520e3af6818a042e10cdce244289918,0x2df1c51e09aecf9cacb7bc98cb1742757f163df7,9.03165,deposit,5
474470853,2026-06-17T15:01:50Z,1781708510000,0x2ebd9d1454acaf4e78d4f9dd79138171963c489ca185a92f32e6c85df34425bf,2,0xc9ab3c49221f351e27b6f989190874f89817d7f1,0x2df1c51e09aecf9cacb7bc98cb1742757f163df7,5.0,deposit,5
474470932,2026-06-17T15:02:10Z,1781708530000,0xb07dc78bb187baf4ff0dd0f6ddc82bb6c311ffd4c4877195d52bca484f2dc0d8,2,0x2df1c51e09aecf9cacb7bc98cb1742757f163df7,0xb46a0f71fded6ceb00b1c9278e0ac7e22c242df5,199999.0,withdraw,5
474471009,2026-06-17T15:02:29Z,1781708549000,0xed28fafed707dd06208f66ca7d5c5d96413e5599bf0b8e13ecb1650250785f4c,23,0x2df1c51e09aecf9cacb7bc98cb1742757f163df7,0xca5890ea7c9a90445437acb5eb3d550b9500c1b6,25.16,withdraw,5
474471028,2026-06-17T15:02:34Z,1781708554000,0x7480f44ae6169a35a8209c957551821f41e2c98f53121c05cf483274ff88f3ee,78,0xf032648dfd22c4d81588bd83e09ab89cfe816705,0x2df1c51e09aecf9cacb7bc98cb1742757f163df7,691.764969,deposit,5
474471047,2026-06-17T15:02:38Z,1781708558000,0x5dba0bf7b25f00c6777243276fec6b7b59786c9a3c812e2a2d6ffef087be771c,5,0xfdfbaff07489687055729bbc0908836d1f6a414d,0x2df1c51e09aecf9cacb7bc98cb1742757f163df7,399.9928,deposit,5
474471193,2026-06-17T15:03:15Z,1781708595000,0x3cc4c07780d7d486cd6d36c99da6d43c12d9d2f845558db2cc8af7fbc1a40352,7,0x2df1c51e09aecf9cacb7bc98cb1742757f163df7,0x2cd2f99a6d165053cc06554654c70d9d8af908bd,34.0,withdraw,5
474471194,2026-06-17T15:03:15Z,1781708595000,0xec47e93be4473dcc0732dac94dc2eba392fb64c306943ab3490dec72362de6b0,18,0x6478bcbd1f4394d370c34f2a490a6a624a5752e9,0x2df1c51e09aecf9cacb7bc98cb1742757f163df7,3005.338694,deposit,5
474471194,2026-06-17T15:03:15Z,1781708595000,0x431727cab39700af15f6087b33806546538aa6d23442d13e043eb58fb432da5f,19,0xf032648dfd22c4d81588bd83e09ab89cfe816705,0x2df1c51e09aecf9cacb7bc98cb1742757f163df7,100.900221,deposit,5
474471283,2026-06-17T15:03:38Z,1781708618000,0x9739a156f31fb9ca08fa36ce73d41796b495f0e079af47e92096ce593605d1ff,2,0x2df1c51e09aecf9cacb7bc98cb1742757f163df7,0xccacfb4a819d88436bc82547cd3ab856b44736d6,2.0,withdraw,5
474471335,2026-06-17T15:03:51Z,1781708631000,0x3f8a62d12a8a24f67b47e39c73664a8b92bd9bf414ee941d3fcfe773ffa8df75,2,0x0614f32051b370ecb9fe350eca9535a2ec59e253,0x2df1c51e09aecf9cacb7bc98cb1742757f163df7,999.000001,deposit,5
474471356,2026-06-17T15:03:56Z,1781708636000,0xb630850969f3b7ff14c778563f2d4d382a6d03a07b582a902fedaf0325f25be3,0,0x2df1c51e09aecf9cacb7bc98cb1742757f163df7,0xcd5ee8f1ce8e9ca3ecf34c12af3a46e195d7e4a3,48.30364,withdraw,5
474471377,2026-06-17T15:04:01Z,1781708641000,0x1975496b208f101b6c0210f33722a0e194d675048de4eec7a42fcd4b8c4f5dd5,1,0x269655dfdfbd4bbde4134b5b3db28d9026d96da0,0x2df1c51e09aecf9cacb7bc98cb1742757f163df7,40.90242,deposit,5
474471421,2026-06-17T15:04:12Z,1781708652000,0x76619ec71bb3a94c240cd1670e71e63b76b327d7394f606f3135d88cb95a4d3f,1,0x70a9671ceb35886033150f2f7ad5a7bdaed72fbb,0x2df1c51e09aecf9cacb7bc98cb1742757f163df7,10.0,deposit,5
474471587,2026-06-17T15:04:54Z,1781708694000,0x7385e40143b508f5fa156acca9ad2270a2c789b9625423111e45b09ba5495560,0,0x2df1c51e09aecf9cacb7bc98cb1742757f163df7,0x5c83b830753146ccec4768bd383c6696e0e278f6,31.4823,withdraw,5
474471587,2026-06-17T15:04:54Z,1781708694000,0x7385e40143b508f5fa156acca9ad2270a2c789b9625423111e45b09ba5495560,2,0x2df1c51e09aecf9cacb7bc98cb1742757f163df7,0xe210b6af9d2b35587f5f3ae2d9311cbca9a193da,17635.18,withdraw,5
474471590,2026-06-17T15:04:54Z,1781708694000,0x138e88a96c67e995baa68c3e373af09bc800ad1ea21afc119a8953dbac962110,1,0x88e677b376bbc09c31c2c358eab9d395ef290067,0x2df1c51e09aecf9cacb7bc98cb1742757f163df7,4994.559494,deposit,5
474471595,2026-06-17T15:04:56Z,1781708696000,0xddec143e3c0ff8b29189ca22b190a27e6341142129882039bc3959204824ae6a,8,0x02377bf8e2adae2f07aaa9274ad19f2ab9927d57,0x2df1c51e09aecf9cacb7bc98cb1742757f163df7,7.5,deposit,5
474471628,2026-06-17T15:05:04Z,1781708704000,0x6dd67d3ae5391af439a16bc73ac03a0e8f1452e137b942f9146ae2476af1b808,22,0xf032648dfd22c4d81588bd83e09ab89cfe816705,0x2df1c51e09aecf9cacb7bc98cb1742757f163df7,374.954252,deposit,5
474471700,2026-06-17T15:05:22Z,1781708722000,0xe0df2b0d77096f1d84bcea8451254937643a78501497f430a3f53a142a644b73,7,0x53cfc31f4fcdf3f57bb5be07bf6bf169139d711e,0x2df1c51e09aecf9cacb7bc98cb1742757f163df7,10097.934716,deposit,5
474471773,2026-06-17T15:05:40Z,1781708740000,0xdd8a87de46f33f07017a08a17513e6e982fb6c2a12d5131f40ea833a12270b33,0,0x2df1c51e09aecf9cacb7bc98cb1742757f163df7,0x7c78f85d025e593650ca78bb2c8b9d2c75cff88d,19999.0,withdraw,5
474471821,2026-06-17T15:05:52Z,1781708752000,0xc77243d976b084fc15997ea9158ffa56302aad2ae0d7119d09f2df2c589cf7c0,13,0x137b5840968a4c9ef0abc9e093db5e3cc1682826,0x2df1c51e09aecf9cacb7bc98cb1742757f163df7,9.0,deposit,5
474471874,2026-06-17T15:06:06Z,1781708766000,0xcac7e0b01b5cdbc8abc8666c507773094e052a0ba89aa9a2062d963f5570e829,2,0x988fabb777c7199c8a8b696cb4fb97f62fdfe0ab,0x2df1c51e09aecf9cacb7bc98cb1742757f163df7,14.034875,deposit,5
474471895,2026-06-17T15:06:11Z,1781708771000,0x77b44d58434afa896bdb7888474812eb12d006607f1587402108216ad24f73f3,18,0xfe20a3fdfdb7b5fac63483f744c015b34d092255,0x2df1c51e09aecf9cacb7bc98cb1742757f163df7,100.7091,deposit,5
474472049,2026-06-17T15:06:49Z,1781708809000,0xa541a1c955514737df6cabce9c7babb4601fc087ced6078bd2843aeac0f32d5c,3,0x2df1c51e09aecf9cacb7bc98cb1742757f163df7,0xdcbae86c1b8c9181234eea287cca67a7f9b72c50,4.0,withdraw,5
474472111,2026-06-17T15:07:04Z,1781708824000,0xbcab9f1cb92a5db3c5575f2045f313d572eb24aab9c126cf309a1c157d871bc3,0,0x5e65b21cb3373379eedc071e019a18a7fe2f210b,0x2df1c51e09aecf9cacb7bc98cb1742757f163df7,500.0,deposit,5
474472327,2026-06-17T15:07:58Z,1781708878000,0xb6db64e14d2b1edf180c97ec15718b372f3f0d94bf0dec41e6b746ad292ca6f9,2,0xd134885c1d3d57280266711d31abca113591a770,0x2df1c51e09aecf9cacb7bc98cb1742757f163df7,340.01673,deposit,5
474472360,2026-06-17T15:08:06Z,1781708886000,0x147eb7239c4f3787c7a191bac67f9f068da505e45863112c10020755ee0560d3,6,0x2df1c51e09aecf9cacb7bc98cb1742757f163df7,0xee845948e6806d12e966137caa07d49bbe632fe3,179999.0,withdraw,5
474472540,2026-06-17T15:08:52Z,1781708932000,0x1c143c802d94d6649dd5fa356b0feba036d67ee68b91be4b98c8abfd6d14c116,17,0x2df1c51e09aecf9cacb7bc98cb1742757f163df7,0xd2f24017d85324575780a6fc9f1de93d0d98bd52,185.02,withdraw,5
474472593,2026-06-17T15:09:05Z,1781708945000,0x1e3e53e1f11c48a31b77092c5cce1225450b4f9bb1a8234c1771d4544d50554a,1,0x46f608a0f1e95198fe41a58e1a5f92242c237318,0x2df1c51e09aecf9cacb7bc98cb1742757f163df7,4976.873139,deposit,5
474472665,2026-06-17T15:09:23Z,1781708963000,0xc30ea828edddd324d3616504517798df920901db52dd6a16bf0e57aae03aec31,0,0x2df1c51e09aecf9cacb7bc98cb1742757f163df7,0x775837e78d0e3fe9fe295753a19c7f29c8a06b65,291.91086,withdraw,5
474472665,2026-06-17T15:09:23Z,1781708963000,0xc30ea828edddd324d3616504517798df920901db52dd6a16bf0e57aae03aec31,2,0x2df1c51e09aecf9cacb7bc98cb1742757f163df7,0x36721cb34c08054a1ccb7199e21ef15f74105196,2999.0,withdraw,5
474472710,2026-06-17T15:09:34Z,1781708974000,0xf07b83b02df60c40041afcf73ad2b5d7350c28f5e057884a3df6e379329fe8c0,7,0x06ac642e3458d4d9e972b854bef7d5a7a279e5b0,0x2df1c51e09aecf9cacb7bc98cb1742757f163df7,8.001598,deposit,5
474472710,2026-06-17T15:09:34Z,1781708974000,0xf07b83b02df60c40041afcf73ad2b5d7350c28f5e057884a3df6e379329fe8c0,9,0x2f234de2b3c8159d82d54cee23579cb4f5bd93e3,0x2df1c51e09aecf9cacb7bc98cb1742757f163df7,9.9962,deposit,5
474472710,2026-06-17T15:09:34Z,1781708974000,0xf07b83b02df60c40041afcf73ad2b5d7350c28f5e057884a3df6e379329fe8c0,11,0x35fc152396e8ba29615b205f27af100ea568a08c,0x2df1c51e09aecf9cacb7bc98cb1742757f163df7,9.8,deposit,5
474472710,2026-06-17T15:09:34Z,1781708974000,0xf07b83b02df60c40041afcf73ad2b5d7350c28f5e057884a3df6e379329fe8c0,13,0x4040e3b0f37005ec2be9d40771e3a01c61c76990,0x2df1c51e09aecf9cacb7bc98cb1742757f163df7,8.988605,deposit,5
474472710,2026-06-17T15:09:34Z,1781708974000,0xf07b83b02df60c40041afcf73ad2b5d7350c28f5e057884a3df6e379329fe8c0,15,0x666e4ae3f8649f34dc618cfbff14b851c317f754,0x2df1c51e09aecf9cacb7bc98cb1742757f163df7,9.9964,deposit,5
474472710,2026-06-17T15:09:34Z,1781708974000,0xf07b83b02df60c40041afcf73ad2b5d7350c28f5e057884a3df6e379329fe8c0,17,0x87dc36489fdd7dc4b2cbee88d8badf48870406da,0x2df1c51e09aecf9cacb7bc98cb1742757f163df7,9.85,deposit,5
474472710,2026-06-17T15:09:34Z,1781708974000,0xf07b83b02df60c40041afcf73ad2b5d7350c28f5e057884a3df6e379329fe8c0,19,0xaf992dffdaec8c95b567e54fd47e5ca27cd08b43,0x2df1c51e09aecf9cacb7bc98cb1742757f163df7,9.8,deposit,5
474472710,2026-06-17T15:09:34Z,1781708974000,0xf07b83b02df60c40041afcf73ad2b5d7350c28f5e057884a3df6e379329fe8c0,21,0xb6641985c6b02e56445e51a47d2438dee0831982,0x2df1c51e09aecf9cacb7bc98cb1742757f163df7,9.850014,deposit,5
474472710,2026-06-17T15:09:34Z,1781708974000,0xf07b83b02df60c40041afcf73ad2b5d7350c28f5e057884a3df6e379329fe8c0,23,0xce61d39be5f2f5f0c4429d355863c7264f19f273,0x2df1c51e09aecf9cacb7bc98cb1742757f163df7,6.0,deposit,5
474472777,2026-06-17T15:09:51Z,1781708991000,0x7d937c5b91399c754388556a0659e4d625083f691d4d000875ebcefc11059099,17,0x1c44723f9e39a9c55927765838f145bcc13df54e,0x2df1c51e09aecf9cacb7bc98cb1742757f163df7,398.41,deposit,5
474472853,2026-06-17T15:10:10Z,1781709010000,0x074024782629b9644988ccd2dd58dd05deea81b44e866194d02f69a3c4878417,9,0x2df1c51e09aecf9cacb7bc98cb1742757f163df7,0xb45786ced359d4bdc3a2c1af62f7abc9ec70992a,3.264361,withdraw,5
474472853,2026-06-17T15:10:10Z,1781709010000,0x074024782629b9644988ccd2dd58dd05deea81b44e866194d02f69a3c4878417,11,0x2df1c51e09aecf9cacb7bc98cb1742757f163df7,0xa7fb54d356af0541180b11ac27756241902efda8,4.151878,withdraw,5
474472909,2026-06-17T15:10:24Z,1781709024000,0x6fe0a293e40b412ccffb0be157e7360e6455674423c1e343b7c2ff718e100e33,26,0xfa7b88361a36525049592319888ff08f2c67de83,0x2df1c51e09aecf9cacb7bc98cb1742757f163df7,39.680387,deposit,5
474473532,2026-06-17T15:12:59Z,1781709179000,0x4932af505bfaa5d2c490772924efab22d63f919b3ab7ebb0006d1e701480524d,0,0x2df1c51e09aecf9cacb7bc98cb1742757f163df7,0x14a95fa2b563c846fd5911081b22af42f9499643,79.07,withdraw,5
474473532,2026-06-17T15:12:59Z,1781709179000,0x4932af505bfaa5d2c490772924efab22d63f919b3ab7ebb0006d1e701480524d,2,0x2df1c51e09aecf9cacb7bc98cb1742757f163df7,0xccacfb4a819d88436bc82547cd3ab856b44736d6,2.0,withdraw,5
474473532,2026-06-17T15:12:59Z,1781709179000,0x4932af505bfaa5d2c490772924efab22d63f919b3ab7ebb0006d1e701480524d,4,0x2df1c51e09aecf9cacb7bc98cb1742757f163df7,0x48594ff05cceb4f62aabb9be15a141c204661f0b,6754564.0,withdraw,5
474473589,2026-06-17T15:13:13Z,1781709193000,0x21ca762827755741dbf911ae5396175b8f50877c6ce266ab14995aea522f4d19,1,0x692b96621be149f4654b584ff3cfb6ff960e6833,0x2df1c51e09aecf9cacb7bc98cb1742757f163df7,210.67002,deposit,5
474473642,2026-06-17T15:13:26Z,1781709206000,0x00badc18a88b39a80db9d1ee06e3d8f615e7753fd11ca39e12d04cfb916552cd,3,0xb083084a77b0393bdcea2eb399f9833beea200f7,0x2df1c51e09aecf9cacb7bc98cb1742757f163df7,300.0,deposit,5
474473722,2026-06-17T15:13:46Z,1781709226000,0xab9bfb97da3d2e1365be49dbdc89d26e913d84a8dac56c64612514854a7d38cb,3,0x2df1c51e09aecf9cacb7bc98cb1742757f163df7,0xf4addf484d697417bbc02fa2fae7959c762a74dc,23.560162,withdraw,5
474473722,2026-06-17T15:13:46Z,1781709226000,0xab9bfb97da3d2e1365be49dbdc89d26e913d84a8dac56c64612514854a7d38cb,5,0x2df1c51e09aecf9cacb7bc98cb1742757f163df7,0x8c8534b7cef0756bb8c894a445b898e10191f2a8,2385.259568,withdraw,5
474473788,2026-06-17T15:14:03Z,1781709243000,0x378b314701504a225bd9bfee1cd2c15cbe59e956be38496bea68279ca9441cbb,0,0xc2bd0825c28946d0f28058fe9c33271e1af1ec65,0x2df1c51e09aecf9cacb7bc98cb1742757f163df7,1140.845079,deposit,5
474473823,2026-06-17T15:14:12Z,1781709252000,0xd32fd679842e6e1d43b6ab4d6dd68f273c679fa78fdc595316a316a72b187b02,12,0x2df1c51e09aecf9cacb7bc98cb1742757f163df7,0xae92af9d910e7df9914caa34936dd27beaf4220b,78.64,withdraw,5
474473836,2026-06-17T15:14:15Z,1781709255000,0x32c716d9c2d0436bcf0171f3199abcd5cb0303d9a45d89dda2812a66f1f2f6b4,1,0x14c52d75573859077a2fbe46f9f9395eb8de3753,0x2df1c51e09aecf9cacb7bc98cb1742757f163df7,24.971302,deposit,5
474473935,2026-06-17T15:14:40Z,1781709280000,0x2c6babe66999d3a4aeaae69fff4b847f11edb6dfa13729626e48d2c0987434f1,26,0xc0ccbc7d9b1d5410bd4e123cb9d1817f3bb9400e,0x2df1c51e09aecf9cacb7bc98cb1742757f163df7,350.0,deposit,5
474474003,2026-06-17T15:14:57Z,1781709297000,0xfd6a0093790bdf1ef10616fe4a2aebeb33100e07865a5e0adadaae4f459a0dda,1,0x2df1c51e09aecf9cacb7bc98cb1742757f163df7,0x6f7c16f4f8de74fb5b6de3569447efb5bcb7ddec,314.642537,withdraw,5
474474043,2026-06-17T15:15:07Z,1781709307000,0x793914fad26e932f8880c42d9eaf949f2b9ecc07578e15fc6584d24867fa5d3a,16,0xf032648dfd22c4d81588bd83e09ab89cfe816705,0x2df1c51e09aecf9cacb7bc98cb1742757f163df7,3203.236429,deposit,5
474474116,2026-06-17T15:15:25Z,1781709325000,0xefb40e53cd7fc8f32592600a67e1303e92174ef1f2a7233fdc8dbbc867c0fe25,1,0x2df1c51e09aecf9cacb7bc98cb1742757f163df7,0x88989549a1a049694fa8906c8bc389d3ed9fc834,209.089343,withdraw,5
474474382,2026-06-17T15:16:32Z,1781709392000,0x8eea05176a9668db9e8e7d50dab7c9bf91f91d928c1c7bf7be0fc85d39d164f2,5,0x97233df9e4f5f74efd732c23cd4aaf8151fe508c,0x2df1c51e09aecf9cacb7bc98cb1742757f163df7,97.800094,deposit,5
474474495,2026-06-17T15:17:00Z,1781709420000,0xeba22c82066b5f9317126f9ad1994701fb0c6b6a1432ae609596a3ca0873112b,0,0xfba3fde4429a2d751034c02bb4a524604ce0b41b,0x2df1c51e09aecf9cacb7bc98cb1742757f163df7,355.8,deposit,5
474474515,2026-06-17T15:17:05Z,1781709425000,0x0f073dc39da867ae1c3fdbd9445b7ec5c386b805f5be6d0870dd4691d4df55f8,2,0xcb4fc2b214825d58893bb0a83736c43b40f9e3b6,0x2df1c51e09aecf9cacb7bc98cb1742757f163df7,19.87584,deposit,5
474474545,2026-06-17T15:17:12Z,1781709432000,0x022bfb8f99bf52807387f0be1d8e723ce4920e09ef2b30e23e6679fb2b08a32d,0,0xfc4b605a3cc50f5aed56e8f9111fd230160cc17c,0x2df1c51e09aecf9cacb7bc98cb1742757f163df7,33.8,deposit,5
474474605,2026-06-17T15:17:27Z,1781709447000,0x8c2305e2b95058422d8928dd7415b0abcb6732dd4ea13b5eb225ecb72cda507c,34,0xdd5ae694bd866ec30a6bddd60bd78a5416fde55e,0x2df1c51e09aecf9cacb7bc98cb1742757f163df7,353.8,deposit,5
474474707,2026-06-17T15:17:53Z,1781709473000,0xc8bf5b89cc89844cbdaff20eb65392dcb615bbcec29174a9ef260826ad8d7a8f,1,0xe2144793061f0d5b9d94904b4d2424555d700107,0x2df1c51e09aecf9cacb7bc98cb1742757f163df7,478.05,deposit,5
474474728,2026-06-17T15:17:58Z,1781709478000,0x96a29e8804de69bac2144a53bc753cc1ec1bd28b0260308091464be1430d6022,4,0x8297f5c852f1c059589baa2becac9ea48fbbf2cc,0x2df1c51e09aecf9cacb7bc98cb1742757f163df7,303.8,deposit,5
474474817,2026-06-17T15:18:21Z,1781709501000,0x55d260092de12364e718a8f87cc9f1933f1c36b560017d7bb20b9ec61b1972c3,6,0xee2250c74b0df877bbc85dbcb22e54cd6a77e95d,0x2df1c51e09aecf9cacb7bc98cb1742757f163df7,1713.708018,deposit,5
474474997,2026-06-17T15:19:06Z,1781709546000,0x4d32bc4355db9619c5dfc5c04569f021690fd31cf085fdc84cde2e733f45abc8,0,0x2df1c51e09aecf9cacb7bc98cb1742757f163df7,0x07f4fcdd65b75bd041646d0f74882025ec64b495,12.11,withdraw,5
474475100,2026-06-17T15:19:30Z,1781709570000,0xca1e3c23ff87d528bcc1a598aa20b9e57ae0a0b300fa60ee21209711b590aa53,5,0x2df1c51e09aecf9cacb7bc98cb1742757f163df7,0xc09fba244c975ec486d403ed48a928c15b3a42b1,249.0,withdraw,5
474475100,2026-06-17T15:19:30Z,1781709570000,0xca1e3c23ff87d528bcc1a598aa20b9e57ae0a0b300fa60ee21209711b590aa53,7,0x2df1c51e09aecf9cacb7bc98cb1742757f163df7,0x02377bf8e2adae2f07aaa9274ad19f2ab9927d57,6.456227,withdraw,5
474475252,2026-06-17T15:20:09Z,1781709609000,0x5b3c786b387b9b1434c5f89f1bf079f338c947c7ee2ccdc2afd5b0d3fd6665e6,6,0x3089602b74dd5a7a8fdf78812ef1278df1d20e83,0x2df1c51e09aecf9cacb7bc98cb1742757f163df7,97.0,deposit,5
474475261,2026-06-17T15:20:11Z,1781709611000,0x5549039f329d176fcf485c89dbce06bf61ec4e7e33895c6cd213615b3514aa81,22,0xf032648dfd22c4d81588bd83e09ab89cfe816705,0x2df1c51e09aecf9cacb7bc98cb1742757f163df7,382.527189,deposit,5
474475314,2026-06-17T15:20:24Z,1781709624000,0x22cddaf54105da622527407e3b6118d583039c6f0ff77827e6ca7af3115d721b,2,0x3d1d14c17ed7b78dfb1bb8337b9270174e2070f5,0x2df1c51e09aecf9cacb7bc98cb1742757f163df7,50.0,deposit,5
474475345,2026-06-17T15:20:32Z,1781709632000,0xcbfd03aee953a097656b9cb9ee520c61cc4f660bea039339a078ff9ccd291b67,0,0x3bb0d17a6ae04ec774fbd80ac3f688454d6b78d6,0x2df1c51e09aecf9cacb7bc98cb1742757f163df7,39.821164,deposit,5
474475353,2026-06-17T15:20:34Z,1781709634000,0xf03ae1f133b845bf5b0744e5b8bb413c16644bb1d340988daaa6f7a59941b5cf,17,0x18216c6565a82baa606516f3fafc618984573287,0x2df1c51e09aecf9cacb7bc98cb1742757f163df7,10.0,deposit,5
474475422,2026-06-17T15:20:51Z,1781709651000,0xce2ab72aa8b132de10c227e6714811b40a03d74eb50aaac178a237328631c930,21,0xa35cc5f2edabe069e597d12d8498b2b403e3a1c7,0x2df1c51e09aecf9cacb7bc98cb1742757f163df7,10.0,deposit,5
474475431,2026-06-17T15:20:54Z,1781709654000,0xbe7cd2ed74e1684f6e6f51e19b94f7edad88a6ebfec096970c441fe0ad8f41c7,1,0x02377bf8e2adae2f07aaa9274ad19f2ab9927d57,0x2df1c51e09aecf9cacb7bc98cb1742757f163df7,7.478927,deposit,5
474475445,2026-06-17T15:20:57Z,1781709657000,0xa26d23e2d6b6fe89385bc0feacd6e2108028e994d15eef2f0b852a92bc9c436c,11,0x6f7190dfa467b7f766e0cb29877f9afbd4e7bfd6,0x2df1c51e09aecf9cacb7bc98cb1742757f163df7,2000.8,deposit,5
474475486,2026-06-17T15:21:07Z,1781709667000,0xa3c41be57108a06db56e1e8f6cd74e61780b04f1e9e718e6fdf46675c304dd90,1,0x4702c601837890ffb12a0ccbd8af3dde57d1a69e,0x2df1c51e09aecf9cacb7bc98cb1742757f163df7,99.8,deposit,5
474475595,2026-06-17T15:21:35Z,1781709695000,0x7a053e1430ac07bb935df13322d3a5a5e8eb4aadcc8abb2b07efa95eea46ab85,0,0x2df1c51e09aecf9cacb7bc98cb1742757f163df7,0x48594ff05cceb4f62aabb9be15a141c204661f0b,8499999.0,withdraw,5
474475595,2026-06-17T15:21:35Z,1781709695000,0x7a053e1430ac07bb935df13322d3a5a5e8eb4aadcc8abb2b07efa95eea46ab85,2,0x2df1c51e09aecf9cacb7bc98cb1742757f163df7,0x57115b34b209defd868ab594ff58dc2222c07aaf,2.876231,withdraw,5
474475595,2026-06-17T15:21:35Z,1781709695000,0x7a053e1430ac07bb935df13322d3a5a5e8eb4aadcc8abb2b07efa95eea46ab85,4,0x2df1c51e09aecf9cacb7bc98cb1742757f163df7,0x48594ff05cceb4f62aabb9be15a141c204661f0b,8999999.0,withdraw,5
474475700,2026-06-17T15:22:01Z,1781709721000,0xc3c33269983678c6a4134e8b1af8e6240fc51279859998f4389ded745fbaca5c,5,0x2df1c51e09aecf9cacb7bc98cb1742757f163df7,0x3bc287fd882815ddb592f9552bb9517a597b2ff9,243.546484,withdraw,5
474476055,2026-06-17T15:23:30Z,1781709810000,0xac43979ec7c42f8cc4fc042a7179eca3119b3678a25912a0305d503b0f9e4202,0,0x2df1c51e09aecf9cacb7bc98cb1742757f163df7,0x763f9b19a37311189e31023dc0660299fa0d3ef3,709.43,withdraw,5
474476163,2026-06-17T15:23:57Z,1781709837000,0x80a51795ba8735237b685a57eab2d4ffbb5570de8dd5ea2b5e60b10b3c483782,10,0x2df1c51e09aecf9cacb7bc98cb1742757f163df7,0x506c86e2661d5a06c779fbf8c7d77175195318a1,224.201134,withdraw,5
474476198,2026-06-17T15:24:06Z,1781709846000,0x26379220d0e5827550227a4fb03cafa2042732351186aaedfe7761228be3464b,3,0x7bbd632b9bb96dfe0416c8d6e5ca94bf7cef9193,0x2df1c51e09aecf9cacb7bc98cb1742757f163df7,1292.3082,deposit,5
474476219,2026-06-17T15:24:11Z,1781709851000,0x8275d30390e1cfcac2b132184aa40708184d58a44f362ed51979e9a678470f4e,5,0xa35cc5f2edabe069e597d12d8498b2b403e3a1c7,0x2df1c51e09aecf9cacb7bc98cb1742757f163df7,190.0,deposit,5
474476247,2026-06-17T15:24:18Z,1781709858000,0x568b3fb5e86ef8bbc2f7eb9246d49103e86a52d9aca4c71a8ef906a3233d6c78,16,0x2df1c51e09aecf9cacb7bc98cb1742757f163df7,0xff24df8f36b6beb54ac8465596d247c8ce1a7f02,21.17,withdraw,5
474476247,2026-06-17T15:24:18Z,1781709858000,0x568b3fb5e86ef8bbc2f7eb9246d49103e86a52d9aca4c71a8ef906a3233d6c78,18,0x2df1c51e09aecf9cacb7bc98cb1742757f163df7,0x18b459d954cbfe49c7918d7ea705591eb5a25346,9.0,withdraw,5
474476296,2026-06-17T15:24:30Z,1781709870000,0xd6ab6ada8efd4a7cb90b17234c945ca732db9698c6c4eef8a225790fb6b313be,4,0x46f608a0f1e95198fe41a58e1a5f92242c237318,0x2df1c51e09aecf9cacb7bc98cb1742757f163df7,2772.860049,deposit,5
474476413,2026-06-17T15:25:00Z,1781709900000,0xcf5f36364e0b34651496ee495435c25e0573826fc39fcce5e117c9b9824b5184,13,0xa301847798197d8d100438b035f0f328de45e60e,0x2df1c51e09aecf9cacb7bc98cb1742757f163df7,10.0,deposit,5
474476428,2026-06-17T15:25:04Z,1781709904000,0x6289928aa14cde02d36014ea40fefb8cf729a4d735f842ef1b01c76a03a77886,20,0x703fa6ecb45570340da8dd0761ead898b3fded82,0x2df1c51e09aecf9cacb7bc98cb1742757f163df7,444.75694,deposit,5
474476447,2026-06-17T15:25:08Z,1781709908000,0xf267ccea6633ac6f60651a7d4909164de4fb64e42c0caae1e22145eec9be0bea,51,0x197d0b8d520667f6a14ce98215c2f945e6cd3ccc,0x2df1c51e09aecf9cacb7bc98cb1742757f163df7,62951.705781,deposit,5
474476448,2026-06-17T15:25:09Z,1781709909000,0x6eac4f8b0a3aef0bb869ee52a1465a4e9235938578b02cd9613a7373f63fb8fd,1,0x4702c601837890ffb12a0ccbd8af3dde57d1a69e,0x2df1c51e09aecf9cacb7bc98cb1742757f163df7,10168.07335,deposit,5
474476448,2026-06-17T15:25:09Z,1781709909000,0x6eac4f8b0a3aef0bb869ee52a1465a4e9235938578b02cd9613a7373f63fb8fd,3,0x9b595a34fd906ab4d1607758206e6d6fec7da258,0x2df1c51e09aecf9cacb7bc98cb1742757f163df7,28.051241,deposit,5
474476455,2026-06-17T15:25:10Z,1781709910000,0x7ee7fc20bbf85936a67d3ecbd82c15077fbb5e41262fb7b99fa85248da81b0a9,138,0xf032648dfd22c4d81588bd83e09ab89cfe816705,0x2df1c51e09aecf9cacb7bc98cb1742757f163df7,2374.500334,deposit,5
474476509,2026-06-17T15:25:24Z,1781709924000,0xf5c0073c893cc670e7df783346aa35dc4ac99cdd3c0a5226fc02b5e35c9180e9,0,0x2df1c51e09aecf9cacb7bc98cb1742757f163df7,0xe01fd113494f36805618fb3c7bb930e4a8e70f60,599999.0,withdraw,5
474476571,2026-06-17T15:25:38Z,1781709938000,0x1d33cec7f3377d013fc135662a3e6892cd1fbac37edee9e48e8b38acc4ef321f,2,0x6bffee495174316650b27fcfd7e46b95448962ae,0x2df1c51e09aecf9cacb7bc98cb1742757f163df7,54.45753,deposit,5
474476600,2026-06-17T15:25:46Z,1781709946000,0x1cd28dc0d4a265fd21dbd6037905985c725aad23308187f393dea99b9b702a90,0,0x731a615d6c512e642f2d4204502b7a9ce5298b64,0x2df1c51e09aecf9cacb7bc98cb1742757f163df7,1428.403347,deposit,5
474476708,2026-06-17T15:26:13Z,1781709973000,0x968987e8af9b83eb0459b7e5d2e57c4b9504a0e2e576442ed6b65ced530bb001,1,0x2df1c51e09aecf9cacb7bc98cb1742757f163df7,0xdde984ca184428d6ed1392d03bd50e524c5c3665,23.940559,withdraw,5
474476817,2026-06-17T15:26:40Z,1781710000000,0x975e30541cdbf09e351bdd5e94a58081fe37feaaeda63363482fa3d35d6c8d43,0,0x2df1c51e09aecf9cacb7bc98cb1742757f163df7,0x718d944bd343b887386b3bf328b5d79e52b61ec7,299.0,withdraw,5
474476968,2026-06-17T15:27:18Z,1781710038000,0xfe0a56e7663cf779d672eb2e3ca98fa4508a758e0070fdacdf382a82830cafca,19,0xe1129afdcc515e9643d15fe3c8c367a5ffd21eae,0x2df1c51e09aecf9cacb7bc98cb1742757f163df7,204.8,deposit,5
474476997,2026-06-17T15:27:25Z,1781710045000,0x82d8a303ac97583a30d06e99ac4e403b52247219613133953a31ee02748dd71d,0,0x2df1c51e09aecf9cacb7bc98cb1742757f163df7,0xf05fa42d147d694321c49dfb37144698f5d92a98,4.0,withdraw,5
474477095,2026-06-17T15:27:50Z,1781710070000,0xf992cf675b8b8cb608b62042daf75450cd039f42d24c42647970f7610c820970,1,0xaee92f5cc6871e05cea37887941ea64b699ce34d,0x2df1c51e09aecf9cacb7bc98cb1742757f163df7,2338.1,deposit,5
474477108,2026-06-17T15:27:53Z,1781710073000,0xf3f03e04ea7cdd4343450e45ae0071f6f79e56c7f4b186318a1a6d627288c1fe,13,0x2df1c51e09aecf9cacb7bc98cb1742757f163df7,0xc88fa5ab592d2eac7350c6444cf08012f6d22357,299.0,withdraw,5
474477142,2026-06-17T15:28:01Z,1781710081000,0xaf44fe2d69b7490cb46a8e03d17d7db54878e5181882e316587b4e77e2fc3f0a,18,0x9b595a34fd906ab4d1607758206e6d6fec7da258,0x2df1c51e09aecf9cacb7bc98cb1742757f163df7,10.00338,deposit,5
474477222,2026-06-17T15:28:21Z,1781710101000,0x60d611cb6412669b62012a808995b2649e52593e2b109403e1d8b804118ee18b,0,0x2df1c51e09aecf9cacb7bc98cb1742757f163df7,0xc57907db5c48150c30b8349b7e815d61d9a3c164,1012.63,withdraw,5
474477222,2026-06-17T15:28:21Z,1781710101000,0x60d611cb6412669b62012a808995b2649e52593e2b109403e1d8b804118ee18b,2,0x2df1c51e09aecf9cacb7bc98cb1742757f163df7,0x48594ff05cceb4f62aabb9be15a141c204661f0b,7999999.0,withdraw,5
474477300,2026-06-17T15:28:41Z,1781710121000,0x04fa5156bd71a5ecca43b8955b0562815dca6e469f881788cd46533c2629b37e,1,0x2df1c51e09aecf9cacb7bc98cb1742757f163df7,0x48594ff05cceb4f62aabb9be15a141c204661f0b,7499999.0,withdraw,5
474477402,2026-06-17T15:29:06Z,1781710146000,0xcab9789696bd6aa645727940a799fbb1f4dbc08b69efecc7e29d62eaad6732d7,2,0xadb1432a95daaec0c5f5ddfb8b16385f4fb5e5a3,0x2df1c51e09aecf9cacb7bc98cb1742757f163df7,20.0,deposit,5
474477492,2026-06-17T15:29:29Z,1781710169000,0x1fab694518fd3103bf6a9aae44bfd94f15724f8b4c9dc2f6bf69372b3c0244e8,38,0x96c1dc9c4097ccf9af47ba16208f99e09b0c511f,0x2df1c51e09aecf9cacb7bc98cb1742757f163df7,10223.712482,deposit,5
474477615,2026-06-17T15:30:00Z,1781710200000,0x9d1e67329dede7042f7fe07029c81250d39051fb56aa82822765da578eebd0d0,0,0x2df1c51e09aecf9cacb7bc98cb1742757f163df7,0x4c3198c1d0c9c1446f9a60496751e4303faf9336,97.5,withdraw,5
474477655,2026-06-17T15:30:10Z,1781710210000,0x3326b2917267a17b8f75aa57f7d6aad81dcc02c7253b63ae72512d2f4bf727af,37,0x2d5c07d5a8f2501e426367ecf0eec9a9d6697fd8,0x2df1c51e09aecf9cacb7bc98cb1742757f163df7,26.201081,deposit,5
474477684,2026-06-17T15:30:17Z,1781710217000,0x9d08dcaa31f888ef048e056c2cead31cc5689280f3e983a7b869f9d43f9ae0f4,2,0x408049199dac83cf79e3bba3c066ca767592e40d,0x2df1c51e09aecf9cacb7bc98cb1742757f163df7,9.8,deposit,5
474477684,2026-06-17T15:30:17Z,1781710217000,0x9d08dcaa31f888ef048e056c2cead31cc5689280f3e983a7b869f9d43f9ae0f4,4,0x6f7190dfa467b7f766e0cb29877f9afbd4e7bfd6,0x2df1c51e09aecf9cacb7bc98cb1742757f163df7,249.8,deposit,5
474477684,2026-06-17T15:30:17Z,1781710217000,0x9d08dcaa31f888ef048e056c2cead31cc5689280f3e983a7b869f9d43f9ae0f4,6,0xadb1432a95daaec0c5f5ddfb8b16385f4fb5e5a3,0x2df1c51e09aecf9cacb7bc98cb1742757f163df7,180.0,deposit,5
474477691,2026-06-17T15:30:19Z,1781710219000,0x9aa633557f465d610177be8cc8b317a1fd73034cf6bfc8dda225c7eed97d97fe,2,0x8b8d3c09c2ec89ac3cdff3487cb4335dad292b97,0x2df1c51e09aecf9cacb7bc98cb1742757f163df7,19.96,deposit,5
474477974,2026-06-17T15:31:30Z,1781710290000,0x51899f966f60ee4b17aba67ecc9210d918b6295c0346e1dd37365deb0b50127e,1,0x7825cb11da5e786b56235735ad5711fdea8c7768,0x2df1c51e09aecf9cacb7bc98cb1742757f163df7,1289.476813,deposit,5
474478026,2026-06-17T15:31:43Z,1781710303000,0xcb12e6e6beebeaf2d4e96d707eeeb5b23cdf624b4ae7c102600abac4c13608ee,6,0x2df1c51e09aecf9cacb7bc98cb1742757f163df7,0xb60d69a2e2f215e2a51994cf02d9cf782abc08f9,3.170972,withdraw,5
474478036,2026-06-17T15:31:45Z,1781710305000,0xc68f0ad598dd59103f230f4f1e6476cf5d325f4f0e38f630e43e90e3acfd2e91,0,0xe2d78e2e47f15d0f1804398dd4ba44636f09e690,0x2df1c51e09aecf9cacb7bc98cb1742757f163df7,41198.400779,deposit,5
474478109,2026-06-17T15:32:02Z,1781710322000,0x3fa80edd904d8c04ea8dc95e91e288952b9575632435cc5cfb9fae2399acaa7e,0,0x2df1c51e09aecf9cacb7bc98cb1742757f163df7,0x1f3421126ada75afc14752933934183b0cfda6ea,41.91,withdraw,5
474478315,2026-06-17T15:32:54Z,1781710374000,0xd08049c9f4e4da882fe7d59d290ba7ae597f94c601f2b88a63aa19d0e69ffa8d,13,0x2df1c51e09aecf9cacb7bc98cb1742757f163df7,0xdfe33343922474713cec4d0041df03f4035d805c,199.0,withdraw,5
474478399,2026-06-17T15:33:15Z,1781710395000,0x289e0529a740e94275751a86f9278f2a837ee4b063760d096e7cd403cd99b79d,13,0x0cee7de940033cd0d8afa9359e95e3564c35dbed,0x2df1c51e09aecf9cacb7bc98cb1742757f163df7,10000.0,deposit,5
474478410,2026-06-17T15:33:18Z,1781710398000,0xe373620f4b5003c63172513a02d5116ddd3bc40f6b96f37d38e0127f9d819abd,0,0x3440f23a87f1950e7a88cd248fd270e92d1132c5,0x2df1c51e09aecf9cacb7bc98cb1742757f163df7,199997.00003,deposit,5
474478425,2026-06-17T15:33:21Z,1781710401000,0x4ef079064a7e70271bda2374736868cd37df21be7d6b05c4138b6dfc58ea543f,7,0x7ce79dca484012e641bd5ba8f821270724c91e3f,0x2df1c51e09aecf9cacb7bc98cb1742757f163df7,10.049847,deposit,5
474478668,2026-06-17T15:34:22Z,1781710462000,0x4061261c0b4b866a433a702e3bb4b491f964c6e79f14fe8d35cc7b7d0bd6294a,2,0x14b142021745676b5cb2dcd3869f8f9b0306db86,0x2df1c51e09aecf9cacb7bc98cb1742757f163df7,226.447758,deposit,5
474478733,2026-06-17T15:34:38Z,1781710478000,0x702127b0186aa77b4997890a062fcea2efe928b91c5ef5c768b795680d3671cb,11,0x2df1c51e09aecf9cacb7bc98cb1742757f163df7,0x9deb0cf9eec64d8afff121f1fbd961bbf14091ca,500.0,withdraw,5
474478831,2026-06-17T15:35:03Z,1781710503000,0x768c9eea1a39de011a63b9734554c36185639650853357a0e20d04ab79cf807d,8,0xf032648dfd22c4d81588bd83e09ab89cfe816705,0x2df1c51e09aecf9cacb7bc98cb1742757f163df7,367.513655,deposit,5
474478908,2026-06-17T15:35:23Z,1781710523000,0xfee183694cbd65ef20d67ffd8a07dac1591f91a4af1c80cc64da94345093b2c6,1,0x51f63885534cb494f4592a0311551f369bff2b39,0x2df1c51e09aecf9cacb7bc98cb1742757f163df7,45334.0,deposit,5
474478912,2026-06-17T15:35:24Z,1781710524000,0xa7d29c0a1b8bb9a4ab7db7ed79542cdd52fb22eb587b325c094b04650629d841,7,0x2df1c51e09aecf9cacb7bc98cb1742757f163df7,0xa39d7362a952073b7b5f48f7a082fa9e47f366a7,97.5,withdraw,5
474478912,2026-06-17T15:35:24Z,1781710524000,0xa7d29c0a1b8bb9a4ab7db7ed79542cdd52fb22eb587b325c094b04650629d841,9,0x2df1c51e09aecf9cacb7bc98cb1742757f163df7,0x44b25f74eb4ef88467e8355773f43f7e8f9affc9,107.67,withdraw,5
474478966,2026-06-17T15:35:37Z,1781710537000,0xed1ec26ec94769c62ee95fd8d021168f3a2b475fc2e555703b46d4ccde614f2b,1,0x408049199dac83cf79e3bba3c066ca767592e40d,0x2df1c51e09aecf9cacb7bc98cb1742757f163df7,149.8,deposit,5
474478966,2026-06-17T15:35:37Z,1781710537000,0xd4a2848c5691510119d845019c28d948a65a12b549f75249b4530d1da3964d48,3,0xdfe33343922474713cec4d0041df03f4035d805c,0x2df1c51e09aecf9cacb7bc98cb1742757f163df7,199.0,deposit,5
474479056,2026-06-17T15:36:00Z,1781710560000,0x0df8834e61b8f89e5fd19931cad50f533f5d6a104619b44533d3119196b98e60,1,0x8666bb819fccd69fb6a0e660ecee5ae4d819de77,0x2df1c51e09aecf9cacb7bc98cb1742757f163df7,200.0,deposit,5
474479182,2026-06-17T15:36:31Z,1781710591000,0x4e93f6baf9765e19074527788112768fe7708a91ea4e58f57752e1b682edb428,0,0xb773b362426b528b37dd6c5f16b7f59aff5c61c5,0x2df1c51e09aecf9cacb7bc98cb1742757f163df7,339.926767,deposit,5
474479219,2026-06-17T15:36:41Z,1781710601000,0xba73f007d193448b773d05211f7a527d4e180937a8b6ba1a3e90249d475dbf49,0,0x0092c55cfc69c30946e8e1f4d8bfa313a90b6acb,0x2df1c51e09aecf9cacb7bc98cb1742757f163df7,196.499472,deposit,5
474479265,2026-06-17T15:36:52Z,1781710612000,0xc059652c8e2e6b7c9a573258b9613db6c078fdfc14a62891bf59e9e3a0741d09,1,0x746f546b03750dbb53b5351d9f17ce2e76595bed,0x2df1c51e09aecf9cacb7bc98cb1742757f163df7,10.56941,deposit,5
474479301,2026-06-17T15:37:01Z,1781710621000,0x10ab133159d33eb7c246a62da8f5e9fb3260c5ea10da809f0047174b967b5c23,0,0x2df1c51e09aecf9cacb7bc98cb1742757f163df7,0x18f4d7ab4a5dc51dba41f19f6c835d6b0ce6be04,12.41,withdraw,5
474479304,2026-06-17T15:37:02Z,1781710622000,0xd5682965268529fca80ed7e9e533f2300b86c92f657c56c18177c0b61d4b1649,6,0x1f3421126ada75afc14752933934183b0cfda6ea,0x2df1c51e09aecf9cacb7bc98cb1742757f163df7,41.91,deposit,5
474479353,2026-06-17T15:37:14Z,1781710634000,0xc24c5d924b1855cda26e01c8109d7af7be59b67348344bda2aa253a39d763e6e,40,0x7d222e9f211781eeca3b2e31421ac7420d04f405,0x2df1c51e09aecf9cacb7bc98cb1742757f163df7,52.74,deposit,5
474479483,2026-06-17T15:37:47Z,1781710667000,0x51f46ffc3c75dbc1fbaa8d3b8ffb15ebb83b1e1e5e98ded924ce947f122a4fa2,18,0x2df1c51e09aecf9cacb7bc98cb1742757f163df7,0x7c9739a703db03c74d3478240170f404f04aeba2,24.357993,withdraw,5
474479536,2026-06-17T15:38:00Z,1781710680000,0xcccd92232ac4486033844720b92d4e55d4101d0f244ba4a3d51e5d43e4fc9a69,8,0x94a092acf081103693b2ee978aa69f67407e0745,0x2df1c51e09aecf9cacb7bc98cb1742757f163df7,4996.8,deposit,5
474479565,2026-06-17T15:38:07Z,1781710687000,0xe12983e4b640f1f05e35987c1429fa0e16a278a58f9679804deafd308d9cb211,51,0x2df1c51e09aecf9cacb7bc98cb1742757f163df7,0xc9a01a682c7ee5ca899ec0b8e3796a9c98ee6017,34.13,withdraw,5
474479632,2026-06-17T15:38:23Z,1781710703000,0x832949cd03d1476f0624a7a3ffd13649671460c0a67c9917cd11d65cd5463ff6,4,0x781e95fdc049433565cf8e05265361b8402196b7,0x2df1c51e09aecf9cacb7bc98cb1742757f163df7,5433.8,deposit,5
474479632,2026-06-17T15:38:23Z,1781710703000,0xbb95eae77cd78bc97848ffc89424a8d20a7716220c67c434d2991c5f6868a3e7,6,0xb1b394acd5d217b5b1ee19b0ccf14e38b792c215,0x2df1c51e09aecf9cacb7bc98cb1742757f163df7,99871.625482,deposit,5
474479661,2026-06-17T15:38:30Z,1781710710000,0xce1b220d8f726f1ecb063ede16b32d46c6dd52b88af9b203a9efb7910c18e5bb,17,0x2df1c51e09aecf9cacb7bc98cb1742757f163df7,0xa39d7362a952073b7b5f48f7a082fa9e47f366a7,94.34585,withdraw,5
474479672,2026-06-17T15:38:33Z,1781710713000,0x743b1a5c3fd6b8b87defc2b47b38a503589489ef067a64e9b4093edc11fcf938,2,0x7ac5a249720cc27d5fd483de541d49b48dccb157,0x2df1c51e09aecf9cacb7bc98cb1742757f163df7,499.0,deposit,5
474479897,2026-06-17T15:39:29Z,1781710769000,0xc9a7af0a7fd3f45b7653a4867acab8b0c95e2c61a32ce4466536644729733453,0,0x838db3adf23feff002e762a5ecca951faccbd2c7,0x2df1c51e09aecf9cacb7bc98cb1742757f163df7,6.0,deposit,5
474479901,2026-06-17T15:39:30Z,1781710770000,0xcc4144724e9b6cedbf3b61949a99e46b5354b18fb3cfbf85d68f41ce76bcc1dc,80,0x2f01afc9f9437c4fcb8f2e8612c57bf522bcc81d,0x2df1c51e09aecf9cacb7bc98cb1742757f163df7,20672.5,deposit,5
474480031,2026-06-17T15:40:03Z,1781710803000,0x113a338a94d9a413635e2136a8a0da2e70bfcbc260e3056f860f93135ed82a0b,4,0xf032648dfd22c4d81588bd83e09ab89cfe816705,0x2df1c51e09aecf9cacb7bc98cb1742757f163df7,436.1927,deposit,5
474480049,2026-06-17T15:40:07Z,1781710807000,0x756fae43b8977a7425bae4f1b3e4cdd2016fd5b344c470f388575589c8e43b4f,28,0x4365a363d8f25a5e783f9eea40a31cb186d4a93c,0x2df1c51e09aecf9cacb7bc98cb1742757f163df7,40.0,deposit,5
474480130,2026-06-17T15:40:28Z,1781710828000,0x1f6705a2ddcf742dbcbf8f06d735bd87fea7cc40c32274b5bd4be5abf472f844,6,0x2df1c51e09aecf9cacb7bc98cb1742757f163df7,0x58a5f27ae5c95e871d87629241b0320770e9455f,293.41,withdraw,5
474480130,2026-06-17T15:40:28Z,1781710828000,0x1f6705a2ddcf742dbcbf8f06d735bd87fea7cc40c32274b5bd4be5abf472f844,8,0x2df1c51e09aecf9cacb7bc98cb1742757f163df7,0x51ff9ebbaf4d7aefcce9f6dc8d691aefa8e56815,240.0,withdraw,5
474480139,2026-06-17T15:40:30Z,1781710830000,0x9e934e615e31943627ec9e7a79d4d08b73fe7476bcb38703f4d80c70819fa652,1,0xfc052c601748666fd6a9deca2878d83b232cec2f,0x2df1c51e09aecf9cacb7bc98cb1742757f163df7,191.794513,deposit,5
474480496,2026-06-17T15:41:59Z,1781710919000,0xd623ec5cec4619d1206e23857715fd4cb6f97b6ef8b5f86269850bfcd70e0d3e,85,0x3440f23a87f1950e7a88cd248fd270e92d1132c5,0x2df1c51e09aecf9cacb7bc98cb1742757f163df7,200000.0,deposit,5
474480504,2026-06-17T15:42:01Z,1781710921000,0x63d68fb5d8c0356591e7d6c0654cc8c27b13f479474d5912c61f0a952afd79ac,1,0x4b3ef99ad81ad429bac42df5631f1d21235fa911,0x2df1c51e09aecf9cacb7bc98cb1742757f163df7,1420.049999,deposit,5
474480549,2026-06-17T15:42:13Z,1781710933000,0x1b68a937cc3eefd129d5b92ea9189093685a26a67b9861b4d7e1cd79ec7ea615,21,0x781e95fdc049433565cf8e05265361b8402196b7,0x2df1c51e09aecf9cacb7bc98cb1742757f163df7,5433.8,deposit,5
474480741,2026-06-17T15:43:01Z,1781710981000,0x5849c9adcba1c8d028569704b8e040cbd82e9c1dfe6eb6b841d7b8fbd6684bdd,11,0x2df1c51e09aecf9cacb7bc98cb1742757f163df7,0x665ec2b38eca762b0eea98a9985beca9e278d6ec,893.71,withdraw,5
474480741,2026-06-17T15:43:01Z,1781710981000,0x5849c9adcba1c8d028569704b8e040cbd82e9c1dfe6eb6b841d7b8fbd6684bdd,13,0x2df1c51e09aecf9cacb7bc98cb1742757f163df7,0x48594ff05cceb4f62aabb9be15a141c204661f0b,1999999.0,withdraw,5
474480814,2026-06-17T15:43:19Z,1781710999000,0x2a81bd8ad79d24edae9d65d164cf7bab6a28e140bdf35bb19a79e98e8cc0578d,9,0x106e9783d3b54f9f15c28718835792968dd872ea,0x2df1c51e09aecf9cacb7bc98cb1742757f163df7,506.800071,deposit,5
474480821,2026-06-17T15:43:21Z,1781711001000,0x260477ee3e818c070b071cf61c2325f63238397c5a9b84d37a6f46bbe27d8fdd,9,0xb1b394acd5d217b5b1ee19b0ccf14e38b792c215,0x2df1c51e09aecf9cacb7bc98cb1742757f163df7,99724.593777,deposit,5
474480868,2026-06-17T15:43:32Z,1781711012000,0x37a632432c7974cda121ee3e8dd901b12e1f77aea80fc00bb538180b1400d56f,14,0x4365a363d8f25a5e783f9eea40a31cb186d4a93c,0x2df1c51e09aecf9cacb7bc98cb1742757f163df7,86.350741,deposit,5
474481051,2026-06-17T15:44:18Z,1781711058000,0x8144715ffdf192b79ca52feeab5b97591571653cfbba6b58221d58a6b190f2cd,2,0xd17a5f00ea1c39a0cfd90aba3d65a74471ce327e,0x2df1c51e09aecf9cacb7bc98cb1742757f163df7,30.009,deposit,5
474481105,2026-06-17T15:44:32Z,1781711072000,0x10a33076baf182ec01bffd0a8fb54089fdf1d2b1426a92edcffd944bef2e0f02,3,0x2df1c51e09aecf9cacb7bc98cb1742757f163df7,0x48594ff05cceb4f62aabb9be15a141c204661f0b,4999999.0,withdraw,5
474481111,2026-06-17T15:44:33Z,1781711073000,0x8b6225c20196fa05c81abeb898adc72bf00224e1dbcbc03a96a01f6f31e17fc6,1,0x2341eae8b2604648e59f1ee55b6cba93ab1bb2fa,0x2df1c51e09aecf9cacb7bc98cb1742757f163df7,25.846462,deposit,5
474481149,2026-06-17T15:44:41Z,1781711081000,0xf3128d1478d482ca7ac304f1acd162f470986b6cc2c75965e6f2c0fbd5f28b26,5,0x4adbe6d6c2995419616b272728f7ba16f922aad9,0x2df1c51e09aecf9cacb7bc98cb1742757f163df7,200.0,deposit,5
474481178,2026-06-17T15:44:48Z,1781711088000,0xf3d37f438b25b1aea2e45bf2281fed0b8bc28f35cf9c43a39b047305fff90861,3,0xafa88a2f075de96934bc0eeb2eb846091355a112,0x2df1c51e09aecf9cacb7bc98cb1742757f163df7,32583.0,deposit,5
474481239,2026-06-17T15:45:04Z,1781711104000,0x1e0904665623f28a4eb9043ffdaa81f6ef415827b41a4567c25ad31234b6438a,8,0x3ef765bcd5f29c4b72002a35db10338fe1a9a71a,0x2df1c51e09aecf9cacb7bc98cb1742757f163df7,5.0,deposit,5
474481265,2026-06-17T15:45:10Z,1781711110000,0x2f70e18a155673463ad55a64c3ddc45916bc7a908fd7511498707009ab339f3b,8,0xf032648dfd22c4d81588bd83e09ab89cfe816705,0x2df1c51e09aecf9cacb7bc98cb1742757f163df7,405.800307,deposit,5
474481304,2026-06-17T15:45:20Z,1781711120000,0xde1c6c7606309ea2235bcf32939a2ab76702c9b99fcdcaa8e49bef84a82ad30f,2,0x7ce79dca484012e641bd5ba8f821270724c91e3f,0x2df1c51e09aecf9cacb7bc98cb1742757f163df7,1002.90451,deposit,5
474481304,2026-06-17T15:45:20Z,1781711120000,0xde1c6c7606309ea2235bcf32939a2ab76702c9b99fcdcaa8e49bef84a82ad30f,4,0x9b595a34fd906ab4d1607758206e6d6fec7da258,0x2df1c51e09aecf9cacb7bc98cb1742757f163df7,18.047862,deposit,5
474481311,2026-06-17T15:45:22Z,1781711122000,0xe5a6f8b64e61f87c188cec73c8063cc963a897ba9367d5682b38698c6d975be0,0,0x2df1c51e09aecf9cacb7bc98cb1742757f163df7,0x9831081cbb01356aebf942f440f70b5af4557678,3.386928,withdraw,5
474481317,2026-06-17T15:45:23Z,1781711123000,0xdfb27a9b94b7b6f6be221d84b0841df90c91a931a9b536de157d9cf7f44fad80,15,0x51f63885534cb494f4592a0311551f369bff2b39,0x2df1c51e09aecf9cacb7bc98cb1742757f163df7,47862.0,deposit,5
474481365,2026-06-17T15:45:35Z,1781711135000,0x22f50d529a5fa1c3a86d1f06d7ecb1265476a1c130d83a3cdf1259fd55c68d81,0,0x4049be16b239aad7b10855fbe95ee1bcd20c5358,0x2df1c51e09aecf9cacb7bc98cb1742757f163df7,995.0,deposit,5
474481380,2026-06-17T15:45:39Z,1781711139000,0x7b4593dd7cffd6dcef74432709f8cb7a5b45f2be7624f14c9721a4bd32a9b9fa,0,0x4b1c09fa8322548360a76a3747e32a60a864bc38,0x2df1c51e09aecf9cacb7bc98cb1742757f163df7,71382.0,deposit,5
474481500,2026-06-17T15:46:09Z,1781711169000,0x8724d4657c80e6d3aa3e306333d1e9c5e69fa312ddd3e2aceb5dc6df9f6acc47,2,0x2df1c51e09aecf9cacb7bc98cb1742757f163df7,0xda08f06a1811f1741a1d7347d4dd38891d3d4e84,4.8,withdraw,5
474481573,2026-06-17T15:46:27Z,1781711187000,0x1d33bd973eafc133d408f19682bff304ef6a98ca74b7db155b9afdb1544be912,98,0x2df1c51e09aecf9cacb7bc98cb1742757f163df7,0x60c3b936c8518103d136a966252ad229211ecfb4,24.098377,withdraw,5
474481676,2026-06-17T15:46:53Z,1781711213000,0x7cfc943c9f5b1579cc8ecbbc408e9d363536303d23e2f7c3a2a214dfb7470a02,9,0x9b595a34fd906ab4d1607758206e6d6fec7da258,0x2df1c51e09aecf9cacb7bc98cb1742757f163df7,18.047862,deposit,5
474481777,2026-06-17T15:47:18Z,1781711238000,0x6ef8dfeec1041495601032dd0d4d2f2ba5bb00cd32888b114b84ed6b5bf0c911,104,0x2df1c51e09aecf9cacb7bc98cb1742757f163df7,0x47dc23bf415ccb05559583195820e0f4972ef55e,4239.0,withdraw,5
474481879,2026-06-17T15:47:44Z,1781711264000,0x846359536a34c18c43f58dcf80d80b924137fb8b5b8b9f748ad60bcaed67f9ee,0,0x2df1c51e09aecf9cacb7bc98cb1742757f163df7,0x48594ff05cceb4f62aabb9be15a141c204661f0b,4999999.0,withdraw,5
474481934,2026-06-17T15:47:58Z,1781711278000,0x143a09e88e841f8df3bf7e28328df4f86eb85c65c054f09365544d8c61733dae,1,0xcd6e06605183c1c5c8ac849825b7ca7c5db3cb6b,0x2df1c51e09aecf9cacb7bc98cb1742757f163df7,19013.8,deposit,5
474482033,2026-06-17T15:48:23Z,1781711303000,0x6eb9dc1019daa1b874252ab655cec3e008238ea08bd75442c4946b83655cee58,0,0x781e95fdc049433565cf8e05265361b8402196b7,0x2df1c51e09aecf9cacb7bc98cb1742757f163df7,5433.8,deposit,5
474482071,2026-06-17T15:48:32Z,1781711312000,0xcc12a06eea37c224e54d2df7fdf385508c1740a0e6b0126993c170d9ff840735,0,0x2df1c51e09aecf9cacb7bc98cb1742757f163df7,0x69c0ad35e585ab84d5bb33900d57d238799d2744,17.0,withdraw,5
474482071,2026-06-17T15:48:32Z,1781711312000,0xcc12a06eea37c224e54d2df7fdf385508c1740a0e6b0126993c170d9ff840735,2,0x2df1c51e09aecf9cacb7bc98cb1742757f163df7,0x08a00e5f4c9897ee0bdf5055b2ce3139c0796896,1419.0,withdraw,5
474482361,2026-06-17T15:49:45Z,1781711385000,0xb1c502b1b0a37ffda0a71d7cc537409193350b7e25256d0fa8e22d106b58e357,1,0x2df1c51e09aecf9cacb7bc98cb1742757f163df7,0x9e27b4b20cfee6cecaf4d33db95f86b396cdb7ae,2.0,withdraw,5
474482474,2026-06-17T15:50:13Z,1781711413000,0x599a2d028b5dba80d3e92eb18937f957b698d6a30b4600f173984148f04f0117,84,0xf032648dfd22c4d81588bd83e09ab89cfe816705,0x2df1c51e09aecf9cacb7bc98cb1742757f163df7,3916.537621,deposit,5
474482537,2026-06-17T15:50:29Z,1781711429000,0xb4823b971833c16cb68e5127e1d27d5843960e9076148f376c3c1151bce2558d,10,0xb1b394acd5d217b5b1ee19b0ccf14e38b792c215,0x2df1c51e09aecf9cacb7bc98cb1742757f163df7,99932.310436,deposit,5
474482571,2026-06-17T15:50:37Z,1781711437000,0x9e1bd46c5addd395d78ced72605818f60df55ec938839f154f53d3a9c028ca69,0,0x8696a7bcbed83aefab6beb676e32363349e44c17,0x2df1c51e09aecf9cacb7bc98cb1742757f163df7,75.0,deposit,5
474482668,2026-06-17T15:51:02Z,1781711462000,0x34d7717bc6ad16f17a431e42e7413215d5aaceff82d21c211e85562453c6b059,0,0x82cd5683ef2013c30915cd84c940f378ad782d4b,0x2df1c51e09aecf9cacb7bc98cb1742757f163df7,25000.0,deposit,5
474482700,2026-06-17T15:51:09Z,1781711469000,0x9ced2aa6c8ba76b725d26ee4030e5ec3301dff24788ef03e68df3a1a08eac93a,9,0x4aada58e425bb36c8cb39cd4e3ebf8571b76b2b5,0x2df1c51e09aecf9cacb7bc98cb1742757f163df7,9407.998327,deposit,5
474482757,2026-06-17T15:51:23Z,1781711483000,0x961ea5ee5495090dac7143239b7604b300562017cf3e60c30ea8f7653ba5ceb8,15,0xcebf40cbe1bd2b29fd68e1ab9fecb6354be4a784,0x2df1c51e09aecf9cacb7bc98cb1742757f163df7,200.0,deposit,5
474482968,2026-06-17T15:52:16Z,1781711536000,0x471440dee3bea5ce66dcf45a5dee3799f3394faeac8c6a04fa2c920060667e93,161,0x781e95fdc049433565cf8e05265361b8402196b7,0x2df1c51e09aecf9cacb7bc98cb1742757f163df7,5433.8,deposit,5
474482986,2026-06-17T15:52:21Z,1781711541000,0xbc0433422f77826dcac162ef30bdce441aea9cf9121a5404f2a713b70ea4073e,1,0x1543add3c54ed49a252039ce28c29acfa6d8c924,0x2df1c51e09aecf9cacb7bc98cb1742757f163df7,550.0,deposit,5
474483065,2026-06-17T15:52:40Z,1781711560000,0x24334b83bb9c5ddb1d89a268a7a2637e44e9ca6b88425adff94ef887851dc9fa,0,0x2df1c51e09aecf9cacb7bc98cb1742757f163df7,0x87e4cd33cab54a828923c663786084481a302c7c,648.365107,withdraw,5
474483105,2026-06-17T15:52:50Z,1781711570000,0xfa958e45930dd800444c9fa341070037bfb1cc0d9182320d35312add121ceacb,1,0x31969fc5deffab60d87ad619ccf1d4f24ccf52f5,0x2df1c51e09aecf9cacb7bc98cb1742757f163df7,33.966661,deposit,5
474483123,2026-06-17T15:52:55Z,1781711575000,0x7fc5b88151de1da86edbb3d6853ba7fe704caa71b8059eb12f96678e19b10b87,2,0xa933f2a5933d0d4845928ba48125bfeebc0a463d,0x2df1c51e09aecf9cacb7bc98cb1742757f163df7,300.0,deposit,5
474483150,2026-06-17T15:53:02Z,1781711582000,0x526f7bbd01a28d8c115557936232fb6c1298b97c9b67f006df45beac5045401f,14,0x1c798daa9ba08ee07f6959b3678cfa7aa5d810dd,0x2df1c51e09aecf9cacb7bc98cb1742757f163df7,19.933024,deposit,5
474483357,2026-06-17T15:53:54Z,1781711634000,0xed40a0b0ad6d09c8c7b6e799139eb1794d7901decbdc1afd4a9eb11a0e54019d,40,0x2df1c51e09aecf9cacb7bc98cb1742757f163df7,0xd50a6b6c0aa4bf26cf7ef2b699ad049e22f9834d,390.09,withdraw,5
474483357,2026-06-17T15:53:54Z,1781711634000,0xed40a0b0ad6d09c8c7b6e799139eb1794d7901decbdc1afd4a9eb11a0e54019d,42,0x2df1c51e09aecf9cacb7bc98cb1742757f163df7,0x585c0770b32e3b43536caf1df85965bc51f41406,38.63,withdraw,5
474483357,2026-06-17T15:53:54Z,1781711634000,0xed40a0b0ad6d09c8c7b6e799139eb1794d7901decbdc1afd4a9eb11a0e54019d,44,0x2df1c51e09aecf9cacb7bc98cb1742757f163df7,0x48594ff05cceb4f62aabb9be15a141c204661f0b,8999999.0,withdraw,5
474483371,2026-06-17T15:53:57Z,1781711637000,0xce1be3766c9eb789788ca08c595187d7874088cfc6529845f05002667c8bf988,16,0xb1b394acd5d217b5b1ee19b0ccf14e38b792c215,0x2df1c51e09aecf9cacb7bc98cb1742757f163df7,99911.111177,deposit,5
474483457,2026-06-17T15:54:19Z,1781711659000,0xee5bc48e6d497586f93dd2aa39a1191148d940cfa1bd434a777b282eec713fba,1,0x534e39501acc0a993f2cf69c8e19e4f49388272a,0x2df1c51e09aecf9cacb7bc98cb1742757f163df7,999.8,deposit,5
474483514,2026-06-17T15:54:33Z,1781711673000,0x0ad1f16caf3231c253e825b2d1d8a90125a6b78c7a58db6c0c7a7dfecd5e8a85,5,0x781e95fdc049433565cf8e05265361b8402196b7,0x2df1c51e09aecf9cacb7bc98cb1742757f163df7,62376.0,deposit,5
474483586,2026-06-17T15:54:51Z,1781711691000,0xa2ee75c93e4f55556d2f42d08f133f7541cd570eb0bb0b2d6ffffb0af2d7fd41,21,0x445b6f331df37011232f7b84126bd687ed579a70,0x2df1c51e09aecf9cacb7bc98cb1742757f163df7,390.07,deposit,5
474483597,2026-06-17T15:54:54Z,1781711694000,0x9aaef60edbb911a369e91d683b32648bc0506651c2c5f5f17cedc1966ac9b8f4,2,0x51f63885534cb494f4592a0311551f369bff2b39,0x2df1c51e09aecf9cacb7bc98cb1742757f163df7,41556.8,deposit,5
474483724,2026-06-17T15:55:26Z,1781711726000,0x3e2d8de0414e05b4b354c90d9edf47c935925ceb3cf21b6ff6a92253c29e19b2,13,0x1543add3c54ed49a252039ce28c29acfa6d8c924,0x2df1c51e09aecf9cacb7bc98cb1742757f163df7,500.0,deposit,5
474483764,2026-06-17T15:55:36Z,1781711736000,0xef673f87918293504ccc486bd7b9864ab0459c965315f42e3643ccecad8b2ab4,9,0x2df1c51e09aecf9cacb7bc98cb1742757f163df7,0x9dc61405b4cdc17745cf9952f7915ad88857b4b6,4.08,withdraw,5
474483860,2026-06-17T15:56:00Z,1781711760000,0xfb8dc04ecbde8dd7957f6d043af29764830d432862da7d295f1d7918ffcf95ed,0,0xb1b394acd5d217b5b1ee19b0ccf14e38b792c215,0x2df1c51e09aecf9cacb7bc98cb1742757f163df7,99865.189083,deposit,5
474483873,2026-06-17T15:56:03Z,1781711763000,0x1488358ddae806ecb401ff1c0b24411526a8573ae56d54aa8f365b2864cd9ac7,2,0x3fdb3f026d41f6301ca1bfe8c6903ec67a603545,0x2df1c51e09aecf9cacb7bc98cb1742757f163df7,69.5867,deposit,5
474483954,2026-06-17T15:56:23Z,1781711783000,0xeb8f7b1d6f480aeec4d627146320b39534c12f35beacbc43f6124cfa4097652c,0,0x781e95fdc049433565cf8e05265361b8402196b7,0x2df1c51e09aecf9cacb7bc98cb1742757f163df7,5433.8,deposit,5
474483964,2026-06-17T15:56:26Z,1781711786000,0xd3f293d1175bcebf6891657d02c49bf0b20bc1437262494f363b25abdf76b0f8,0,0x2df1c51e09aecf9cacb7bc98cb1742757f163df7,0x48594ff05cceb4f62aabb9be15a141c204661f0b,5999999.0,withdraw,5
474484061,2026-06-17T15:56:50Z,1781711810000,0xc3724fcbb6f190409d5000ce5f69da54905d40bea8e5334ce94b417711786895,5,0xc16ab8ac8992e3ffd42e0deefef73bfedf9cb79e,0x2df1c51e09aecf9cacb7bc98cb1742757f163df7,5.0,deposit,5
474484206,2026-06-17T15:57:25Z,1781711845000,0x5141aaa98c25e2a87ac8c5b75675757054949a27dc183bde05086292b9b4c4f6,3,0xb1b394acd5d217b5b1ee19b0ccf14e38b792c215,0x2df1c51e09aecf9cacb7bc98cb1742757f163df7,99772.479406,deposit,5
474484248,2026-06-17T15:57:36Z,1781711856000,0x6e9009f8a34782cdb69cc35b8f18a89fef5c2214f776ff204243ffcb4f1f6655,2,0x1441d3b091e3161c124f2ffd41a6fb5d8fa16ed0,0x2df1c51e09aecf9cacb7bc98cb1742757f163df7,500.0,deposit,5
474484324,2026-06-17T15:57:55Z,1781711875000,0xa0898345f8c0ea73dc5e38337e15bc9eb1a61f5d1334d83e5de69568e3b1cd4e,8,0x18da6fe4ed26034778f51c1495b7a22ccec450b1,0x2df1c51e09aecf9cacb7bc98cb1742757f163df7,146.415213,deposit,5
474484645,2026-06-17T15:59:15Z,1781711955000,0x57f4f3102d36a94a195b3d16a52ed9a7305a244bd2aa48de8b77675a7481a751,4,0x2df1c51e09aecf9cacb7bc98cb1742757f163df7,0xc71eafd6362dee290d095063cb5462df266c22d6,1.99,withdraw,5
474484662,2026-06-17T15:59:19Z,1781711959000,0x4aa48e4a727bd3e81a4f524a74574f410f076d502c0fc162e605444f0a1a90d9,4,0x1441d3b091e3161c124f2ffd41a6fb5d8fa16ed0,0x2df1c51e09aecf9cacb7bc98cb1742757f163df7,25799.01,deposit,5
474484677,2026-06-17T15:59:23Z,1781711963000,0x17b15c9dee59ff7df1620b038b5d15110cca49b2572294a02d0d1c6ea19b7bf6,30,0x7bbd632b9bb96dfe0416c8d6e5ca94bf7cef9193,0x2df1c51e09aecf9cacb7bc98cb1742757f163df7,349.8,deposit,5
474484677,2026-06-17T15:59:23Z,1781711963000,0x17b15c9dee59ff7df1620b038b5d15110cca49b2572294a02d0d1c6ea19b7bf6,32,0xcfa99b2ce4f62a97f11b288d5bd2a7369f9f6807,0x2df1c51e09aecf9cacb7bc98cb1742757f163df7,5.001634,deposit,5
474484731,2026-06-17T15:59:37Z,1781711977000,0xc6a8e7e547b07294f7e1e7e5fa891e91ff4fc091dfd9f8fa02da46ced412750e,9,0x8ba778de504da1da05430aa7bc292d6241ff0259,0x2df1c51e09aecf9cacb7bc98cb1742757f163df7,299.8,deposit,5
474484747,2026-06-17T15:59:41Z,1781711981000,0xed89ad655a87b5e0b1e36a08c17f64000ad38c7ddfe7561dcfe848a94e8b16cc,1,0x400d438e34f2c09ca3580e408696f3e239a6f88c,0x2df1c51e09aecf9cacb7bc98cb1742757f163df7,11.97584,deposit,5
474484856,2026-06-17T16:00:08Z,1781712008000,0xd16740566bd018def458a1593549dfc08de3747dcef60ef0e280a62785d84d6c,8,0xf032648dfd22c4d81588bd83e09ab89cfe816705,0x2df1c51e09aecf9cacb7bc98cb1742757f163df7,1042.649281,deposit,5
474484898,2026-06-17T16:00:19Z,1781712019000,0x15b01bc2eaa06303a6db5c31cb89088ac57ee927fcc6e38b4e122d28b1243100,28,0x2df1c51e09aecf9cacb7bc98cb1742757f163df7,0x3e100dfe32d5a013a40fc8488c62a3588c33564d,389.07,withdraw,5
474484899,2026-06-17T16:00:19Z,1781712019000,0xef8fb1e43c36f63a44504824ede29a22b382348e6963c1f4e3e75e9a3e3f50ce,0,0x4ca73f5700388ad578e07f8c4775eda7f414575f,0x2df1c51e09aecf9cacb7bc98cb1742757f163df7,68.47,deposit,5
474484941,2026-06-17T16:00:29Z,1781712029000,0x87c7fa3e9d45c184228bc1012cf2f20a474d9a9cdb4667e40967460ddd75a9c2,1,0x560b59c7889ccbb15bb89892a085e3187270946f,0x2df1c51e09aecf9cacb7bc98cb1742757f163df7,999.9967,deposit,5
474485112,2026-06-17T16:01:12Z,1781712072000,0x37fbd0a41b12f74247cc01f14055d68d21833c233bc8f5d568d591cc4fe8ddc8,1,0x445b6f331df37011232f7b84126bd687ed579a70,0x2df1c51e09aecf9cacb7bc98cb1742757f163df7,389.05,deposit,5
474485186,2026-06-17T16:01:31Z,1781712091000,0x566b50799ea108d7f8bb11a8d058ecec8a2a5d107ff080be64d0e93d1fc48276,55,0xbe913c529d6c82a9482b0b990ac181a2e5b18e1d,0x2df1c51e09aecf9cacb7bc98cb1742757f163df7,20.0,deposit,5
474485225,2026-06-17T16:01:41Z,1781712101000,0xb3388c065ec246ed1858786658081461bebaa0f859a9126fca335078d6795fb1,13,0xdf52df044f1b150dfa79590909cdac6ad83d59fc,0x2df1c51e09aecf9cacb7bc98cb1742757f163df7,89513.0,deposit,5
474485355,2026-06-17T16:02:13Z,1781712133000,0xa473e43b29a9e914a02f973abdca1a1afa7ff8f49414d6c8648e61435bf6a6fa,3,0xb1b394acd5d217b5b1ee19b0ccf14e38b792c215,0x2df1c51e09aecf9cacb7bc98cb1742757f163df7,99897.736287,deposit,5
474485529,2026-06-17T16:02:57Z,1781712177000,0x39cd40d546df20e0f7c016f2fa2b8c10b1f3dc3d318e2abb8ef19971d53077a1,1,0x5fb7edde192998f13cdd399a15593f156cd04b8a,0x2df1c51e09aecf9cacb7bc98cb1742757f163df7,1314.188794,deposit,5
474485592,2026-06-17T16:03:13Z,1781712193000,0x5cc47bab3f3d509a3b692015a814309a20fee3a5897a697feb01eaf33ec69fbd,0,0x2df1c51e09aecf9cacb7bc98cb1742757f163df7,0xfee2270f4bcb5bc143d50ecedb2824c66b146c57,531.864701,withdraw,5
474485641,2026-06-17T16:03:25Z,1781712205000,0xfdc06b23ed0c77856285f9ea354f11e9ef14ab416484727ecb4c2d458ff88844,2,0xccb9011547acf931740142e0b2f4f6aca6644268,0x2df1c51e09aecf9cacb7bc98cb1742757f163df7,5.0,deposit,5
474485659,2026-06-17T16:03:29Z,1781712209000,0x94ffef42a051fb53d89a7a0138995bc16745c1f1b95fafe705d933f0fee4223d,15,0x5192f12f1362c561214f1600db0c5c688a622b0c,0x2df1c51e09aecf9cacb7bc98cb1742757f163df7,30.0,deposit,5
474485695,2026-06-17T16:03:38Z,1781712218000,0xb7c36b16020edce2fadf46e72890497a23766ca9c1a5f1cc81e8673eb3160409,0,0x2df1c51e09aecf9cacb7bc98cb1742757f163df7,0x29bd7672db69d4208666bbef2d4d1bde41ce6cf7,104.0,withdraw,5
474485695,2026-06-17T16:03:38Z,1781712218000,0xb7c36b16020edce2fadf46e72890497a23766ca9c1a5f1cc81e8673eb3160409,2,0x2df1c51e09aecf9cacb7bc98cb1742757f163df7,0xa1d1c1d42780fbb0e568b8638d698f6986f85442,27.81,withdraw,5
474485811,2026-06-17T16:04:06Z,1781712246000,0xba9e7abf4d5b38d668c7e238b28549230daa785d4e4f0433480cfdfd0276c78d,12,0x0cde01c94ed41fa3055d2cef5bcd3c0c005a3673,0x2df1c51e09aecf9cacb7bc98cb1742757f163df7,90364.244165,deposit,5
474485822,2026-06-17T16:04:09Z,1781712249000,0x60ef52ff997ca2daca93373b645e881dd7b99ea7fe12706be7a1f47d277431a7,14,0x2df1c51e09aecf9cacb7bc98cb1742757f163df7,0x2a28b57dbad33f743494788ed99e61cef44c6301,83.75,withdraw,5
474485835,2026-06-17T16:04:12Z,1781712252000,0xf101ea8ea1534a4d1cc2d5ff02ed29cdb491ac7a5144396191294fce481fef74,5,0x40ef4c0bd6e9652ac72fcf179ae44e87283303f4,0x2df1c51e09aecf9cacb7bc98cb1742757f163df7,63.638273,deposit,5
474485855,2026-06-17T16:04:17Z,1781712257000,0x171ec7bf74b76cf8f8728f380609b7ab08ee160296f66d2dae0c1ef8fc9d7c15,51,0x084ff5962ad7c927060788c41ca877f78bd507d1,0x2df1c51e09aecf9cacb7bc98cb1742757f163df7,170.006972,deposit,5
474485890,2026-06-17T16:04:26Z,1781712266000,0x1a3f1e3cfa733f3c7e320a0873d9faff08ff39caacfcc3971601a7d34a79683c,9,0x25b0f4cd0c4f91b5423c641e3f76bfa9b771f5fa,0x2df1c51e09aecf9cacb7bc98cb1742757f163df7,3002.527916,deposit,5
474485991,2026-06-17T16:04:51Z,1781712291000,0x8720bd890d7fec3090fd1fc0c023120a182fa9bcbb8fdaec5dfbe09e30ed130e,26,0x51f63885534cb494f4592a0311551f369bff2b39,0x2df1c51e09aecf9cacb7bc98cb1742757f163df7,28904.8,deposit,5
474486019,2026-06-17T16:04:58Z,1781712298000,0xe94efdccb89a0c7552cb4ef01432da25aac0cffabe8230626d5be90d6148d387,0,0x15641dceb92c6c7f6d70ca3ea9224396968c7c02,0x2df1c51e09aecf9cacb7bc98cb1742757f163df7,66.258626,deposit,5
474486102,2026-06-17T16:05:19Z,1781712319000,0xe9903f9eba51bd79cfc3601d52509e80e2f765592a5f377991f13c9d9b8b29ee,253,0x023a3d058020fb76cca98f01b3c48c8938a22355,0x2df1c51e09aecf9cacb7bc98cb1742757f163df7,150346.78,deposit,5
474486214,2026-06-17T16:05:47Z,1781712347000,0x96b45ba33c835a8e596215895e9392292beead87cd2665b1109db32791a9debf,1,0xccb9011547acf931740142e0b2f4f6aca6644268,0x2df1c51e09aecf9cacb7bc98cb1742757f163df7,10.0,deposit,5
474486226,2026-06-17T16:05:50Z,1781712350000,0x4feafbe822a5fe4ab404d64cf3a834abd3368c9ed57e8397fc39e37a89e06080,77,0xaee92f5cc6871e05cea37887941ea64b699ce34d,0x2df1c51e09aecf9cacb7bc98cb1742757f163df7,1509.0,deposit,5
474486382,2026-06-17T16:06:29Z,1781712389000,0x4fcca7748e8bee5155a68dfec9ca7073794302148ae2cea38f1d3a804ba06edb,2,0x5192f12f1362c561214f1600db0c5c688a622b0c,0x2df1c51e09aecf9cacb7bc98cb1742757f163df7,1401.771813,deposit,5
474486457,2026-06-17T16:06:48Z,1781712408000,0x38ea4c98a30f0c64ddbaff1a553dccb57177b5a1bc031e4e47175d2d5f603a1f,21,0x8ec407b9ffd2af42b9b6ad79ff82022f912f4b1d,0x2df1c51e09aecf9cacb7bc98cb1742757f163df7,37.876572,deposit,5
474486589,2026-06-17T16:07:21Z,1781712441000,0x2d4523e4f05adee1503a972e3d4d2d146099b423556c834ffdb26a7515c2f1a6,7,0x2df1c51e09aecf9cacb7bc98cb1742757f163df7,0x7a38009862318775b050a5293fe82493e544fedf,59.95,withdraw,5
474486590,2026-06-17T16:07:21Z,1781712441000,0xde69bcaaefe4c69720468ebf78f5a2f660183ff58b5e6836907f6e694cb80aa2,1,0xdff1805b4bad2010235879ba6f19886d689662e2,0x2df1c51e09aecf9cacb7bc98cb1742757f163df7,92.3074,deposit,5
474486681,2026-06-17T16:07:44Z,1781712464000,0x0849b36be165b7e3bab2cbf87bf1b7043d75a28f925bf9b795df937ed592f44e,9,0x2df1c51e09aecf9cacb7bc98cb1742757f163df7,0xfb2eeecc5ae1bb55206834d3ab823e0b69a7ca28,388.05,withdraw,5
474486763,2026-06-17T16:08:05Z,1781712485000,0xc11dcae3f20996ab593694f9a7d4d98ce510d1c86a0917a57307ebef2eb29f47,0,0x023a3d058020fb76cca98f01b3c48c8938a22355,0x2df1c51e09aecf9cacb7bc98cb1742757f163df7,36834.81,deposit,5
474486791,2026-06-17T16:08:12Z,1781712492000,0xfe6c46b26ad2de58d719461027cd84834ef34337986108a2f586ff6705c62905,0,0x198b91b0c40dd00826b84a7467ed1fbf43d39e95,0x2df1c51e09aecf9cacb7bc98cb1742757f163df7,24996.580959,deposit,5
474486818,2026-06-17T16:08:19Z,1781712499000,0xde1b9526073380d3d9dd9c6ccaf2be4c07647f4ffec39947bd5095fc540fd50a,23,0x7df26d25c6ad12351ab33a08d343f82e1249bb01,0x2df1c51e09aecf9cacb7bc98cb1742757f163df7,5.0,deposit,5
474486848,2026-06-17T16:08:26Z,1781712506000,0x5afa5de4ce0d7c55439cf1030bc51bb149e457a4c4b68c5abec64dffbd8b3a8a,2,0x445b6f331df37011232f7b84126bd687ed579a70,0x2df1c51e09aecf9cacb7bc98cb1742757f163df7,388.03,deposit,5
474486977,2026-06-17T16:08:58Z,1781712538000,0x34dc991c7f35a190a86e9087fdd270e2e367395f16d7186f905d0efdc0ab644e,0,0x2df1c51e09aecf9cacb7bc98cb1742757f163df7,0xb66ef93e25eb92f0cd590af7629c04fbc5504631,1598.44,withdraw,5
474486977,2026-06-17T16:08:58Z,1781712538000,0x34dc991c7f35a190a86e9087fdd270e2e367395f16d7186f905d0efdc0ab644e,2,0x2df1c51e09aecf9cacb7bc98cb1742757f163df7,0x8a924f07a55a5770fb3f23105ce7e6c3a737b273,49.0,withdraw,5
474486997,2026-06-17T16:09:03Z,1781712543000,0x7cf78cb37ef382607778894ec98a9b9991f89334b93b9c7c2c8707b26601422f,3,0xb1b394acd5d217b5b1ee19b0ccf14e38b792c215,0x2df1c51e09aecf9cacb7bc98cb1742757f163df7,99814.278015,deposit,5
474487011,2026-06-17T16:09:07Z,1781712547000,0x7fa89fae3191401739f06cc29bc63fe8cf2f6ad5ac99d3428eca4085585dc8c7,1,0xf899937184168b1d9dee75acbaa3fef0f52888db,0x2df1c51e09aecf9cacb7bc98cb1742757f163df7,9.9989,deposit,5
474487073,2026-06-17T16:09:23Z,1781712563000,0xe040dfda34aee367c0aa07684d1faa5a3362f6c8e41a1f5671931669e1967c7c,1,0xadb9e11bbb9d744e7cb9d2ec369c7c22755c543c,0x2df1c51e09aecf9cacb7bc98cb1742757f163df7,60.167359,deposit,5
474487124,2026-06-17T16:09:35Z,1781712575000,0x38d744d3ec301bf99ae6381d495b7a34e5fa174cf755e2588331ed2d4cdfbd2c,0,0x023a3d058020fb76cca98f01b3c48c8938a22355,0x2df1c51e09aecf9cacb7bc98cb1742757f163df7,78890.18,deposit,5
474487141,2026-06-17T16:09:40Z,1781712580000,0x5a9f9be8ccd7d0433db83f8839d1805edc1115c8f3fe446e43c8987824d1aa38,0,0x2df1c51e09aecf9cacb7bc98cb1742757f163df7,0x3ca85a0a1f27e636901a908e689c6b678945ea25,8.372742,withdraw,5
474487335,2026-06-17T16:10:28Z,1781712628000,0x26522869bd40b92a7cc905f34c494e18fa129801d74decafd52a692fde6124e8,6,0x2df1c51e09aecf9cacb7bc98cb1742757f163df7,0xcdd936e28b284103b83f2501b63b0a68e20499d1,1953.93,withdraw,5
474487335,2026-06-17T16:10:28Z,1781712628000,0x26522869bd40b92a7cc905f34c494e18fa129801d74decafd52a692fde6124e8,8,0x2df1c51e09aecf9cacb7bc98cb1742757f163df7,0x7d7bfb5ad5e16b9c3f1b0c12800281aa7f613415,23.84244,withdraw,5
474487356,2026-06-17T16:10:33Z,1781712633000,0xacd3c0af0d1fa02cb5c71a2c6c9a616b69266384c760e3869155adea15c1054f,2,0x02275cc9995ac1d08e9c2ed0d64cc9e5a739c2fa,0x2df1c51e09aecf9cacb7bc98cb1742757f163df7,774.52,deposit,5
474487393,2026-06-17T16:10:42Z,1781712642000,0x8e5d4f8348e34386f29b38b69dc3b6f211887ecf998911bdd6fb8d88026d495b,6,0x7aac97afefcce4e2745d7e8fadbdc0867e47ea44,0x2df1c51e09aecf9cacb7bc98cb1742757f163df7,5.0,deposit,5
474487418,2026-06-17T16:10:48Z,1781712648000,0xa8ebfee5af1ad8bba03c146db061f2a254412d694fc3239034b6c9223baa6a62,1,0x619d4b07750088aed7af05a45cd7379f402c0d84,0x2df1c51e09aecf9cacb7bc98cb1742757f163df7,49.94849,deposit,5
474487512,2026-06-17T16:11:12Z,1781712672000,0xe84c746757f6502cb3eb5657cfb7fe2fe80fa06f77bd42ade919e40cfc3c1025,2,0x2df1c51e09aecf9cacb7bc98cb1742757f163df7,0xfc2dc647521d5af7fc4ed90dfee07697e416ffcc,14.61,withdraw,5
474487608,2026-06-17T16:11:36Z,1781712696000,0x414772a0bde421fb792d46b1a109dedb67d372c2594be4b2068edf292a34035f,1,0x1a27e4dde1327a4f74932943d8a1378266225cd6,0x2df1c51e09aecf9cacb7bc98cb1742757f163df7,77.783336,deposit,5
474487770,2026-06-17T16:12:17Z,1781712737000,0xfac2fc5ce5384f96b00c5266cbd9f16a812210db8e1c140b3d8b324ec02b89df,2,0xe2cd45d5ffbddc89c4bfb6662a1e6646571c0c0e,0x2df1c51e09aecf9cacb7bc98cb1742757f163df7,48.78,deposit,5
474487782,2026-06-17T16:12:20Z,1781712740000,0x19d90bfaacc87d58f0e7382c1f6418897960b678d04a981ae898b1fc29dfdfd9,0,0x2df1c51e09aecf9cacb7bc98cb1742757f163df7,0x1b7d1c8d1e832c4ec667b13dc669cb04c56057a8,1929.19,withdraw,5
474487782,2026-06-17T16:12:20Z,1781712740000,0x19d90bfaacc87d58f0e7382c1f6418897960b678d04a981ae898b1fc29dfdfd9,2,0x2df1c51e09aecf9cacb7bc98cb1742757f163df7,0xccb8626f1a0fd063628aa6d426d4f74242d3e59d,15.45,withdraw,5
474487782,2026-06-17T16:12:20Z,1781712740000,0x19d90bfaacc87d58f0e7382c1f6418897960b678d04a981ae898b1fc29dfdfd9,4,0x2df1c51e09aecf9cacb7bc98cb1742757f163df7,0xaff60322152bb9769d2049a59cb0df0702efe8ce,29.0,withdraw,5
474487863,2026-06-17T16:12:40Z,1781712760000,0xd4c431cee26b3504f648b60fd014aecb0ef754e20448f28dd7d6646f4dcbf231,4,0x8ba778de504da1da05430aa7bc292d6241ff0259,0x2df1c51e09aecf9cacb7bc98cb1742757f163df7,109.8,deposit,5
474487896,2026-06-17T16:12:48Z,1781712768000,0xda651635ac68d3193b94e1729742365f97096adccd5488a9406c6c9dd48e8394,4,0x2df1c51e09aecf9cacb7bc98cb1742757f163df7,0xefe485234fcbb85167bfc7f4d08c7dddccffc0a2,388.03,withdraw,5
474488091,2026-06-17T16:13:37Z,1781712817000,0xac927e54c71eedfe7fe6ce49b3788cfde00e67dd5939fc76c7c4d81f600f7279,1,0x0ab33a75f7e77a6f3aa687400efee743c25db7d0,0x2df1c51e09aecf9cacb7bc98cb1742757f163df7,5.0,deposit,5
474488210,2026-06-17T16:14:07Z,1781712847000,0xb9dde5c930eac0a80cc0a4a1282dffc424391e0d7de5266b935da2fc22f9a954,5,0x023a3d058020fb76cca98f01b3c48c8938a22355,0x2df1c51e09aecf9cacb7bc98cb1742757f163df7,88856.17,deposit,5
474488300,2026-06-17T16:14:30Z,1781712870000,0xdd90a1b2e6b635f3659242f7a0736d46932d09d527cac1fb4e0b90e3168876bd,4,0xd3359a12ccb4f7d850d8d4bf6b6cdf836ab6ff26,0x2df1c51e09aecf9cacb7bc98cb1742757f163df7,14.9967,deposit,5
474488446,2026-06-17T16:15:06Z,1781712906000,0x2dfdfc4083384d40283548199bfe5b12438c6844d14a08ce0bed833778c22125,0,0x023a3d058020fb76cca98f01b3c48c8938a22355,0x2df1c51e09aecf9cacb7bc98cb1742757f163df7,25424.34,deposit,5
474488515,2026-06-17T16:15:24Z,1781712924000,0xbc380e86fc0f74ac353096425ee69dde969ef4f438e7d510c5183c2c6615ad7b,1,0xb3a39b435469d7131137c262cf970defa74974d0,0x2df1c51e09aecf9cacb7bc98cb1742757f163df7,11461.195152,deposit,5
474488573,2026-06-17T16:15:38Z,1781712938000,0xefe5c5d59cfeb403046fad16ea64007164c9bd1ed40c9ee8995eaf4f3feda0ac,3,0x4b1c09fa8322548360a76a3747e32a60a864bc38,0x2df1c51e09aecf9cacb7bc98cb1742757f163df7,35031.0,deposit,5
474488655,2026-06-17T16:15:59Z,1781712959000,0x0e52d56b2dc84cc24b77e5bc877a297923477ee7d28313863402f7dfff0a8dc1,13,0x2df1c51e09aecf9cacb7bc98cb1742757f163df7,0xf899937184168b1d9dee75acbaa3fef0f52888db,9.0,withdraw,5
474488746,2026-06-17T16:16:22Z,1781712982000,0xcfac6b7583b8702a8dc5f731dfa210cf5563a368f3e1db145d6cd0956fc3330e,2,0xc0b074f7c3d0aaa2ac8ea069638285e4dde85689,0x2df1c51e09aecf9cacb7bc98cb1742757f163df7,458.256647,deposit,5
474488811,2026-06-17T16:16:38Z,1781712998000,0xb741c6aa1574fcd4f48839ad17e62561d3a5e96db358dd8f9d0051f47415433b,0,0x023a3d058020fb76cca98f01b3c48c8938a22355,0x2df1c51e09aecf9cacb7bc98cb1742757f163df7,63241.63,deposit,5
474488872,2026-06-17T16:16:52Z,1781713012000,0x1446093b92763b3c4529f73e034bc78ddeb082ea0835d113bd143c1e025f3be1,123,0x2df1c51e09aecf9cacb7bc98cb1742757f163df7,0x4c9f5a9ecd03a75a0ed110ec5869ce6520910420,2.0,withdraw,5
474488872,2026-06-17T16:16:52Z,1781713012000,0x1446093b92763b3c4529f73e034bc78ddeb082ea0835d113bd143c1e025f3be1,125,0x2df1c51e09aecf9cacb7bc98cb1742757f163df7,0x910565b4e182b453a1d82900bf2ec3fbfa955aa7,99.0,withdraw,5
474489053,2026-06-17T16:17:37Z,1781713057000,0x07e5e9cfedf4efd65fb2ec8baf8422f443e453d5cfca6ec312106a460423a9b7,26,0x023a3d058020fb76cca98f01b3c48c8938a22355,0x2df1c51e09aecf9cacb7bc98cb1742757f163df7,25718.28,deposit,5
474489175,2026-06-17T16:18:08Z,1781713088000,0x449dc163bd15ed7a678f965952c050318ec5c2c680af140c711431e1d22bed05,26,0x2df1c51e09aecf9cacb7bc98cb1742757f163df7,0x015fccd4ed178d3b3663157718c6ac8b3bfc1eb7,11.0,withdraw,5
474489235,2026-06-17T16:18:23Z,1781713103000,0x28d8167590a77738835922e1eba00836c9aea9d6ae8fbba1045d7ca01ffb94d9,2,0x023a3d058020fb76cca98f01b3c48c8938a22355,0x2df1c51e09aecf9cacb7bc98cb1742757f163df7,63316.76,deposit,5
474489265,2026-06-17T16:18:30Z,1781713110000,0x10de9a512b52e124fc2074566f311666a5e41657f6bda22b54fa6018e2db0097,2,0x2df1c51e09aecf9cacb7bc98cb1742757f163df7,0xd4dd49c9aa75546dceb08d945d69f4b2aa379424,21.854286,withdraw,5
474489534,2026-06-17T16:19:38Z,1781713178000,0xfd60879525a7afa2a6c8adb08a88cc67627542f3c0db24122d40a321caa64a96,0,0x023a3d058020fb76cca98f01b3c48c8938a22355,0x2df1c51e09aecf9cacb7bc98cb1742757f163df7,82857.49,deposit,5
474489570,2026-06-17T16:19:47Z,1781713187000,0x8d2a2486075ffeaf3e8f36feab6d571fd4bf261e62830193eac185858cf67581,26,0xafec467cfd93d014484d618d01989f876b0a00a5,0x2df1c51e09aecf9cacb7bc98cb1742757f163df7,542.044077,deposit,5
474489720,2026-06-17T16:20:25Z,1781713225000,0x7262890aadd81a05106fe4b84dea1b6348e38f5c00066dfc8f07ebb7881de866,3,0x2df1c51e09aecf9cacb7bc98cb1742757f163df7,0x33b0acf9bafe914b01cc436de5a06dd62445a09e,3.650891,withdraw,5
474489928,2026-06-17T16:21:17Z,1781713277000,0x9917c1652e47fd481e58a4f14e4c77e8c2a236b6820f99fadc49d6b719505697,18,0x08bf75d17046412ae08c95b6106993f714487872,0x2df1c51e09aecf9cacb7bc98cb1742757f163df7,9.9989,deposit,5
474490081,2026-06-17T16:21:55Z,1781713315000,0x3b3d63ff32582a6b9e75923d5df043b45f80baf6da7be6b1d8d09deb72625660,1,0xbe913c529d6c82a9482b0b990ac181a2e5b18e1d,0x2df1c51e09aecf9cacb7bc98cb1742757f163df7,2038.086532,deposit,5
474490110,2026-06-17T16:22:02Z,1781713322000,0xa0a92fad4fd552c7772110b6c515367b226c46a1be7fc67b69feb7f8d87cd26c,18,0x2df1c51e09aecf9cacb7bc98cb1742757f163df7,0xbc32be4d2c70239b59435a5963e5024637fa193e,54.0,withdraw,5
474490182,2026-06-17T16:22:20Z,1781713340000,0x6008031cae3d6a4c3215fec56dd29bbc31b71d4b610db0370c61353b030e3331,3,0x3fc491acf6ae01c0a5e19a5e2d5b176218655584,0x2df1c51e09aecf9cacb7bc98cb1742757f163df7,1500.0,deposit,5
474490198,2026-06-17T16:22:24Z,1781713344000,0xe96dbe18ba2d3e97cf841ba7fbb7ef2b25b2068f880f8e37bef120e3244e1947,2,0x2df1c51e09aecf9cacb7bc98cb1742757f163df7,0x9a98b271b60d1b3859f8085453eb126ee5c2f25a,209.0,withdraw,5
474490402,2026-06-17T16:23:15Z,1781713395000,0xf5e958c0d34d1e989d01835ad24e01165b59d7c2c3e8a766440ef9ac8d6696ee,1,0x4a96036fb1529561fa3eeeb2781fad2d4f25500e,0x2df1c51e09aecf9cacb7bc98cb1742757f163df7,249849.939989,deposit,5
474490469,2026-06-17T16:23:32Z,1781713412000,0x9188bfd9c1c10723f7bd8064029db78222c4d26fda760da2535119381df68796,6,0x7adaafaa9b9fbe441410af44d3ddf314241cef81,0x2df1c51e09aecf9cacb7bc98cb1742757f163df7,1005.6945,deposit,5
474490584,2026-06-17T16:24:00Z,1781713440000,0x996748ff75faa8d46b6a63c8a051161971fa5c8ac8d3e76489798aa32b880352,13,0x8d2cd51ed22169c07453c23df6808930589374c8,0x2df1c51e09aecf9cacb7bc98cb1742757f163df7,50.0,deposit,5
474490690,2026-06-17T16:24:27Z,1781713467000,0x25ae41031bfe49c08b0322fbdf73f168061b3b3fea42f2efa3d6e1735d63e5dc,2,0x082c6ee331c77700b7ae5d8288801aaf027256ce,0x2df1c51e09aecf9cacb7bc98cb1742757f163df7,50.0,deposit,5
474490775,2026-06-17T16:24:48Z,1781713488000,0x0066ee95f1a916a252769cc9c205377e0292a21a5f496d0e56998ce01020d076,2,0x2df1c51e09aecf9cacb7bc98cb1742757f163df7,0xe3f841e2a1cd90836133b6670691f882d31e2acc,3.829936,withdraw,5
474490796,2026-06-17T16:24:54Z,1781713494000,0x91dfd5823326e12686c271837832c6865844e69e4c12baf5564349e68d687e42,6,0x023a3d058020fb76cca98f01b3c48c8938a22355,0x2df1c51e09aecf9cacb7bc98cb1742757f163df7,23135.78,deposit,5
474490864,2026-06-17T16:25:11Z,1781713511000,0xeffb4420018b7105231575b118ffec7aeabb51188ebc1948940ebe07d18e48ae,2,0x2df1c51e09aecf9cacb7bc98cb1742757f163df7,0x02377bf8e2adae2f07aaa9274ad19f2ab9927d57,6.478927,withdraw,5
474490952,2026-06-17T16:25:33Z,1781713533000,0xae64aa10367410c78adbe83dfcba23dd5cd0fbcab9f95aa011077bb875ea57ec,1,0x2df1c51e09aecf9cacb7bc98cb1742757f163df7,0x3bb9fdde2034643cf2475a67c309c0a5fe228f2f,399.0,withdraw,5
474491000,2026-06-17T16:25:45Z,1781713545000,0x832f16f8559d183ad759671eb4eff2f2598ac8557091b51a5a114ba669b60d4c,4,0x8e8cbdae73d19b3e7ec719b1b48d4779987ba0f0,0x2df1c51e09aecf9cacb7bc98cb1742757f163df7,1925.643301,deposit,5
474491052,2026-06-17T16:25:58Z,1781713558000,0xe217f4ff2c40f2d747fe1a31e6fdf91ead50daeeaf89eea47d83ee172e6f2fad,2,0x1cf48666488df5eb66334e2d105dc2401b0171c6,0x2df1c51e09aecf9cacb7bc98cb1742757f163df7,200.0,deposit,5
474491058,2026-06-17T16:25:59Z,1781713559000,0x8f4b8e6924916189909a32544ad4ace6d9eecff1018a1f423768f0d16e702926,12,0x2df1c51e09aecf9cacb7bc98cb1742757f163df7,0x08bf75d17046412ae08c95b6106993f714487872,9.0,withdraw,5
474491117,2026-06-17T16:26:14Z,1781713574000,0x14d9d0115725d43a4fda8e85826f94e9059891ee26ccf7fc4a9fe810327630a7,7,0x0ab33a75f7e77a6f3aa687400efee743c25db7d0,0x2df1c51e09aecf9cacb7bc98cb1742757f163df7,44.8,deposit,5
474491152,2026-06-17T16:26:23Z,1781713583000,0xc6d8d3f17353e5c447dcbf61adf4e3ae6f971f15253a2d30e354b7e179dd6f3e,7,0xab95f9c6b28e0a9a5be2851836d23a964ef0e33c,0x2df1c51e09aecf9cacb7bc98cb1742757f163df7,26.008361,deposit,5
474491164,2026-06-17T16:26:26Z,1781713586000,0xb9b07326e87f73404a15673f35154e26585317e49115b2bc4f2c68953113ccaa,0,0x2df1c51e09aecf9cacb7bc98cb1742757f163df7,0xc30ca455a6f273b88ae51d365bfd5dc46d62a79a,4.79,withdraw,5
474491177,2026-06-17T16:26:29Z,1781713589000,0xc5ea498bdfb2751a5e1e07abc3cb613ae1b02796cd87040faacdddfed140558a,10,0x02377bf8e2adae2f07aaa9274ad19f2ab9927d57,0x2df1c51e09aecf9cacb7bc98cb1742757f163df7,7.540018,deposit,5
474491261,2026-06-17T16:26:50Z,1781713610000,0x152f24d0a2f4493af8acc3d3979590c66dfe833f9ec51d9b6d15861fb32ef348,13,0x2df1c51e09aecf9cacb7bc98cb1742757f163df7,0x3223490fecca6e2fcfdd72dab3350e92869cc81a,132.27,withdraw,5
474491277,2026-06-17T16:26:54Z,1781713614000,0x73e11bc1096a82d000f4ad42c1e86e09dfd17ccfda95e4c6fa81db8d31e3cc09,12,0x023a3d058020fb76cca98f01b3c48c8938a22355,0x2df1c51e09aecf9cacb7bc98cb1742757f163df7,27468.99,deposit,5
474491354,2026-06-17T16:27:13Z,1781713633000,0x2f45c991e16ad172822c049e745a6e820e076e044414bec84afee4dfbc23a184,2,0xe2cd45d5ffbddc89c4bfb6662a1e6646571c0c0e,0x2df1c51e09aecf9cacb7bc98cb1742757f163df7,48.779417,deposit,5
474491375,2026-06-17T16:27:19Z,1781713639000,0x0ef7a99a7756f3abf1c9becde87d93545f866a57178fed6540aacb977af4d8fb,52,0x705eec64afc98b64189be51e7567496c75f24f66,0x2df1c51e09aecf9cacb7bc98cb1742757f163df7,92000.0,deposit,5
474491422,2026-06-17T16:27:30Z,1781713650000,0x122ae54316d4094a1eff5910455916584fc0c10e3a8b274d1beb8656417253a1,13,0xd2da8226ee3a3b160907074d7152b7e358f22e5d,0x2df1c51e09aecf9cacb7bc98cb1742757f163df7,100.02,deposit,5
474491544,2026-06-17T16:28:01Z,1781713681000,0xb47d27363d6a73e247124f0ff5578dc9609a3abd4e69b7c70a2df06828946256,121,0x2df1c51e09aecf9cacb7bc98cb1742757f163df7,0x1acf75745fd7278a110aada54ef809b4575cb6aa,4.0,withdraw,5
474491544,2026-06-17T16:28:01Z,1781713681000,0xb47d27363d6a73e247124f0ff5578dc9609a3abd4e69b7c70a2df06828946256,123,0x2df1c51e09aecf9cacb7bc98cb1742757f163df7,0xbc52d30f3098e6887281e037461fd124e3ff46e8,0.531417,withdraw,5
474491595,2026-06-17T16:28:14Z,1781713694000,0x2a47498b1e2ed57c8a235ad644b1f00822a909340e87e0fcd05adb8adc1c72aa,234,0xd4c1f7e8d876c4749228d515473d36f919583d1d,0x2df1c51e09aecf9cacb7bc98cb1742757f163df7,599999.99,deposit,5
474491630,2026-06-17T16:28:22Z,1781713702000,0xde3e71961a09e32a4dc60ca717097c042b50e38cc8f9d4d0a40850ce57a412bf,11,0x61387d7e85508811de339276e013e0517f3782ad,0x2df1c51e09aecf9cacb7bc98cb1742757f163df7,5050.2182,deposit,5
474491639,2026-06-17T16:28:25Z,1781713705000,0xd13a354d1c8ac50766413d357d134b152a3a6c98189708dbd0e3a2c67c4a612f,0,0x2df1c51e09aecf9cacb7bc98cb1742757f163df7,0xdcf71244d41af165632c05721a115c9efa19906d,34.116339,withdraw,5
474491661,2026-06-17T16:28:30Z,1781713710000,0x2921c9bf53c4d9f075b88e5445cc08a42ca7cf83df2f3c4698bcb473da39523b,34,0x8a0d72e9be50db66969b9f112aff419cbd2bb4f4,0x2df1c51e09aecf9cacb7bc98cb1742757f163df7,4450.2,deposit,5
474491675,2026-06-17T16:28:34Z,1781713714000,0xd913c69a4679cbdc0975d25407db46b1d36a726f593d3d2f39d5163005af8f4a,18,0x7725a7f2bb0e1c448d6fe361d53c840486ec6557,0x2df1c51e09aecf9cacb7bc98cb1742757f163df7,126760.0,deposit,5
474491703,2026-06-17T16:28:41Z,1781713721000,0x93d25a9eefd8cee907e4c773630bbb09ce0d97d794218d7465ecc4b77db8ecf9,6,0xdd1671609de248792e9e7c06ef2362ef23e2759e,0x2df1c51e09aecf9cacb7bc98cb1742757f163df7,214.63498,deposit,5
474491725,2026-06-17T16:28:46Z,1781713726000,0x3cd7802451d2f43eccbd0806d1e856e9e9038d6f283e954dd94efe1060b25bd0,24,0x90882e7c28ddf0ac1177033a310aeed8eff25e90,0x2df1c51e09aecf9cacb7bc98cb1742757f163df7,66562.9,deposit,5
474491757,2026-06-17T16:28:54Z,1781713734000,0x3e7822b26a0a1e8b0ed92abb7451b2ec7d6aa4ac758e31025d9bf5add1a66642,3,0x023a3d058020fb76cca98f01b3c48c8938a22355,0x2df1c51e09aecf9cacb7bc98cb1742757f163df7,268691.0,deposit,5
474491761,2026-06-17T16:28:55Z,1781713735000,0x1067887146faa4dd740642db37a9ce148711ffac4ecf121b5237ac4b5444398b,20,0x2f01afc9f9437c4fcb8f2e8612c57bf522bcc81d,0x2df1c51e09aecf9cacb7bc98cb1742757f163df7,20606.7,deposit,5
474491822,2026-06-17T16:29:11Z,1781713751000,0x97173f01fa49fa31529176f3635b7bbe9faaf27356a28148ba4efe0cc1a5878c,1,0x2df1c51e09aecf9cacb7bc98cb1742757f163df7,0xee845948e6806d12e966137caa07d49bbe632fe3,114999.0,withdraw,5
474491822,2026-06-17T16:29:11Z,1781713751000,0x97173f01fa49fa31529176f3635b7bbe9faaf27356a28148ba4efe0cc1a5878c,3,0x2df1c51e09aecf9cacb7bc98cb1742757f163df7,0x6a505af70bd188c7e2134964a3204be0bb58231a,23.573648,withdraw,5
474491855,2026-06-17T16:29:19Z,1781713759000,0x7ee1922a33c8a88cb888ea3b8be7110cd6591418e97e0ae63114f589e7b25d59,5,0x70eac353dceb9bbd6ae1e51c8ba6f7651256836f,0x2df1c51e09aecf9cacb7bc98cb1742757f163df7,199.777045,deposit,5
474491954,2026-06-17T16:29:42Z,1781713782000,0xbd4e6de62c68fe85570d65a5c09fb16b61126f2412c52a4f4c6cdc19fa736ed6,6,0xc7041ae8ff2edc2547013b17ec021f8142594b37,0x2df1c51e09aecf9cacb7bc98cb1742757f163df7,20699.998347,deposit,5
474492029,2026-06-17T16:30:01Z,1781713801000,0x64760bcede3f03bd16a0e96bd9a582552158ea0f2920e1d15e7107e7a88968ad,17,0x3440f23a87f1950e7a88cd248fd270e92d1132c5,0x2df1c51e09aecf9cacb7bc98cb1742757f163df7,200000.0,deposit,5
474492092,2026-06-17T16:30:17Z,1781713817000,0xdacbfa69e9392f0e936c5cd8f43d651b31b0fc270a942993655b4b59fef23690,0,0xf032648dfd22c4d81588bd83e09ab89cfe816705,0x2df1c51e09aecf9cacb7bc98cb1742757f163df7,1262.957507,deposit,5
474492173,2026-06-17T16:30:37Z,1781713837000,0xd8af0da9bcaff090cbc58a822f52981fa96d364c8b523f6bf39a668cf53e836c,20,0x4b1c09fa8322548360a76a3747e32a60a864bc38,0x2df1c51e09aecf9cacb7bc98cb1742757f163df7,56925.0,deposit,5
474492184,2026-06-17T16:30:40Z,1781713840000,0x7c0c7ca6747fc28ec90c50528b3fe3bfc20832ea78cccfd21ff265e6cd5277bd,38,0x023a3d058020fb76cca98f01b3c48c8938a22355,0x2df1c51e09aecf9cacb7bc98cb1742757f163df7,267395.0,deposit,5
474492259,2026-06-17T16:30:59Z,1781713859000,0x7bcfc0f77eabe7aa2aafb7567c67573fa31fa0f19a4819bc9232de89d180e706,5,0x11284111cb672951e6d510972430d66681a16ec7,0x2df1c51e09aecf9cacb7bc98cb1742757f163df7,304.105548,deposit,5
474492302,2026-06-17T16:31:10Z,1781713870000,0x4285650760f4f13a368e275b019a43670601029d7cce06a1f39824310d9b8a13,0,0x023a3d058020fb76cca98f01b3c48c8938a22355,0x2df1c51e09aecf9cacb7bc98cb1742757f163df7,19556.4,deposit,5
474492319,2026-06-17T16:31:14Z,1781713874000,0xdb192ceffa3d227c8c3a78484558fb2ea44c5685f0d02b7f23bf898695644438,2,0xbcd4f6ddd9b31bb30ec9b3d3baf7a0f90bfedcc6,0x2df1c51e09aecf9cacb7bc98cb1742757f163df7,3999.8,deposit,5
474492353,2026-06-17T16:31:22Z,1781713882000,0x75f0b3d9f4d3a904ee45716e47aa8d0a9fa9c8c1d15091651c699eabe3c2323d,2,0x5d30e424bf67cf96838006a672b221bb8b13a05d,0x2df1c51e09aecf9cacb7bc98cb1742757f163df7,79.859989,deposit,5
474492427,2026-06-17T16:31:41Z,1781713901000,0x7b747ad1182eae47e11271d36ab1bbb3898306bce92f79cc27eed2392c049e7b,0,0x023a3d058020fb76cca98f01b3c48c8938a22355,0x2df1c51e09aecf9cacb7bc98cb1742757f163df7,19180.98,deposit,5
474492667,2026-06-17T16:32:41Z,1781713961000,0x7720c6a890c456ca5c6ac97933197d669b2a2c2390fbb002c86c95b3982f2db8,0,0x023a3d058020fb76cca98f01b3c48c8938a22355,0x2df1c51e09aecf9cacb7bc98cb1742757f163df7,13770.5,deposit,5
474492694,2026-06-17T16:32:48Z,1781713968000,0x46ac4e750ba9d56182f9c02011c7dba78a98c1b23b1a89d5c953a8c6d3a5b471,10,0x7f18983dbc2c0dd735ef9a1d12252d1f73a58c40,0x2df1c51e09aecf9cacb7bc98cb1742757f163df7,10009.8001,deposit,5
474492697,2026-06-17T16:32:49Z,1781713969000,0xc93d518f908764dc5914cbc6369da8b1e6131ebf2468bdd74f09e7d668dfcb94,13,0x7cdda3fb5d2b96f817cdf7a1c4c6b2bd7d651c3a,0x2df1c51e09aecf9cacb7bc98cb1742757f163df7,5.979066,deposit,5
474492736,2026-06-17T16:32:58Z,1781713978000,0x8752a16a9b028296faa30a59411d886b7c6e3d2c002a8f4a9d1e794a4c3c9c70,6,0x8be37c37f9532276643b27f75daaf4b102f4c8f0,0x2df1c51e09aecf9cacb7bc98cb1742757f163df7,50000.0,deposit,5
474492767,2026-06-17T16:33:06Z,1781713986000,0x57aab497da7f2352bb382f75222105df63492e77911359bf4c4bfde6a84f9381,0,0x2df1c51e09aecf9cacb7bc98cb1742757f163df7,0x0217972a23f6e03ff38125620192f29ccc2ba02c,99.0,withdraw,5
474492767,2026-06-17T16:33:06Z,1781713986000,0x57aab497da7f2352bb382f75222105df63492e77911359bf4c4bfde6a84f9381,2,0x2df1c51e09aecf9cacb7bc98cb1742757f163df7,0x8c3c8e5c45e9131fa18ba16189455fca27f54bf4,10534.810235,withdraw,5
474492866,2026-06-17T16:33:31Z,1781714011000,0x02568483fb9fddd68e3fca79ffd71de63a127d54543ca075b44aed970d267c7a,6,0x2df1c51e09aecf9cacb7bc98cb1742757f163df7,0x28eebf8a4909c1f7e7816ca60affc803034ecf54,100.0,withdraw,5
474492932,2026-06-17T16:33:47Z,1781714027000,0xb192e54ef4a6f2f4510c400d417482b204971711c15080cc07f9070de64ef550,2,0x0d3fb9dc64521f7d04233bd6478fa0c817f558a2,0x2df1c51e09aecf9cacb7bc98cb1742757f163df7,18.627829,deposit,5
474493036,2026-06-17T16:34:14Z,1781714054000,0x3e24ddf7ccf04ba20f37d95380bee0fb17e44a44898a5a332892215784a0d4aa,2,0x52534d7feef8b2f717bb1debddcbcad4064d3509,0x2df1c51e09aecf9cacb7bc98cb1742757f163df7,6.0,deposit,5
474493086,2026-06-17T16:34:26Z,1781714066000,0x7a9fc70b851e13ed23b8f0d99fae40c3bda037d8d0cabd38ed1a6286a798c854,0,0x2df1c51e09aecf9cacb7bc98cb1742757f163df7,0xb6e61604809009b1c000a19e39ce44bb87c182eb,10479.0,withdraw,5
474493118,2026-06-17T16:34:34Z,1781714074000,0x33f583c1009a5579ffed0bc8d5c5fed1c34680b87296397224f5fd635c6819b2,0,0xd4c1f7e8d876c4749228d515473d36f919583d1d,0x2df1c51e09aecf9cacb7bc98cb1742757f163df7,399999.99,deposit,5
474493162,2026-06-17T16:34:45Z,1781714085000,0xd780250306838bc14432ae97b20b98c8f6463775eafef9416ed6deae043e90ca,3,0x2df1c51e09aecf9cacb7bc98cb1742757f163df7,0xb46a0f71fded6ceb00b1c9278e0ac7e22c242df5,99999.0,withdraw,5
474493162,2026-06-17T16:34:45Z,1781714085000,0xd780250306838bc14432ae97b20b98c8f6463775eafef9416ed6deae043e90ca,5,0x2df1c51e09aecf9cacb7bc98cb1742757f163df7,0xe9b4246e664fef38f678407a42692e6aac4bfa33,22.51,withdraw,5
474493182,2026-06-17T16:34:51Z,1781714091000,0x2054c54754b95e8dc839d5c15f5600abc01dfcc7b48b27483be5268077ab806d,5,0x51f63885534cb494f4592a0311551f369bff2b39,0x2df1c51e09aecf9cacb7bc98cb1742757f163df7,58940.8,deposit,5
474493299,2026-06-17T16:35:20Z,1781714120000,0x4863e1650a5c391e6da502d5f75b625ee97ea34c942b96cbcff777d531a59741,1,0x3b8e71e933f220f7c51e9212fed8aadc03437e7b,0x2df1c51e09aecf9cacb7bc98cb1742757f163df7,39.888254,deposit,5
474493367,2026-06-17T16:35:37Z,1781714137000,0x839b84822f3630a8a01aa51b638e1d2c92f670a72ac619d517be6c1167a83a8f,7,0x2df1c51e09aecf9cacb7bc98cb1742757f163df7,0x06953b387e1d37bf73121fb04c0c52f7193bff16,26.0,withdraw,5
474493367,2026-06-17T16:35:37Z,1781714137000,0x839b84822f3630a8a01aa51b638e1d2c92f670a72ac619d517be6c1167a83a8f,9,0x2df1c51e09aecf9cacb7bc98cb1742757f163df7,0x67859f8710a29e1378b8767a90fe531813f31a81,61.0,withdraw,5
474493367,2026-06-17T16:35:37Z,1781714137000,0x839b84822f3630a8a01aa51b638e1d2c92f670a72ac619d517be6c1167a83a8f,11,0x2df1c51e09aecf9cacb7bc98cb1742757f163df7,0xc30ca455a6f273b88ae51d365bfd5dc46d62a79a,0.63,withdraw,5
474493461,2026-06-17T16:35:59Z,1781714159000,0xc246fb5c156a3fc57d916ec4f6e7b9ce71cdbae7dff0f87d020ed66f26e62543,46,0x2df1c51e09aecf9cacb7bc98cb1742757f163df7,0x791ff1ac68292853a7fa5e0a2a9e3f4faed5259e,23.901191,withdraw,5
474493844,2026-06-17T16:37:35Z,1781714255000,0x76a4642aeffcf174f8a307b7297ff39287a6be26b4dc7eeeb42c76409312d5f8,0,0x2df1c51e09aecf9cacb7bc98cb1742757f163df7,0x9e422766b1508e9b4de4ec82f696f65e49468c8d,54.2,withdraw,5
474493876,2026-06-17T16:37:43Z,1781714263000,0x7e523eae49fcb6290c82de87b05f0770cf52082a5a276170adb99a4c23cfd350,0,0x5f20d9bd1dbec5e773ed78f6afa724c20c247cd5,0x2df1c51e09aecf9cacb7bc98cb1742757f163df7,22.235447,deposit,5
474493938,2026-06-17T16:37:59Z,1781714279000,0x389a7f6e88231c74539d56bd5224260cd6208436221a902780237f6ec92289b1,14,0x2df1c51e09aecf9cacb7bc98cb1742757f163df7,0x0217972a23f6e03ff38125620192f29ccc2ba02c,99.0,withdraw,5
474493938,2026-06-17T16:37:59Z,1781714279000,0x389a7f6e88231c74539d56bd5224260cd6208436221a902780237f6ec92289b1,16,0x2df1c51e09aecf9cacb7bc98cb1742757f163df7,0x64f5ad0b8acbad4b20e2efe8b646bd232125130d,7331.47,withdraw,5
474493938,2026-06-17T16:37:59Z,1781714279000,0x389a7f6e88231c74539d56bd5224260cd6208436221a902780237f6ec92289b1,18,0x2df1c51e09aecf9cacb7bc98cb1742757f163df7,0xc9302ad975e7434fad13c93abbe5a1d3f7b235bf,22.8,withdraw,5
474494124,2026-06-17T16:38:45Z,1781714325000,0xb4328fcc96a14d37bba33ffcf34f033d4387602ec6bc95b7d6a2dcdcf2c2b29b,0,0x31e465bd308c4e04013f9b4588a8a773c6af312a,0x2df1c51e09aecf9cacb7bc98cb1742757f163df7,99.000098,deposit,5
474494153,2026-06-17T16:38:52Z,1781714332000,0xa63b96a24c1fc3edc5b7d35f1168248cb08f4a6e092fe64fc35ffb6fdf994845,0,0x2df1c51e09aecf9cacb7bc98cb1742757f163df7,0x8c8534b7cef0756bb8c894a445b898e10191f2a8,2723.907059,withdraw,5
474494195,2026-06-17T16:39:03Z,1781714343000,0xafad3c27f449bc6bb44494409a1490c2d2c46796f523f5e4d0a99b9f80f2fcf9,1,0x83207a5fdbaf2ffd98be924f13871e0b7726266c,0x2df1c51e09aecf9cacb7bc98cb1742757f163df7,999.850089,deposit,5
474494256,2026-06-17T16:39:19Z,1781714359000,0x83f93f198c5ebbb2008f35bcaca173e4fbfdbff6ddcfc16d62fc8d2fa5152164,47,0x2df1c51e09aecf9cacb7bc98cb1742757f163df7,0x56cec25fc2834e1994c8eb9d1b88c7029f3776d6,3.3091,withdraw,5
474494256,2026-06-17T16:39:19Z,1781714359000,0x83f93f198c5ebbb2008f35bcaca173e4fbfdbff6ddcfc16d62fc8d2fa5152164,49,0x2df1c51e09aecf9cacb7bc98cb1742757f163df7,0x9423dd104fa928328b75a1e05bed8f2b8f801729,2011.41,withdraw,5
474494373,2026-06-17T16:39:48Z,1781714388000,0x5cd9512be87648a64adf7943be7678403090fee1c8ccf94c1c154c034b96d4ea,85,0x2df1c51e09aecf9cacb7bc98cb1742757f163df7,0x023a3d058020fb76cca98f01b3c48c8938a22355,35262.9,withdraw,5
474494373,2026-06-17T16:39:48Z,1781714388000,0x5cd9512be87648a64adf7943be7678403090fee1c8ccf94c1c154c034b96d4ea,87,0x2df1c51e09aecf9cacb7bc98cb1742757f163df7,0x023a3d058020fb76cca98f01b3c48c8938a22355,268313.22,withdraw,5
474494373,2026-06-17T16:39:48Z,1781714388000,0x5cd9512be87648a64adf7943be7678403090fee1c8ccf94c1c154c034b96d4ea,89,0x2df1c51e09aecf9cacb7bc98cb1742757f163df7,0x023a3d058020fb76cca98f01b3c48c8938a22355,28897.18,withdraw,5
474494393,2026-06-17T16:39:53Z,1781714393000,0x3772672faff58880f940c52785664d915ed0a6e28461b11f47938e3bdac63f52,0,0x585f06e83933484ae6b5e8147083ef7f36bff05f,0x2df1c51e09aecf9cacb7bc98cb1742757f163df7,300.43,deposit,5
474494426,2026-06-17T16:40:01Z,1781714401000,0xbb4185ee88eaf6b5ce844135dcbf1acc845aa2564fbe41093a7e0ec76d4a95fc,15,0xf8df2071deffe996d2a156029514f03606fb7ae5,0x2df1c51e09aecf9cacb7bc98cb1742757f163df7,579.508588,deposit,5
474494437,2026-06-17T16:40:04Z,1781714404000,0xf8ae530a36692f76cb6e9ca86e4f080a60d4392aedef5fcea01fbda2695c5106,1,0x2d6b0a258854d04f57c3ecbd0f10aae0fbd6ee65,0x2df1c51e09aecf9cacb7bc98cb1742757f163df7,50000.0,deposit,5
474494437,2026-06-17T16:40:04Z,1781714404000,0x78c2b7b19462c01e10a1763bb1104a69d41928500efe6b33106f170f62be131d,3,0x744378288943a536d9a659a5c5c68ce46843bd15,0x2df1c51e09aecf9cacb7bc98cb1742757f163df7,5.0,deposit,5
474494563,2026-06-17T16:40:36Z,1781714436000,0x49bfa1462bc2093b1ad00c89ec69171b0a5838e39c46c01e3d199edda14454ac,1,0x13e6a7c51707f7f53780f8de254279ecfde6e9cd,0x2df1c51e09aecf9cacb7bc98cb1742757f163df7,16383.450089,deposit,5
474494567,2026-06-17T16:40:37Z,1781714437000,0x218268e7674e76b617ca1dac555ae58a9029dfd4cddbf3b0a474ecf4c1ed5c97,2,0x2df1c51e09aecf9cacb7bc98cb1742757f163df7,0xaff60322152bb9769d2049a59cb0df0702efe8ce,24.0,withdraw,5
474494567,2026-06-17T16:40:37Z,1781714437000,0x218268e7674e76b617ca1dac555ae58a9029dfd4cddbf3b0a474ecf4c1ed5c97,4,0x2df1c51e09aecf9cacb7bc98cb1742757f163df7,0xc30ca455a6f273b88ae51d365bfd5dc46d62a79a,1.0,withdraw,5
474494742,2026-06-17T16:41:21Z,1781714481000,0xa892ce70505d243ff2893b677cec05f94dabc044ac4aaee89d00e5d043e841c0,1,0x2df1c51e09aecf9cacb7bc98cb1742757f163df7,0x3ef765bcd5f29c4b72002a35db10338fe1a9a71a,9.0,withdraw,5
474494966,2026-06-17T16:42:17Z,1781714537000,0x390357631ff2125b9ab1b88469103d32049760d574488fce544a218bb7dddcc9,3,0xa0624ee335583a6208065e0ab853f4c582bb71c8,0x2df1c51e09aecf9cacb7bc98cb1742757f163df7,19.9967,deposit,5
474495000,2026-06-17T16:42:24Z,1781714544000,0x6c35f2f085ef10a08356d474058de33818001c01f9e3e700a7494159b2ae053d,4,0x744378288943a536d9a659a5c5c68ce46843bd15,0x2df1c51e09aecf9cacb7bc98cb1742757f163df7,10000.0,deposit,5
474495171,2026-06-17T16:43:07Z,1781714587000,0x184484bc86499caf47fe3acddc099f95817cd73648a2ffe9513fb20e504c2351,1,0x9acfeeb5f00911cf4f4ba6566c790fd7e0326c5d,0x2df1c51e09aecf9cacb7bc98cb1742757f163df7,2469.811558,deposit,5
474495198,2026-06-17T16:43:14Z,1781714594000,0x70daf44fb9e579904123f7503f5c6ec0855e7acba00da6ae7597ac5ac0078588,21,0x27379035b292be9f0cfa0a83cdfb3282d617b3f8,0x2df1c51e09aecf9cacb7bc98cb1742757f163df7,48.78,deposit,5
474495256,2026-06-17T16:43:29Z,1781714609000,0x4d31657327653683dd6ec2879897ade29e2cb2cf970d486c11af0c6b0265a387,48,0x7fdafde5cfb5465924316eced2d3715494c517d1,0x2df1c51e09aecf9cacb7bc98cb1742757f163df7,124989.7,deposit,5
474495263,2026-06-17T16:43:30Z,1781714610000,0x0abab9053ff19274e35b8601613d9831e50b8cef4f9af16779249e90192ff984,1,0xca97588b761e8312e49692192b32b08d4c749776,0x2df1c51e09aecf9cacb7bc98cb1742757f163df7,242.042476,deposit,5
474495355,2026-06-17T16:43:53Z,1781714633000,0x51230a418835cff16961af95b0c93a99e1c0b11cf2ce479233ed95346233a4ab,1,0xa792c7db5f976d537ebebd458f7b6b5852212294,0x2df1c51e09aecf9cacb7bc98cb1742757f163df7,326.8,deposit,5
474495530,2026-06-17T16:44:37Z,1781714677000,0x34daad7fb6a8ae91acab21d3aabf7ae1e8eef27ee029421bbfa4ec2c5f4c5291,8,0x2df1c51e09aecf9cacb7bc98cb1742757f163df7,0xee845948e6806d12e966137caa07d49bbe632fe3,139999.0,withdraw,5
474495530,2026-06-17T16:44:37Z,1781714677000,0x34daad7fb6a8ae91acab21d3aabf7ae1e8eef27ee029421bbfa4ec2c5f4c5291,10,0x2df1c51e09aecf9cacb7bc98cb1742757f163df7,0x2a06051d8702512bee34004e31fabc5d5e531da8,24.184184,withdraw,5
474495530,2026-06-17T16:44:37Z,1781714677000,0x34daad7fb6a8ae91acab21d3aabf7ae1e8eef27ee029421bbfa4ec2c5f4c5291,12,0x2df1c51e09aecf9cacb7bc98cb1742757f163df7,0x7c78f85d025e593650ca78bb2c8b9d2c75cff88d,24999.0,withdraw,5
474495693,2026-06-17T16:45:18Z,1781714718000,0xd0f9c3410e34f7c704a7f545927b98e3b1eea48302c71648f98d4bdb070ef28c,7,0xcdadbb4618cd2eb5be0f4ad8e22875729a210e9f,0x2df1c51e09aecf9cacb7bc98cb1742757f163df7,7.630133,deposit,5
474495830,2026-06-17T16:45:52Z,1781714752000,0x07fc6d18f320b7cb4a48d2f901bbad6e8a48994ad39356aed2d24e7e27a8846c,7,0x702e99fd2de56a09daba2e9bd1124d0be5fa9e04,0x2df1c51e09aecf9cacb7bc98cb1742757f163df7,178.15437,deposit,5
474495863,2026-06-17T16:46:01Z,1781714761000,0xfbe3cb7bf361d7b0242d3c7a518a5faa3ca19d15033517e2a9b993455a3e4c81,0,0x17502c41fb5baa5c956d9a6b5ee18b6beee7bafb,0x2df1c51e09aecf9cacb7bc98cb1742757f163df7,68.31,deposit,5
474495866,2026-06-17T16:46:01Z,1781714761000,0x0db26a96697d441584a485f3afe1364398a8bba25818d0dbb91000d276cdc2ca,1,0x204bd4ddb73ef8a55299012b5fb79f33760778f2,0x2df1c51e09aecf9cacb7bc98cb1742757f163df7,34.767752,deposit,5
474496221,2026-06-17T16:47:31Z,1781714851000,0xd27c184dbb9f347ef9076c1a1dd427c8a22ed01e446b54efd55e20dd21cdfc62,0,0x2df1c51e09aecf9cacb7bc98cb1742757f163df7,0x605c986777e971ec7abf39633901ea930fe82875,596.69,withdraw,5
474496221,2026-06-17T16:47:31Z,1781714851000,0xd27c184dbb9f347ef9076c1a1dd427c8a22ed01e446b54efd55e20dd21cdfc62,2,0x2df1c51e09aecf9cacb7bc98cb1742757f163df7,0xdeae0cd02e07f6dc43499760c74308de8d79c880,1.0,withdraw,5
474496221,2026-06-17T16:47:31Z,1781714851000,0xd27c184dbb9f347ef9076c1a1dd427c8a22ed01e446b54efd55e20dd21cdfc62,4,0x2df1c51e09aecf9cacb7bc98cb1742757f163df7,0x4842be11ee4f830d98c302b15e0d0ac52705c28f,3.094643,withdraw,5
474496221,2026-06-17T16:47:31Z,1781714851000,0xd27c184dbb9f347ef9076c1a1dd427c8a22ed01e446b54efd55e20dd21cdfc62,6,0x2df1c51e09aecf9cacb7bc98cb1742757f163df7,0x57ac5f86b5b0f8e19b8adb81c02bb623eee61975,73.6,withdraw,5
474496322,2026-06-17T16:47:56Z,1781714876000,0xc6ff0e80e345181dbc97d767c0225e030225cb287cfded64ced3247c4ea9c788,1,0x744378288943a536d9a659a5c5c68ce46843bd15,0x2df1c51e09aecf9cacb7bc98cb1742757f163df7,990000.0,deposit,5
474496337,2026-06-17T16:48:00Z,1781714880000,0xe20eae3e4b37b3015903a3d7bb556e8d949e2ab5ed870cd7f834e5138e888edb,0,0xb1b394acd5d217b5b1ee19b0ccf14e38b792c215,0x2df1c51e09aecf9cacb7bc98cb1742757f163df7,99888.53618,deposit,5
474496380,2026-06-17T16:48:11Z,1781714891000,0xac7c639f58dbb5dc68012e240ffdb5e4a0c5d0026e8b24c0ac359350d48d7aab,0,0x7fdafde5cfb5465924316eced2d3715494c517d1,0x2df1c51e09aecf9cacb7bc98cb1742757f163df7,349994.8,deposit,5
474496428,2026-06-17T16:48:23Z,1781714903000,0xde11c24aa09101561c554623e780bb69fb7b95fca51ee2318b1d1e4d7caa8921,4,0x2df1c51e09aecf9cacb7bc98cb1742757f163df7,0x041d8be6ea388fac2f86dd6fd38e9753e9665deb,1100.72,withdraw,5
474496638,2026-06-17T16:49:14Z,1781714954000,0x3d1a27fe5f93eb87022ab39affcd02eeb8bab570a7609bef413e2a1abbb57b11,1,0xbb97968cd5b3bc3a71e1cd538de2f65ba887c893,0x2df1c51e09aecf9cacb7bc98cb1742757f163df7,9.841094,deposit,5
474496640,2026-06-17T16:49:14Z,1781714954000,0xdb911f4893bc3423bc13890b55a39d10912f93827aef59a9cb7cc237c25b8135,1,0x2df1c51e09aecf9cacb7bc98cb1742757f163df7,0x7725a7f2bb0e1c448d6fe361d53c840486ec6557,532.0,withdraw,5
474496724,2026-06-17T16:49:35Z,1781714975000,0xdebe67f2b55fcf51262959dfb9086b6f411785917ad64bdf41eae77cca2d5e21,1,0x2df1c51e09aecf9cacb7bc98cb1742757f163df7,0x062f545e47ffc99c5623f00492cf61eb1e01fd78,199.0,withdraw,5
474496866,2026-06-17T16:50:11Z,1781715011000,0xf908c09198070809f75b6ffc3dfe3a73f07e7976f2f91942d0f1a6e58edc3ff1,0,0x4dc0030b88bfa0fdaee30da2128a0e3fb563654e,0x2df1c51e09aecf9cacb7bc98cb1742757f163df7,363.625005,deposit,5
474496910,2026-06-17T16:50:22Z,1781715022000,0x94c0924d5bd4b145eb277946055f5a7ce4375c333f0bd2e964d712b3641b5c8a,0,0x2df1c51e09aecf9cacb7bc98cb1742757f163df7,0xdeae0cd02e07f6dc43499760c74308de8d79c880,1.0,withdraw,5
474496910,2026-06-17T16:50:22Z,1781715022000,0x94c0924d5bd4b145eb277946055f5a7ce4375c333f0bd2e964d712b3641b5c8a,2,0x2df1c51e09aecf9cacb7bc98cb1742757f163df7,0xf28c52095217cc5ea550c86f6dabe9f7a121317f,65.69,withdraw,5
474497030,2026-06-17T16:50:52Z,1781715052000,0x4bef0f4feffd35761c835480cf654a20b0fe4c5765bc2f6b67b77af690febf92,0,0xc208ef97922eed13b0e411b8047f986883ca2c24,0x2df1c51e09aecf9cacb7bc98cb1742757f163df7,3000.0,deposit,5
474497432,2026-06-17T16:52:34Z,1781715154000,0x91f2ff559be08652b074acfb1575c1ee4f72459f9bc984417ddc39797149e652,5,0x10c911434dbe2b2faac49e920e9c57e277efcccd,0x2df1c51e09aecf9cacb7bc98cb1742757f163df7,10.8,deposit,5
474497501,2026-06-17T16:52:51Z,1781715171000,0x76f54f97937ada6192d666bc17fa95d4d4139fcbde735d362212085a7a86363b,0,0x2df1c51e09aecf9cacb7bc98cb1742757f163df7,0x574e5e2a373e0ce66040f4a4c0b9654d2d8ff80d,501.0,withdraw,5
474497680,2026-06-17T16:53:36Z,1781715216000,0x53af204db02fb18573456a19118954d54adf32161bc2883d6f78f3ce219bb1d0,0,0x2df1c51e09aecf9cacb7bc98cb1742757f163df7,0x5451cf6f46cdffb34d4a2e13fc2890581bfd8240,69.62,withdraw,5
474497719,2026-06-17T16:53:46Z,1781715226000,0x72ee52aa236de92f64603e88993ee6b594d0ef6a553b74172c0fded46b6c49f6,5,0x7ba03b2b2bb8ba0726a0d6a022665f657e75b8d0,0x2df1c51e09aecf9cacb7bc98cb1742757f163df7,110.568857,deposit,5
474497838,2026-06-17T16:54:16Z,1781715256000,0xb748b3d081a803cd97fe0d242691c0ff552f1a0a2c89f091c92f4b28c41dea3c,114,0x609e7a9fa2c5c910db0ab133a9c4867b70449b21,0x2df1c51e09aecf9cacb7bc98cb1742757f163df7,77.208415,deposit,5
474497857,2026-06-17T16:54:20Z,1781715260000,0xfd8b64d5843dd34b1f9ce9139e7fcc17a20a26fff1a6adedb11311fec8a9e292,0,0x099530749f729cd86865b6737015a8ee845c66d0,0x2df1c51e09aecf9cacb7bc98cb1742757f163df7,99.152428,deposit,5
474497869,2026-06-17T16:54:23Z,1781715263000,0x2d2c5c317aaab4730366324bd7f79755ee246571855b2923e485d0cee42ac378,1,0x28233e5edddfc9f71f0cecf58ca98f6a2ca11f43,0x2df1c51e09aecf9cacb7bc98cb1742757f163df7,30266.75,deposit,5
474497962,2026-06-17T16:54:47Z,1781715287000,0x7cdc06aa51814fb8b8bcb34da717d6700476485dcbd60345ab4a1e95d3696db9,1,0x3f932e0c7ec6fab2d3a1f141e7eba2c09f495f73,0x2df1c51e09aecf9cacb7bc98cb1742757f163df7,5.0,deposit,5
474497983,2026-06-17T16:54:52Z,1781715292000,0xcf91b83d5ed434782ba128596decdb55d866a1c4f62e14301f4d8cb8aacb9aaf,15,0xe8ef42525415d37831cca094bfbf2b84f628be92,0x2df1c51e09aecf9cacb7bc98cb1742757f163df7,300.0,deposit,5
474498051,2026-06-17T16:55:08Z,1781715308000,0xfb8d0c9afc50b26ff5b586be1c741d84aff5f004c7726fc7aea150a89f8f6c36,0,0x2df1c51e09aecf9cacb7bc98cb1742757f163df7,0x7725a7f2bb0e1c448d6fe361d53c840486ec6557,14987.0,withdraw,5
474498174,2026-06-17T16:55:39Z,1781715339000,0x2b100cde2db6177290697626ec4d91ecc94506c93158a59f688e00e31a973e3d,1,0x2df1c51e09aecf9cacb7bc98cb1742757f163df7,0x9e6d7eb85abc4afa5598f280594a6b916f5dfd5d,692.4,withdraw,5
474498263,2026-06-17T16:56:01Z,1781715361000,0xc9b04d5f4c01e546ca7b6994391a732ef5bc6190c1f38eed29a02009c8a4d830,0,0xfee2270f4bcb5bc143d50ecedb2824c66b146c57,0x2df1c51e09aecf9cacb7bc98cb1742757f163df7,129.864821,deposit,5
474498553,2026-06-17T16:57:14Z,1781715434000,0xe740b81736039099faf88ffa9172e93695e873e5b31eb40eca71959699300488,3,0xe23161f54efacf1f1e4cb40da78c36d6689f31f4,0x2df1c51e09aecf9cacb7bc98cb1742757f163df7,8000.0,deposit,5
474498657,2026-06-17T16:57:40Z,1781715460000,0x975bd6aa2ec9f6351e5d471d0d478a54b3bbf4a2064fc506c4244331a5acb04e,2,0x2df1c51e09aecf9cacb7bc98cb1742757f163df7,0x48594ff05cceb4f62aabb9be15a141c204661f0b,8792590.0,withdraw,5
474498657,2026-06-17T16:57:40Z,1781715460000,0x975bd6aa2ec9f6351e5d471d0d478a54b3bbf4a2064fc506c4244331a5acb04e,4,0x2df1c51e09aecf9cacb7bc98cb1742757f163df7,0x48594ff05cceb4f62aabb9be15a141c204661f0b,8361316.0,withdraw,5
474498689,2026-06-17T16:57:49Z,1781715469000,0xf703742f9cdda071adeae1426d7604c8eeb2dc7966cb3c88a97ec65725328678,1,0x91fd6db0942ae997db40f0b42049714adb359841,0x2df1c51e09aecf9cacb7bc98cb1742757f163df7,9999.8,deposit,5
474498810,2026-06-17T16:58:19Z,1781715499000,0xc0874a437c3a73ac87ba617bc0efceb6ad84c7ef14b9440ee8f18f24ec353871,1,0xeb47300a3c59098e0e30eb62f5afbb6206cfbd04,0x2df1c51e09aecf9cacb7bc98cb1742757f163df7,32.0,deposit,5
474498931,2026-06-17T16:58:49Z,1781715529000,0xaf6cd2b39c12a7e21697a00a0643aa351996a92fdee8de702508d975a970313a,1,0xc48dab308ebb7429b2ce171bc6ce17ef35831f0c,0x2df1c51e09aecf9cacb7bc98cb1742757f163df7,1333.064774,deposit,5
474498958,2026-06-17T16:58:56Z,1781715536000,0x3423fe2916d63057f9bb8e3b64b5911312e66db03033e9f8f8f0a14cbaf4c7c7,0,0x2f51626d15d3368c7950ea83e1575ec8e0e4c962,0x2df1c51e09aecf9cacb7bc98cb1742757f163df7,17.9,deposit,5
474499012,2026-06-17T16:59:10Z,1781715550000,0x31d493c4e6bd0408d8f8049c8415bf74aa6c6bb3ac1e8ecb343115cb9c92583c,27,0x2df1c51e09aecf9cacb7bc98cb1742757f163df7,0x98597bf6877b1753de4ffd1d6fd64219bca12844,50.0,withdraw,5
474499012,2026-06-17T16:59:10Z,1781715550000,0x31d493c4e6bd0408d8f8049c8415bf74aa6c6bb3ac1e8ecb343115cb9c92583c,29,0x2df1c51e09aecf9cacb7bc98cb1742757f163df7,0x0f96ef88aa3e3948ec7ae37863fe26810b70cc33,15.0,withdraw,5
474499535,2026-06-17T17:01:22Z,1781715682000,0xf73248a1848b9dcc3b75266be09fd249e29f21ff43dfb6f53180ce3bf85ceaee,8,0x2df1c51e09aecf9cacb7bc98cb1742757f163df7,0x7a9a579100b0ee52560b4dcf1c8d43a7a0c641d6,6285.459312,withdraw,5
474499535,2026-06-17T17:01:22Z,1781715682000,0xf73248a1848b9dcc3b75266be09fd249e29f21ff43dfb6f53180ce3bf85ceaee,10,0x2df1c51e09aecf9cacb7bc98cb1742757f163df7,0xe43c26ce113c6b4759a87db7fa4039fb1fa1f6ff,7.37,withdraw,5
474499535,2026-06-17T17:01:22Z,1781715682000,0xf73248a1848b9dcc3b75266be09fd249e29f21ff43dfb6f53180ce3bf85ceaee,12,0x2df1c51e09aecf9cacb7bc98cb1742757f163df7,0x62e5c081cfca4ee395ca81a522cc5abe9fd0006f,9.0,withdraw,5
474499738,2026-06-17T17:02:12Z,1781715732000,0x514a15e699692de8345bf7da4ca698e3880bf3a888c659b803c5795ccd0af1c9,0,0x2df1c51e09aecf9cacb7bc98cb1742757f163df7,0x4b1c09fa8322548360a76a3747e32a60a864bc38,39444.0,withdraw,5
474499858,2026-06-17T17:02:42Z,1781715762000,0x132407ab1666d7c9c1c3116dc205586d92aba0df51bdb949e8d52fde01e0fedc,2,0x7fdafde5cfb5465924316eced2d3715494c517d1,0x2df1c51e09aecf9cacb7bc98cb1742757f163df7,349994.8,deposit,5
474500011,2026-06-17T17:03:20Z,1781715800000,0xb806d54cfdcd3899b7234949c6a04528688daf132dec2cdfb3422c3e75c9f78f,1,0x2df1c51e09aecf9cacb7bc98cb1742757f163df7,0x7725a7f2bb0e1c448d6fe361d53c840486ec6557,430.0,withdraw,5
474500078,2026-06-17T17:03:37Z,1781715817000,0x7b0292747819d7504139e4d068c5c4fa7b51f64b34ac40b94a21679fc08f17c0,0,0xb1b394acd5d217b5b1ee19b0ccf14e38b792c215,0x2df1c51e09aecf9cacb7bc98cb1742757f163df7,99857.24671,deposit,5
474500126,2026-06-17T17:03:49Z,1781715829000,0x2f11267df8abe485b05252de2fa3d1e69a1b9c908aa88d758f34ca1f11be091c,19,0x2df1c51e09aecf9cacb7bc98cb1742757f163df7,0x9fd4ffe87187b8d43c5e5cdba5c038961774241d,107100.0,withdraw,5
474500126,2026-06-17T17:03:49Z,1781715829000,0x2f11267df8abe485b05252de2fa3d1e69a1b9c908aa88d758f34ca1f11be091c,21,0x2df1c51e09aecf9cacb7bc98cb1742757f163df7,0x8c8534b7cef0756bb8c894a445b898e10191f2a8,2570.543008,withdraw,5
474500126,2026-06-17T17:03:49Z,1781715829000,0x2f11267df8abe485b05252de2fa3d1e69a1b9c908aa88d758f34ca1f11be091c,23,0x2df1c51e09aecf9cacb7bc98cb1742757f163df7,0x9fd4ffe87187b8d43c5e5cdba5c038961774241d,29807.0,withdraw,5
474500187,2026-06-17T17:04:05Z,1781715845000,0x04ddfcec3fefbb1c135775be946ec7f270370d3e79a1bb612aac7684b3d95d1f,0,0x2ae57ecc52240ff0df36c979799bb2bcf957fb15,0x2df1c51e09aecf9cacb7bc98cb1742757f163df7,18.0,deposit,5
474500253,2026-06-17T17:04:21Z,1781715861000,0x69feed413f70b18d966942bb4c5878e255b0165441013f372a298138462d0e89,4,0x2df1c51e09aecf9cacb7bc98cb1742757f163df7,0x496a7f974757d98cb16bbc195c535c07981ca059,224.68,withdraw,5
474500253,2026-06-17T17:04:21Z,1781715861000,0x69feed413f70b18d966942bb4c5878e255b0165441013f372a298138462d0e89,6,0x2df1c51e09aecf9cacb7bc98cb1742757f163df7,0x0b51fcec047aa94fda16aceb7b0d3f3608118367,109.0,withdraw,5
474500253,2026-06-17T17:04:21Z,1781715861000,0x69feed413f70b18d966942bb4c5878e255b0165441013f372a298138462d0e89,8,0x2df1c51e09aecf9cacb7bc98cb1742757f163df7,0x14ae64b16aec192c1634de2256f3badbb4e4392d,4.0,withdraw,5
474500481,2026-06-17T17:05:18Z,1781715918000,0xa6119599efe9f56c8f5ce05ae6cae6c205da6a0581ba5494c75c3f0291d2cfeb,6,0x0be9f8da1489db28f5d772aef37cf4b1c6bff7d1,0x2df1c51e09aecf9cacb7bc98cb1742757f163df7,49970.085868,deposit,5
474500545,2026-06-17T17:05:34Z,1781715934000,0x7392f017899022e63bd0362160204b5a69e8a4860d4ea4a63c8f8e641e3f3ec7,1,0x2df1c51e09aecf9cacb7bc98cb1742757f163df7,0xd7d67318c2224d5c6980a177c4783837dfa20fa5,1.0,withdraw,5
474500658,2026-06-17T17:06:03Z,1781715963000,0x31bc364c8caffeff7a77135c9d78bfbae3744e79544629eca17c8f653eb17e9d,0,0x7fdafde5cfb5465924316eced2d3715494c517d1,0x2df1c51e09aecf9cacb7bc98cb1742757f163df7,3999999.2,deposit,5
474500661,2026-06-17T17:06:03Z,1781715963000,0x33943bb00887f0446812eacc8a4db1832a6fe8f1c95ba21dd16dfe2746dc0cd5,0,0x996f1713db8472596ccf7b45ee343a8227f7a9ff,0x2df1c51e09aecf9cacb7bc98cb1742757f163df7,14.99,deposit,5
474500736,2026-06-17T17:06:22Z,1781715982000,0x1b9c0e2d73977e1ce254a8ca591fd714ce84ce3bffbcb181b88a5f80a702d221,92,0x2df1c51e09aecf9cacb7bc98cb1742757f163df7,0x46b9ceaf59ac91c6f6ba033d5ba2817f11be2222,1.0,withdraw,5
474500792,2026-06-17T17:06:36Z,1781715996000,0x76ad4b6b5a51df6d24989aa3ecc47824dd6afba15cf9ba841c68f40ebf62e7a5,1,0x8e72c8609e87ef07c4b18dd09568a17fecb835cb,0x2df1c51e09aecf9cacb7bc98cb1742757f163df7,437.869885,deposit,5
474500852,2026-06-17T17:06:51Z,1781716011000,0x4f805fdeb2f988b43abc0ccaa5ed84cdfb751cab9d2785e5189e6915dce9c8cb,32,0x2df1c51e09aecf9cacb7bc98cb1742757f163df7,0x31de2e5bb17abda952762e598b23ff5bd2be5397,29.0,withdraw,5
474500975,2026-06-17T17:07:23Z,1781716043000,0xa3fcf523f8739cc4d6d458bde3a8fd9caa4f0a6baa8df040fac5aaed2e34b337,7,0x2df1c51e09aecf9cacb7bc98cb1742757f163df7,0x080b5fe5232370fdd572d4ea081799138e297816,5.28,withdraw,5
474501006,2026-06-17T17:07:30Z,1781716050000,0x6d01b273ec70a7706247f4bdb61265fd3d879b14ebcdcce359707801e84b91f1,1,0x4892c47d20496953dcbf06d2e8289fa5c8c07667,0x2df1c51e09aecf9cacb7bc98cb1742757f163df7,1735.9882,deposit,5
474501081,2026-06-17T17:07:49Z,1781716069000,0x5d267fa3af6f694e8845ce1da51a10d3140bf0b52fbb4137c36fc19d35385d7a,1,0x2df1c51e09aecf9cacb7bc98cb1742757f163df7,0x51f63885534cb494f4592a0311551f369bff2b39,39639.0,withdraw,5
474501159,2026-06-17T17:08:08Z,1781716088000,0xc6d12708cff52ccfc6b6aa9b883855d32e288931630018b0ef1c70ac7f8e8687,1,0x2df1c51e09aecf9cacb7bc98cb1742757f163df7,0xb4a7bedd9b4ae6b89966dab06778c45ae867a639,116.9,withdraw,5
474501195,2026-06-17T17:08:17Z,1781716097000,0xc0ed865505af1c7ed2898d0c3b594accfb76965c99663b01ec4107d117e775bb,6,0x3b6c0c8b7cad75ccdc214f42a5c4ee915384ca57,0x2df1c51e09aecf9cacb7bc98cb1742757f163df7,32457.482339,deposit,5
474501351,2026-06-17T17:08:56Z,1781716136000,0x78ce86acbc72aca49bc5c4b309889736f172b9db349288086a45678329003718,7,0x2df1c51e09aecf9cacb7bc98cb1742757f163df7,0x7725a7f2bb0e1c448d6fe361d53c840486ec6557,16667.0,withdraw,5
474501549,2026-06-17T17:09:46Z,1781716186000,0x80873609eab056883c6f14875633dc2473959188f3b2ee6ddd525a0bc60423c2,1,0x2a8e0176f5293f5f5e621ecc10d0465468b0b4a7,0x2df1c51e09aecf9cacb7bc98cb1742757f163df7,54.26,deposit,5
474501564,2026-06-17T17:09:49Z,1781716189000,0x8a5294302f47bf049f3fc96019a908cc37d014ab4a98701b105263ed17f8e6d8,12,0x2df1c51e09aecf9cacb7bc98cb1742757f163df7,0x4b2ea94afe5574ff994dbcd691e99961c567e163,576.0,withdraw,5
474501577,2026-06-17T17:09:53Z,1781716193000,0x916f83f8581cffee92eed783c9b0536551f90426012d630cc011cd85b9e3ff77,1,0xeb47300a3c59098e0e30eb62f5afbb6206cfbd04,0x2df1c51e09aecf9cacb7bc98cb1742757f163df7,50.0,deposit,5
474501762,2026-06-17T17:10:39Z,1781716239000,0xa8b424ffc268e84481614c67f6b97714e99bf1fc28284619d80ec484dbbc49b4,2,0xcd4ed86cecf8d10a811e7728519d32f2a211401a,0x2df1c51e09aecf9cacb7bc98cb1742757f163df7,201.479538,deposit,5
474501781,2026-06-17T17:10:44Z,1781716244000,0x8e510554436117411f741c2b76eeebee859de67e7580e11f77b6b96a03cacc7d,0,0x404ca2035b37bf2e83505134ebcf8d03babb5f03,0x2df1c51e09aecf9cacb7bc98cb1742757f163df7,87853.8,deposit,5
474501876,2026-06-17T17:11:08Z,1781716268000,0x7aa2d27a51f9f54f2e1a3364e1da21346a781b461e00c85e52b24e9ec9f928a1,0,0x2df1c51e09aecf9cacb7bc98cb1742757f163df7,0xf63eea9ad60db00da5b33829598482d0ef9c7cac,25.51,withdraw,5
474501954,2026-06-17T17:11:27Z,1781716287000,0xc0b3660d5dc71960b2044ef449231f15096c6ce3a8f616b525514fd74869dbc8,16,0x2df1c51e09aecf9cacb7bc98cb1742757f163df7,0x7d8fcc5e02feb7c4c0699e885f07d6545fcd5102,9.63,withdraw,5
474502012,2026-06-17T17:11:42Z,1781716302000,0xe6e9aa237e060145bce9a788576ea55d7c81bfc71a03fad66d75a4341a305457,2,0x31de2e5bb17abda952762e598b23ff5bd2be5397,0x2df1c51e09aecf9cacb7bc98cb1742757f163df7,29.0,deposit,5
474502017,2026-06-17T17:11:43Z,1781716303000,0xe155ea97a117f542826756ceb0aa75fc9a6cdf1cc5fad6b0784db86c9bdab309,22,0xe27141ca33967be5df82b5cd33d93adf6e04d31c,0x2df1c51e09aecf9cacb7bc98cb1742757f163df7,50.0,deposit,5
474502033,2026-06-17T17:11:47Z,1781716307000,0x8be7649a1e6fc798c5a6b523ebd62dc8645dbdbe910b0ce0050d9193971376be,6,0x60b720f902a7a09391b235495f1236394d8b0e36,0x2df1c51e09aecf9cacb7bc98cb1742757f163df7,4835.246468,deposit,5
474502048,2026-06-17T17:11:51Z,1781716311000,0xcd98081ff44605c34a1d073b91975cb46aee178fddeeb6d701133ff4cfb79889,0,0x2df1c51e09aecf9cacb7bc98cb1742757f163df7,0x1ffbc579c03bc9def9406d1c8397080b81014c34,2300.831932,withdraw,5
474502094,2026-06-17T17:12:02Z,1781716322000,0x1ef51ae163b755e41994cc7c9aab550de833dc8f1381a718f031f0c8053144a1,1,0x87bcfdb1599698761a68cfedf269e5adbdc1fb63,0x2df1c51e09aecf9cacb7bc98cb1742757f163df7,10.0,deposit,5
474502172,2026-06-17T17:12:22Z,1781716342000,0xf969b7f177f0e0c29586658d7acbb8dda27b698bdbf8d18d00d4a3df0da7996f,11,0x2df1c51e09aecf9cacb7bc98cb1742757f163df7,0x9fd4ffe87187b8d43c5e5cdba5c038961774241d,100.0,withdraw,5
474502255,2026-06-17T17:12:43Z,1781716363000,0x5b5018262ab4df6f0ee0b188b199ca4e571a8f7080b31fee99ac78f1a80167cb,19,0x2df1c51e09aecf9cacb7bc98cb1742757f163df7,0x9fd4ffe87187b8d43c5e5cdba5c038961774241d,14.0,withdraw,5
474502255,2026-06-17T17:12:43Z,1781716363000,0x5b5018262ab4df6f0ee0b188b199ca4e571a8f7080b31fee99ac78f1a80167cb,21,0x2df1c51e09aecf9cacb7bc98cb1742757f163df7,0x9fd4ffe87187b8d43c5e5cdba5c038961774241d,133.0,withdraw,5
474502642,2026-06-17T17:14:20Z,1781716460000,0x844871a924ddd271712f629e265c232bf78d4a10f2c5ca8ea00174a598087dda,7,0x2df1c51e09aecf9cacb7bc98cb1742757f163df7,0xd47511c14056bfdc441365b41f7c7c8cd083a713,714.0,withdraw,5
474502642,2026-06-17T17:14:20Z,1781716460000,0x844871a924ddd271712f629e265c232bf78d4a10f2c5ca8ea00174a598087dda,9,0x2df1c51e09aecf9cacb7bc98cb1742757f163df7,0x9fd4ffe87187b8d43c5e5cdba5c038961774241d,82.0,withdraw,5
474502745,2026-06-17T17:14:45Z,1781716485000,0x3e2eefa1e8287dbd6e57c6f82da6116717d71023ec18c1706cfa6a47faba58e6,0,0x2df1c51e09aecf9cacb7bc98cb1742757f163df7,0x4c3198c1d0c9c1446f9a60496751e4303faf9336,133.32,withdraw,5
474503020,2026-06-17T17:15:54Z,1781716554000,0x4ef147e40e08d062710d8a7659ac0807e98ecdd9ea9738308d267be9bf1a210a,2,0x70ca18198436e276fea42d50cc4858de19a3e071,0x2df1c51e09aecf9cacb7bc98cb1742757f163df7,634.188678,deposit,5
474503077,2026-06-17T17:16:08Z,1781716568000,0x91d90ddb5740aa80d19c304f6c6db6a34a72e6d4514bb9d10fdabb0a9ab444dc,1,0x2df1c51e09aecf9cacb7bc98cb1742757f163df7,0x53ba011a83b804311af73e9273666a3a0a75d4be,5166.33,withdraw,5
474503303,2026-06-17T17:17:05Z,1781716625000,0xbdbc7abdcbda0ae68a789ba0eede5599443fa545db22f3f7e65368f6b0ada357,4,0x2206c835ec56efcc0b3e147fad79ce50a8eea07e,0x2df1c51e09aecf9cacb7bc98cb1742757f163df7,49.965703,deposit,5
474503541,2026-06-17T17:18:05Z,1781716685000,0x2a255ecc94001733edb3d89fc4d7d4c7f3ec1f48ef4a39053afc515ccc9bf8d0,3,0x2df1c51e09aecf9cacb7bc98cb1742757f163df7,0xee30e50cf78dc49e6eda7183cde39fe4f85160c4,96.107876,withdraw,5
474503681,2026-06-17T17:18:40Z,1781716720000,0x3b164ae4f41ffd568d188ea5b1ab6d6b117fae9d3e5e95b704846a608b349096,18,0xe76722043ce240b24dfd0a91e01004c5d7bb8228,0x2df1c51e09aecf9cacb7bc98cb1742757f163df7,70.106189,deposit,5
474503846,2026-06-17T17:19:21Z,1781716761000,0x7d99b689a93d213f7b5d05639016112b010ac613a11d7f5e55a769b5065f67ba,0,0x21e65dffecb5fa4df94161d893480245c6436e20,0x2df1c51e09aecf9cacb7bc98cb1742757f163df7,7004.52,deposit,5
474504015,2026-06-17T17:20:04Z,1781716804000,0x2043dd4961cef9e55a75da4d2435860664fcefdb3f31ace7dbb4a0b726012d6d,7,0xf032648dfd22c4d81588bd83e09ab89cfe816705,0x2df1c51e09aecf9cacb7bc98cb1742757f163df7,15.642085,deposit,5
474504031,2026-06-17T17:20:08Z,1781716808000,0x8c3aa4c82eb0cdeb2ba733663a8cf1b41d019c8fe56bb9c3bab3300890bd77aa,0,0x60b720f902a7a09391b235495f1236394d8b0e36,0x2df1c51e09aecf9cacb7bc98cb1742757f163df7,2464.659268,deposit,5
474504071,2026-06-17T17:20:18Z,1781716818000,0x467968c1d796c981811242fbf5b3a6e253663970106e566df15d9006cf6da715,1,0x404ca2035b37bf2e83505134ebcf8d03babb5f03,0x2df1c51e09aecf9cacb7bc98cb1742757f163df7,5808.8,deposit,5
474504115,2026-06-17T17:20:29Z,1781716829000,0x1cbed485d94996c13cf063a972dc1762c6c6c6955e557af9e2edead085f6d9e1,5,0xbf32989fa8b50c423c11ccfb6621984517942f28,0x2df1c51e09aecf9cacb7bc98cb1742757f163df7,26.842544,deposit,5
474504171,2026-06-17T17:20:42Z,1781716842000,0xebd7986682793840d25ca2cb6fb45edb6dd923092a7f5206cd5d846426a38887,11,0xcb557521ee314863e3c897a7e0d48435873b4706,0x2df1c51e09aecf9cacb7bc98cb1742757f163df7,10.1,deposit,5
474504178,2026-06-17T17:20:43Z,1781716843000,0x835dc6f73f7d6d1337bb8294c0c987f6a21c51d36ff63a0807fa9f3fa4041a10,1,0xfeabe6dcf2726d34fa8fff21841d04316ba1b8e0,0x2df1c51e09aecf9cacb7bc98cb1742757f163df7,499.672624,deposit,5
474504295,2026-06-17T17:21:13Z,1781716873000,0x3b745493b7a1c8716ac47272558b5f9412bedf6ec9013f4fe1079462b3ad89ef,9,0xd512d93998c91e6caba342bec01f1976890dc788,0x2df1c51e09aecf9cacb7bc98cb1742757f163df7,500.0,deposit,5
474504324,2026-06-17T17:21:20Z,1781716880000,0xda928a64c42d4d25d4094a769d1283345c55e82d7c7b25a88afe1714f73b0bf5,1,0xcb1e8b9b5d05bfe7b84088f293c35226c2679530,0x2df1c51e09aecf9cacb7bc98cb1742757f163df7,200.0,deposit,5
474504329,2026-06-17T17:21:21Z,1781716881000,0xc3340d0ebc2f5d7c6b9d398f99d27b92b5fad10384a8ae35d0a93e5316678d95,3,0xd5a83006914b99b206fc88e5ce6159fdf413f4be,0x2df1c51e09aecf9cacb7bc98cb1742757f163df7,551.97287,deposit,5
474504404,2026-06-17T17:21:41Z,1781716901000,0x612fb5b635f10c20ff8b9468b5764bb2a144298f611c750ee924ef5ba35fb14e,0,0x2df1c51e09aecf9cacb7bc98cb1742757f163df7,0xabad5805fe78cc4a9d91340ca0c80a04c96bf7bf,0.1,withdraw,5
474504521,2026-06-17T17:22:10Z,1781716930000,0x4f31b88dcfa1a7840a3b1623d4534ab3d34851aa7dc62c8087f32320f1903d51,0,0xea211482b9af44f57064931682c1d01fdb91e2cd,0x2df1c51e09aecf9cacb7bc98cb1742757f163df7,2995.603537,deposit,5
474504533,2026-06-17T17:22:13Z,1781716933000,0xf8cbaacd861157c496d06db76a50891de93eecffaaf8c1f0a1b7e7e142c8ff6d,3,0xd5984077579e2b319667769ef8355f7c93d9e11e,0x2df1c51e09aecf9cacb7bc98cb1742757f163df7,1001.165714,deposit,5
475142973,2026-06-19T13:54:35Z,1781877275000,0xcf475bf1b95a1bad30984341a872b91d3004448d9b6e749b3aad893f6ebc3d8c,0,0x2df1c51e09aecf9cacb7bc98cb1742757f163df7,0xfa23efb35ceab6a46899293a246c476fec3f7b3a,53.95,withdraw,4
475143092,2026-06-19T13:55:05Z,1781877305000,0xb98b135c2e9e58be31e28a01ccb93987203e7cc6942636b79f1a7c78fb8a9d88,4,0xf032648dfd22c4d81588bd83e09ab89cfe816705,0x2df1c51e09aecf9cacb7bc98cb1742757f163df7,798.212568,deposit,4
475143155,2026-06-19T13:55:21Z,1781877321000,0xe84bb7eb281bff9b2a4a7a75a1dc92ad5a41bb645d359a4c3af8ffec0bf94805,31,0x2df1c51e09aecf9cacb7bc98cb1742757f163df7,0x5824a3c353233782dfcd8a789f13a18d0c51ef1a,25.83,withdraw,4
475143230,2026-06-19T13:55:40Z,1781877340000,0x1eecff9d22848899711f8dedc770edb28855954af64b0195c15b70bd96bcf9e3,3,0x274863a552a50b2870f478590e743685138ae68d,0x2df1c51e09aecf9cacb7bc98cb1742757f163df7,200.0,deposit,4
475143334,2026-06-19T13:56:04Z,1781877364000,0x41f7bf61e447fa422cd733d3277106df9ae53034d2a017cd288da18f1bd4d9a3,62,0x2df1c51e09aecf9cacb7bc98cb1742757f163df7,0x21b0356b71ed17ccc243191a4a4d4a5daf05d99d,19.0,withdraw,4
475143562,2026-06-19T13:57:01Z,1781877421000,0x6d22de5e487a92834372b7208e5d3a122953e345d3dab356c90f77092547088d,11,0x7808c2ed7c38cd5674975cea2371f35bc0e948a0,0x2df1c51e09aecf9cacb7bc98cb1742757f163df7,79.569827,deposit,4
475143621,2026-06-19T13:57:16Z,1781877436000,0x6868505e9c5bed121a7e3e09b6192389fcbc537e05a4d4e9b46a2dcdd09f3f82,8,0x630dfe94383a326c24aaf4b8fdaee867af5145e2,0x2df1c51e09aecf9cacb7bc98cb1742757f163df7,424.2967,deposit,4
475143638,2026-06-19T13:57:20Z,1781877440000,0x3e3bf213d6e57f4828c93d62d0fe5fc3287f2180537ff2c720e621dca4ed80ae,12,0x2df1c51e09aecf9cacb7bc98cb1742757f163df7,0x781b398cc554b5dc42ce924d2a5ee1553611b2f2,121872.97,withdraw,4
475143638,2026-06-19T13:57:20Z,1781877440000,0x3e3bf213d6e57f4828c93d62d0fe5fc3287f2180537ff2c720e621dca4ed80ae,14,0x2df1c51e09aecf9cacb7bc98cb1742757f163df7,0x4fc1edfbe4896a9337d8bc5b8cd3afa2f5224fb1,90.44,withdraw,4
475143638,2026-06-19T13:57:20Z,1781877440000,0x3e3bf213d6e57f4828c93d62d0fe5fc3287f2180537ff2c720e621dca4ed80ae,16,0x2df1c51e09aecf9cacb7bc98cb1742757f163df7,0x00b3ec186eb30d15ed0593d7fb24c05207130437,103.219631,withdraw,4
475143821,2026-06-19T13:58:06Z,1781877486000,0x8f48b1d38d20479e8770a29f28ae430d4cea09763e65e37df7dce629fb6b2c50,8,0x2df1c51e09aecf9cacb7bc98cb1742757f163df7,0x014d2642e3a4019292ee22a7871aebf70445e0c3,87.635947,withdraw,4
475143821,2026-06-19T13:58:06Z,1781877486000,0x8f48b1d38d20479e8770a29f28ae430d4cea09763e65e37df7dce629fb6b2c50,10,0x2df1c51e09aecf9cacb7bc98cb1742757f163df7,0x812b9bb152a7ae8e5c7d965c912acad14eccb53b,5453.06,withdraw,4
475143999,2026-06-19T13:58:51Z,1781877531000,0x1f968f0466433c6b562e2625025757e057e23e40e370e36adc71323e1dbfe25c,3,0x2df1c51e09aecf9cacb7bc98cb1742757f163df7,0xfa23efb35ceab6a46899293a246c476fec3f7b3a,13.98,withdraw,4
475144087,2026-06-19T13:59:13Z,1781877553000,0xb6450e87cb9dfc36d49f6bc6010b86b10eab404f5ea584feee7f455b0c4f1be4,104,0xcdfdf153b7ae88eab154c71c35507b0193737071,0x2df1c51e09aecf9cacb7bc98cb1742757f163df7,12.291208,deposit,4
475144224,2026-06-19T13:59:47Z,1781877587000,0xb795fa4ac52caa37da71b870daf0474eb834f21800acf74b87daacfb258b33b3,5,0x3440f23a87f1950e7a88cd248fd270e92d1132c5,0x2df1c51e09aecf9cacb7bc98cb1742757f163df7,199999.1996,deposit,4
475144268,2026-06-19T13:59:58Z,1781877598000,0x1760b146389f2483b1361d88c27068893c06321be01e5199b9cd2636cf1b8c45,44,0x42e58ef7b08464278302d2fa17e9f4f4f76352e8,0x2df1c51e09aecf9cacb7bc98cb1742757f163df7,74.721963,deposit,4
475144293,2026-06-19T14:00:04Z,1781877604000,0x02874b33cbbf424d25199a202c133b5429bd6c6de8f71782622574484afd64ae,11,0x4b1c09fa8322548360a76a3747e32a60a864bc38,0x2df1c51e09aecf9cacb7bc98cb1742757f163df7,95352.8,deposit,4
475144472,2026-06-19T14:00:49Z,1781877649000,0x626b84e3ab62020491935bae62c58488ce6af1057247fe54b04662c97a3cdb78,3,0x2df1c51e09aecf9cacb7bc98cb1742757f163df7,0x7edf221ba12a21f16d11697cac9f64d1027ba49e,4286.91,withdraw,4
475144472,2026-06-19T14:00:49Z,1781877649000,0x626b84e3ab62020491935bae62c58488ce6af1057247fe54b04662c97a3cdb78,5,0x2df1c51e09aecf9cacb7bc98cb1742757f163df7,0x092c8ff7f47e166ad9e7f3201f9a5b6fc1df83d8,41.19,withdraw,4
475144524,2026-06-19T14:01:02Z,1781877662000,0x5660bfc52f5cd4a467d3b1149d184e544a07de9a1bd1bf2dd001c74bf616f476,3,0x3e38b74615a00ba76f84cfdf9df8ad352c0f9ae8,0x2df1c51e09aecf9cacb7bc98cb1742757f163df7,99.8,deposit,4
475144524,2026-06-19T14:01:02Z,1781877662000,0x5660bfc52f5cd4a467d3b1149d184e544a07de9a1bd1bf2dd001c74bf616f476,5,0xb28fb7e9ed68e27204f2c94ecf24e4ed8da7751f,0x2df1c51e09aecf9cacb7bc98cb1742757f163df7,250.143288,deposit,4
475144525,2026-06-19T14:01:02Z,1781877662000,0x46b2f8e81f34e1280ca21e2d051eb1ca09c4ac32b3ad12ce741f61e47d579bcb,0,0x428babced19064beece58b8a252e3f17aac2a817,0x2df1c51e09aecf9cacb7bc98cb1742757f163df7,199999.8,deposit,4
475144561,2026-06-19T14:01:11Z,1781877671000,0xe787e872d025bb52ce1d646f38571aad86f4e29afd11eaf8e04fd4a4600a13d8,0,0x2df1c51e09aecf9cacb7bc98cb1742757f163df7,0xa8988b4b29f130ae07143745e095b64269ff1688,13.88,withdraw,4
475144561,2026-06-19T14:01:11Z,1781877671000,0xe787e872d025bb52ce1d646f38571aad86f4e29afd11eaf8e04fd4a4600a13d8,2,0x2df1c51e09aecf9cacb7bc98cb1742757f163df7,0xb5862cdd8509b44f002e5ac3958f573f4186f3e8,31148.54,withdraw,4
475144561,2026-06-19T14:01:11Z,1781877671000,0xe787e872d025bb52ce1d646f38571aad86f4e29afd11eaf8e04fd4a4600a13d8,4,0x2df1c51e09aecf9cacb7bc98cb1742757f163df7,0x1ad789220860b3242b4429be201d06a0569fbb5b,8.83,withdraw,4
475144635,2026-06-19T14:01:30Z,1781877690000,0x7a1528318a0c5d08b7f96358f0e50c090432a1616f223a4ffb7bf38a0d20fdd3,5,0x2df1c51e09aecf9cacb7bc98cb1742757f163df7,0x9e9cbb4a782c44e718c52d4681816a1507db70b0,200.0,withdraw,4
475144643,2026-06-19T14:01:32Z,1781877692000,0x3c4f610ad508a848642580506aa9f043604ab7acbaef5fc228eee40799c2bc60,4,0xb484fa08bc4615df5b46a2733af311451b64fb92,0x2df1c51e09aecf9cacb7bc98cb1742757f163df7,149.9967,deposit,4
475144675,2026-06-19T14:01:40Z,1781877700000,0xbe431e2757b15deca50f47b45d9aba61870b0c3863c527b36e8631b30483cd32,0,0x80e57b08a8585d8b4f94dba15fe5d94d37836b8d,0x2df1c51e09aecf9cacb7bc98cb1742757f163df7,9.963915,deposit,4
475144790,2026-06-19T14:02:09Z,1781877729000,0x86bc8407c9e69cb9eb41bdd3a2df8d90ad9eb0516f8c5e8650bd5c787f824d72,1,0x3e38b74615a00ba76f84cfdf9df8ad352c0f9ae8,0x2df1c51e09aecf9cacb7bc98cb1742757f163df7,1397.613707,deposit,4
475144865,2026-06-19T14:02:26Z,1781877746000,0xef4a17b1c771a5b4a11357c6e38b7410a4c5c301b3bd5eccf066f4b9980368d2,12,0x6a34c4fb8299d098d5a7428fc9f708dab0976888,0x2df1c51e09aecf9cacb7bc98cb1742757f163df7,6.0,deposit,4
475145034,2026-06-19T14:03:09Z,1781877789000,0x2aa90caa4ff55a63979054deb5f3853a736845710260e4f51a378ceda6383823,12,0x2df1c51e09aecf9cacb7bc98cb1742757f163df7,0x40edcd24da6d26e6c91119a0267180d3cfeeb84b,99.0,withdraw,4
475145080,2026-06-19T14:03:20Z,1781877800000,0x07504cfd853779f4d8cdf1f5df6ac436a920012ee3cc8ce1f1e83a228b37c7d9,1,0x5fd1f05c550255867d9e6faa9d75790316c0f067,0x2df1c51e09aecf9cacb7bc98cb1742757f163df7,597.301859,deposit,4
475145087,2026-06-19T14:03:22Z,1781877802000,0x29396f987212722565be7eaea67117ea876e66c69437812ed4441f9a79397de0,109,0xf032648dfd22c4d81588bd83e09ab89cfe816705,0x2df1c51e09aecf9cacb7bc98cb1742757f163df7,302.641742,deposit,4
475145112,2026-06-19T14:03:28Z,1781877808000,0x08c6de1769122aab5c031145983400d8e90739953970e33819c291236fb65116,9,0x3930a28d2f63477f6816265be2eeefa2e231cff8,0x2df1c51e09aecf9cacb7bc98cb1742757f163df7,9827.185378,deposit,4
475145210,2026-06-19T14:03:53Z,1781877833000,0x895d7e01b3f1d04651f11c14e6265efb5694f908396cdb1ba53aa41781a752ca,1,0x7c794a612c3dd0b53d746b1c84a815ee55564b85,0x2df1c51e09aecf9cacb7bc98cb1742757f163df7,499.514752,deposit,4
475145228,2026-06-19T14:03:58Z,1781877838000,0x35ec9058d1cc5a277df265ac350df69b6d7ab1ea8c236537861928b30a6b20d4,55,0x2df1c51e09aecf9cacb7bc98cb1742757f163df7,0x612528c759dc1f110a5d4c6d325454ad8b93d829,27706.582907,withdraw,4
475145228,2026-06-19T14:03:58Z,1781877838000,0x35ec9058d1cc5a277df265ac350df69b6d7ab1ea8c236537861928b30a6b20d4,57,0x2df1c51e09aecf9cacb7bc98cb1742757f163df7,0x9e9cbb4a782c44e718c52d4681816a1507db70b0,7.0,withdraw,4
475145343,2026-06-19T14:04:26Z,1781877866000,0x8d7fc4e01c2b2d923b6e45a813e2cc404dc371dfd4c1be213af86bd7f25a7c7d,1,0xb4e29a1cd1d8714e3af3c8c3096941d57d08e76c,0x2df1c51e09aecf9cacb7bc98cb1742757f163df7,5.0,deposit,4
475145448,2026-06-19T14:04:53Z,1781877893000,0x80a872b6fe4ee02ce553ac729fe3ad1c53e85d2595244594265c119a0fd5589d,13,0x2df1c51e09aecf9cacb7bc98cb1742757f163df7,0x9e9cbb4a782c44e718c52d4681816a1507db70b0,5.0,withdraw,4
475145477,2026-06-19T14:05:00Z,1781877900000,0x4c54a9582e71b5479e4737c757ca66082e1afc8611ba1c044376c18e96a9e90b,0,0x4a2a83dba472ba41ae511b47c0e755c5d01e3f2f,0x2df1c51e09aecf9cacb7bc98cb1742757f163df7,353.900663,deposit,4
475145636,2026-06-19T14:05:40Z,1781877940000,0xf3bda2ff7ac6a2aa3b3f80f385672c77ed7dbdf36a7e4c75c13c3e4af8c2910e,1,0x2df1c51e09aecf9cacb7bc98cb1742757f163df7,0x9e9cbb4a782c44e718c52d4681816a1507db70b0,2.0,withdraw,4
475145675,2026-06-19T14:05:50Z,1781877950000,0xe36ea55a64c51acd623e31fe9c83526929d0c8f6d5d60635ad26e407d2ea5730,3,0x9f2c315bdedc6dac202dc25f813b7c8f8309790c,0x2df1c51e09aecf9cacb7bc98cb1742757f163df7,600.0,deposit,4
475145815,2026-06-19T14:06:25Z,1781877985000,0xc0a3cb89a1fa53a28aa6d379ec01c5c0261030c80f35bfb6f3f53773b4247fa7,9,0x2df1c51e09aecf9cacb7bc98cb1742757f163df7,0xb2eb1ed6e2567fae0ab586e36e1f8fd20682fc79,20450.554208,withdraw,4
475145863,2026-06-19T14:06:37Z,1781877997000,0x04148fb1258e368e0dc9e9b53b5ce69a8dac9c51626ff93cdbabb1de101bb259,55,0x948515c8ec10b27291cc284e2afda7bd62f9fc93,0x2df1c51e09aecf9cacb7bc98cb1742757f163df7,2181.26937,deposit,4
475146074,2026-06-19T14:07:30Z,1781878050000,0xb57818254e562acdecd1c89282e5352514608ae9083588faf98c1f48ddc1054a,1,0x3e38b74615a00ba76f84cfdf9df8ad352c0f9ae8,0x2df1c51e09aecf9cacb7bc98cb1742757f163df7,2999.8,deposit,4
475146095,2026-06-19T14:07:35Z,1781878055000,0x6f1cf65a1fb8b8f4c1969a4b87adedc4307fe329090bcede320b3bfbd62dc57a,0,0xb4e29a1cd1d8714e3af3c8c3096941d57d08e76c,0x2df1c51e09aecf9cacb7bc98cb1742757f163df7,10.0,deposit,4
475146189,2026-06-19T14:07:59Z,1781878079000,0x24aa9739ba1d8a406190778426c1891ae8488d404d786ba7ba5cc34951d0a7f7,8,0x8e3d5e109837c11ddd373d97c9b3e4d716f1423a,0x2df1c51e09aecf9cacb7bc98cb1742757f163df7,299999.8,deposit,4
475146205,2026-06-19T14:08:03Z,1781878083000,0x66e338892f438524d8d727b2ccb4f02175cb8bbd6e42b2fb78d52cd7393f775f,29,0x428babced19064beece58b8a252e3f17aac2a817,0x2df1c51e09aecf9cacb7bc98cb1742757f163df7,299999.8,deposit,4
475146299,2026-06-19T14:08:26Z,1781878106000,0x05a587fdce6b320172af0f432723901f628472a1831c624f0aa6d4bf9a9cb262,1,0x2df1c51e09aecf9cacb7bc98cb1742757f163df7,0x913cad6c9880342decef3277e03d799d36f8742e,86.0,withdraw,4
475146299,2026-06-19T14:08:26Z,1781878106000,0x05a587fdce6b320172af0f432723901f628472a1831c624f0aa6d4bf9a9cb262,3,0x2df1c51e09aecf9cacb7bc98cb1742757f163df7,0x22ac8daa927d6ca2bbfe4b89f0b17c49176c1093,20.256758,withdraw,4
475146405,2026-06-19T14:08:52Z,1781878132000,0x87495be23daf1b1a8586d82c090bc32883c512f86205c54000510ea43341702b,18,0x2df1c51e09aecf9cacb7bc98cb1742757f163df7,0x9e9cbb4a782c44e718c52d4681816a1507db70b0,280.0,withdraw,4
475146405,2026-06-19T14:08:52Z,1781878132000,0x87495be23daf1b1a8586d82c090bc32883c512f86205c54000510ea43341702b,20,0x2df1c51e09aecf9cacb7bc98cb1742757f163df7,0xb4e29a1cd1d8714e3af3c8c3096941d57d08e76c,4.0,withdraw,4
475146417,2026-06-19T14:08:55Z,1781878135000,0xd82d40f86c9f15a7de3efaa148211680ea1cd439a294d21722892c6afea53b34,4,0xf70da97812cb96acdf810712aa562db8dfa3dbef,0x2df1c51e09aecf9cacb7bc98cb1742757f163df7,187763.162448,deposit,4
475146519,2026-06-19T14:09:20Z,1781878160000,0x74f99c34c84d83ec2c8c2b7e9bb4c392c3d8aff18f9a192b5a03b1dfe6ec311d,0,0x2df1c51e09aecf9cacb7bc98cb1742757f163df7,0x623e92f6aed300d6dc5fbd675dd133d8214a4048,98.89,withdraw,4
475146599,2026-06-19T14:09:40Z,1781878180000,0x0fac9017dc6b2a871b167702a9da1267e7d3ee582e8bd88447d5f4996a55ed02,30,0x8e3d5e109837c11ddd373d97c9b3e4d716f1423a,0x2df1c51e09aecf9cacb7bc98cb1742757f163df7,199999.8,deposit,4
475146608,2026-06-19T14:09:43Z,1781878183000,0x41c7c8d8b4588173d14c0acf395dc154695396b8505644dd618aa273805f956f,8,0x2df1c51e09aecf9cacb7bc98cb1742757f163df7,0x9e9cbb4a782c44e718c52d4681816a1507db70b0,3.0,withdraw,4
475146608,2026-06-19T14:09:43Z,1781878183000,0x41c7c8d8b4588173d14c0acf395dc154695396b8505644dd618aa273805f956f,10,0x2df1c51e09aecf9cacb7bc98cb1742757f163df7,0xc8fc6eb06364a8c4a307be3156c5da0832948f06,25.0,withdraw,4
475146795,2026-06-19T14:10:30Z,1781878230000,0xcd00854c44375043c6d2d690107fec1680f6abc2ad90e992c635b7ddd3b52ddf,15,0x2df1c51e09aecf9cacb7bc98cb1742757f163df7,0xb25f645ad779bae0e60b4440d1996908f656b941,14.27,withdraw,4
475146951,2026-06-19T14:11:09Z,1781878269000,0x5390fa12d274b2bcb5d789ecdb2cd9c73d17754a2b637f522f7863b1c76bcfbf,1,0xd5f2e306cff8c7c9e47ebebf3e96e8fdd75c601c,0x2df1c51e09aecf9cacb7bc98cb1742757f163df7,24999.8,deposit,4
475147171,2026-06-19T14:12:04Z,1781878324000,0x71b77ea3d4127bc6b57eefce3134401a690a07c45d1b0bde250c9554c360d3f7,0,0x2df1c51e09aecf9cacb7bc98cb1742757f163df7,0x01d6780fa5fbbbf64d6d482f8b0a8511b942a0a7,18.38,withdraw,4
475147171,2026-06-19T14:12:04Z,1781878324000,0x71b77ea3d4127bc6b57eefce3134401a690a07c45d1b0bde250c9554c360d3f7,2,0x2df1c51e09aecf9cacb7bc98cb1742757f163df7,0xb4e29a1cd1d8714e3af3c8c3096941d57d08e76c,9.0,withdraw,4
475147219,2026-06-19T14:12:16Z,1781878336000,0x426ef3618247b9c052eb9a78027ce238e4023ace9cfdb27f6c61e54190a2dcbf,14,0x47fbe4f7b7c2f77d3c74868e98e27b32353baa19,0x2df1c51e09aecf9cacb7bc98cb1742757f163df7,22.462675,deposit,4
475147378,2026-06-19T14:12:56Z,1781878376000,0xb3f90817a1a7b8a04c38aba60068567dd784c11e3c6e4a2ad5cbb58861f24f3e,14,0x2df1c51e09aecf9cacb7bc98cb1742757f163df7,0x9c698f6490a0b959f7d9217ae428e888b01c35f2,126546.95,withdraw,4
475147397,2026-06-19T14:13:00Z,1781878380000,0x347c90c42c736f4623068c5950b8c633b1c5b52d22ac7e7817b98775012cb7df,11,0xafaa3deb560168ef63962d4d7ec169a989e9d95a,0x2df1c51e09aecf9cacb7bc98cb1742757f163df7,38415.41,deposit,4
475147472,2026-06-19T14:13:19Z,1781878399000,0x8b9dcdbfe2ef61ff1672abe5a8735a662adf397803dec62bf54b2423a49bb9cb,0,0x2df1c51e09aecf9cacb7bc98cb1742757f163df7,0xa58a950cc6083863d8179171d8a18a3537f46c5c,14.0,withdraw,4
475147629,2026-06-19T14:13:59Z,1781878439000,0x1a6e6fb6b6fa3c5920263272a7e52c5063a475f2a4a8d1a6e05b056a8e0edaa0,7,0x2560f73c320cab506925b3e93f704a3c5af99858,0x2df1c51e09aecf9cacb7bc98cb1742757f163df7,97.40002,deposit,4
475147834,2026-06-19T14:14:50Z,1781878490000,0xd9ae6b50cb423b27731433fa4127f0c6ab96cfa34bb9b01674f9d32abe5ff75a,13,0x3e38b74615a00ba76f84cfdf9df8ad352c0f9ae8,0x2df1c51e09aecf9cacb7bc98cb1742757f163df7,1347.199723,deposit,4
475147834,2026-06-19T14:14:50Z,1781878490000,0xd9ae6b50cb423b27731433fa4127f0c6ab96cfa34bb9b01674f9d32abe5ff75a,15,0x7107be16baad1a2844e6ba887feb3441cb2f85ed,0x2df1c51e09aecf9cacb7bc98cb1742757f163df7,5.0,deposit,4
475148269,2026-06-19T14:16:38Z,1781878598000,0x626a0ff84cd881bbdcd2a5f4a3319e2bc4d275cbbfb4d1be9809895d47c10d4f,3,0x2df1c51e09aecf9cacb7bc98cb1742757f163df7,0x623e92f6aed300d6dc5fbd675dd133d8214a4048,242.75,withdraw,4
475148269,2026-06-19T14:16:38Z,1781878598000,0x626a0ff84cd881bbdcd2a5f4a3319e2bc4d275cbbfb4d1be9809895d47c10d4f,5,0x2df1c51e09aecf9cacb7bc98cb1742757f163df7,0x180d239360447bbf93be384a499bfa572c16a3c5,50.06,withdraw,4
475148549,2026-06-19T14:17:48Z,1781878668000,0x349bf8f7327b9b9a02428d4318526835d8d7bfc57a604d1e760d3cf7878481bf,0,0x2df1c51e09aecf9cacb7bc98cb1742757f163df7,0x742e1f56d237d047561b62761a327768ba4dfab1,181.155446,withdraw,4
475148549,2026-06-19T14:17:48Z,1781878668000,0x349bf8f7327b9b9a02428d4318526835d8d7bfc57a604d1e760d3cf7878481bf,2,0x2df1c51e09aecf9cacb7bc98cb1742757f163df7,0xefbf0ab1bfca0cfd457bfdbd0a01f2fef1dd17da,255.62,withdraw,4
475148631,2026-06-19T14:18:09Z,1781878689000,0xdaf69980788bccc1a176b7fbfa09964f450fb70540b6006d53fc312b56bccc51,0,0x2df1c51e09aecf9cacb7bc98cb1742757f163df7,0xcdf0aa4ccb610960454b7bb736b304c158dd2dcc,1047.2,withdraw,4
475148631,2026-06-19T14:18:09Z,1781878689000,0xdaf69980788bccc1a176b7fbfa09964f450fb70540b6006d53fc312b56bccc51,2,0x2df1c51e09aecf9cacb7bc98cb1742757f163df7,0x1c6985837df778b46a39040385344bc6a7c95a71,13.29,withdraw,4
475148745,2026-06-19T14:18:37Z,1781878717000,0xaff57536ea21dc36d92fffcbe7cd1bdc8877ab396d3f6f6bcd4adabd1d740355,0,0x2df1c51e09aecf9cacb7bc98cb1742757f163df7,0x75487cf9570cdcf29da3be67803d15d7c23e201a,49.84,withdraw,4
475148745,2026-06-19T14:18:37Z,1781878717000,0xaff57536ea21dc36d92fffcbe7cd1bdc8877ab396d3f6f6bcd4adabd1d740355,2,0x2df1c51e09aecf9cacb7bc98cb1742757f163df7,0x31ac172c465ff7fe8c3803d4fe0b0b3138f77e7e,44.798098,withdraw,4
475148773,2026-06-19T14:18:44Z,1781878724000,0x84e4e480c92b07965ceeed9d731f0b0627972e28a9a404cd7dc79642b84373eb,2,0x45ea804c8151ca49a6976c29d6e2fce02e745058,0x2df1c51e09aecf9cacb7bc98cb1742757f163df7,20.8,deposit,4
475148821,2026-06-19T14:18:56Z,1781878736000,0x93be88a3b2d4b9f9a0ee0f34d6311bdc81d062eedbda3c794675c9197d6f745c,14,0x2df1c51e09aecf9cacb7bc98cb1742757f163df7,0x8c8534b7cef0756bb8c894a445b898e10191f2a8,2090.173976,withdraw,4
475149012,2026-06-19T14:19:44Z,1781878784000,0xeeb4a35bc81cec0c7566df5e77d02f9722ddcf10d0433acb3f19c8d7a9b956e9,32,0xed23ce98c8271a67da1ddc9f43f971428d13725d,0x2df1c51e09aecf9cacb7bc98cb1742757f163df7,20.0,deposit,4
475149038,2026-06-19T14:19:51Z,1781878791000,0xf8a1ff397cdb91e6e1bed59adafb9da67f5df61c84032de5735cf04f853dbd16,3,0xf293f548824e918e8eff42d09f8a9c64956a0a24,0x2df1c51e09aecf9cacb7bc98cb1742757f163df7,442.416838,deposit,4
475149076,2026-06-19T14:20:00Z,1781878800000,0x5721bed9e9d1a8729bc8104e5c8e34462177de0f089f9d8d65f61317a1d46e51,6,0xf032648dfd22c4d81588bd83e09ab89cfe816705,0x2df1c51e09aecf9cacb7bc98cb1742757f163df7,348.439189,deposit,4
475149123,2026-06-19T14:20:12Z,1781878812000,0x1619b5c4ce2534f083b0c2fca25bad2bdbadd9bc573b8955129a2f915470b425,2,0x2df1c51e09aecf9cacb7bc98cb1742757f163df7,0xc3e0928fc64aad59c1d44748accbd94d791674e3,37.7,withdraw,4
475149206,2026-06-19T14:20:33Z,1781878833000,0x23bf82730be07ba862712e05681f431c2ff1a250c89ad88c86f2ed497dbe8652,0,0xae47dfa08f1415ff147772e7447da98dd488c35f,0x2df1c51e09aecf9cacb7bc98cb1742757f163df7,10.0,deposit,4
475149232,2026-06-19T14:20:39Z,1781878839000,0x41962ca3b12d83e9feace042c05d164d422d290273cc2c759166a0b9d63a3c4a,1,0x2df1c51e09aecf9cacb7bc98cb1742757f163df7,0xef4d823f50420a21f21fad4020d787601abe87e2,42.56,withdraw,4
475149232,2026-06-19T14:20:39Z,1781878839000,0x41962ca3b12d83e9feace042c05d164d422d290273cc2c759166a0b9d63a3c4a,3,0x2df1c51e09aecf9cacb7bc98cb1742757f163df7,0xd0eacf9f9fcfdc7ad182267c6f99f9e9c8d93cea,72.42,withdraw,4
475149357,2026-06-19T14:21:11Z,1781878871000,0x64c5cdd243c6dadbdd71c028003b1b77c3589dca01ac6702dcd2ca88f5c9871a,0,0x2df1c51e09aecf9cacb7bc98cb1742757f163df7,0x72452b6ce587558271ea62264f40448f8c2a06f1,986.47,withdraw,4
475150017,2026-06-19T14:23:55Z,1781879035000,0x50895570629fbf3a8fe4c69c55464b07b36d2b7231da0fb3776a54a03da9755a,0,0xb2a3dfe89b9be9aac5e4ead34050cfd045f527a4,0x2df1c51e09aecf9cacb7bc98cb1742757f163df7,13.548785,deposit,4
475150156,2026-06-19T14:24:30Z,1781879070000,0xc9c7fcf6a8903570925453c39dcaaa4f7800220be9d2bacfd5723d8478ae69b9,0,0xb7427498c6033743ee73e635f40a27d13c0c7152,0x2df1c51e09aecf9cacb7bc98cb1742757f163df7,30.399246,deposit,4
475150192,2026-06-19T14:24:39Z,1781879079000,0x56ef335698abfd5e742b18fbd1d30cf1bffcd1dabf1a7179341c2648b56e136e,3,0x2df1c51e09aecf9cacb7bc98cb1742757f163df7,0x694ee5fe1c5b3445558e7b76fd4a43e620501914,132663.91,withdraw,4
475150291,2026-06-19T14:25:04Z,1781879104000,0x241c3393e6594c0c23d1ebf7a05a37d54f6af211bf61814fb824e8846d3c793d,35,0xf032648dfd22c4d81588bd83e09ab89cfe816705,0x2df1c51e09aecf9cacb7bc98cb1742757f163df7,81.152784,deposit,4
475150367,2026-06-19T14:25:23Z,1781879123000,0x78596f29e5cdd345b2d0f54a47e919853b53238bdef623e820659a15a9e3281c,14,0x34e7c33a8284e0c21172ad9ad4a8d761126c6681,0x2df1c51e09aecf9cacb7bc98cb1742757f163df7,135.663062,deposit,4
475150479,2026-06-19T14:25:51Z,1781879151000,0xa1a1ff1561c31bd72443711692ee7d9037a5aace0667a85899ae7ebef751d3fe,7,0x002cf4769906a7e73ceb97653696a067011a1a8d,0x2df1c51e09aecf9cacb7bc98cb1742757f163df7,1952.289643,deposit,4
475150595,2026-06-19T14:26:20Z,1781879180000,0x55490018d4bddabb6c82ecf0bd418fe715424470c07531a04645e6a043eb109a,0,0x2df1c51e09aecf9cacb7bc98cb1742757f163df7,0xe0e81657bb99913054659df53a11b146a03e99e6,6.3,withdraw,4
475150595,2026-06-19T14:26:20Z,1781879180000,0x55490018d4bddabb6c82ecf0bd418fe715424470c07531a04645e6a043eb109a,2,0x2df1c51e09aecf9cacb7bc98cb1742757f163df7,0x64e94f13a7ead98acfe9c0eb698dbb31e6afb89f,4.0,withdraw,4
475150698,2026-06-19T14:26:46Z,1781879206000,0x2b4f4d9eb7166d5fe2f7c37e6415bdc59ab3f7ff08714c9b3867b561eb97ce2a,31,0x2df1c51e09aecf9cacb7bc98cb1742757f163df7,0xab0818ca8ba0f102b3c18d4926c6b9da1f8b9d9b,19.0,withdraw,4
475150698,2026-06-19T14:26:46Z,1781879206000,0x2b4f4d9eb7166d5fe2f7c37e6415bdc59ab3f7ff08714c9b3867b561eb97ce2a,33,0x2df1c51e09aecf9cacb7bc98cb1742757f163df7,0xae47dfa08f1415ff147772e7447da98dd488c35f,9.0,withdraw,4
475150698,2026-06-19T14:26:46Z,1781879206000,0x2b4f4d9eb7166d5fe2f7c37e6415bdc59ab3f7ff08714c9b3867b561eb97ce2a,35,0x2df1c51e09aecf9cacb7bc98cb1742757f163df7,0x9cf14bbde6cf1ab99910105365ef0e10cf652654,6.46,withdraw,4
475150813,2026-06-19T14:27:15Z,1781879235000,0xadddaad1a6852a57e1d1d8cbf30d9009c3028786a786ee98ccf7825a743e63b7,5,0xc7a84ba25264ab7cd84f93d7d5e4c07b3db2ad29,0x2df1c51e09aecf9cacb7bc98cb1742757f163df7,40.0,deposit,4
475150904,2026-06-19T14:27:38Z,1781879258000,0xecaf0e18e8cf0d47a92e04a8c167ea63672bc65b97474299bd50348c309fe919,45,0x2df1c51e09aecf9cacb7bc98cb1742757f163df7,0xb467646f6cbbd41e9cad139e626dec1cdd7dc043,42.4,withdraw,4
475151008,2026-06-19T14:28:03Z,1781879283000,0xdd4ce7c878099ab7a5abe5c7be964f47b2523e0c9ec7cf2180bbc97cb8e9f0d5,2,0x2df1c51e09aecf9cacb7bc98cb1742757f163df7,0x75982eb8b734b24b653b39e308489a428041f162,9999.0,withdraw,4
475151011,2026-06-19T14:28:04Z,1781879284000,0x24c23f87cf2b29a0111e3c685370b2c2bdefaa0eb7373fe87cfffc4f7f168897,0,0xb2ac8dcddc736217e846a9c2649eca741945fa5a,0x2df1c51e09aecf9cacb7bc98cb1742757f163df7,798.383092,deposit,4
475151214,2026-06-19T14:28:54Z,1781879334000,0xa67a725812944b47ca1c53d34b8274070c6d642d0abd6375d25686c659e048b0,31,0x2df1c51e09aecf9cacb7bc98cb1742757f163df7,0x97bba6b4838e326980f04b54c40ace3e3092bac4,411.91,withdraw,4
475151301,2026-06-19T14:29:16Z,1781879356000,0x1c8378517748f920b1fff8f150f0c2f4a1637761dd4d1221a03d5e15de22e819,3,0x0f89dcd7b822efd7cabe40f89f536f5ff2389d5d,0x2df1c51e09aecf9cacb7bc98cb1742757f163df7,16447.288525,deposit,4
475151620,2026-06-19T14:30:36Z,1781879436000,0x4b656059f4f4d4d37827e1ccb44171d8afe42456a6aba8fe61332173ed49255b,0,0xf032648dfd22c4d81588bd83e09ab89cfe816705,0x2df1c51e09aecf9cacb7bc98cb1742757f163df7,1879.263966,deposit,4
475151624,2026-06-19T14:30:37Z,1781879437000,0x6e1ce984c19d178d5a447eb3ab240eea0af49f5191a3699e34c46282360fc41a,0,0xf2e4115727cd713de5de4d8c0a01944bb1904e42,0x2df1c51e09aecf9cacb7bc98cb1742757f163df7,10.93922,deposit,4
475151924,2026-06-19T14:31:53Z,1781879513000,0x40fac1c6028128782703ddfe98b4fc8e9d9d82afa6927a0821225ea61bb1e551,3,0x2df1c51e09aecf9cacb7bc98cb1742757f163df7,0x151194a56e77f7b14d9165dde7a457669a59254f,9726.04,withdraw,4
475152027,2026-06-19T14:32:18Z,1781879538000,0xac9fad0c2ab3d2bbccb071b1230466af50038b9cf4ce219c170e38fe71faf9ee,0,0x2df1c51e09aecf9cacb7bc98cb1742757f163df7,0xc9c961aedfe7d5b4764d91f29d28a916be293e1b,67.002789,withdraw,4
475152207,2026-06-19T14:33:04Z,1781879584000,0xfe5194e640c81539f1771ecf4b5c57a9e0c9dc734f296bf5ca47f9577defa889,19,0x7de7f7d2838c10f188f691ca2da056af47a8c8a2,0x2df1c51e09aecf9cacb7bc98cb1742757f163df7,149999.8,deposit,4
475152639,2026-06-19T14:34:50Z,1781879690000,0x78d7fa43fbdb938f261b3d1e758fbf877254e87da154ae2bc81ef40ae68b496f,0,0x2df1c51e09aecf9cacb7bc98cb1742757f163df7,0x1a9b3f6a0a3e6a715e047635a9b0f3775e82aa8f,14.63,withdraw,4
475152639,2026-06-19T14:34:50Z,1781879690000,0x78d7fa43fbdb938f261b3d1e758fbf877254e87da154ae2bc81ef40ae68b496f,2,0x2df1c51e09aecf9cacb7bc98cb1742757f163df7,0x7c65fdaf52e21e8bfb03d8ab55b77e4461e8d82d,79.169351,withdraw,4
475152639,2026-06-19T14:34:50Z,1781879690000,0x78d7fa43fbdb938f261b3d1e758fbf877254e87da154ae2bc81ef40ae68b496f,4,0x2df1c51e09aecf9cacb7bc98cb1742757f163df7,0x7682aef518cbeb24ab618643b834fec5a8fa9965,4.05,withdraw,4
475152758,2026-06-19T14:35:20Z,1781879720000,0x9326c0a59f10c4e0e9636cad94bf7322c821178f7644fc6146f9fbf4b4d8135b,1,0x2df1c51e09aecf9cacb7bc98cb1742757f163df7,0x6ad6ce71f459a9c66195d68ee783b3ffa5ee4f2d,36.56,withdraw,4
475152758,2026-06-19T14:35:20Z,1781879720000,0x9326c0a59f10c4e0e9636cad94bf7322c821178f7644fc6146f9fbf4b4d8135b,3,0x2df1c51e09aecf9cacb7bc98cb1742757f163df7,0xc3841a05282f6978ca51a4731dacd3ee1b48a703,814.0,withdraw,4
475152950,2026-06-19T14:36:08Z,1781879768000,0xda570342e7177bcdb1be15d06105f9f0b9c955f986e9ffce0dc56c730e3585b8,0,0x8e3d5e109837c11ddd373d97c9b3e4d716f1423a,0x2df1c51e09aecf9cacb7bc98cb1742757f163df7,149999.8,deposit,4
475152961,2026-06-19T14:36:11Z,1781879771000,0x0485780f56a7b365d17361228088c6145d259988f0b4c1968892644dee1faca9,3,0x255099dc67d553efd1702c4e8befae709239bb9b,0x2df1c51e09aecf9cacb7bc98cb1742757f163df7,109.925664,deposit,4
475152962,2026-06-19T14:36:11Z,1781879771000,0xe6826d516866183a01a5248405929e3e2043ac1043b898c220504f18e9d2d39b,10,0xb22e511a264a7d3f0057a8ed602adcd6f98b88c5,0x2df1c51e09aecf9cacb7bc98cb1742757f163df7,213.55,deposit,4
475153206,2026-06-19T14:37:12Z,1781879832000,0x4b7a1748e483923b760e0bc310be569c9e679c6ff608c013a16d5fb5126e3f3e,4,0x428babced19064beece58b8a252e3f17aac2a817,0x2df1c51e09aecf9cacb7bc98cb1742757f163df7,399999.8,deposit,4
475153423,2026-06-19T14:38:07Z,1781879887000,0xd42f741a4929fbb6b2dff65fd0836d6a128b84470e4a52a02eb2e89f6a8f34b0,18,0x2df1c51e09aecf9cacb7bc98cb1742757f163df7,0x12808338685533091e7487b554c5573efb2b6937,9.5,withdraw,4
475153493,2026-06-19T14:38:24Z,1781879904000,0x0bfc7e1cb91e4c1d1a298a6a502e8cb920115452f4ebbed8c2a352a689ab936f,0,0x2df1c51e09aecf9cacb7bc98cb1742757f163df7,0xf3afed99710b3537e6cb447bcc75067b1607d01a,999.0,withdraw,4
475153589,2026-06-19T14:38:48Z,1781879928000,0x9dcc9f4c08af602ff11af23c46caa556cb40089465f8429949e4b0d214292af2,1,0x2df1c51e09aecf9cacb7bc98cb1742757f163df7,0x4ac63d8ff04d3fe742b2a507c91e1020cf8e0d34,49.5,withdraw,4
475153589,2026-06-19T14:38:48Z,1781879928000,0x9dcc9f4c08af602ff11af23c46caa556cb40089465f8429949e4b0d214292af2,3,0x2df1c51e09aecf9cacb7bc98cb1742757f163df7,0x74117fa384a3ae25b5c4b7bc94b62618fe65228f,151337.14,withdraw,4
475153589,2026-06-19T14:38:48Z,1781879928000,0x9dcc9f4c08af602ff11af23c46caa556cb40089465f8429949e4b0d214292af2,5,0x2df1c51e09aecf9cacb7bc98cb1742757f163df7,0x929740c36e13c1aa20087be89a26abb86d7771d4,45.12,withdraw,4
475153591,2026-06-19T14:38:49Z,1781879929000,0x1e9acc301cd345ecfe3ef1b89ddfa2eb6decb76ab2f73e9aa0eda6764c1951af,0,0x5c862263a01b05a6aae84840f599844191ab44c2,0x2df1c51e09aecf9cacb7bc98cb1742757f163df7,5000.0,deposit,4
475153595,2026-06-19T14:38:50Z,1781879930000,0xc5d277cd9c27198235cbde796fce227e2a5bef0520588ceeebacefbac1ceadc6,0,0x234299fdfb537a4d02e311a534b9919af665ffe0,0x2df1c51e09aecf9cacb7bc98cb1742757f163df7,99.945403,deposit,4
475153750,2026-06-19T14:39:29Z,1781879969000,0xa9cd0dde1c41f4342fad6e191694ecc6643889c5c9d9ff9ccbe174459cc4367f,2,0xcc9ec29778f35c0abe8572c6d25596518d6dfc8b,0x2df1c51e09aecf9cacb7bc98cb1742757f163df7,8.876911,deposit,4
475153780,2026-06-19T14:39:36Z,1781879976000,0x8b236f3bc8c8475813bd7213590e7158d063142216908d8dfe0289fe78671ea6,3,0xedcfc7655be9afe839ab1d5eb94a086bd8db58c0,0x2df1c51e09aecf9cacb7bc98cb1742757f163df7,5.0,deposit,4
475153836,2026-06-19T14:39:50Z,1781879990000,0xb01e9a57d43ad9a4539bfc90a6d4a5a1b750d12de6fe2e76d59e1c34aa754962,1,0x615570dd8ea8a5a0aa4bc551d924311921cb1c09,0x2df1c51e09aecf9cacb7bc98cb1742757f163df7,1822.031317,deposit,4
475153879,2026-06-19T14:40:01Z,1781880001000,0x7010b8f947451b87d012304bf22d0c127c18a3da76c72edf0876efa7ce04c861,0,0x2df1c51e09aecf9cacb7bc98cb1742757f163df7,0x91c7e24a2afd3f072cce66ae1c072b41edc8a1e6,18892.775549,withdraw,4
475153879,2026-06-19T14:40:01Z,1781880001000,0x7010b8f947451b87d012304bf22d0c127c18a3da76c72edf0876efa7ce04c861,2,0x2df1c51e09aecf9cacb7bc98cb1742757f163df7,0xc7a84ba25264ab7cd84f93d7d5e4c07b3db2ad29,33.67,withdraw,4
475153906,2026-06-19T14:40:08Z,1781880008000,0xeb237a3fa91f43a3aba861bf453318efc78498b8c1418f540e76554497232bae,1,0xc175ef910ba6b65c394839e51e1d56189be2a47c,0x2df1c51e09aecf9cacb7bc98cb1742757f163df7,135.0,deposit,4
475153967,2026-06-19T14:40:23Z,1781880023000,0xe64278ed0406a3742939f672fe02634a48810a789fc4814a251eb4bd306249fb,4,0xafec467cfd93d014484d618d01989f876b0a00a5,0x2df1c51e09aecf9cacb7bc98cb1742757f163df7,706.239627,deposit,4
475153980,2026-06-19T14:40:26Z,1781880026000,0x181cbfc2ea6b272816dacab3a2eac417b3eb4df38630a526b9faaa5d9fcceca2,23,0x2df1c51e09aecf9cacb7bc98cb1742757f163df7,0xa87be087f3d6ca7b3bd03d7d18dc34c8d022fb3b,385.66,withdraw,4
475154015,2026-06-19T14:40:35Z,1781880035000,0x911ccf97a1f9a08bcb38dac46b5e273ebfd9d6b34a6406b0098e666f217ec663,4,0xf032648dfd22c4d81588bd83e09ab89cfe816705,0x2df1c51e09aecf9cacb7bc98cb1742757f163df7,775.639681,deposit,4
475154091,2026-06-19T14:40:53Z,1781880053000,0x6879e49d664017dbd1d5cec7ff943d3edffe53711a6742fdc757391b1cb55e21,4,0x1b1ec501bbf4a84c5c470ab44f5ca9404f48dafe,0x2df1c51e09aecf9cacb7bc98cb1742757f163df7,9.8,deposit,4
475154157,2026-06-19T14:41:10Z,1781880070000,0x5495b95690119dd9961b2fdbb39d2f5e5d76e14c79132dccddfd8edda0b26767,2,0x7df26d25c6ad12351ab33a08d343f82e1249bb01,0x2df1c51e09aecf9cacb7bc98cb1742757f163df7,10.0,deposit,4
475154180,2026-06-19T14:41:15Z,1781880075000,0x6600788f676782939d7266728795238796f4e9c7631c4333bf8224e491b6194a,1,0x2df1c51e09aecf9cacb7bc98cb1742757f163df7,0xd40c748c68b59c753152676f4423474e5e36ac7a,7879.916823,withdraw,4
475154375,2026-06-19T14:42:04Z,1781880124000,0x0056e8143a4e40547b0d2a9d19be70e01dbd4806ccdf5a2ce7fb954c655ec821,4,0x4ca0fa2d41565842246829c67145eb4dc062b228,0x2df1c51e09aecf9cacb7bc98cb1742757f163df7,9.49,deposit,4
475154382,2026-06-19T14:42:06Z,1781880126000,0xf69bb13af40d13b6af3ecc2478b65aa040639ab1ee34a71a819e77828229b2df,1,0x47ed57d96abeb57d08aa8f7f1e70e293540ab293,0x2df1c51e09aecf9cacb7bc98cb1742757f163df7,94.0,deposit,4
475154696,2026-06-19T14:43:25Z,1781880205000,0x82e30a7e85abeb30bab6a2fd505a83d54953c556f70e8843306351778bb47337,1,0x000b27842040f51f70fdeaded6f35035e9df981c,0x2df1c51e09aecf9cacb7bc98cb1742757f163df7,52.685357,deposit,4
475154814,2026-06-19T14:43:54Z,1781880234000,0x67c4d53b26f9221a15c883252662c6fd47e9b4a7d43e30122f4e8fc97421bb91,20,0x248d29ed4059aa499a11a88c028d713d18c5f7fe,0x2df1c51e09aecf9cacb7bc98cb1742757f163df7,226.383504,deposit,4
475154911,2026-06-19T14:44:19Z,1781880259000,0x383de02b8f79a51e16b5bb1861dd180d85461d02a3a15c3c87fb74b475475e6b,13,0x2df1c51e09aecf9cacb7bc98cb1742757f163df7,0xfdbb95d8b6b159aec87246b52816e7de85b3d6a7,634.731894,withdraw,4
475154918,2026-06-19T14:44:20Z,1781880260000,0xf9adc24cf0a76e3e6400b372acbba03f04e2c7f81152f4b0915eb4d7bc804521,9,0x198f46a9a1b4b7989c6d9a8c3c74da893fc9b020,0x2df1c51e09aecf9cacb7bc98cb1742757f163df7,146.59954,deposit,4
475154918,2026-06-19T14:44:20Z,1781880260000,0xf9adc24cf0a76e3e6400b372acbba03f04e2c7f81152f4b0915eb4d7bc804521,11,0xf293f548824e918e8eff42d09f8a9c64956a0a24,0x2df1c51e09aecf9cacb7bc98cb1742757f163df7,937.121479,deposit,4
475155050,2026-06-19T14:44:54Z,1781880294000,0x66c3c4de816357e480e74e1e99f9ae2263e5985d9a9c8a423fcb1b8c8fb77986,13,0x8e3d5e109837c11ddd373d97c9b3e4d716f1423a,0x2df1c51e09aecf9cacb7bc98cb1742757f163df7,49999.8,deposit,4
475155243,2026-06-19T14:45:42Z,1781880342000,0xa22e953b50d6f6ca1952a87eb1aad6e62fb5a9d7f4a0cfbbe9a3ac2da30e6eb3,108,0x33be53da097bb451999d2e9a2b979ede366f42ac,0x2df1c51e09aecf9cacb7bc98cb1742757f163df7,16.0,deposit,4
475155285,2026-06-19T14:45:53Z,1781880353000,0x53963bcb7ded34122178aaeb4b0f3163a69698ed4fb30dbed449fa2da83aaaed,3,0x2df1c51e09aecf9cacb7bc98cb1742757f163df7,0x1b41392427ee5bd9afae93a34e96c3f23acdcb80,9.0,withdraw,4
475155320,2026-06-19T14:46:01Z,1781880361000,0x25f4a739d65eccf51250c52e255f44e02377e6fdbf91cd8e5e8b5886b3ead085,4,0x683ce80f475c00ad50d8d14bf8f1990cd7b6406c,0x2df1c51e09aecf9cacb7bc98cb1742757f163df7,49.65,deposit,4
475155382,2026-06-19T14:46:17Z,1781880377000,0x04c4c0e630b6720168fd7318053893e30d2b2c65b8911067066b47bd835bff2f,100,0xe8731a4d46b97eac68e130cffc0e741c6e414aba,0x2df1c51e09aecf9cacb7bc98cb1742757f163df7,1353.1286,deposit,4
475155687,2026-06-19T14:47:32Z,1781880452000,0x6612dcbfcea90026b1ec90387c4415849e2e456aaad701f8ec1219be93ab0e7d,35,0x2df1c51e09aecf9cacb7bc98cb1742757f163df7,0x64b48bc854ac1f493c650fbd8614dcce48b0ce1f,49.0,withdraw,4
475155770,2026-06-19T14:47:53Z,1781880473000,0x63705464010b572d2c583b44dbb68386ec46f03859444a7359a4ff76abe7c0b1,0,0x2df1c51e09aecf9cacb7bc98cb1742757f163df7,0x05bbff25f6b15de7e2d0f9eca5819867928d1e09,132.23,withdraw,4
475155857,2026-06-19T14:48:15Z,1781880495000,0x5403da413bc6b838192da2091b5daa16a891d540e9190b8ffe37d413e5e60fd7,9,0x60fa18cf3e91fef8b0343905b9f94125fde90db9,0x2df1c51e09aecf9cacb7bc98cb1742757f163df7,5.0,deposit,4
475156048,2026-06-19T14:49:03Z,1781880543000,0x4c6612a3266d11e98a29f6ff6b8993eeeb888d523676f1da2647b38741ab91eb,0,0x2df1c51e09aecf9cacb7bc98cb1742757f163df7,0x03eb821c9ee4e650fa80bb6f36c00713013650c2,499.0,withdraw,4
475156180,2026-06-19T14:49:36Z,1781880576000,0x0c9d1df80403643640d3db075fa06a5a658dd75a1b112a00d9288a2e9d1e2c8f,1,0x7aac97afefcce4e2745d7e8fadbdc0867e47ea44,0x2df1c51e09aecf9cacb7bc98cb1742757f163df7,6.0,deposit,4
475156243,2026-06-19T14:49:52Z,1781880592000,0x64be0d48b3cba7fce61183c4deba9a9185ec72e12f0bee4b507f7fa2b69cc17c,1,0xa0f35c32dbb13c8c62c9011d386a33d154bb1de7,0x2df1c51e09aecf9cacb7bc98cb1742757f163df7,20.0,deposit,4
475156350,2026-06-19T14:50:19Z,1781880619000,0x936930acb79bdb379258bb390884ebb7cb978919bf6ee6ed55deb6677fb18882,4,0x1b1ec501bbf4a84c5c470ab44f5ca9404f48dafe,0x2df1c51e09aecf9cacb7bc98cb1742757f163df7,210.8701,deposit,4
475156537,2026-06-19T14:51:05Z,1781880665000,0x0cca211ddda47c7c752f64f8743df2e0cc3c18d0a9ee1c28114ccc0791d237aa,3,0x2df1c51e09aecf9cacb7bc98cb1742757f163df7,0xae2c47038ca0754c52074ebd1c8ce6f924edc929,15.13,withdraw,4
475156537,2026-06-19T14:51:05Z,1781880665000,0x0cca211ddda47c7c752f64f8743df2e0cc3c18d0a9ee1c28114ccc0791d237aa,5,0x2df1c51e09aecf9cacb7bc98cb1742757f163df7,0x0b38b276c6ccd51c2c75c5dc4d1e06a908fe237a,18.71,withdraw,4
475156917,2026-06-19T14:52:41Z,1781880761000,0xe36d030f02d53eff552f639fad8044df33bb576cdeddb7ec82c4d6a44b21ae00,6,0x2c82a8e18063d539d2bd91c30ba8163518c75c33,0x2df1c51e09aecf9cacb7bc98cb1742757f163df7,2999.923453,deposit,4
475157114,2026-06-19T14:53:29Z,1781880809000,0x4c1b10b46dbeb7441f028c89f23381326cc24411f24d46045f335f49976e929d,1,0x2df1c51e09aecf9cacb7bc98cb1742757f163df7,0x9e7a23c7f51b64b72b5828cd46f8576d35ae9d42,22.6,withdraw,4
475157598,2026-06-19T14:55:31Z,1781880931000,0xf945749d950137fda78f534d341f7d85eec040d28152f2f33c4636c2aff3da73,9,0x2df1c51e09aecf9cacb7bc98cb1742757f163df7,0x21b0356b71ed17ccc243191a4a4d4a5daf05d99d,20.0,withdraw,4
475157799,2026-06-19T14:56:21Z,1781880981000,0xa969f0a1f6a26590dcfce5e19281a58e1f1806fad3f44d57693659fa5a32cddc,10,0x2df1c51e09aecf9cacb7bc98cb1742757f163df7,0xee845948e6806d12e966137caa07d49bbe632fe3,214999.0,withdraw,4
475157799,2026-06-19T14:56:21Z,1781880981000,0xa969f0a1f6a26590dcfce5e19281a58e1f1806fad3f44d57693659fa5a32cddc,12,0x2df1c51e09aecf9cacb7bc98cb1742757f163df7,0xee845948e6806d12e966137caa07d49bbe632fe3,299999.0,withdraw,4
475157866,2026-06-19T14:56:38Z,1781880998000,0xf253553719318c6b535a9baf34b821bd2c7338748c982ceef4691606bfe9ed95,7,0x6065098bfe997c17948f37b2f718c8b1638c8d72,0x2df1c51e09aecf9cacb7bc98cb1742757f163df7,386.0,deposit,4
475157872,2026-06-19T14:56:39Z,1781880999000,0x0f67b000a188c9551fa92f1c3158051533991414e4f4d479c42c8936cc07bf17,23,0xda15e59cdbc70b13677ad3b9d79445fcfc8d4722,0x2df1c51e09aecf9cacb7bc98cb1742757f163df7,72.358313,deposit,4
475157919,2026-06-19T14:56:51Z,1781881011000,0xa598f3de5802544b233cf40cd03c46af0191f2a623242d1fbf2860a6d9806495,0,0x2df1c51e09aecf9cacb7bc98cb1742757f163df7,0xe221199497ecf48efa70f1303dfa96c6a7076b40,26.39,withdraw,4
475157919,2026-06-19T14:56:51Z,1781881011000,0xa598f3de5802544b233cf40cd03c46af0191f2a623242d1fbf2860a6d9806495,2,0x2df1c51e09aecf9cacb7bc98cb1742757f163df7,0xdfd37c7de9dbec40b93d539b5fd59531a83d8844,241.35,withdraw,4
475157919,2026-06-19T14:56:51Z,1781881011000,0xa598f3de5802544b233cf40cd03c46af0191f2a623242d1fbf2860a6d9806495,4,0x2df1c51e09aecf9cacb7bc98cb1742757f163df7,0x627bf4dc66dfd180479e01b9e9ba844732d7f2a4,24.91,withdraw,4
475157924,2026-06-19T14:56:52Z,1781881012000,0xb6d7915bbd30a1720f6fcdaee3ecedcf1df475526f1e26fd80296a10d3829cd8,13,0x5c0321be46b4ea5a4f99fd115662045fd1bda3a5,0x2df1c51e09aecf9cacb7bc98cb1742757f163df7,2500.0,deposit,4
475157933,2026-06-19T14:56:54Z,1781881014000,0x9d6db1838997c540e404dbbaf01808d4d3431c1664e5402537bf68fe92eb6d7c,8,0xc1c1624308d61694accb83b4225b2d3e4c9bc2ac,0x2df1c51e09aecf9cacb7bc98cb1742757f163df7,3397.6167,deposit,4
475158188,2026-06-19T14:57:58Z,1781881078000,0x6760e661f57efb9ad75ccbffa1862cca2872db93373f1d8b617816c01748aa58,6,0xc7214276a66662d3d4609e5f6db05325d983a252,0x2df1c51e09aecf9cacb7bc98cb1742757f163df7,3000.0,deposit,4
475158195,2026-06-19T14:58:00Z,1781881080000,0x7562cf004fdc0acc55507d155d17644aff7bea8898dd1a8ece385caa5b4ed3c1,4,0x1a5ca00bb748dd3f2ee0872c934df7d842328e78,0x2df1c51e09aecf9cacb7bc98cb1742757f163df7,1318.264153,deposit,4
475158249,2026-06-19T14:58:14Z,1781881094000,0xdabe9c82e48542050ebc2e99940326230583b36310444a501e4bc11672964db8,17,0x47ed57d96abeb57d08aa8f7f1e70e293540ab293,0x2df1c51e09aecf9cacb7bc98cb1742757f163df7,100.0,deposit,4
475158901,2026-06-19T15:00:56Z,1781881256000,0x71e6f347a37f333ccabcbee14db01a341da24d59956caddecb9c18bc20b1f030,34,0x1b1ec501bbf4a84c5c470ab44f5ca9404f48dafe,0x2df1c51e09aecf9cacb7bc98cb1742757f163df7,174.440364,deposit,4
475159345,2026-06-19T15:02:48Z,1781881368000,0xd6439ef9984afad1e8200603bd2da909ea3e52bbb462ccd3c5c0e01670f9c2f3,5,0x69f26eac0691aa39d03b5b8b046e07bebf664db5,0x2df1c51e09aecf9cacb7bc98cb1742757f163df7,30.0,deposit,4
475159488,2026-06-19T15:03:24Z,1781881404000,0xd9d94b54de63d29a8c03c98333a277fed21651ae8f09ff956ebbb82aaaaea0d6,32,0x2df1c51e09aecf9cacb7bc98cb1742757f163df7,0xa63861dc7793e501d7ddaf853f62a35afa89f628,14.0,withdraw,4
475159661,2026-06-19T15:04:07Z,1781881447000,0xd9ba38e73a605cf7308bbc23cfde09bcf2182615750ff7b7ccd1cda3f4d83e19,3,0x2df1c51e09aecf9cacb7bc98cb1742757f163df7,0x849911e3ca8a8778018867e4a41f53b32c3b8140,13.0,withdraw,4
475159661,2026-06-19T15:04:07Z,1781881447000,0xd9ba38e73a605cf7308bbc23cfde09bcf2182615750ff7b7ccd1cda3f4d83e19,5,0x2df1c51e09aecf9cacb7bc98cb1742757f163df7,0x414fda192dc94e8087d19c609dcba84ec6c99ad3,28.03,withdraw,4
475159784,2026-06-19T15:04:38Z,1781881478000,0xff6e6c57136c05bdee7280aca92e1af4dece387c4e25e46bdeb846627d3db1f5,3,0x3e55fddd3b0525b26a84be910563bcedb072e286,0x2df1c51e09aecf9cacb7bc98cb1742757f163df7,9989.1,deposit,4
475159865,2026-06-19T15:04:58Z,1781881498000,0xc49a152a0b07e7793fbeec0f782c8a33fffccb3f97e1c9155c7ed4de0965aa28,0,0x2df1c51e09aecf9cacb7bc98cb1742757f163df7,0xeb411f3257be96536bbd17fbaa1b16f6b7d063e4,18.25,withdraw,4
475159865,2026-06-19T15:04:58Z,1781881498000,0xc49a152a0b07e7793fbeec0f782c8a33fffccb3f97e1c9155c7ed4de0965aa28,2,0x2df1c51e09aecf9cacb7bc98cb1742757f163df7,0x4cc5b400d5a3e862a5d3183a38404cf084ace504,133.98,withdraw,4
475159865,2026-06-19T15:04:58Z,1781881498000,0xc49a152a0b07e7793fbeec0f782c8a33fffccb3f97e1c9155c7ed4de0965aa28,4,0x2df1c51e09aecf9cacb7bc98cb1742757f163df7,0x84d3a737d9864b1e483f848f9c61b87b2b720b92,149799.42,withdraw,4
475159865,2026-06-19T15:04:58Z,1781881498000,0xc49a152a0b07e7793fbeec0f782c8a33fffccb3f97e1c9155c7ed4de0965aa28,6,0x2df1c51e09aecf9cacb7bc98cb1742757f163df7,0x80c38022c289be8aaca34fca466c975c427cded3,142932.85,withdraw,4
475159881,2026-06-19T15:05:02Z,1781881502000,0xdcdbff8b7c24d155c76917481dc5e8375fecf7c1fbb061159c735fe32dce7bfc,9,0x5e3b1ec048e728750f5d02478b159fc507055fc2,0x2df1c51e09aecf9cacb7bc98cb1742757f163df7,5663.475618,deposit,4
475159977,2026-06-19T15:05:26Z,1781881526000,0xbde98d9bd43893763b01c0d86787edee7494e62c83890e3cfb78b7df31b9a1bd,1,0x2df1c51e09aecf9cacb7bc98cb1742757f163df7,0x05bbff25f6b15de7e2d0f9eca5819867928d1e09,494.01,withdraw,4
475160054,2026-06-19T15:05:46Z,1781881546000,0x348c6f45626a1ff4b06687f6f062c02c63e72a8b467a49e212e59a098e4dba43,1,0x91fd6db0942ae997db40f0b42049714adb359841,0x2df1c51e09aecf9cacb7bc98cb1742757f163df7,14999.8,deposit,4
475160058,2026-06-19T15:05:47Z,1781881547000,0x06712b078eaa167c03d2f96ff096728ba46757f4343ef16c7b0e8010d4e38f4e,0,0x7e39eb1e6d1b4d8d05af6d8f83aa5db68323e6b3,0x2df1c51e09aecf9cacb7bc98cb1742757f163df7,96.637022,deposit,4
475160137,2026-06-19T15:06:06Z,1781881566000,0xa258b2f5d0bbc9e94c29f287b8d4e43ad5285e12a97a45f3afd69e707d877bfe,0,0xbb50092cb4c9c0a5eba17df975e9ae565339593e,0x2df1c51e09aecf9cacb7bc98cb1742757f163df7,3696.994912,deposit,4
475160206,2026-06-19T15:06:22Z,1781881582000,0x3fbd6808b657e887f34e102c9722bcd0b0b0b542570cf6cdaae97bb2dcf7fee6,2,0x2df1c51e09aecf9cacb7bc98cb1742757f163df7,0x548f5f7b8f531304def9de4f11c7e0ce3adca9f4,909.1,withdraw,4
475160216,2026-06-19T15:06:25Z,1781881585000,0x97f1cb0b85b6ee4b010bc3e598839f88f55ba91c439a5fe547392a5d8bdf8cc3,40,0x548f5f7b8f531304def9de4f11c7e0ce3adca9f4,0x2df1c51e09aecf9cacb7bc98cb1742757f163df7,909.100919,deposit,4
475160350,2026-06-19T15:06:59Z,1781881619000,0x89e633931f16fd926f11ed1969e831180be683897fcd1e2ea4d178938b5f8e06,15,0x67e961249a9851c79e69549906b3a31513713d3e,0x2df1c51e09aecf9cacb7bc98cb1742757f163df7,3359.079759,deposit,4
475160360,2026-06-19T15:07:01Z,1781881621000,0xb94c5c3c942956b6a699f70583b20f76173e582bc76e9a503a3dede619c54588,11,0x36f4d7f150a86afd3e3bb08171f384c719d837c7,0x2df1c51e09aecf9cacb7bc98cb1742757f163df7,2092.0,deposit,4
475160622,2026-06-19T15:08:07Z,1781881687000,0xe25ca3319b8b65a2434f2522448bec5ff28fde5cd18529dafc336fef007a2dfd,10,0x7808c2ed7c38cd5674975cea2371f35bc0e948a0,0x2df1c51e09aecf9cacb7bc98cb1742757f163df7,27.0,deposit,4
475160874,2026-06-19T15:09:10Z,1781881750000,0x1adf54aac84b66222c7cf833e1e13aa65512f05d309fc3ac71883d841d61265b,33,0x2df1c51e09aecf9cacb7bc98cb1742757f163df7,0x8c8534b7cef0756bb8c894a445b898e10191f2a8,2172.740786,withdraw,4
475160903,2026-06-19T15:09:17Z,1781881757000,0x71d0e5644e7d2c848b56a09f7d0a66d86d6d9dcbd40a0f9182720857ee315614,107,0x7986ad5fafd4b5a3ded0e944e9a5cba5e9c5b7cf,0x2df1c51e09aecf9cacb7bc98cb1742757f163df7,50.9967,deposit,4
475161094,2026-06-19T15:10:05Z,1781881805000,0xbd2aa2f148484ffa0a79f14fe61fae82c2578d77481c0aa95e78a295307cf9ee,0,0xf032648dfd22c4d81588bd83e09ab89cfe816705,0x2df1c51e09aecf9cacb7bc98cb1742757f163df7,1002.100462,deposit,4
475161110,2026-06-19T15:10:09Z,1781881809000,0x537574c5c51c74682bc97802970ea8824b06ec4122a3ec76cb83790f3e49ee39,20,0x2df1c51e09aecf9cacb7bc98cb1742757f163df7,0x0c6f4bb1ddd5ed91e6e471944406a5577b2bade3,23.25,withdraw,4
475161110,2026-06-19T15:10:09Z,1781881809000,0x537574c5c51c74682bc97802970ea8824b06ec4122a3ec76cb83790f3e49ee39,22,0x2df1c51e09aecf9cacb7bc98cb1742757f163df7,0x6aad40ad2a312f62f957c39daf407f7c71c51f9a,45.53,withdraw,4
475161312,2026-06-19T15:11:00Z,1781881860000,0xbdfd314f5fd55cc204a08b35e0e81215f002a3c556836061048b55afcf985979,0,0x2df1c51e09aecf9cacb7bc98cb1742757f163df7,0x1a44a6bc450d233049d629c27792c5309d9ca12d,192029.66,withdraw,4
475161359,2026-06-19T15:11:12Z,1781881872000,0x6c5843bf09d8232570c85d7567598d2f98f56671c2b463809cae97853c9d24f1,2,0x80349543b039f31d03a1a7cb6b5392e80dd254b5,0x2df1c51e09aecf9cacb7bc98cb1742757f163df7,86.638326,deposit,4
475161395,2026-06-19T15:11:21Z,1781881881000,0xa627646cb65bcc5fc51d84a262d37d6a8760d586382451d8fca0b692c6244ba3,500,0x2df1c51e09aecf9cacb7bc98cb1742757f163df7,0x18282c1a6766c3080d28862501eafaa526f2e707,28.03,withdraw,4
475161685,2026-06-19T15:12:33Z,1781881953000,0xc50793cc66149c32c851543a70085dcc0687fab2fbaec7b0b6b2003867a1ad24,0,0x2df1c51e09aecf9cacb7bc98cb1742757f163df7,0xa6d84bdc8643b81e665599c5e7bd17238379a0c2,149.0,withdraw,4
475161748,2026-06-19T15:12:48Z,1781881968000,0x26abf1aa6d80a03e3b7e5aa42055b30027cfd6ad84782ea3259cf26f0ff80129,0,0xf2a98ffa81c83b1baa054d93ed39ca95709389ec,0x2df1c51e09aecf9cacb7bc98cb1742757f163df7,955.0,deposit,4
475161822,2026-06-19T15:13:07Z,1781881987000,0xc067d939fa2148133b2825a7c97e629a0ed6d1225f1941d84fbc0193de3dc7eb,10,0x2df1c51e09aecf9cacb7bc98cb1742757f163df7,0xa3f866e2aef7a1e2f08c93c594f41a3e358b408b,3.72,withdraw,4
475161991,2026-06-19T15:13:49Z,1781882029000,0x97f4398fed41ae372db5e80756960ce8dbb30218546855a90a12d29bb9246c2a,0,0x2df1c51e09aecf9cacb7bc98cb1742757f163df7,0xa0230423ac8ff3f6da3691466054cd9be9e31292,15.97,withdraw,4
475162073,2026-06-19T15:14:10Z,1781882050000,0x7e3ff5c757dafa93faf42adf4025956db036cc6ad196d0d868acec5d2f4bd4d8,14,0x2df1c51e09aecf9cacb7bc98cb1742757f163df7,0x5d3fe71257254c05113e6c5bc4293b8c601ce703,9.0,withdraw,4
475162207,2026-06-19T15:14:43Z,1781882083000,0xade38a95ad6c8fa7fb75cc2824de3ac4285e947c69948eada6af26690199da71,0,0x5b1e8fd3561bcbe3a736b399e5941067f913bbfa,0x2df1c51e09aecf9cacb7bc98cb1742757f163df7,9.990317,deposit,4
475162299,2026-06-19T15:15:06Z,1781882106000,0xf13784a30c637d67577ca4a8399f4f6ff78968685216e5612b7c57d240cd3f1c,2,0xf032648dfd22c4d81588bd83e09ab89cfe816705,0x2df1c51e09aecf9cacb7bc98cb1742757f163df7,328.788315,deposit,4
475162373,2026-06-19T15:15:25Z,1781882125000,0x965e81df82dca9c1844d8b97aa694c137d20fcc02c15aedb446fb2b4d5f3db13,0,0x8e3d5e109837c11ddd373d97c9b3e4d716f1423a,0x2df1c51e09aecf9cacb7bc98cb1742757f163df7,149999.8,deposit,4
475162627,2026-06-19T15:16:29Z,1781882189000,0xb94c4c213296ad3751b12ca6af3aa3d854944e2ee774e08750247728bb9cc299,20,0x2df1c51e09aecf9cacb7bc98cb1742757f163df7,0xc8fc6eb06364a8c4a307be3156c5da0832948f06,25.0,withdraw,4
475162736,2026-06-19T15:16:56Z,1781882216000,0x9613ca0bd130eeccedbfafca524e257d7d2c264e7b7d0a3d16a8937b2ca331f9,1,0x2df1c51e09aecf9cacb7bc98cb1742757f163df7,0x471198bef024da705c68e8634a7926844377661c,472.06,withdraw,4
475162799,2026-06-19T15:17:12Z,1781882232000,0x0b6e80f098e5a6e8ff21e526452525195f1e42f9162fe62e75cc1ba141b83338,15,0x7fdafde5cfb5465924316eced2d3715494c517d1,0x2df1c51e09aecf9cacb7bc98cb1742757f163df7,999999.2,deposit,4
475162864,2026-06-19T15:17:28Z,1781882248000,0x3052958e249ac260789ac224aaebb51cd67f2b46f9823761070f5f0bb5948266,0,0xb826cd3ea9ee965f8dfcfa7c37ff59a624b34d0e,0x2df1c51e09aecf9cacb7bc98cb1742757f163df7,1000.0,deposit,4
475162959,2026-06-19T15:17:52Z,1781882272000,0xea62fcd4c23f1a446af95efbafd26ec23f69b819e09452ac5850d189653c1abf,9,0x2df1c51e09aecf9cacb7bc98cb1742757f163df7,0x574e5e2a373e0ce66040f4a4c0b9654d2d8ff80d,4999.0,withdraw,4
475163329,2026-06-19T15:19:24Z,1781882364000,0xab2c4142680bc5162e43c9e816a09d0c557300ac845df4ca957afaedb7a5b31a,2,0x2df1c51e09aecf9cacb7bc98cb1742757f163df7,0x9675ad017985bb07dc7ec446c503026833131400,164.0,withdraw,4
475163575,2026-06-19T15:20:25Z,1781882425000,0x93cfd325aecf1a5bc4de57b7f38b5321fa4f89945ff3595417c9ceb6e5a8be0b,4,0x3440f23a87f1950e7a88cd248fd270e92d1132c5,0x2df1c51e09aecf9cacb7bc98cb1742757f163df7,200000.0,deposit,4
475163633,2026-06-19T15:20:40Z,1781882440000,0x420303d0d17c08827afde964e4d12378fb1e84b4f7f0bf1d01ab703c5b3c37af,58,0x2df1c51e09aecf9cacb7bc98cb1742757f163df7,0xffdff1c67375eff5007a304bce4ca9f0c8e9084d,28.03,withdraw,4
475163678,2026-06-19T15:20:51Z,1781882451000,0xbef561ac64029e59fa7afae65ce97972c1bb394ab38927014ba4e5296a689389,3,0xc99432a302b53382fba96a74cba2e8f7dc300ec4,0x2df1c51e09aecf9cacb7bc98cb1742757f163df7,587.838474,deposit,4
475163717,2026-06-19T15:21:01Z,1781882461000,0xf2d623d1d862090c59adbc6ff5ca5645a2c28198522f71b621b68d21c0a273d2,7,0x2df1c51e09aecf9cacb7bc98cb1742757f163df7,0x5d3fe71257254c05113e6c5bc4293b8c601ce703,9.0,withdraw,4
475163818,2026-06-19T15:21:26Z,1781882486000,0x7ab9c4d15a9cfb4ca959fc3de8a0a90abe85738f1cd5ab5de5b10586a4e32ce4,0,0x2df1c51e09aecf9cacb7bc98cb1742757f163df7,0x28f6b2b8a3f589e22bacd70d712e6507ce0e87cb,28.97,withdraw,4
475163916,2026-06-19T15:21:51Z,1781882511000,0x3e2d98ca0424b15bb8df54c6af0e2de7d295252da47e52f20345dc624602d04f,1,0x2df1c51e09aecf9cacb7bc98cb1742757f163df7,0x89d01452ea101f55b2e830e1fb49ea7adf18d7e9,28.97,withdraw,4
475164104,2026-06-19T15:22:38Z,1781882558000,0x2c9e07aff2d0b3dcda50fb5c094d3f2b2efe7f8a8892ea85e68fcaf4e397e6e1,0,0xaea713222e2c666cf230d84fcd428b151e6d3373,0x2df1c51e09aecf9cacb7bc98cb1742757f163df7,19963.001762,deposit,4
475164248,2026-06-19T15:23:14Z,1781882594000,0x4d5c56029b9f2ea5e648733376d16bc41df95317bcb0ba41ba48d1f524103dab,0,0x2df1c51e09aecf9cacb7bc98cb1742757f163df7,0xa03220817ba26926de587000cbb552a1cb58069a,7.38,withdraw,4
475164249,2026-06-19T15:23:14Z,1781882594000,0x59648e5557d050bd3fa47c58c482bc47b82d87d2d5d1a81085179f73938c9356,1,0x9ce58158d8f1d253a863f27e16db1617279fe804,0x2df1c51e09aecf9cacb7bc98cb1742757f163df7,2956.8,deposit,4
475164295,2026-06-19T15:23:26Z,1781882606000,0x80bcdf7248bf261f545d8ed979074cb2d345aff56a53bda369cd1caa49af9dd0,1,0xe84dbf50af55807618e01d291669cffcfb8e5280,0x2df1c51e09aecf9cacb7bc98cb1742757f163df7,600.0,deposit,4
475164381,2026-06-19T15:23:47Z,1781882627000,0x0cfb09a5e4359d483ea5531921abbae240687413bd6dd363d0dad685a572ec17,0,0x4aada58e425bb36c8cb39cd4e3ebf8571b76b2b5,0x2df1c51e09aecf9cacb7bc98cb1742757f163df7,3181.998394,deposit,4
475164443,2026-06-19T15:24:03Z,1781882643000,0x44a1dd7f1c3fe3af9eb1b0cea7fd8e53fe11705c17ac2e6d630aef64ab0da2d7,4,0x428babced19064beece58b8a252e3f17aac2a817,0x2df1c51e09aecf9cacb7bc98cb1742757f163df7,499999.8,deposit,4
475164478,2026-06-19T15:24:12Z,1781882652000,0xa414fb6e6250b30e593a1a13b70374dc74b83e9bcb9639904a05c2f5a1a78cb0,3,0x231e59148158099dac27a956519eadeed36e68e1,0x2df1c51e09aecf9cacb7bc98cb1742757f163df7,20.0,deposit,4
475164872,2026-06-19T15:25:50Z,1781882750000,0xbc0da91f59abeb440fe53b148bb679c2603ffc767766cd5f5ab57970514cf6fe,7,0x2df1c51e09aecf9cacb7bc98cb1742757f163df7,0xeecce21aeb42bba3fb4f3697cc07750d4953173e,2749.0,withdraw,4
475164889,2026-06-19T15:25:54Z,1781882754000,0xf92a7d78818e53df1af688d18032c0229d54664831ebb63b7b61333cb62b0c6d,1,0xf08f2cc8a798f68e18bf3f1bdf8f6ebc5f1a6777,0x2df1c51e09aecf9cacb7bc98cb1742757f163df7,5.5,deposit,4
475164924,2026-06-19T15:26:03Z,1781882763000,0xa08c8b4c3a10265396126391dca0147dea9dae4620e91dee63d64529c024f296,5,0x3c6098a667f4fc872b3684d76cb99d3e252e1a78,0x2df1c51e09aecf9cacb7bc98cb1742757f163df7,49999.8,deposit,4
475164949,2026-06-19T15:26:09Z,1781882769000,0xb546d4d06ba50aaeeb19a170e7e4d7368a53526c683aa75ae6af9a19b83a503f,12,0x2df1c51e09aecf9cacb7bc98cb1742757f163df7,0x4d8d222cd0a10845a2fdc21a994babddee981ca6,34.46,withdraw,4
475165054,2026-06-19T15:26:36Z,1781882796000,0xce3ed972e64b209fc9227f4cfa16c90fcf1c81444c69b2fdaf0354a54ebd634a,5,0x2df1c51e09aecf9cacb7bc98cb1742757f163df7,0xc36ae8179eb3c562de83b3caa94c73dbf0f76229,34.45,withdraw,4
475165162,2026-06-19T15:27:03Z,1781882823000,0xc8af2b4786434f36bdccd7167b589b3febfddb2fdf4ddded8c6a1a800dba094e,0,0x2df1c51e09aecf9cacb7bc98cb1742757f163df7,0x6a9954ee7b165312a8df3c9059078ef1761d5585,157275.41,withdraw,4
475165210,2026-06-19T15:27:15Z,1781882835000,0xf539f9900667bd4d995bfc2e76fc18e2db204aa08cf5ea9386a23f46ffdbbbed,2,0xc0c57683c440beb090a756092eb42da5a231e215,0x2df1c51e09aecf9cacb7bc98cb1742757f163df7,14.989825,deposit,4
475165218,2026-06-19T15:27:17Z,1781882837000,0xdc00b6b58a801737196d3f8bbf1734f7bbea183da658f4756371b2b76dce100c,1,0x367ae8c26d3de474fe4f27fbec8e1eaa87d52262,0x2df1c51e09aecf9cacb7bc98cb1742757f163df7,372.6467,deposit,4
475165290,2026-06-19T15:27:35Z,1781882855000,0x4c0a34d43ecb448780f5595f79e4eda08f37d8740b51ec5d0dd6c9e2b38eaedb,1,0xb5862cdd8509b44f002e5ac3958f573f4186f3e8,0x2df1c51e09aecf9cacb7bc98cb1742757f163df7,20000.0,deposit,4
475165355,2026-06-19T15:27:51Z,1781882871000,0xe267c30a666deaade75078d2eaa18744fd16e44c20aa435b61a3ea2324c95cf2,0,0x2df1c51e09aecf9cacb7bc98cb1742757f163df7,0x5f07e7e346b24e2adb43c978a179ee3adcd6b8d9,34.5,withdraw,4
475165355,2026-06-19T15:27:51Z,1781882871000,0xe267c30a666deaade75078d2eaa18744fd16e44c20aa435b61a3ea2324c95cf2,2,0x2df1c51e09aecf9cacb7bc98cb1742757f163df7,0xb7a5f314f4390d456efae76045a6c81ffba6952e,184426.57602,withdraw,4
475165417,2026-06-19T15:28:07Z,1781882887000,0xfe1434102072cf96350d766f076ecca38702c1d6c73013ad13220e6c431dd295,1,0xb5b45e997c5a0622296547ae6cacbcb240e63a4d,0x2df1c51e09aecf9cacb7bc98cb1742757f163df7,11699.9957,deposit,4
475165478,2026-06-19T15:28:22Z,1781882902000,0x585b774271433bfab4d105cb7829f6424791b6e8bf80fe8b3240a5408ce47565,1,0xf4b1fa0f183080900e0b0dcbf9002b742f08cf2f,0x2df1c51e09aecf9cacb7bc98cb1742757f163df7,3871.8404,deposit,4
475165528,2026-06-19T15:28:34Z,1781882914000,0x0f13a55f6d97a3dac00445eb9ef9cfaf7a2254a6bfc5ff71f29cbda37c1343c3,10,0x2df1c51e09aecf9cacb7bc98cb1742757f163df7,0x699cfb17c31c46e90d28a62783b8ed81fe6aee27,34.46,withdraw,4
475165607,2026-06-19T15:28:54Z,1781882934000,0x30e2a3151a6a355d1bf40c9f751bf43e1977e443877e60dc23bc6784eec92496,9,0x2df1c51e09aecf9cacb7bc98cb1742757f163df7,0x8c8534b7cef0756bb8c894a445b898e10191f2a8,2609.380527,withdraw,4
475165607,2026-06-19T15:28:54Z,1781882934000,0x30e2a3151a6a355d1bf40c9f751bf43e1977e443877e60dc23bc6784eec92496,11,0x2df1c51e09aecf9cacb7bc98cb1742757f163df7,0x21bdb91661a4472ff0d3871c300d4120a886ad9b,28.69,withdraw,4
475165712,2026-06-19T15:29:21Z,1781882961000,0xb5da506cf78ae8e56b3a61839ed068f09b3a308e0d9ba94b4e81f6881001b8a1,1,0x2df1c51e09aecf9cacb7bc98cb1742757f163df7,0x835ca37010f7fa6feba77c037c6f198ad0a0b3c9,28.03,withdraw,4
475165712,2026-06-19T15:29:21Z,1781882961000,0xb5da506cf78ae8e56b3a61839ed068f09b3a308e0d9ba94b4e81f6881001b8a1,3,0x2df1c51e09aecf9cacb7bc98cb1742757f163df7,0x1992f759814739a910e9aa758a9e8438fcde59e2,29.24,withdraw,4
475165712,2026-06-19T15:29:21Z,1781882961000,0xb5da506cf78ae8e56b3a61839ed068f09b3a308e0d9ba94b4e81f6881001b8a1,5,0x2df1c51e09aecf9cacb7bc98cb1742757f163df7,0xaf085cfccc15e596640c3b007b74f677bdcf87be,34.52,withdraw,4
475165818,2026-06-19T15:29:47Z,1781882987000,0x111683f3b0165e5cef2f753caf11fa9110324663d63e399728662e08b486b4e9,0,0x82221aff44bf9363532bcdae45ff09431b37630c,0x2df1c51e09aecf9cacb7bc98cb1742757f163df7,20.0,deposit,4
475165914,2026-06-19T15:30:12Z,1781883012000,0x1727310dba4468d83c458143d65b6a6549e746d13639d08248014aea0938c3c7,8,0x2df1c51e09aecf9cacb7bc98cb1742757f163df7,0x21f782d5ca010617ca9b367181f378bc9bd933d5,34.48,withdraw,4
475166021,2026-06-19T15:30:38Z,1781883038000,0x791a1b36b80ed9cbafc93997660e3c84cfa06f8e2047fc3c27e9e6fbbb16e55f,2,0x2df1c51e09aecf9cacb7bc98cb1742757f163df7,0xdb726e8d06f19801e9aa8dc8fa4700f66ab2e57e,34.45,withdraw,4
475166182,2026-06-19T15:31:19Z,1781883079000,0x2ec0296f9753b35aa9a137bfb8e46b76916e83383963507a91562322c5e786ec,1,0xa882c160384882483daab45a7ddbb25981eb0152,0x2df1c51e09aecf9cacb7bc98cb1742757f163df7,205.385,deposit,4
475166188,2026-06-19T15:31:20Z,1781883080000,0x2f4460e34b9422dfd8b7b394ad7b50578b24f9c579cb654e51c4eaccd85368a0,1,0x6408faecaf9681705e1493bdfe535f98b8765a2e,0x2df1c51e09aecf9cacb7bc98cb1742757f163df7,99.0,deposit,4
475166197,2026-06-19T15:31:22Z,1781883082000,0xf979592aa06d3eb4cfede81a630ca1dd7a3b05b662f4b9d96481d59ff3cedcfb,3,0x2df1c51e09aecf9cacb7bc98cb1742757f163df7,0x2f07813e7c89fbff20ad55b70579b58ee0e26890,34.46,withdraw,4
475166271,2026-06-19T15:31:41Z,1781883101000,0xf13cff8336bb577dfa1a143d9c4fdc47d9b235587289ec841e0e242bfdf17e77,0,0xa18d335c16333ecaff3ff31cbf6b022cec64c8c5,0x2df1c51e09aecf9cacb7bc98cb1742757f163df7,199.010194,deposit,4
475166274,2026-06-19T15:31:42Z,1781883102000,0xf6450d77dcc5dd521105a183c37f389fc6723cfe7150b0272e3e82303ff3c91c,13,0x2df1c51e09aecf9cacb7bc98cb1742757f163df7,0x7a0ca79f6bfac648e4c1eb76e1559749fbcc27f3,4173.998537,withdraw,4
475166356,2026-06-19T15:32:02Z,1781883122000,0xe70560c66aa46dd1c5fd9bc392e909d387cdb7025543aab74896e1d7291dc7cf,0,0x2df1c51e09aecf9cacb7bc98cb1742757f163df7,0x40ec06c075646fa94fef4ff256b191ee72057ec5,34.52,withdraw,4
475166548,2026-06-19T15:32:50Z,1781883170000,0x496ec37a264781b37e5867640f284268c45becf6e787bd717baebb97fe8ca567,4,0x2df1c51e09aecf9cacb7bc98cb1742757f163df7,0xd27bf0339f50403371216081d5f412b5cec57dc8,34.48,withdraw,4
475166783,2026-06-19T15:33:49Z,1781883229000,0x27c8e1d52a25932bed22d805eeb1d812562b9c389df7f2cdf77eee829e84124c,4,0x2df1c51e09aecf9cacb7bc98cb1742757f163df7,0x5d3ca8cefd7c8c39d0fd0ac6d246868b3a1d3e1a,34.51,withdraw,4
475166783,2026-06-19T15:33:49Z,1781883229000,0x27c8e1d52a25932bed22d805eeb1d812562b9c389df7f2cdf77eee829e84124c,6,0x2df1c51e09aecf9cacb7bc98cb1742757f163df7,0x6be3c8eeaa5083d5af843bccb7c93d1e7a303b39,64.2,withdraw,4
475166946,2026-06-19T15:34:30Z,1781883270000,0x44c5c4d3030bee8bd85c91da61255f09d3329ce121a5fc0b43700c81f0a300b0,1,0x2df1c51e09aecf9cacb7bc98cb1742757f163df7,0x057c272f7d85947fed9392e4312b640617bb8dc0,34.51,withdraw,4
475166946,2026-06-19T15:34:30Z,1781883270000,0x44c5c4d3030bee8bd85c91da61255f09d3329ce121a5fc0b43700c81f0a300b0,3,0x2df1c51e09aecf9cacb7bc98cb1742757f163df7,0x26afe5d250f51f0ab442c799328b39e79291b31c,2.37581,withdraw,4
475167040,2026-06-19T15:34:53Z,1781883293000,0x0296dd260bcc80a842b62ce5704d3e81b75f56306edad260a3a694378f7ebd97,5,0xdd7f12bf31e3dc2867b32fe7503e0612db1c36f8,0x2df1c51e09aecf9cacb7bc98cb1742757f163df7,5000.0,deposit,4
475167048,2026-06-19T15:34:55Z,1781883295000,0x88764866f4e808e947e39a794dd7271121b63a95aabacdc4abd4656d687b2723,0,0x2df1c51e09aecf9cacb7bc98cb1742757f163df7,0x8ff983a81fdc790054c7893e45fb5b6e3187d17a,54.1,withdraw,4
475167101,2026-06-19T15:35:08Z,1781883308000,0xc31cab156f138face0817de73f88daeb6087e62cbabd97f939c297e11da7e8e1,2,0xf032648dfd22c4d81588bd83e09ab89cfe816705,0x2df1c51e09aecf9cacb7bc98cb1742757f163df7,2634.271393,deposit,4
475167597,2026-06-19T15:37:13Z,1781883433000,0xeb5e357e59f8d951977b0de1a3458fddc3b2e192e9aabf73bd56d42f53fa5fec,0,0x2df1c51e09aecf9cacb7bc98cb1742757f163df7,0xb06a7bdf1babc2e3d19aa986a768c2a8b9ff3aaf,9.0,withdraw,4
475167606,2026-06-19T15:37:15Z,1781883435000,0xb1f58a8132ea5a1ec9706b0119cb9402327686be41cca58078c8f7447250e169,21,0xc66c786ee9ffabb2d675a14a1aff277b000d720c,0x2df1c51e09aecf9cacb7bc98cb1742757f163df7,9.9967,deposit,4
475167698,2026-06-19T15:37:38Z,1781883458000,0xe1f7328c5566fb677bff0cfa184c7a089d23ec5b5c9978fc34121ad8c9759c34,2,0x2df1c51e09aecf9cacb7bc98cb1742757f163df7,0x4b2ea94afe5574ff994dbcd691e99961c567e163,9999.0,withdraw,4
475167715,2026-06-19T15:37:42Z,1781883462000,0x6404a5930e36489b60f2ee35b48a1c47a134df909cf1369babf411ce02b497c9,6,0x615570dd8ea8a5a0aa4bc551d924311921cb1c09,0x2df1c51e09aecf9cacb7bc98cb1742757f163df7,235.0,deposit,4
475167811,2026-06-19T15:38:06Z,1781883486000,0x4544c29e46ee1f3ee89e4b9f691eb2e281f16a5bd9e2b4785eb28896b7472a60,1,0xe85b72c05dae981a6f238b7f0c37aba278356812,0x2df1c51e09aecf9cacb7bc98cb1742757f163df7,45.86,deposit,4
475167844,2026-06-19T15:38:13Z,1781883493000,0xfaa7c6f2fe65440f2d9ba5afcf4a6f2fcc9609b9f518fa270b25f25c175d411a,22,0x3c6098a667f4fc872b3684d76cb99d3e252e1a78,0x2df1c51e09aecf9cacb7bc98cb1742757f163df7,49999.8,deposit,4
475167987,2026-06-19T15:38:49Z,1781883529000,0x4ec9a3aa92585c8241b892c0d183238666476907fb5b73f9f7b72bfaef408a19,3,0xc4b2879001501f32bc319546a2da38ea7f5b9736,0x2df1c51e09aecf9cacb7bc98cb1742757f163df7,2313.998422,deposit,4
475168001,2026-06-19T15:38:53Z,1781883533000,0x8ec0df1c67e84dad87fd92ef53bcfe5414f82cab91b18787455f52e3759c212b,1,0x7682f579f3cfe82795daf517b709fa45a4ddcfdb,0x2df1c51e09aecf9cacb7bc98cb1742757f163df7,5.8,deposit,4
475168066,2026-06-19T15:39:09Z,1781883549000,0xbc5636caf4880e3dd08f1faa0a4c89ad42a6645db39828aad0200f6fda1e8ddb,1,0x5dbc94cf486635cb6588b49d38604e5b48cb1cca,0x2df1c51e09aecf9cacb7bc98cb1742757f163df7,49.956431,deposit,4
475168080,2026-06-19T15:39:13Z,1781883553000,0x2df0be701e23c8ec9f871737a766d5296c57fba2c6ef25855e635ff395aef380,0,0x2df1c51e09aecf9cacb7bc98cb1742757f163df7,0xd157b4cf9a1583f962ef10855677d5406341e33e,19.89,withdraw,4
475168114,2026-06-19T15:39:21Z,1781883561000,0xe011b716ea8470712217fccddbc986dad85bafcb640e1918aa458ceaa3753329,10,0x8e3d5e109837c11ddd373d97c9b3e4d716f1423a,0x2df1c51e09aecf9cacb7bc98cb1742757f163df7,49999.8,deposit,4
475168217,2026-06-19T15:39:47Z,1781883587000,0xc3f35ae3c04b1351d872b9d34a5c9ba8b132914fa32519d042993f2c4bd7f5d3,0,0xf13566d6864de3d392a6488fb2658648d6ea7bad,0x2df1c51e09aecf9cacb7bc98cb1742757f163df7,999.752889,deposit,4
475168351,2026-06-19T15:40:21Z,1781883621000,0x17bc42604baf6b56b7f3599b89a7f34390660fd4854fdb24ce35198e43704334,1,0xc66c786ee9ffabb2d675a14a1aff277b000d720c,0x2df1c51e09aecf9cacb7bc98cb1742757f163df7,90.9967,deposit,4
475168421,2026-06-19T15:40:38Z,1781883638000,0x920758a81c6a27ff7dd26f52423385027354381443ab03746ca53e213a4759ce,0,0xfc4b605a3cc50f5aed56e8f9111fd230160cc17c,0x2df1c51e09aecf9cacb7bc98cb1742757f163df7,99.8,deposit,4
475168470,2026-06-19T15:40:51Z,1781883651000,0xff75df1375cbacbbce5012252bd3c8ed841e0ec61a2fb5e046d863b14f59c67b,12,0x8e3d5e109837c11ddd373d97c9b3e4d716f1423a,0x2df1c51e09aecf9cacb7bc98cb1742757f163df7,149999.8,deposit,4
475168597,2026-06-19T15:41:22Z,1781883682000,0x04a3272bec1518115623381dff3e2b14cc668e7dfa2a89c3d22bc3e436233751,9,0x2df1c51e09aecf9cacb7bc98cb1742757f163df7,0xfb7a3d27ba0957daba39fba86bc323aa5266634a,34.41,withdraw,4
475168685,2026-06-19T15:41:44Z,1781883704000,0xff56d64c1e39571443ee1e9228c8ccd132b4868cfe637d4534c6d738135d9642,18,0x454e98e79eb566e9147680d0ab92b3529165f16c,0x2df1c51e09aecf9cacb7bc98cb1742757f163df7,785.998406,deposit,4
475168701,2026-06-19T15:41:48Z,1781883708000,0xbe41cc49eb508e42a9d20e5093cedc70f6312490ad86d849d927ea6b3af9ce21,23,0x2df1c51e09aecf9cacb7bc98cb1742757f163df7,0xfc6f32663d1851aa1dfa4dd4835ccd90e810114c,27.31,withdraw,4
475168701,2026-06-19T15:41:48Z,1781883708000,0xbe41cc49eb508e42a9d20e5093cedc70f6312490ad86d849d927ea6b3af9ce21,25,0x2df1c51e09aecf9cacb7bc98cb1742757f163df7,0xac50debe83f7dbf2144239bcb946a2506b2782da,15.97,withdraw,4
475168826,2026-06-19T15:42:20Z,1781883740000,0xd48384e4f0cff529226599c61c6adac602bb8245148b0880044027f4e91f1746,0,0x90882e7c28ddf0ac1177033a310aeed8eff25e90,0x2df1c51e09aecf9cacb7bc98cb1742757f163df7,62994.8,deposit,4
475168826,2026-06-19T15:42:20Z,1781883740000,0x517a56e428b0dff021efecbd3dfb6526c36f2f58d681adb9ac9e89bd3eff1666,2,0xe2ca93136a2f8b434533093c6aa9b7c5736a86f8,0x2df1c51e09aecf9cacb7bc98cb1742757f163df7,690.99842,deposit,4
475168908,2026-06-19T15:42:40Z,1781883760000,0x00000b0155cf9a75a5756241f9642192de3df3ca30f8ce0c2ede18fc9d62caad,6,0x2df1c51e09aecf9cacb7bc98cb1742757f163df7,0xa8e021cb4527291d08838129be04cbf4fac2b3dd,34.06,withdraw,4
475169028,2026-06-19T15:43:10Z,1781883790000,0xb855857f1f512aebbfbf4c838eae6ffed1a7582814943d3a6aabcccf499018bf,1,0x2df1c51e09aecf9cacb7bc98cb1742757f163df7,0xee845948e6806d12e966137caa07d49bbe632fe3,255999.0,withdraw,4
475169028,2026-06-19T15:43:10Z,1781883790000,0xb855857f1f512aebbfbf4c838eae6ffed1a7582814943d3a6aabcccf499018bf,3,0x2df1c51e09aecf9cacb7bc98cb1742757f163df7,0xfd1804ef264220c26cc7d09162d7c2614f48bb23,15.97,withdraw,4
475169028,2026-06-19T15:43:10Z,1781883790000,0xb855857f1f512aebbfbf4c838eae6ffed1a7582814943d3a6aabcccf499018bf,5,0x2df1c51e09aecf9cacb7bc98cb1742757f163df7,0x03a101901bafa5d179ada227b3fc2c3cec4ce000,37566.720562,withdraw,4
475169028,2026-06-19T15:43:10Z,1781883790000,0xb855857f1f512aebbfbf4c838eae6ffed1a7582814943d3a6aabcccf499018bf,7,0x2df1c51e09aecf9cacb7bc98cb1742757f163df7,0x9c3d2d5d354bb9b029ff449a99c60ee99ce6d5b0,199.0,withdraw,4
475169111,2026-06-19T15:43:31Z,1781883811000,0x50a108fc0d441a54891e13d981808369c6cdda386c1ff309c7fbe4a09125b111,96,0x2df1c51e09aecf9cacb7bc98cb1742757f163df7,0x240a05e0c715d274557e57fb0e68baf21bbe1414,59.98,withdraw,4
475169111,2026-06-19T15:43:31Z,1781883811000,0x50a108fc0d441a54891e13d981808369c6cdda386c1ff309c7fbe4a09125b111,98,0x2df1c51e09aecf9cacb7bc98cb1742757f163df7,0xa6530dda5634f1b8f165cb701e13fac0fafb68b6,34.25,withdraw,4
475169281,2026-06-19T15:44:14Z,1781883854000,0x54d25f36f7481f37419ddac7d17e0eb1f132550b88eaa32e50d00d89e75d87ae,6,0x6ae55b643757d69e0f69fc767b12a39d4233edb7,0x2df1c51e09aecf9cacb7bc98cb1742757f163df7,2959.8,deposit,4
475169306,2026-06-19T15:44:20Z,1781883860000,0xc68382f7bbe72fc46d9fd42d70165dab56a19d99145809c94f693bf279156f3a,0,0x2df1c51e09aecf9cacb7bc98cb1742757f163df7,0xa84ebece0f105f435a641bb87f93f8e3f18aca6b,34.96,withdraw,4
475169460,2026-06-19T15:44:58Z,1781883898000,0xc3e242f7a37260b5ef0f81ad5fe89d4333bcb50991c7f9f1a19e1b64294468f2,21,0x916b1e46c64ab5140793eec70e1aaaf7583ca823,0x2df1c51e09aecf9cacb7bc98cb1742757f163df7,24.826661,deposit,4
475169479,2026-06-19T15:45:03Z,1781883903000,0xa42cc7f57e4e59cf45f054152c1b3874dc4b7a88be19254bdd983e95e12f6530,2,0xf032648dfd22c4d81588bd83e09ab89cfe816705,0x2df1c51e09aecf9cacb7bc98cb1742757f163df7,29.586829,deposit,4
475169629,2026-06-19T15:45:41Z,1781883941000,0xab488da018052544ccffc50b7b973ad89c5a02450287ad2ba2bf3f8a3486053e,25,0xaff77233a709b4a915ef07aa12e2e248e87f7bad,0x2df1c51e09aecf9cacb7bc98cb1742757f163df7,6261.719828,deposit,4
475169679,2026-06-19T15:45:53Z,1781883953000,0x6f75075c04f9721262c0e9601402dd3f3d9a2632053d8252c1a0f44d30f105e1,13,0x2df1c51e09aecf9cacb7bc98cb1742757f163df7,0x7137a2eb20d1bc01133bd23b9854eab71ac9c086,39.81,withdraw,4
475169679,2026-06-19T15:45:53Z,1781883953000,0x6f75075c04f9721262c0e9601402dd3f3d9a2632053d8252c1a0f44d30f105e1,15,0x2df1c51e09aecf9cacb7bc98cb1742757f163df7,0x1c4f160312b98455934a937e9cd59980aa4eb76a,34.89,withdraw,4
475169775,2026-06-19T15:46:17Z,1781883977000,0x729e3341105ddf7535e7b4e1b030264f7906a6e574655f2aabff4c8394be62e0,2,0x009d8a85643256dac34626b8695d0b0991718300,0x2df1c51e09aecf9cacb7bc98cb1742757f163df7,20.0,deposit,4
475169798,2026-06-19T15:46:23Z,1781883983000,0x020ede960ae4d827b06ac982feed93a81d3d3974f883d25bc050f160069912e7,4,0x2df1c51e09aecf9cacb7bc98cb1742757f163df7,0xe8e3dc9bd87f9b948badf16b4c164ff2284b8a20,584.77,withdraw,4
475169798,2026-06-19T15:46:23Z,1781883983000,0x020ede960ae4d827b06ac982feed93a81d3d3974f883d25bc050f160069912e7,6,0x2df1c51e09aecf9cacb7bc98cb1742757f163df7,0x2001bdfe322f34c913c42e110957b5cd1d72dfda,142062.75,withdraw,4
475169882,2026-06-19T15:46:44Z,1781884004000,0x42f706bc0dbe321a9d6632711848e8c12b3bd48ece27902c04698f0f77802540,0,0x2df1c51e09aecf9cacb7bc98cb1742757f163df7,0xf5d3f4e208df31b2408b398faa6eeeea89d32a45,9.26,withdraw,4
475169970,2026-06-19T15:47:06Z,1781884026000,0x269c8075b25565e48ad7c08795cafc118ffa964e7b29a53ddb5dd302c30e148d,0,0x2df1c51e09aecf9cacb7bc98cb1742757f163df7,0x3e9138dde568ce0dc39e07d35612159899ba796d,4.0,withdraw,4
475169998,2026-06-19T15:47:13Z,1781884033000,0xf2156e06a9df878ee37749bf67546d879fa99493e3574d7892ad6bb2c35c36f4,18,0x7d03f31fb92bf90d7e12854410162171819204a8,0x2df1c51e09aecf9cacb7bc98cb1742757f163df7,5.0267,deposit,4
475170007,2026-06-19T15:47:16Z,1781884036000,0x31a728c8fac7fed64c91a1ac66cd140c6415fcc5cd940b83df2c12cca6fbb549,1,0x4810f61d8e849cc51bff61a7587bd9dffca4b666,0x2df1c51e09aecf9cacb7bc98cb1742757f163df7,1061.998439,deposit,4
475170013,2026-06-19T15:47:17Z,1781884037000,0xaf8180a6ff34dc490404f6aa6b3d3c4e181a2e1ef0a6a3ad86693d8a87f4068f,0,0x299717bbc59860f056442e40deb4b84f05f8be62,0x2df1c51e09aecf9cacb7bc98cb1742757f163df7,526.998439,deposit,4
475170032,2026-06-19T15:47:22Z,1781884042000,0x7bff7487b22f906b98b858451a689437950ef348d33e2a4f18b54a275f40f62b,4,0x7d0f5947e099cc6cfd54a99c18aeaa9fae38b75f,0x2df1c51e09aecf9cacb7bc98cb1742757f163df7,10.0,deposit,4
475170070,2026-06-19T15:47:31Z,1781884051000,0x8ae00a3b169ed2ad0aab7d1622cf603bc035b4985b64fa9177c9b986885fca9d,2,0x2df1c51e09aecf9cacb7bc98cb1742757f163df7,0x8fc41bee856d85c2781bb1716d9ef78549e34d43,13.6,withdraw,4
475170166,2026-06-19T15:47:55Z,1781884075000,0x4c0d2a96f81eef969da34aa8f4d4eb0fae55e038405dfb2f508c4ddc4a3659a2,0,0x2df1c51e09aecf9cacb7bc98cb1742757f163df7,0x0fc9a38de382961c0221bb9a49a30d59b5d40720,5.87,withdraw,4
475170166,2026-06-19T15:47:55Z,1781884075000,0x4c0d2a96f81eef969da34aa8f4d4eb0fae55e038405dfb2f508c4ddc4a3659a2,2,0x2df1c51e09aecf9cacb7bc98cb1742757f163df7,0xe4f152c240eebf2da3e3ec86d96a5a4090f56bb9,21.76,withdraw,4
475170297,2026-06-19T15:48:28Z,1781884108000,0xec5a132fb6c7e9650b32936ace31a356d71994aa2effd62855a5b1464f4610bd,2,0x82f0e02045cf416b9358686cb089ab7814863bf5,0x2df1c51e09aecf9cacb7bc98cb1742757f163df7,497.680522,deposit,4
475170350,2026-06-19T15:48:42Z,1781884122000,0xd8ebd85f7e28f34d1258d30de4c6a9de245c71ad5a23564d8603e63f14ea97f3,5,0x2df1c51e09aecf9cacb7bc98cb1742757f163df7,0x9798d0b0b9e0ef66c19d09a01de755717fa703de,11.22,withdraw,4
475170350,2026-06-19T15:48:42Z,1781884122000,0xd8ebd85f7e28f34d1258d30de4c6a9de245c71ad5a23564d8603e63f14ea97f3,7,0x2df1c51e09aecf9cacb7bc98cb1742757f163df7,0x220932908d91bf859a2cff2f9625111e9abd66b7,528.838263,withdraw,4
475170527,2026-06-19T15:49:26Z,1781884166000,0x9d1e874d82123054ecb063da9a728a144807d874f5d3f0f1409bd8a900228ff6,7,0x7a7078a8b98c284c8288466d50626ab2e0adb2af,0x2df1c51e09aecf9cacb7bc98cb1742757f163df7,55.907573,deposit,4
475170572,2026-06-19T15:49:37Z,1781884177000,0x51b6f804c983500337a6ce39120194c10b6d59314724195ce4e14cbfa903afd6,1,0x2df1c51e09aecf9cacb7bc98cb1742757f163df7,0x54e0f6b227b10d9e202d881e91a8679765148e58,39.3,withdraw,4
475170572,2026-06-19T15:49:37Z,1781884177000,0x51b6f804c983500337a6ce39120194c10b6d59314724195ce4e14cbfa903afd6,3,0x2df1c51e09aecf9cacb7bc98cb1742757f163df7,0xaec601c7312d63610c6ce0facfd3b1498fd4fe9f,8846.998513,withdraw,4
475170572,2026-06-19T15:49:37Z,1781884177000,0x51b6f804c983500337a6ce39120194c10b6d59314724195ce4e14cbfa903afd6,5,0x2df1c51e09aecf9cacb7bc98cb1742757f163df7,0xc7041ae8ff2edc2547013b17ec021f8142594b37,13879.998559,withdraw,4
475170572,2026-06-19T15:49:37Z,1781884177000,0x51b6f804c983500337a6ce39120194c10b6d59314724195ce4e14cbfa903afd6,7,0x2df1c51e09aecf9cacb7bc98cb1742757f163df7,0xecd765704bb7134506beec3cfdddc2852c46007b,34.69,withdraw,4
475170649,2026-06-19T15:49:57Z,1781884197000,0xfebf2e401e164ab0e761daeacb4470d33097d7d7b3a13e399cbd6788ef4703f5,0,0x2df1c51e09aecf9cacb7bc98cb1742757f163df7,0x3cff58bb441b505e5fcc83a45c9e6bb58a841a6d,28.97,withdraw,4
475170745,2026-06-19T15:50:21Z,1781884221000,0xef42a9b48c8a27874b89353a5f3b7ce961d356c09ae6572ae8547e4e8c90e45d,7,0x2df1c51e09aecf9cacb7bc98cb1742757f163df7,0x326555b73d31fccfac13ee189ff5d94f4acfb9c1,34.64,withdraw,4
475170745,2026-06-19T15:50:21Z,1781884221000,0xef42a9b48c8a27874b89353a5f3b7ce961d356c09ae6572ae8547e4e8c90e45d,9,0x2df1c51e09aecf9cacb7bc98cb1742757f163df7,0x36942965c2cd1b62248fc430d793a3d744e41d99,9.24,withdraw,4
475170948,2026-06-19T15:51:11Z,1781884271000,0x82ffc9995a0116b9fc62641b7c30836f96974e8d0f4546dd1884c7d4d42bc0d8,2,0x2df1c51e09aecf9cacb7bc98cb1742757f163df7,0xf74993b0aec6abe6262d8f4dec43dcb8ffffa3a1,34.28,withdraw,4
475170962,2026-06-19T15:51:15Z,1781884275000,0xd525be551bd1e6c82a4ceeeddabd35245ddab3f40535d58cbb4e505971479375,1,0x7d0f5947e099cc6cfd54a99c18aeaa9fae38b75f,0x2df1c51e09aecf9cacb7bc98cb1742757f163df7,364.69304,deposit,4
475171069,2026-06-19T15:51:41Z,1781884301000,0xd7683faf6cb44eb4c171ba26b364f078f726f07cc547dcdaf2b342d5cd540a0d,4,0x2df1c51e09aecf9cacb7bc98cb1742757f163df7,0xa6dd4874f3d23d0856be4dba23732fa64220dd63,32.51,withdraw,4
475171332,2026-06-19T15:52:47Z,1781884367000,0xc6b18a3967fdfe4c55e562384ab1272689075971285ce611ba4506c207fdaab0,24,0x2df1c51e09aecf9cacb7bc98cb1742757f163df7,0x4e32a4a27eaf04102bec42b29f55080a290f75ca,128.4,withdraw,4
475171332,2026-06-19T15:52:47Z,1781884367000,0xc6b18a3967fdfe4c55e562384ab1272689075971285ce611ba4506c207fdaab0,26,0x2df1c51e09aecf9cacb7bc98cb1742757f163df7,0x695fac1794ab36a6ffc6608e478d91ef8f96f7e9,32.14,withdraw,4
475171539,2026-06-19T15:53:39Z,1781884419000,0x2031399a79ebc5cd55e2d0bd21415fc1af6591994396e81af4ab21c294dfec19,7,0x2df1c51e09aecf9cacb7bc98cb1742757f163df7,0x15adc3e5b7d5add54ddaeb1e3bd81b12bd9d903b,32.49,withdraw,4
475171539,2026-06-19T15:53:39Z,1781884419000,0x2031399a79ebc5cd55e2d0bd21415fc1af6591994396e81af4ab21c294dfec19,9,0x2df1c51e09aecf9cacb7bc98cb1742757f163df7,0x075757c32215efd6f010b60a3770452399961073,29.31,withdraw,4
475171707,2026-06-19T15:54:21Z,1781884461000,0xaaa75808c94d1a7340c86eb9400ba2b6b99f4d1062be4fc592ed40ec3dca961e,1,0x2df1c51e09aecf9cacb7bc98cb1742757f163df7,0x8ff983a81fdc790054c7893e45fb5b6e3187d17a,20.49,withdraw,4
475171707,2026-06-19T15:54:21Z,1781884461000,0xaaa75808c94d1a7340c86eb9400ba2b6b99f4d1062be4fc592ed40ec3dca961e,3,0x2df1c51e09aecf9cacb7bc98cb1742757f163df7,0xb31356eb32928f69093597bc47a24ccafd1b8ba4,167.83,withdraw,4
475171815,2026-06-19T15:54:48Z,1781884488000,0x996ad1b2bd02e52d02312656b81d85b0b4959c7b6918487c7f7f4b983ee1a187,1,0x2df1c51e09aecf9cacb7bc98cb1742757f163df7,0x7682f579f3cfe82795daf517b709fa45a4ddcfdb,4.713166,withdraw,4
475171815,2026-06-19T15:54:48Z,1781884488000,0x996ad1b2bd02e52d02312656b81d85b0b4959c7b6918487c7f7f4b983ee1a187,3,0x2df1c51e09aecf9cacb7bc98cb1742757f163df7,0x15adc3e5b7d5add54ddaeb1e3bd81b12bd9d903b,32.63,withdraw,4
475171899,2026-06-19T15:55:10Z,1781884510000,0x393f4a60b17a62c6d00337bc5266f231c0656e88f7324fcc57e5aa9c9021d1de,13,0x2df1c51e09aecf9cacb7bc98cb1742757f163df7,0x68c6cb353746047263ad506bd643e869557cea85,33.84,withdraw,4
475172119,2026-06-19T15:56:05Z,1781884565000,0x66f2f02a88e986657db8de0bfb0e2570c208e601d897f32118e57f506808d65c,0,0x2df1c51e09aecf9cacb7bc98cb1742757f163df7,0xbb064803d26c50dda735b443f2dcc1a7d60d3a9a,156911.54,withdraw,4
475172409,2026-06-19T15:57:18Z,1781884638000,0x863b32b92e6634014e084b7be7b4fa466712b852f2ebc7a599883f2d61c75d14,0,0x2df1c51e09aecf9cacb7bc98cb1742757f163df7,0xe9ce239b62ae133d8f5a70f2bc0f341644449693,32.62,withdraw,4
475172540,2026-06-19T15:57:50Z,1781884670000,0x061ae3a0d9cabe22d1ff925e54b4c21e7e6df6d1b266114d716d20ae7cb67b0a,4,0x2df1c51e09aecf9cacb7bc98cb1742757f163df7,0x988f0a7b1cf427ab08e7aa661844b109dff74ea1,16.03,withdraw,4
475172540,2026-06-19T15:57:50Z,1781884670000,0x061ae3a0d9cabe22d1ff925e54b4c21e7e6df6d1b266114d716d20ae7cb67b0a,6,0x2df1c51e09aecf9cacb7bc98cb1742757f163df7,0x129b4a9a98c9bae493dd5c556a8a0201fcc69a7f,32.38,withdraw,4
475172567,2026-06-19T15:57:57Z,1781884677000,0xf55a5e2044312d7211f315b219d151a11ceb14a8e840d2776cb174b27b0928b6,22,0x31ce0c10f59945da0fdda38d368cd5986bb85161,0x2df1c51e09aecf9cacb7bc98cb1742757f163df7,54.91189,deposit,4
475172738,2026-06-19T15:58:40Z,1781884720000,0x9204b8f622d7efa07de9570c48f3970fd6050c3429f3812c2026f1bb5ad58498,0,0x2df1c51e09aecf9cacb7bc98cb1742757f163df7,0xa57a45f21f2a7eee8efdfc82d4c16dd4f892e497,31.8,withdraw,4
475172738,2026-06-19T15:58:40Z,1781884720000,0x9204b8f622d7efa07de9570c48f3970fd6050c3429f3812c2026f1bb5ad58498,2,0x2df1c51e09aecf9cacb7bc98cb1742757f163df7,0x9e97b9ac1622cf67fee9f6acc565c293cf48c4e8,11.56,withdraw,4
475172848,2026-06-19T15:59:08Z,1781884748000,0x3ccbc9f060e0570b1aff5e8a4711e710acfcfe7d422e2ecdc291e55aa59aa857,61,0x2df1c51e09aecf9cacb7bc98cb1742757f163df7,0x5c9bf45157304cca914a8f45cfeb36d1a4d98c13,28.97,withdraw,4
475172925,2026-06-19T15:59:27Z,1781884767000,0xbe05248cbc2d7c4c4280ded31de1b57db12c4d86216b2c325625b2a45345a299,33,0x2df1c51e09aecf9cacb7bc98cb1742757f163df7,0xf72975ed597eedf100cf9dee707eb060abd83295,32.19,withdraw,4
475173131,2026-06-19T16:00:18Z,1781884818000,0x5bc986bb9e426e96683d4d75dad12cffda4252d31abfa5f259db80d7aba649aa,1,0x394bd3234141d3b43dc2424a4a057333e73c5365,0x2df1c51e09aecf9cacb7bc98cb1742757f163df7,6607.086293,deposit,4
475173137,2026-06-19T16:00:20Z,1781884820000,0x7193d724c05b028ee4c95645a924c8288bdde3d9126723446bcdcac6ebdc8fa7,1,0x1d907b9a91f02b7da9ad1aefb898b95cf78d9834,0x2df1c51e09aecf9cacb7bc98cb1742757f163df7,45.00639,deposit,4
475173147,2026-06-19T16:00:22Z,1781884822000,0xd6667ed588b76115d7f4eae94e6357ecf3bbc19b883b220073b20d1a781d4d2b,3,0x2df1c51e09aecf9cacb7bc98cb1742757f163df7,0x653cd1d306234208a4fb7c73bc68370951286e37,32.3,withdraw,4
475173147,2026-06-19T16:00:22Z,1781884822000,0xd6667ed588b76115d7f4eae94e6357ecf3bbc19b883b220073b20d1a781d4d2b,5,0x2df1c51e09aecf9cacb7bc98cb1742757f163df7,0x95d87e5130da4b577dc2ad8c3d16a519a62083fe,1.0,withdraw,4
475173251,2026-06-19T16:00:49Z,1781884849000,0x4f35a74f8aea968b42aa76d99438682f4ab3dccf234fd36d1970f3a3abcf00c1,1,0xcf329ac74c16b1c21f68faaf43c46c4df21fccdc,0x2df1c51e09aecf9cacb7bc98cb1742757f163df7,10.436997,deposit,4
475173438,2026-06-19T16:01:35Z,1781884895000,0x974b9f9f803b6a48b5d1082d1ac7607e02bc5b206563c0e6164443ab13b7d904,3,0x2df1c51e09aecf9cacb7bc98cb1742757f163df7,0x1fcf4a93a78bc21ea59a5e2d032232e47ef90dde,44.86,withdraw,4
475173438,2026-06-19T16:01:35Z,1781884895000,0x974b9f9f803b6a48b5d1082d1ac7607e02bc5b206563c0e6164443ab13b7d904,5,0x2df1c51e09aecf9cacb7bc98cb1742757f163df7,0xc6199fbb576aef9d3b5bbb01b2f1a91bfb2b6770,32.34,withdraw,4
475173543,2026-06-19T16:02:02Z,1781884922000,0xdb232ded80ffed4e1a1dfa13a3f5dba4c248471ee2522958dc73ff52b2c40086,5,0x31762d1b607c669bc2be142923aef45462e1374c,0x2df1c51e09aecf9cacb7bc98cb1742757f163df7,99.594785,deposit,4
475173620,2026-06-19T16:02:21Z,1781884941000,0xcad9bcda0a3f2b1c3044b25c59dd38f33f3eaf9c499170a95dac6348360e7b59,0,0x2df1c51e09aecf9cacb7bc98cb1742757f163df7,0xbe497834ba9c0b0af8b542bfdcb2cdbb63e48387,53.7,withdraw,4
475173620,2026-06-19T16:02:21Z,1781884941000,0xcad9bcda0a3f2b1c3044b25c59dd38f33f3eaf9c499170a95dac6348360e7b59,2,0x2df1c51e09aecf9cacb7bc98cb1742757f163df7,0xa2b18042d902276389217b482a9b08a994037db4,48.45,withdraw,4
475173620,2026-06-19T16:02:21Z,1781884941000,0xcad9bcda0a3f2b1c3044b25c59dd38f33f3eaf9c499170a95dac6348360e7b59,4,0x2df1c51e09aecf9cacb7bc98cb1742757f163df7,0xbaa3a45f9532617d5d0cb00597097806e3f780cb,8.39,withdraw,4
475173800,2026-06-19T16:03:06Z,1781884986000,0x96344aa02494159b5c4bf60de9da7072edfbcf119903017235af44fd8c7103ba,1,0x0be3745e90b82eabee8b6deaf90db87cd105b746,0x2df1c51e09aecf9cacb7bc98cb1742757f163df7,10.974645,deposit,4
475173945,2026-06-19T16:03:43Z,1781885023000,0x5f9e378c43f8320e2b6b5aa4745939acc8b5c332843cb76d01d4a9317dbcf980,0,0x2df1c51e09aecf9cacb7bc98cb1742757f163df7,0xbc7b0ebfbe3c626b4a91e0ad57c920cdb90b20bc,21.25375,withdraw,4
475173945,2026-06-19T16:03:43Z,1781885023000,0x5f9e378c43f8320e2b6b5aa4745939acc8b5c332843cb76d01d4a9317dbcf980,2,0x2df1c51e09aecf9cacb7bc98cb1742757f163df7,0xd19d1d6e89624254ab6e5f8d2f1ab289214c4927,19.785591,withdraw,4
475173945,2026-06-19T16:03:43Z,1781885023000,0x5f9e378c43f8320e2b6b5aa4745939acc8b5c332843cb76d01d4a9317dbcf980,4,0x2df1c51e09aecf9cacb7bc98cb1742757f163df7,0x9008e206328c20206dbe9881ae49bb235fe9c329,1387.42,withdraw,4
475173945,2026-06-19T16:03:43Z,1781885023000,0x5f9e378c43f8320e2b6b5aa4745939acc8b5c332843cb76d01d4a9317dbcf980,6,0x2df1c51e09aecf9cacb7bc98cb1742757f163df7,0xa3606be2b90e0e8221c9bc8fe95823da0c9100ae,0.1,withdraw,4
475173945,2026-06-19T16:03:43Z,1781885023000,0x5f9e378c43f8320e2b6b5aa4745939acc8b5c332843cb76d01d4a9317dbcf980,8,0x2df1c51e09aecf9cacb7bc98cb1742757f163df7,0x536319cb4280b5f6f5afc517ee84f961340855c3,53.7,withdraw,4
475173945,2026-06-19T16:03:43Z,1781885023000,0x5f9e378c43f8320e2b6b5aa4745939acc8b5c332843cb76d01d4a9317dbcf980,10,0x2df1c51e09aecf9cacb7bc98cb1742757f163df7,0xd8b1fd0e1838aef84bb7273e9db1de2bb820def0,7.969182,withdraw,4
475173945,2026-06-19T16:03:43Z,1781885023000,0x5f9e378c43f8320e2b6b5aa4745939acc8b5c332843cb76d01d4a9317dbcf980,12,0x2df1c51e09aecf9cacb7bc98cb1742757f163df7,0x612528c759dc1f110a5d4c6d325454ad8b93d829,49145.178113,withdraw,4
475174137,2026-06-19T16:04:31Z,1781885071000,0x323e4275c1ee4365fedb55a689989c32c81c8818065dd34f5dd8323ec9ad4ffa,1,0x2df1c51e09aecf9cacb7bc98cb1742757f163df7,0x160bc68d190d1b7535de4d473b1bf687ad0ae7b2,138482.13,withdraw,4
475174254,2026-06-19T16:05:00Z,1781885100000,0xb0c49fcd391069b44813fbc9d75a0a12509895c3a4f2cc9a298e0231551957e1,0,0x858dff3faeb50cff48778fe6da5ae5688df812a2,0x2df1c51e09aecf9cacb7bc98cb1742757f163df7,10.062432,deposit,4
475174315,2026-06-19T16:05:16Z,1781885116000,0xf4e51e3d0b131378a1330639588784ae06cfdd2e7af688cba0afbd29667f9ef5,6,0x2df1c51e09aecf9cacb7bc98cb1742757f163df7,0xcdb0f566da6982ef9f4a96b65c82c7497ee55ae7,53.7,withdraw,4
475174556,2026-06-19T16:06:16Z,1781885176000,0x780e70778dca48c66d439f5c3e57c083128fcba767744e8455aeeeee8ab86ed7,4,0x103e9d15f8a102ef9333ad8b66ffe25b0db448a4,0x2df1c51e09aecf9cacb7bc98cb1742757f163df7,9742.998446,deposit,4
475174590,2026-06-19T16:06:25Z,1781885185000,0x6978e85da95ee5cf4eed24ec7769a2a57a01ce710bcc552f79d810f9f89b8608,0,0x2df1c51e09aecf9cacb7bc98cb1742757f163df7,0xdfe453cf0391888237109c189255af5e550c546f,9.87,withdraw,4
475174590,2026-06-19T16:06:25Z,1781885185000,0x6978e85da95ee5cf4eed24ec7769a2a57a01ce710bcc552f79d810f9f89b8608,2,0x2df1c51e09aecf9cacb7bc98cb1742757f163df7,0x058589ed65f03c86ec562937f9059faeb8ce0292,1999.0,withdraw,4
475174590,2026-06-19T16:06:25Z,1781885185000,0x6978e85da95ee5cf4eed24ec7769a2a57a01ce710bcc552f79d810f9f89b8608,4,0x2df1c51e09aecf9cacb7bc98cb1742757f163df7,0x527718f187ecbf840e0a7d609717dd658c9d5902,53.69,withdraw,4
475174666,2026-06-19T16:06:44Z,1781885204000,0x1549ed7d32d1ea7e038064276e7b6d9e6856694eae8b334fc3ab89466be8c80a,1,0x2c708d7ac6dfd9d2abf82534902f214965863959,0x2df1c51e09aecf9cacb7bc98cb1742757f163df7,5974.672743,deposit,4
475174794,2026-06-19T16:07:16Z,1781885236000,0xc89daa3ce6fcd296dd851419f118438db48b0570a021ec055a56268cc9d974a0,6,0x0f27325244ec95abf813e31e9bb0f80d31c311f9,0x2df1c51e09aecf9cacb7bc98cb1742757f163df7,50.0,deposit,4
475174797,2026-06-19T16:07:16Z,1781885236000,0xd510a8d16f9ba62b1087b4abc41927f56e43f977f22d71bc727edfd120c16925,0,0x2df1c51e09aecf9cacb7bc98cb1742757f163df7,0x77565d40a36ec50ffd4f5952913d4f7b9bfe310f,9244.0877,withdraw,4
475174797,2026-06-19T16:07:16Z,1781885236000,0xd510a8d16f9ba62b1087b4abc41927f56e43f977f22d71bc727edfd120c16925,2,0x2df1c51e09aecf9cacb7bc98cb1742757f163df7,0x2341558f8ed828229b1e27e24fb78a6284b62f56,53.77,withdraw,4
475174900,2026-06-19T16:07:42Z,1781885262000,0x018019aec0bfe0258972afa00533a28ee0f69a92c1c2b5ca47bc80c92b0aa554,3,0x7d59efd9b7899c2ee6b1be187a585ee3ef4676ef,0x2df1c51e09aecf9cacb7bc98cb1742757f163df7,50.0,deposit,4
475175006,2026-06-19T16:08:09Z,1781885289000,0xd05230bbfe1c190071d2b56916c43e5edaca31a51ef769a535665bf7896944f3,2,0x2df1c51e09aecf9cacb7bc98cb1742757f163df7,0xcf40f7cc044408f05a8b25dddc4416725bfe1831,53.77,withdraw,4
475175006,2026-06-19T16:08:09Z,1781885289000,0xd05230bbfe1c190071d2b56916c43e5edaca31a51ef769a535665bf7896944f3,4,0x2df1c51e09aecf9cacb7bc98cb1742757f163df7,0xc2ac0388c0dd81ee694ee7cbc643551d13b885fa,4161.315322,withdraw,4
475175006,2026-06-19T16:08:09Z,1781885289000,0xd05230bbfe1c190071d2b56916c43e5edaca31a51ef769a535665bf7896944f3,6,0x2df1c51e09aecf9cacb7bc98cb1742757f163df7,0xd43e2ccbf30edfc68b7e4daebc042a9effd6c2b1,1799.0,withdraw,4
475175045,2026-06-19T16:08:19Z,1781885299000,0x184b79bf81570f4ce035d8fddf09cc3e34cce502ce95b40b0021d4bafc03240b,2,0xdcd061e581bc7605ccd66b0768aed199c6fb09f8,0x2df1c51e09aecf9cacb7bc98cb1742757f163df7,50.0,deposit,4
475175121,2026-06-19T16:08:38Z,1781885318000,0xeb2f2310198f1a2fb389f44439287ac9ac95907d123a37d07c8c7071f85b89e1,0,0x220932908d91bf859a2cff2f9625111e9abd66b7,0x2df1c51e09aecf9cacb7bc98cb1742757f163df7,426.838313,deposit,4
475175190,2026-06-19T16:08:55Z,1781885335000,0xc420f1e2c3f2211d0a5b2bacf85a869d16fa808debefa2aec1ea5f44b820ccd0,0,0x2df1c51e09aecf9cacb7bc98cb1742757f163df7,0xf9ffe0190f21b9781d82b9685536cac9c2ebfbab,53.81,withdraw,4
475175368,2026-06-19T16:09:40Z,1781885380000,0x2b84110c64317be030b7a493af7f9c9bcf5517126eced2cfd3920fee00b4a429,3,0x202967f468ac146fa28e3a700be98833f0ec7aa8,0x2df1c51e09aecf9cacb7bc98cb1742757f163df7,10.960004,deposit,4
475175478,2026-06-19T16:10:08Z,1781885408000,0x360261ccb7214f7cd69f0aed06e3dd062331c502cbc21c15b22176eee339a802,13,0x2df1c51e09aecf9cacb7bc98cb1742757f163df7,0xf6b39b5bff000cc93c752330d7979494459a80b4,53.82,withdraw,4
475175606,2026-06-19T16:10:39Z,1781885439000,0x4fbb91a3bffa73cc1f9fae83e2534a20788316c3fcc4aed9b4b6c71f5c753300,0,0x2df1c51e09aecf9cacb7bc98cb1742757f163df7,0xb8c5dfdc6f8de47d635659e75d8e306ea1049abe,1.02,withdraw,4
475175606,2026-06-19T16:10:39Z,1781885439000,0x4fbb91a3bffa73cc1f9fae83e2534a20788316c3fcc4aed9b4b6c71f5c753300,2,0x2df1c51e09aecf9cacb7bc98cb1742757f163df7,0x93232a8eedd67583f248b2ee4c0cc09421e2901c,53.92,withdraw,4
475175648,2026-06-19T16:10:49Z,1781885449000,0xba02eb14a9d3f886263f01796d84cb9e2471820084ad65ba1638a529831692f0,0,0xfc78f07986381160033383562a0b208cfd00dba2,0x2df1c51e09aecf9cacb7bc98cb1742757f163df7,13.0,deposit,4
475175780,2026-06-19T16:11:22Z,1781885482000,0x6e0a5041fa0fb1fc18f5385207ccd8265eb5084a41d2a415f6d3e7896bddfccf,21,0x2df1c51e09aecf9cacb7bc98cb1742757f163df7,0x2e680495ac25c83eb23e9f3c32874556559050bc,166.642968,withdraw,4
475175819,2026-06-19T16:11:32Z,1781885492000,0xa08c18a122e63ac37c426cf3bf9ea7ae3bc05e5619cd380e3f5dc608e47c78cf,3,0x151f2d6808d46850a474c16457dceab1d534f91f,0x2df1c51e09aecf9cacb7bc98cb1742757f163df7,50.0,deposit,4
475175866,2026-06-19T16:11:44Z,1781885504000,0xc96479a236c72a2526071c8fb6d84dec97f400b2bc7748b83d930acfbb088cd7,0,0x2df1c51e09aecf9cacb7bc98cb1742757f163df7,0x5e160d4d37687e8382eb737c1215f2cb94ddd31d,54.42,withdraw,4
475175876,2026-06-19T16:11:47Z,1781885507000,0x6af9d04c9a7007d26b965e5f9a4df85b87de9733c71b0ba10db5d9d58dd36995,1,0x8df5daeebd88d9ac580afadc419e4215adc33ef4,0x2df1c51e09aecf9cacb7bc98cb1742757f163df7,40.657596,deposit,4
475176057,2026-06-19T16:12:32Z,1781885552000,0x9fee5a175e4522fab8cad3df03dd03ef4717215998be7df6a29f7e1994e92239,0,0x2df1c51e09aecf9cacb7bc98cb1742757f163df7,0xcffe3b6627febc3cedc9a2131acb7f173ccd16dc,124.0,withdraw,4
475176057,2026-06-19T16:12:32Z,1781885552000,0x9fee5a175e4522fab8cad3df03dd03ef4717215998be7df6a29f7e1994e92239,2,0x2df1c51e09aecf9cacb7bc98cb1742757f163df7,0x270b64e84eca389d9b063a61518a872e985a7ae7,56.42,withdraw,4
475176095,2026-06-19T16:12:41Z,1781885561000,0xac525a68188fddc266ca557fae7c2965456d6903cf6dbfb194f0e679373b8603,4,0x3c6098a667f4fc872b3684d76cb99d3e252e1a78,0x2df1c51e09aecf9cacb7bc98cb1742757f163df7,39999.8,deposit,4
475176142,2026-06-19T16:12:53Z,1781885573000,0xe04f4f6cfbb1ea3a8e9884f28d921f38cdf66f410a72dc87b960e2d91161d474,1,0x2df1c51e09aecf9cacb7bc98cb1742757f163df7,0x47be8c538e800e8029b3129813388509f04a415e,4.0,withdraw,4
475176214,2026-06-19T16:13:11Z,1781885591000,0x3dc6f696e7ce98f7f7338ca1f348ae9a792da0010044fc420b7001cd051243b4,1,0xd42872ebfe7f2046c8d13bcb0f7a78b28815f05b,0x2df1c51e09aecf9cacb7bc98cb1742757f163df7,151.680778,deposit,4
475176246,2026-06-19T16:13:19Z,1781885599000,0x533bbff66e8fdac8bebeb3d425f93d1e799313ae923bc7971fce3ac277a6da9c,0,0x8e3d5e109837c11ddd373d97c9b3e4d716f1423a,0x2df1c51e09aecf9cacb7bc98cb1742757f163df7,249999.8,deposit,4
475176258,2026-06-19T16:13:22Z,1781885602000,0x397e6b1cd36bc957481008f9b8cb63a56a295526cf0a1f33a0b33e1f71dd2ebc,2,0x2df1c51e09aecf9cacb7bc98cb1742757f163df7,0x9d1f11adf01c1b576c6a2fd4ddf9be225486f0d1,56.41,withdraw,4
475176454,2026-06-19T16:14:11Z,1781885651000,0x1c8706dd403080bcf5f5f3ce26f49e2789f24ae22f436815540838d4f6266444,25,0x2df1c51e09aecf9cacb7bc98cb1742757f163df7,0xf1b6e0bcb128dc2242dd3037974f0ee63bb5b423,56.19,withdraw,4
475176494,2026-06-19T16:14:21Z,1781885661000,0x88e2d75adeac4d85b0ddfd521c1174f098a2e6b7b8733b62e456cd4accaeaf5b,0,0x1a173bbfa941a8e3748c999ed8156dc39e8a55bd,0x2df1c51e09aecf9cacb7bc98cb1742757f163df7,99.05,deposit,4
475176566,2026-06-19T16:14:39Z,1781885679000,0xc19986020134dc93dc48d4131c13bc324b96180de8cb357d70380b42e725ee20,3,0x151194a56e77f7b14d9165dde7a457669a59254f,0x2df1c51e09aecf9cacb7bc98cb1742757f163df7,9726.04,deposit,4
475176637,2026-06-19T16:14:57Z,1781885697000,0x9bf86dcef760544c9240386d783cea5a088aa44e662368b7ab60660ff412c557,39,0x2df1c51e09aecf9cacb7bc98cb1742757f163df7,0x2a918adf508d7a153e1f856d30a804d839bb991b,56.13,withdraw,4
475176685,2026-06-19T16:15:09Z,1781885709000,0xca4b961290b1d6d79f45f026d7c038de40bb065ff072e4cd89344d442c2f7dce,40,0xf032648dfd22c4d81588bd83e09ab89cfe816705,0x2df1c51e09aecf9cacb7bc98cb1742757f163df7,1797.778488,deposit,4
475176727,2026-06-19T16:15:20Z,1781885720000,0xccdd3671a848bb1a58e4671b6e906a7214e474c984dd27531632ebad2082581e,0,0x2df1c51e09aecf9cacb7bc98cb1742757f163df7,0xf110e40e3e02e8d8ca3bc3931472268d1b3d3815,186376.9,withdraw,4
475176803,2026-06-19T16:15:39Z,1781885739000,0xa82098035e8762b0186b5747af75d873c598d7e7e4f6ab5f04c903723ed84849,13,0x2df1c51e09aecf9cacb7bc98cb1742757f163df7,0x95813cce69699a66fae0ae92fcec991dc5ef48ac,4999.0,withdraw,4
475176803,2026-06-19T16:15:39Z,1781885739000,0xa82098035e8762b0186b5747af75d873c598d7e7e4f6ab5f04c903723ed84849,15,0x2df1c51e09aecf9cacb7bc98cb1742757f163df7,0x6b3edb41b7a42d420a720d7a29a27a160af0c64d,127.648,withdraw,4
475176803,2026-06-19T16:15:39Z,1781885739000,0xa82098035e8762b0186b5747af75d873c598d7e7e4f6ab5f04c903723ed84849,17,0x2df1c51e09aecf9cacb7bc98cb1742757f163df7,0x4e5e0c2a18bc51534a5887e6e994787f4419dd79,752.11762,withdraw,4
475176803,2026-06-19T16:15:39Z,1781885739000,0xa82098035e8762b0186b5747af75d873c598d7e7e4f6ab5f04c903723ed84849,19,0x2df1c51e09aecf9cacb7bc98cb1742757f163df7,0x54b7929842e8d41ce3204b15800bd060221d1f48,55.69,withdraw,4
475176807,2026-06-19T16:15:40Z,1781885740000,0xee662fbee08f0d288d534004e9f9e9fbeb7a6a72ec0ea0aa48b1fa7cf43c425a,10,0x6b6ff6f1439752a4541cae9fa40ecec7abf2f0df,0x2df1c51e09aecf9cacb7bc98cb1742757f163df7,14.6,deposit,4
475176849,2026-06-19T16:15:50Z,1781885750000,0xc36e302ed5f621d2155e55b372841f29e15d41f7a3e918672ef46f55046dae50,22,0xaee92f5cc6871e05cea37887941ea64b699ce34d,0x2df1c51e09aecf9cacb7bc98cb1742757f163df7,1246.0,deposit,4
475176887,2026-06-19T16:16:00Z,1781885760000,0x146863c5a88659bed83cc939a92ae9094150eee8319e60749ed57e4fe2ce0767,11,0x2df1c51e09aecf9cacb7bc98cb1742757f163df7,0xc4b3252e7e073359c64aa8d32d71bec01ef364d8,330.0,withdraw,4
475176964,2026-06-19T16:16:19Z,1781885779000,0x7ffce59e9e644c49d074f29b10a553e04aa05d2991d755f39c9485a0c63ee13c,0,0xe6dbc88f46e1b06078b9f5daad36423929df86c9,0x2df1c51e09aecf9cacb7bc98cb1742757f163df7,10.0,deposit,4
475177009,2026-06-19T16:16:31Z,1781885791000,0x30bc2c3beef14cf833f15469ea228bf95e60c64fecc311583dfd66625e701db7,13,0x2df1c51e09aecf9cacb7bc98cb1742757f163df7,0x4a9605232f6e7ba1f8027d17819e5776ee776483,48.95,withdraw,4
475177206,2026-06-19T16:17:19Z,1781885839000,0x2e2163f32d4d80ff59669cf5334e5a80876f323c98cc8696e3a7c54d55e962aa,39,0x2df1c51e09aecf9cacb7bc98cb1742757f163df7,0x336da204cfce46c76f3329e89c533652f88ae176,48.95,withdraw,4
475177272,2026-06-19T16:17:36Z,1781885856000,0x7e424c76d958f7d968d18fc7bc1fc7094f8bf7604210cd1f5b31e5ec064c9c3d,15,0x9e7811dd247a611a6c254111ab66c4e5d76f492d,0x2df1c51e09aecf9cacb7bc98cb1742757f163df7,30.0,deposit,4
475177359,2026-06-19T16:17:58Z,1781885878000,0x65e0d643b8d3365dab528e474fbea2fbef8a9be48269a8a68be4d69d97d5a45a,3,0x610ec71b9cce3ac293e2d4380068b14f55a25d27,0x2df1c51e09aecf9cacb7bc98cb1742757f163df7,22.559079,deposit,4
475177386,2026-06-19T16:18:04Z,1781885884000,0xbb5587dbf4aacf8c1d807d90d141dba1da2f86a5588c7043c413081a3b7ca8bd,1,0x8ea04b11e3ebeff9947c65b752a98ae6654adcb1,0x2df1c51e09aecf9cacb7bc98cb1742757f163df7,99.909175,deposit,4
475177421,2026-06-19T16:18:13Z,1781885893000,0x475ed8f8073bb8a018ad8434791cd044a93573c0bdbc068726877cc0e5d1f488,1,0x2df1c51e09aecf9cacb7bc98cb1742757f163df7,0x3323e4b389cc99f5d4d0221d66f9373a08db23b2,48.95,withdraw,4
475177421,2026-06-19T16:18:13Z,1781885893000,0x475ed8f8073bb8a018ad8434791cd044a93573c0bdbc068726877cc0e5d1f488,3,0x2df1c51e09aecf9cacb7bc98cb1742757f163df7,0x77b145e963a96843e3bd90d0a11af6fc352b54f8,31.0,withdraw,4
475177459,2026-06-19T16:18:23Z,1781885903000,0xe5b501e18d72594e213cc52874dd1ca18167ff9ddf9256db2755905848f8ffba,42,0x275cef8c7125378142261d64ed36e1fbbfc0c701,0x2df1c51e09aecf9cacb7bc98cb1742757f163df7,75.633528,deposit,4
475177603,2026-06-19T16:18:59Z,1781885939000,0xdd75dc5ddd6c0f7c734210bd78b6f094e845c82477ac4cafa89d10f0caa4a099,0,0x2df1c51e09aecf9cacb7bc98cb1742757f163df7,0xb2686eb3f85ec8bc24f2d6fa101a49ac413ed120,49.01,withdraw,4
475177603,2026-06-19T16:18:59Z,1781885939000,0xdd75dc5ddd6c0f7c734210bd78b6f094e845c82477ac4cafa89d10f0caa4a099,2,0x2df1c51e09aecf9cacb7bc98cb1742757f163df7,0x48088e7f206ce5e2d7139de28095c46251d3f6d8,508.41,withdraw,4
475177640,2026-06-19T16:19:08Z,1781885948000,0x2e9425b4298584ea4d7fe1cc36e5c40fc40a8542e44e56442b684e97c282ad58,1,0x20aeeeb7d5f11487c7b6d5231ddbeab60c471b57,0x2df1c51e09aecf9cacb7bc98cb1742757f163df7,40.0,deposit,4
475177704,2026-06-19T16:19:24Z,1781885964000,0xd33878544d22b18217cebec1cca876014ac36f19bbff76013da646320e9e94fb,9,0xf70da97812cb96acdf810712aa562db8dfa3dbef,0x2df1c51e09aecf9cacb7bc98cb1742757f163df7,188508.721366,deposit,4
475177901,2026-06-19T16:20:14Z,1781886014000,0x1f440c0b6fb3a9b40f8679c75a2ff142d33e6710cf2f312919f5e5e2bf8a76cc,13,0x2df1c51e09aecf9cacb7bc98cb1742757f163df7,0xcffe3b6627febc3cedc9a2131acb7f173ccd16dc,29.0,withdraw,4
475177901,2026-06-19T16:20:14Z,1781886014000,0x1f440c0b6fb3a9b40f8679c75a2ff142d33e6710cf2f312919f5e5e2bf8a76cc,15,0x2df1c51e09aecf9cacb7bc98cb1742757f163df7,0xa1c96151e96ac2582920afd821ac6a9148f59fb9,19.0,withdraw,4
475177901,2026-06-19T16:20:14Z,1781886014000,0x1f440c0b6fb3a9b40f8679c75a2ff142d33e6710cf2f312919f5e5e2bf8a76cc,17,0x2df1c51e09aecf9cacb7bc98cb1742757f163df7,0x0aa3dbc03cb99d21f1396c1b5893e13033f14ccd,48.78,withdraw,4
475177996,2026-06-19T16:20:37Z,1781886037000,0x5e246aba2e8d78bb4296d8e118fcab727494f49235713a11d77aa41853afbbd4,38,0x2df1c51e09aecf9cacb7bc98cb1742757f163df7,0x95aeadc731fb5858b3d77f0a3a138b90db8282b7,102.736426,withdraw,4
475178052,2026-06-19T16:20:52Z,1781886052000,0x32beb5d4efb19ee849d1af32514866fb7530a51a92577cbbe53b9a07d176378f,21,0x7a7078a8b98c284c8288466d50626ab2e0adb2af,0x2df1c51e09aecf9cacb7bc98cb1742757f163df7,784.899895,deposit,4
475178086,2026-06-19T16:21:00Z,1781886060000,0x87a267f74f28a9aae3e27692a7df132dc13fcc6906643dd3a98ef2c418325fe8,8,0xbe6b18610e909da0df0a35e48375ed93c269db30,0x2df1c51e09aecf9cacb7bc98cb1742757f163df7,100.0,deposit,4
475178126,2026-06-19T16:21:10Z,1781886070000,0xec68757aff901e1f5eb878c7efb4555b8272f6320de7522e454dcbfa36b2df01,0,0x2df1c51e09aecf9cacb7bc98cb1742757f163df7,0x838f2aca1089571088d14e06ce2fb00b7c663b2a,50.78,withdraw,4
475178126,2026-06-19T16:21:10Z,1781886070000,0xec68757aff901e1f5eb878c7efb4555b8272f6320de7522e454dcbfa36b2df01,2,0x2df1c51e09aecf9cacb7bc98cb1742757f163df7,0xe529050b39f8bdedb739e99dcc4977b0a5cf12be,48.8,withdraw,4
475178126,2026-06-19T16:21:10Z,1781886070000,0xec68757aff901e1f5eb878c7efb4555b8272f6320de7522e454dcbfa36b2df01,4,0x2df1c51e09aecf9cacb7bc98cb1742757f163df7,0xbafffd9ca2cd9050e30ccb4e3fe2afbb2ee8abea,76.5,withdraw,4
475178142,2026-06-19T16:21:14Z,1781886074000,0xd0d4d105003e06be0076056afca0b9540abc4ad2dc890d42862059b6409442a5,0,0x2f6b049117a72e7f180d09adff154380907e74e1,0x2df1c51e09aecf9cacb7bc98cb1742757f163df7,991.152098,deposit,4
475178210,2026-06-19T16:21:31Z,1781886091000,0x773e2ed5d4e3a43f0cf18832e4681e7b285be375c46fb690a2a6fd0c3c7a6af7,11,0x3f240a16bb7c34302cab342227207acc3d9e0d4d,0x2df1c51e09aecf9cacb7bc98cb1742757f163df7,2000.0,deposit,4
475178314,2026-06-19T16:21:57Z,1781886117000,0x477c87885a63b14016a4125a51dc1843c69e418a6f0a3ea0e86f5d61f5d0979e,28,0x2df1c51e09aecf9cacb7bc98cb1742757f163df7,0x51c23f099470d037a8f406189e297049bb325020,15.62,withdraw,4
475178314,2026-06-19T16:21:57Z,1781886117000,0x477c87885a63b14016a4125a51dc1843c69e418a6f0a3ea0e86f5d61f5d0979e,30,0x2df1c51e09aecf9cacb7bc98cb1742757f163df7,0xf764233b7d51e8415af601d3e9ba4c09dc84da24,50.96,withdraw,4
475178314,2026-06-19T16:21:57Z,1781886117000,0x477c87885a63b14016a4125a51dc1843c69e418a6f0a3ea0e86f5d61f5d0979e,32,0x2df1c51e09aecf9cacb7bc98cb1742757f163df7,0x838db3adf23feff002e762a5ecca951faccbd2c7,15.32045,withdraw,4
475178314,2026-06-19T16:21:57Z,1781886117000,0x477c87885a63b14016a4125a51dc1843c69e418a6f0a3ea0e86f5d61f5d0979e,34,0x2df1c51e09aecf9cacb7bc98cb1742757f163df7,0x00000000f2708738d4886bc4aedefd8dd04818b0,1294.76,withdraw,4
475178314,2026-06-19T16:21:57Z,1781886117000,0x477c87885a63b14016a4125a51dc1843c69e418a6f0a3ea0e86f5d61f5d0979e,36,0x2df1c51e09aecf9cacb7bc98cb1742757f163df7,0x8701fe5e847e88da421d1db7c8fdb7c5a171025d,4.0,withdraw,4
475178336,2026-06-19T16:22:03Z,1781886123000,0xcd8844c506e724890c9f6a0cc3751b4a8be37186c2c716decba1a4267454bbaf,2,0xdd7f12bf31e3dc2867b32fe7503e0612db1c36f8,0x2df1c51e09aecf9cacb7bc98cb1742757f163df7,20000.0,deposit,4
475178590,2026-06-19T16:23:07Z,1781886187000,0xb890da52a6272a58c0d4f76a85bcfd872ed1c82d8a17883f2a052ae279b08d2e,8,0x2df1c51e09aecf9cacb7bc98cb1742757f163df7,0x7f596ae1384b260a257ea9894b562f18e49a2c44,50.76,withdraw,4
475178630,2026-06-19T16:23:16Z,1781886196000,0x9a08ad59d1282376b39aff2e3999e4b2b8b439bb6d0687e7dfd1a01f5f881c77,10,0x85ff5d2a899f929aa5092633ef4b4f3c95d34335,0x2df1c51e09aecf9cacb7bc98cb1742757f163df7,9.8,deposit,4
475178783,2026-06-19T16:23:54Z,1781886234000,0x7040feff5770df2bbed0c440f8acce40340c30c7ac619dc60e85db6dfbf998d2,3,0x63482bab23efde6c9144ebcdf50cd690bd42eb09,0x2df1c51e09aecf9cacb7bc98cb1742757f163df7,49.8,deposit,4
475178783,2026-06-19T16:23:54Z,1781886234000,0xf17c45e35f7aaf38820309cd14e46f85d5cd3a1f76cccc4d022a436e535922fe,4,0x2df1c51e09aecf9cacb7bc98cb1742757f163df7,0xf7e915430556a45b6bab2a6bdc0ddee2ae59b62e,50.78,withdraw,4
475178991,2026-06-19T16:24:46Z,1781886286000,0x4f430b7eddac6d766ebe7b933999ef1a1fb549f495f2ead55468212eb8894c28,0,0x2df1c51e09aecf9cacb7bc98cb1742757f163df7,0x0b7f49be3b0abcfcf5dc1e60c1d522c31b297ebd,49.94,withdraw,4
475179154,2026-06-19T16:25:27Z,1781886327000,0x658e1e4c9f5a6136a4d02f2e026aa2649bb31455806b22105763fbfaeabec888,9,0x3f240a16bb7c34302cab342227207acc3d9e0d4d,0x2df1c51e09aecf9cacb7bc98cb1742757f163df7,1058.840481,deposit,4
475179188,2026-06-19T16:25:36Z,1781886336000,0x7030abb2fcf7968b407c6d599115c245811e91e5948e443e84bd0e8a7e547095,6,0x2df1c51e09aecf9cacb7bc98cb1742757f163df7,0x22e77682d75964bafd850b9be25435e275e11d29,49.87,withdraw,4
475179189,2026-06-19T16:25:36Z,1781886336000,0x8f17281d3a936da54bea14e9c02aa14a0191ef2685089d46fea7474cf48362fd,1,0x78ffa4731a3d5e0d700f77c2f14e18269a28f4e6,0x2df1c51e09aecf9cacb7bc98cb1742757f163df7,9.8,deposit,4
475179472,2026-06-19T16:26:48Z,1781886408000,0x8d9eb815433039d8a19ae52836e692ef0fb67e5f402f5fce9d81a1d8402c2a82,0,0x2df1c51e09aecf9cacb7bc98cb1742757f163df7,0x212853a8b2f49aead32552c10dd117e882d51513,50.03,withdraw,4
475179500,2026-06-19T16:26:55Z,1781886415000,0x3b528f96b635b092fee8392b15e9e7d3e398ca22829907c00683df592a7dcd2d,2,0x79635c75f0bdc8f63a9add859d0a5fd9f437fae6,0x2df1c51e09aecf9cacb7bc98cb1742757f163df7,11450.472017,deposit,4
475179854,2026-06-19T16:28:24Z,1781886504000,0x3e5b0b84fc40879edac640a1147a9764d8afb5b3a20a2df077e1e63dada0ff68,0,0x2df1c51e09aecf9cacb7bc98cb1742757f163df7,0xcf72884624fc3363d367a9b73e3c9976db81001b,54.0,withdraw,4
475179854,2026-06-19T16:28:24Z,1781886504000,0x3e5b0b84fc40879edac640a1147a9764d8afb5b3a20a2df077e1e63dada0ff68,2,0x2df1c51e09aecf9cacb7bc98cb1742757f163df7,0x9589ce09af18004b11edd36bd8bdbaf046e7f6f1,50.03,withdraw,4
475179854,2026-06-19T16:28:24Z,1781886504000,0x3e5b0b84fc40879edac640a1147a9764d8afb5b3a20a2df077e1e63dada0ff68,4,0x2df1c51e09aecf9cacb7bc98cb1742757f163df7,0x58d6f28df73632c7c47261bc46987121ebe4d13d,172001.11,withdraw,4
475179910,2026-06-19T16:28:38Z,1781886518000,0x935e8c3d3c9455f79601382e71539810fc997fd5e2673d62bb33e4a2a63c38b7,30,0x78ffa4731a3d5e0d700f77c2f14e18269a28f4e6,0x2df1c51e09aecf9cacb7bc98cb1742757f163df7,527.230476,deposit,4
475180312,2026-06-19T16:30:18Z,1781886618000,0xf6629deea53383f34a8df7eee69bc827279f4e380d0db07f74b5e6e056320a69,81,0x2df1c51e09aecf9cacb7bc98cb1742757f163df7,0x5f76d82ddf5aab08af8c0f8092c15b948a74fcbe,50.03,withdraw,4
475180312,2026-06-19T16:30:18Z,1781886618000,0xf6629deea53383f34a8df7eee69bc827279f4e380d0db07f74b5e6e056320a69,83,0x2df1c51e09aecf9cacb7bc98cb1742757f163df7,0x324ec523831d76a88665c85cded27aa15ed09bb7,5.43,withdraw,4
475180332,2026-06-19T16:30:23Z,1781886623000,0xc482d2def4e4d31aaf82b5655bf3e15252fe0404a4e3a0324783b46700df8ee3,1,0x2c6abc37452fd5a707fe92a2a399bec78a84b131,0x2df1c51e09aecf9cacb7bc98cb1742757f163df7,12.0,deposit,4
475180419,2026-06-19T16:30:45Z,1781886645000,0x72092e96d77128b9dd9165593890d64a6c6c496bad24062350563edf2915d4f9,0,0x2df1c51e09aecf9cacb7bc98cb1742757f163df7,0xdebe94ef44ab30308c4dfcdd10329e6561853ccc,34.0,withdraw,4
475180500,2026-06-19T16:31:05Z,1781886665000,0x3d1894f9e6d1a806a48823a93ddd44fe1a4f21c90b29abf54b60d770d66b0b71,4,0x2df1c51e09aecf9cacb7bc98cb1742757f163df7,0xaf49ace95e647bda9eed7b615bbfb1cad71ab358,79.0,withdraw,4
475180507,2026-06-19T16:31:07Z,1781886667000,0x4117d84eb5b7b3c7ee0b8bbc617daaa6411ad9b5684947fbdc5ec7a7e124deb4,6,0xd42a08d2f4cb730ff8485f744abed7368712c112,0x2df1c51e09aecf9cacb7bc98cb1742757f163df7,31.826779,deposit,4
475180703,2026-06-19T16:31:56Z,1781886716000,0x9b0124594491550d8334a3e7a371fc874ed38034e6502beca61b7577fbae8d89,1,0x54df9540a25f59498532839a46c51b29b323a169,0x2df1c51e09aecf9cacb7bc98cb1742757f163df7,53.0,deposit,4
475180713,2026-06-19T16:31:58Z,1781886718000,0xdc925d0cfadd659dbcefdb395a1ca1846047ae94cde33b7bc4d72c6d6deb15e2,0,0x2df1c51e09aecf9cacb7bc98cb1742757f163df7,0x8701fe5e847e88da421d1db7c8fdb7c5a171025d,180.45,withdraw,4
475180803,2026-06-19T16:32:21Z,1781886741000,0x10db416169f2026597cd8389e4aedbe5c1bc0fe4c4d8c30e3ef4e9ae15f01871,0,0x2df1c51e09aecf9cacb7bc98cb1742757f163df7,0xaf49ace95e647bda9eed7b615bbfb1cad71ab358,188.0,withdraw,4
475180862,2026-06-19T16:32:36Z,1781886756000,0x654a04ab6bc022047cce848aa72782823ee946b5ec578bdace10f1eb1d3f7e47,2,0xc01ec376d9d8a2fc8fb08254fd1adf3a6300e800,0x2df1c51e09aecf9cacb7bc98cb1742757f163df7,12.0,deposit,4
475181009,2026-06-19T16:33:13Z,1781886793000,0x3a3fbaa3d458f1b8f6c269378ce9f8c361e124067a6eb8803c1b8377b439a40b,10,0x2df1c51e09aecf9cacb7bc98cb1742757f163df7,0x8c3c8e5c45e9131fa18ba16189455fca27f54bf4,16397.588114,withdraw,4
475181107,2026-06-19T16:33:38Z,1781886818000,0x40091dd1c19ee3cd8d09429124c40439389c7ee4420abf6e7e649953cedf4406,2,0x2df1c51e09aecf9cacb7bc98cb1742757f163df7,0x6b3c4007c0afa9702831e1f2a0347c972a75aa9e,13973.117089,withdraw,4
475181480,2026-06-19T16:35:12Z,1781886912000,0x2ce7a65135ed5b4fa01215ea408dc069fbd5398bd5cd327652573e3ed6f156b1,1,0x052cb3908a4f0c12357d793bb6894b609e75fd8c,0x2df1c51e09aecf9cacb7bc98cb1742757f163df7,49.0,deposit,4
475181487,2026-06-19T16:35:13Z,1781886913000,0x9a9c9981055303b2e0e5c879e59b30aaca846b6acb81252a72c3864aa282f344,5,0x2df1c51e09aecf9cacb7bc98cb1742757f163df7,0x20d72e4dfb3610da08f4377aca7a092e4db05d00,1064.45,withdraw,4
475181487,2026-06-19T16:35:13Z,1781886913000,0x9a9c9981055303b2e0e5c879e59b30aaca846b6acb81252a72c3864aa282f344,7,0x2df1c51e09aecf9cacb7bc98cb1742757f163df7,0xeb1c237e3d949e1c0d0cd6b584250227c64eaa33,16.58,withdraw,4
475181824,2026-06-19T16:36:37Z,1781886997000,0x137c2bb93f88891d8fd4f9c71c479b475ce7dc396e0c1262b5e737aed3fc19f4,0,0xdc33eec5328775afd72b32aa2931797121c4709c,0x2df1c51e09aecf9cacb7bc98cb1742757f163df7,499.864575,deposit,4
475181951,2026-06-19T16:37:09Z,1781887029000,0xfc59fde1e48301fe8635e454fef7734ce3b72e7587cc3948def87bd3b84b3580,1,0x0fb3de057698b1a378dc197a0660dbe551860d7a,0x2df1c51e09aecf9cacb7bc98cb1742757f163df7,15.12765,deposit,4
475182141,2026-06-19T16:37:57Z,1781887077000,0xa4ad6ae7295eeb5a87278770f731db8eaf8d891ae722f83fcb8ce48c97963e4f,1,0x2cacde670846877f25bfebee146f8223b077bc6e,0x2df1c51e09aecf9cacb7bc98cb1742757f163df7,12.0,deposit,4
475182403,2026-06-19T16:39:03Z,1781887143000,0x797dcb49a910e6bb513b0e5f9997ced5d3464b040ef8c0e7696014327e936856,0,0x2df1c51e09aecf9cacb7bc98cb1742757f163df7,0x47ee49584908b264f69a981bfddeccca33bc9573,16.66,withdraw,4
475182584,2026-06-19T16:39:48Z,1781887188000,0x52548b3204e22e6135652c9953a6baf0b8d389ffeb889388fa5f9794d4bcf3c0,2,0xc88fa5ab592d2eac7350c6444cf08012f6d22357,0x2df1c51e09aecf9cacb7bc98cb1742757f163df7,117.642209,deposit,4
475182665,2026-06-19T16:40:08Z,1781887208000,0x61232c339a47a5c46669b7d8bbaa67a6dcf3e0e842821ac78eb9843a7aaf3d16,4,0x2df1c51e09aecf9cacb7bc98cb1742757f163df7,0xdf2ae14b051e245194f6a0582083676f7279c21b,217374.32,withdraw,4
475182908,2026-06-19T16:41:09Z,1781887269000,0xe607bdd52b11a54ebc09e32323aad1661b383bcb4c9f36fffbc7d6eb9b4459dd,1,0x118d1124c31ff54076ee22f1262e6509bde60bb4,0x2df1c51e09aecf9cacb7bc98cb1742757f163df7,10.0,deposit,4
475182960,2026-06-19T16:41:22Z,1781887282000,0x052c39b19b23baa8d6329db304e66851de9531bbc74945ce71004f20f2fd9ca9,0,0x2df1c51e09aecf9cacb7bc98cb1742757f163df7,0xddaa6a1d23109f6c345b078cc9b29361e3bcbcc6,130.71,withdraw,4
475182960,2026-06-19T16:41:22Z,1781887282000,0x052c39b19b23baa8d6329db304e66851de9531bbc74945ce71004f20f2fd9ca9,2,0x2df1c51e09aecf9cacb7bc98cb1742757f163df7,0x11ed72452f0906ee8b776f28a0fe3bdd3880cb75,135.29,withdraw,4
475183023,2026-06-19T16:41:38Z,1781887298000,0x9ab3f8f1dbeb45f5e5e6cd3ed9465e3beaf7e02998b7777919d67229f7ea3a1b,0,0x8e3d5e109837c11ddd373d97c9b3e4d716f1423a,0x2df1c51e09aecf9cacb7bc98cb1742757f163df7,149999.8,deposit,4
475183136,2026-06-19T16:42:07Z,1781887327000,0x3ab75eaa2289acd032f84b4bfd9809ab6979156a65f329a84fec2e250bfb0c8c,15,0xdd7f12bf31e3dc2867b32fe7503e0612db1c36f8,0x2df1c51e09aecf9cacb7bc98cb1742757f163df7,50000.0,deposit,4
475183136,2026-06-19T16:42:07Z,1781887327000,0x91f5cd7fc4fc00bcb31c55097f7756dc2af594c0306b175cd73a6f6d8dc35742,17,0x118d1124c31ff54076ee22f1262e6509bde60bb4,0x2df1c51e09aecf9cacb7bc98cb1742757f163df7,5.0,deposit,4
475183263,2026-06-19T16:42:37Z,1781887357000,0x967d93af96ac86060468dfcd6d0a14feeeee12f90a8e8a502815c6d0a428938a,0,0x2df1c51e09aecf9cacb7bc98cb1742757f163df7,0xb9c3a0e403b0905385ae4fc0eb9b176e2ac32766,16.32,withdraw,4
475183731,2026-06-19T16:44:35Z,1781887475000,0x1520cf7f01363a1f88d80ce8542ba372fbfbb72b449ceb5463c59cbb72a97f06,14,0x6fbd2faed79ad51fea4f2f1e01bd7f0c76cd1643,0x2df1c51e09aecf9cacb7bc98cb1742757f163df7,11.0,deposit,4
475183820,2026-06-19T16:44:57Z,1781887497000,0xbbddd0b0ffa254beb2f345de6231787cea33ee24152a450f2c9d312693d31ba7,10,0x6835c709bdeb875a5dde61641f7053785beba17b,0x2df1c51e09aecf9cacb7bc98cb1742757f163df7,111.731251,deposit,4
475183826,2026-06-19T16:44:59Z,1781887499000,0xfa1d3bb82820baed5ae19c0692677bb6cd3680e064ebdd7cfb12a428c9d6768d,1,0x3d68540245c668284d4dc4744e50e646568b58b4,0x2df1c51e09aecf9cacb7bc98cb1742757f163df7,11.000119,deposit,4
475184023,2026-06-19T16:45:48Z,1781887548000,0x32ed87aebe51add2f40dfd33228d57876e6fb0b5175d5312c7d468ee704ef0b6,1,0x7909183f16759582fdb816154912f533d4e89509,0x2df1c51e09aecf9cacb7bc98cb1742757f163df7,54.8,deposit,4
475184276,2026-06-19T16:46:52Z,1781887612000,0x6d67942146f5341b7016b670a06c1d48abf3cb1e28463c3f0a5f999bd89beb1c,2,0x080bd31eb1487c9c2f38115bfde84a87026f53ef,0x2df1c51e09aecf9cacb7bc98cb1742757f163df7,11.0,deposit,4
475184361,2026-06-19T16:47:13Z,1781887633000,0xa0905b32aa880c43e28c2551db83ccd09480a56738cdfc05da055a9cb66e0dfa,29,0x2df1c51e09aecf9cacb7bc98cb1742757f163df7,0xca12887dfd44df6d813c05772ecabdc8ce199bd7,22.49,withdraw,4
475184471,2026-06-19T16:47:41Z,1781887661000,0x4239600585c5adc3c6b6cbb3836813a53f309d09bf3544e883255ec0dd153c0b,1,0x2df1c51e09aecf9cacb7bc98cb1742757f163df7,0x781e95fdc049433565cf8e05265361b8402196b7,319999.0,withdraw,4
475184471,2026-06-19T16:47:41Z,1781887661000,0x4239600585c5adc3c6b6cbb3836813a53f309d09bf3544e883255ec0dd153c0b,3,0x2df1c51e09aecf9cacb7bc98cb1742757f163df7,0xcd996b4e85f84f238e30a1ff029f48b0af366696,19.32,withdraw,4
475184542,2026-06-19T16:47:59Z,1781887679000,0x7aa1da49cb4be8c61eae584d6a1a2e5814a0f744c52e0285e3bb804f234fe809,1,0x7f0218c4c9c25259ea610da4d7e54ec9b975e6dd,0x2df1c51e09aecf9cacb7bc98cb1742757f163df7,377.998431,deposit,4
475184689,2026-06-19T16:48:35Z,1781887715000,0xbbba15cc6fe4c8acb946ed907345607e77ce28840574582cd720abd45253cd8c,5,0x8874e9c9b8abc55b29af38fae44958fbed7379d9,0x2df1c51e09aecf9cacb7bc98cb1742757f163df7,6232.03388,deposit,4
475184791,2026-06-19T16:49:00Z,1781887740000,0xbd516ba75a86c983224245d624294d3572fe02836a23f5c012f37df79b359978,19,0x2df1c51e09aecf9cacb7bc98cb1742757f163df7,0xcd996b4e85f84f238e30a1ff029f48b0af366696,15.58,withdraw,4
475184838,2026-06-19T16:49:12Z,1781887752000,0x290a6b68c886d34557013b8c02d93b40c918958ef1b4e4e70bc1f2751115fcc1,20,0x692b96621be149f4654b584ff3cfb6ff960e6833,0x2df1c51e09aecf9cacb7bc98cb1742757f163df7,139.637762,deposit,4
475184861,2026-06-19T16:49:18Z,1781887758000,0xd2f506c687c34b6c5397331f473f44ba0ed52f089198d6ebd9e978322a9fa2fc,4,0x3d68540245c668284d4dc4744e50e646568b58b4,0x2df1c51e09aecf9cacb7bc98cb1742757f163df7,92.000119,deposit,4
475185184,2026-06-19T16:50:39Z,1781887839000,0xa9055202b6f255f7f1dc36e02bffac3d48a1154812e1bb07653eb8311e3e2774,0,0x2df1c51e09aecf9cacb7bc98cb1742757f163df7,0x6de6a65f29d5d7c99de02ad7b16b96f9fbe4c67c,399.0,withdraw,4
475185297,2026-06-19T16:51:07Z,1781887867000,0x061153ee4c0a4351f7d6a4b73b84d7dd163423951a0f3b76d1c42000de12e6ec,0,0x2df1c51e09aecf9cacb7bc98cb1742757f163df7,0xcd996b4e85f84f238e30a1ff029f48b0af366696,15.91,withdraw,4
475185387,2026-06-19T16:51:30Z,1781887890000,0x5a226af0930bb0ecb32a91d0c740abdbf42f3cb0554e8b958e2eebc51c38e4a8,1,0x7066bdd43dfab4698f6a2989711dd034755aa8b6,0x2df1c51e09aecf9cacb7bc98cb1742757f163df7,11.0,deposit,4
475185656,2026-06-19T16:52:37Z,1781887957000,0xfd605375c78fc70d036683df7334607bf60c70debd81f3fb5dfec2c8d947a689,1,0x6cc88c9fcf4f2b13c9bac9e00d8379a898f5aca3,0x2df1c51e09aecf9cacb7bc98cb1742757f163df7,231.316165,deposit,4
475185670,2026-06-19T16:52:41Z,1781887961000,0x54484bf594129cbea5647cdf49322baae8fd7cb260b16d123bdfab5a64c40a80,0,0x2df1c51e09aecf9cacb7bc98cb1742757f163df7,0x0f95f5861ca776de74184340e4df8bcdb4f8cbe9,5.21,withdraw,4
475185732,2026-06-19T16:52:57Z,1781887977000,0x179de6c05b9121aa31547fe41c2bd8b8109477bca05224b098c34efe2751e516,1,0x7912876b78ed09b9466349420d2e838b05d39067,0x2df1c51e09aecf9cacb7bc98cb1742757f163df7,11.0,deposit,4
475185848,2026-06-19T16:53:26Z,1781888006000,0x9cc3fc2b09b6f3a573b7e80d49c712d6a6d76c746b67be5bd73571552f2e98d6,2,0xda15e59cdbc70b13677ad3b9d79445fcfc8d4722,0x2df1c51e09aecf9cacb7bc98cb1742757f163df7,110.054072,deposit,4
475185858,2026-06-19T16:53:28Z,1781888008000,0xa4f77977da7d3a8480c6752134354752289268ac8d2b78c1ae57e98ab17f117f,1,0x80c63342720672bf606f79db3201c43080d6652e,0x2df1c51e09aecf9cacb7bc98cb1742757f163df7,50.0,deposit,4
475185908,2026-06-19T16:53:41Z,1781888021000,0x67b1e1aa16ed7369476c639bef0d9c709b70c8c3224b100708e8f99374a62ce8,0,0x2df1c51e09aecf9cacb7bc98cb1742757f163df7,0x8c8534b7cef0756bb8c894a445b898e10191f2a8,2734.016774,withdraw,4
475186053,2026-06-19T16:54:17Z,1781888057000,0xe60898fa2161a7d17c1437901c971665751e6451fafc54ea10014d7f7bd7501b,1,0x229e7122e22450d73e016dc5f35ecd1abf710977,0x2df1c51e09aecf9cacb7bc98cb1742757f163df7,11.0,deposit,4
475186212,2026-06-19T16:54:57Z,1781888097000,0xe85dad41d3203b6d46c8f40d246c9333310c2fdb3a0383b89471cf20f255d1d7,6,0x2df1c51e09aecf9cacb7bc98cb1742757f163df7,0x90ac4bb291e9da77597b2807965d698b86576e55,4.0,withdraw,4
475186227,2026-06-19T16:55:00Z,1781888100000,0xed7540ab640807a688aac1d54c71cc8ebaed55be992c802bdd3cb12be162b6f1,4,0xd8d021f81687a82b3fb72cb7d4989d9694ba042a,0x2df1c51e09aecf9cacb7bc98cb1742757f163df7,101.827235,deposit,4
475186229,2026-06-19T16:55:01Z,1781888101000,0x48effa657f41a38459b60f15b276885f2bec36d4a33de8508c10606efd19d42e,3,0xdd2b94981f0db3c6d5b875210c5f0ce43fc50735,0x2df1c51e09aecf9cacb7bc98cb1742757f163df7,16.55,deposit,4
475186383,2026-06-19T16:55:39Z,1781888139000,0x9b7669ac1cb29dc623bc917beb5f01e66b9a5da4daa35453e05cd7333789410a,1,0x97cee11e7d80f8bdc4d014015f96a8f232492883,0x2df1c51e09aecf9cacb7bc98cb1742757f163df7,11.0,deposit,4
475186505,2026-06-19T16:56:10Z,1781888170000,0xe25e842b05b62f19298c83e2249c69b935c4c1a5f9f345aa35a1aa3c79c40c7b,9,0x2df1c51e09aecf9cacb7bc98cb1742757f163df7,0xae55d6e334d88bd1aea3bc852c992058dd526ac2,15.57,withdraw,4
475186565,2026-06-19T16:56:25Z,1781888185000,0x8a57f78a635a3f012849832cf53b4e4fb3e02e23f45555eb8ad32a881aebbea3,4,0xbddcfa14b6bf0d538c57767a0fa4b3af48b2f991,0x2df1c51e09aecf9cacb7bc98cb1742757f163df7,50.0,deposit,4
475186612,2026-06-19T16:56:37Z,1781888197000,0x314a1f6c6141f7d633b2eda75c5e0c989e21ce5b5115385eb3ed1e6989da60e4,51,0xe84dbf50af55807618e01d291669cffcfb8e5280,0x2df1c51e09aecf9cacb7bc98cb1742757f163df7,46.25,deposit,4
475186617,2026-06-19T16:56:38Z,1781888198000,0x47509d52a65a48585d834004d6f4cc0251b4b5e89d12e2e802406a415661a909,0,0x2df1c51e09aecf9cacb7bc98cb1742757f163df7,0x4c5637b320c61fede6b1eb45e7c2a858460a7d00,573.0,withdraw,4
475186658,2026-06-19T16:56:48Z,1781888208000,0xd988d7ef844f945804d97c275b10beaed52a1d2a561b22a62ca3c1e07fa28c8e,17,0xf34e96fee9087fd7cf5c6740926262881b47a459,0x2df1c51e09aecf9cacb7bc98cb1742757f163df7,11.0,deposit,4
475186868,2026-06-19T16:57:41Z,1781888261000,0xab205cc1012a07b78b6baf6ed82831d569d876dcbe0e8c124e1897de0edc19e3,3,0x22cf0690dcac10fc07014ab589dc7bbadeae7246,0x2df1c51e09aecf9cacb7bc98cb1742757f163df7,50.0,deposit,4
475186914,2026-06-19T16:57:52Z,1781888272000,0x054dd420aea182353647bba3a57617c80734b9301a7211ef92ab5694f562d8e4,3,0x2df1c51e09aecf9cacb7bc98cb1742757f163df7,0xae55d6e334d88bd1aea3bc852c992058dd526ac2,15.62,withdraw,4
475186914,2026-06-19T16:57:52Z,1781888272000,0x054dd420aea182353647bba3a57617c80734b9301a7211ef92ab5694f562d8e4,5,0x2df1c51e09aecf9cacb7bc98cb1742757f163df7,0xdb2e321bfe12465f78193d8dfaefdf07d8c89d07,28.41423,withdraw,4
475186956,2026-06-19T16:58:03Z,1781888283000,0xb7af2bd8625983d2f73eb891371509384c95f5104b4b7919dedd12f15bb248a0,1,0xc00f84bf241f6f73641e95a59f9515d86cdfd445,0x2df1c51e09aecf9cacb7bc98cb1742757f163df7,50.0,deposit,4
475187099,2026-06-19T16:58:39Z,1781888319000,0x8ee507de4c19f347a5c584520b04097426394a6cb9b05478c6bf19ac9c16303e,1,0xef9b4f2e73b589754807067ed23703cd070dee4e,0x2df1c51e09aecf9cacb7bc98cb1742757f163df7,11.0,deposit,4
475187107,2026-06-19T16:58:41Z,1781888321000,0xe763b86b4f236d314592e204874ffba5cc3eed8bb5b06d9dd7f38370547f9c17,12,0x2df1c51e09aecf9cacb7bc98cb1742757f163df7,0xdb2e321bfe12465f78193d8dfaefdf07d8c89d07,16.012834,withdraw,4
475187107,2026-06-19T16:58:41Z,1781888321000,0xe763b86b4f236d314592e204874ffba5cc3eed8bb5b06d9dd7f38370547f9c17,14,0x2df1c51e09aecf9cacb7bc98cb1742757f163df7,0xae55d6e334d88bd1aea3bc852c992058dd526ac2,15.62,withdraw,4
475187164,2026-06-19T16:58:55Z,1781888335000,0x8b71b4700a48c76ff08d78a090edd50625d163ab84f5e53d9ff829453ae24e8e,11,0xdf552f231fd0b9a17706d8a663a1245f4a170431,0x2df1c51e09aecf9cacb7bc98cb1742757f163df7,9.83306,deposit,4
475187178,2026-06-19T16:58:59Z,1781888339000,0x86c5ba933c157bbecd791340e99221f04ea090d2192cbfb6307ae60e2b8fb8df,10,0x23dc07a3ad4183e5e7e4ef0b73c81cde007696c6,0x2df1c51e09aecf9cacb7bc98cb1742757f163df7,490.010119,deposit,4
475187201,2026-06-19T16:59:04Z,1781888344000,0xfe0512d587a603602df2b64bafe1eaa90d564dfe45d0600ef025d7b89963069f,2,0x37730a3fffa78efc01a5b851e1df02ccd6601ff4,0x2df1c51e09aecf9cacb7bc98cb1742757f163df7,6.994854,deposit,4
475187371,2026-06-19T16:59:47Z,1781888387000,0xd960e4cbde71cf129ba442fc110592e717ca25f92ff3579d5ecf3c45952fcbda,1,0x6898f2d3fac756cf2cec45dbfeb509016280d985,0x2df1c51e09aecf9cacb7bc98cb1742757f163df7,11.0,deposit,4
475187388,2026-06-19T16:59:51Z,1781888391000,0x3f041c455c1fb5a5690d204b90f584c41a534b3364a03cee0ce60957f37b600a,9,0x7fdafde5cfb5465924316eced2d3715494c517d1,0x2df1c51e09aecf9cacb7bc98cb1742757f163df7,599999.2,deposit,4
475187426,2026-06-19T17:00:01Z,1781888401000,0xae96eafc12c1885eb273341112e6120ad4bee13a6aae5fa7e76dc5517e124a71,2,0xbef9e5981e615de2f924bed699445bc695530949,0x2df1c51e09aecf9cacb7bc98cb1742757f163df7,100.0,deposit,4
475187470,2026-06-19T17:00:12Z,1781888412000,0x8048cc2c18d02aded7d15f16ae40bdc1cb84b7bc45ff2fd4273b145111a2acd7,0,0x2df1c51e09aecf9cacb7bc98cb1742757f163df7,0xf3f259055c92e345cdd4cc40138eedada6bf1458,14.06,withdraw,4
475187505,2026-06-19T17:00:21Z,1781888421000,0xd6aa1fe739014c1c3d00d1a98940743dc0db1f4aa61b9cfe43c8a1730f632d81,1,0x991b48287c82768ffb6bbabf66ec82b9a586020e,0x2df1c51e09aecf9cacb7bc98cb1742757f163df7,40.859844,deposit,4
475187508,2026-06-19T17:00:21Z,1781888421000,0xf1bf4bcb68d8feac299c5e732a1f32dbd08d31c2f1247e9476a9774e37121cd5,5,0xab92b00cbe9b35a9ed1b2803a19ffad964c7679c,0x2df1c51e09aecf9cacb7bc98cb1742757f163df7,50.0,deposit,4
475187559,2026-06-19T17:00:34Z,1781888434000,0x21397bb89188111ed72daadd2b68d361957b5456fbcf06e66192740fd2e5fc86,0,0x2df1c51e09aecf9cacb7bc98cb1742757f163df7,0xe2d7b668d4832e35fdf1e2cedba64e73e9012c62,20.03,withdraw,4
475187559,2026-06-19T17:00:34Z,1781888434000,0x21397bb89188111ed72daadd2b68d361957b5456fbcf06e66192740fd2e5fc86,2,0x2df1c51e09aecf9cacb7bc98cb1742757f163df7,0xdc16d682f5922870cfb2278cae5fc3293ae384b6,13.937779,withdraw,4
475187635,2026-06-19T17:00:53Z,1781888453000,0xe54747ec38103bc203a251a8c8acebfaf151a9ecf4dba08b8b41d65f3a580bf8,8,0x2df1c51e09aecf9cacb7bc98cb1742757f163df7,0x1c7701522c1a2503576e243990f553e85b7f249d,2.39,withdraw,4
475187766,2026-06-19T17:01:26Z,1781888486000,0x40e593d7c938f376c4a6f7d4ce3262dd10d51437a5be77b0fcc82f037fa91911,1,0xbf214362ff42e6284ca84c54e7fedf8862e487fb,0x2df1c51e09aecf9cacb7bc98cb1742757f163df7,11.0,deposit,4
475187821,2026-06-19T17:01:39Z,1781888499000,0xf237b2e7f750a0744f2eefc7fe4dc0b778a24f1ae6d01ef86257031c541e0541,0,0x2df1c51e09aecf9cacb7bc98cb1742757f163df7,0xf3f259055c92e345cdd4cc40138eedada6bf1458,15.58,withdraw,4
475187991,2026-06-19T17:02:22Z,1781888542000,0x153231722fd10f0f8f73fa27541a41b4c660b46348423929e6101dfda67e0f9d,3,0xf032648dfd22c4d81588bd83e09ab89cfe816705,0x2df1c51e09aecf9cacb7bc98cb1742757f163df7,46.846191,deposit,4
475188006,2026-06-19T17:02:26Z,1781888546000,0x3832d4b5e5081922a2d5f684b08cbb74b9d5cfd6f0173958621964d666538fb1,0,0x2df1c51e09aecf9cacb7bc98cb1742757f163df7,0x5a0e171290c5f89318ec90581e06080976805441,216152.68,withdraw,4
475188006,2026-06-19T17:02:26Z,1781888546000,0x3832d4b5e5081922a2d5f684b08cbb74b9d5cfd6f0173958621964d666538fb1,2,0x2df1c51e09aecf9cacb7bc98cb1742757f163df7,0x2c7f9692dd9e6050401b74a5696253d004b814ff,26.59,withdraw,4
475188006,2026-06-19T17:02:26Z,1781888546000,0x3832d4b5e5081922a2d5f684b08cbb74b9d5cfd6f0173958621964d666538fb1,4,0x2df1c51e09aecf9cacb7bc98cb1742757f163df7,0x3b6341a6974154b852edc5bdd16d3b410bcb20aa,424.17,withdraw,4
475188063,2026-06-19T17:02:40Z,1781888560000,0xa23d05c137a83528c6b531df87f5ff68d013122a7febee5fa672a2dd62c8426d,3,0x108fca88e37743c3a76b0f0eec40dc042ed5109a,0x2df1c51e09aecf9cacb7bc98cb1742757f163df7,12.0,deposit,4
475188100,2026-06-19T17:02:49Z,1781888569000,0x7b0671d1b014ec4492435dd4fe422d38a41d0469d323827e4d75763f239782b1,0,0x2df1c51e09aecf9cacb7bc98cb1742757f163df7,0xf3f259055c92e345cdd4cc40138eedada6bf1458,16.22,withdraw,4
475188158,2026-06-19T17:03:04Z,1781888584000,0xdb28c6992cf100d05ea09ba0dbfe42afead892ea21525c8d712914ef03fff954,17,0x60cca4a8221e136148ddbf681a649a242621fc61,0x2df1c51e09aecf9cacb7bc98cb1742757f163df7,6.0,deposit,4
475188247,2026-06-19T17:03:26Z,1781888606000,0xf16f2ea2228659afe6cf8c42a184b6db319c314aa7332fff2d1b5569071ae774,52,0xf032648dfd22c4d81588bd83e09ab89cfe816705,0x2df1c51e09aecf9cacb7bc98cb1742757f163df7,532.826764,deposit,4
475188302,2026-06-19T17:03:40Z,1781888620000,0x3adae74f55718bb471b772dbee999be26c4f5c66447fd5f4882ad57910a6c1de,0,0x2df1c51e09aecf9cacb7bc98cb1742757f163df7,0x8c8534b7cef0756bb8c894a445b898e10191f2a8,2574.12887,withdraw,4
475188336,2026-06-19T17:03:49Z,1781888629000,0xb94a5f796a2837a1697c7d7f569b1001061aa95b48641b57edc01904a440e56e,17,0x19ec3b1dcc8b196f6bfac609ef4a8007fc73c5c4,0x2df1c51e09aecf9cacb7bc98cb1742757f163df7,11.0,deposit,4
475188415,2026-06-19T17:04:09Z,1781888649000,0x1c389a2b4effcd588c13a7b48f5f0f1bbf0a185f786f1172d3369379229a3a43,5,0x2df1c51e09aecf9cacb7bc98cb1742757f163df7,0x201d3241253b994882eaa47ab64501383fc828d5,16.17,withdraw,4
475188516,2026-06-19T17:04:34Z,1781888674000,0x429283f94f4a8ab2143883e98051136d241d80f3b023296634c93eaf013ce31e,0,0xf0ee8247466ecb50a75a6b24f0df148a58ac820f,0x2df1c51e09aecf9cacb7bc98cb1742757f163df7,999.041986,deposit,4
475188608,2026-06-19T17:04:57Z,1781888697000,0x8256dc3af3fbace643686295c865ebe9d30c5440a02309e25b77f1b8921ae0da,42,0x2df1c51e09aecf9cacb7bc98cb1742757f163df7,0xaeb4929fac1786adf7f1a118a82cae2ad2a9d63b,15.57,withdraw,4
475188630,2026-06-19T17:05:02Z,1781888702000,0x4ba7ac80c167acf3121940a455ee7c028e4c66debc145254310f877042b44e0f,0,0x27c9fa86c91b84ddfa15de58c482ff662498d65d,0x2df1c51e09aecf9cacb7bc98cb1742757f163df7,50000.0,deposit,4
475188647,2026-06-19T17:05:07Z,1781888707000,0xee36ef512c0c7fb86cf8766920f3f98e38b834535f73d3667690374ffc98af19,5,0xd222b686f5ebd2eff18da7e35d97518bdc887ba3,0x2df1c51e09aecf9cacb7bc98cb1742757f163df7,11.0,deposit,4
475188837,2026-06-19T17:05:54Z,1781888754000,0xcf2049517eda3a9759f9e91447473e4f4b3d29f69475f0767c927e4c1a41a46e,22,0x106b87d93234b55689afc379b85d6333e12877fa,0x2df1c51e09aecf9cacb7bc98cb1742757f163df7,10.0,deposit,4
475188900,2026-06-19T17:06:10Z,1781888770000,0x0e568e14636f1d453970fceb28b335018af3842fc17fe153c5230cd5659ed104,0,0x2df1c51e09aecf9cacb7bc98cb1742757f163df7,0x023a3d058020fb76cca98f01b3c48c8938a22355,350647.0,withdraw,4
475188900,2026-06-19T17:06:10Z,1781888770000,0x0e568e14636f1d453970fceb28b335018af3842fc17fe153c5230cd5659ed104,2,0x2df1c51e09aecf9cacb7bc98cb1742757f163df7,0x023a3d058020fb76cca98f01b3c48c8938a22355,899169.0,withdraw,4
475188900,2026-06-19T17:06:10Z,1781888770000,0x0e568e14636f1d453970fceb28b335018af3842fc17fe153c5230cd5659ed104,4,0x2df1c51e09aecf9cacb7bc98cb1742757f163df7,0xf3f259055c92e345cdd4cc40138eedada6bf1458,15.59,withdraw,4
475188900,2026-06-19T17:06:10Z,1781888770000,0x0e568e14636f1d453970fceb28b335018af3842fc17fe153c5230cd5659ed104,6,0x2df1c51e09aecf9cacb7bc98cb1742757f163df7,0x42272a3e114b29c19002118f72dafa519a287745,110.16,withdraw,4
475188911,2026-06-19T17:06:13Z,1781888773000,0x4a53461cfdd3049869fe09bfd001ac0f8bccc90b1f8b073e475b2469c1e0c648,5,0x1abb2f722f3d8a9b032708f4de1dc130e9d51191,0x2df1c51e09aecf9cacb7bc98cb1742757f163df7,11.0,deposit,4
475188970,2026-06-19T17:06:28Z,1781888788000,0x98b8fc0e55f3e8333d9b177735a365d1b6a958e8f6f2230cd531d63bea004fbd,21,0x219b266660b43efa59a3cdc231cd9b9f65a1ccf6,0x2df1c51e09aecf9cacb7bc98cb1742757f163df7,11.933811,deposit,4
475188976,2026-06-19T17:06:29Z,1781888789000,0x138a0eec965006cfb261610f0e2423583b1d6fc771d703f7cd98e6df97266bc3,9,0xc01832af3c08ad7c3b253bdf1878eb50210db76e,0x2df1c51e09aecf9cacb7bc98cb1742757f163df7,5.0,deposit,4
475189030,2026-06-19T17:06:43Z,1781888803000,0x269ad191823a19c731e230b5054101f46257cee7d60c0cbc9e0f62e26dd68342,10,0xbceb643fc37b6bad2d91522df0c9284e041f6009,0x2df1c51e09aecf9cacb7bc98cb1742757f163df7,1126.79046,deposit,4
475189086,2026-06-19T17:06:57Z,1781888817000,0x14b6265912b26e1b1f18ba8313d0c778de57fa7e3f1c63bc531b4616daed32ca,123,0x2df1c51e09aecf9cacb7bc98cb1742757f163df7,0x023a3d058020fb76cca98f01b3c48c8938a22355,530654.62,withdraw,4
475189086,2026-06-19T17:06:57Z,1781888817000,0x14b6265912b26e1b1f18ba8313d0c778de57fa7e3f1c63bc531b4616daed32ca,125,0x2df1c51e09aecf9cacb7bc98cb1742757f163df7,0x651463d4cbf300e5799b0d669be60b42519e75cd,330.0,withdraw,4
475189086,2026-06-19T17:06:57Z,1781888817000,0x14b6265912b26e1b1f18ba8313d0c778de57fa7e3f1c63bc531b4616daed32ca,127,0x2df1c51e09aecf9cacb7bc98cb1742757f163df7,0x023a3d058020fb76cca98f01b3c48c8938a22355,371421.12,withdraw,4
475189136,2026-06-19T17:07:10Z,1781888830000,0xde65f3c443bb1fc317382e3a2d12827b52b5e65965553c73c38a77e948038dcf,2,0xc8af92b217a65331741ef06c43777a8e58e228b4,0x2df1c51e09aecf9cacb7bc98cb1742757f163df7,15.0,deposit,4
475189152,2026-06-19T17:07:14Z,1781888834000,0x55cf7888641c240b8ef5115500f5134b646b25e543d34b7dcc0a6e09224cccf0,1,0xf6beecdb6952fc318393509c4820c637188fe3fa,0x2df1c51e09aecf9cacb7bc98cb1742757f163df7,11.0,deposit,4
475189218,2026-06-19T17:07:30Z,1781888850000,0x10cfe8df26e2a0018fabf3c1107f59c60a480e3726e6f377f6da831b088b4b05,13,0x3df8dd837c01a53f57e459c77687092339d0b49d,0x2df1c51e09aecf9cacb7bc98cb1742757f163df7,131.00694,deposit,4
475189298,2026-06-19T17:07:49Z,1781888869000,0xf4672793f45629a65b83ad7eb8457e81b7caa8974c4a1cff357de6f9d3b16ded,17,0x2df1c51e09aecf9cacb7bc98cb1742757f163df7,0xb0e410fb3b88d52b02574abcb8a6d46f08042b4f,2495.0,withdraw,4
475189360,2026-06-19T17:08:05Z,1781888885000,0xaab32dd36670fd228931c805ffa3d82eb5abbeaaf23833f7c8023add6d39e49c,1,0xe37f4b72d4cbd7804e272f7f6283df18955ff62f,0x2df1c51e09aecf9cacb7bc98cb1742757f163df7,11.0,deposit,4
475189370,2026-06-19T17:08:07Z,1781888887000,0x32749a89d1acf17dd1f4890c521886165ecb0ccbac648161b2d34560c12d7e86,0,0x2df1c51e09aecf9cacb7bc98cb1742757f163df7,0xf3f259055c92e345cdd4cc40138eedada6bf1458,15.59,withdraw,4
475189370,2026-06-19T17:08:07Z,1781888887000,0x32749a89d1acf17dd1f4890c521886165ecb0ccbac648161b2d34560c12d7e86,2,0x2df1c51e09aecf9cacb7bc98cb1742757f163df7,0x61387d7e85508811de339276e013e0517f3782ad,7911.958,withdraw,4
475189573,2026-06-19T17:08:58Z,1781888938000,0xa2a36b42c0f79aa20158470d5877de16f4d8dd60a430bfd39d9ab60e6a30f750,5,0x001b91b15467eb0e36f65fbef58487957c6eb679,0x2df1c51e09aecf9cacb7bc98cb1742757f163df7,11.0,deposit,4
475189656,2026-06-19T17:09:19Z,1781888959000,0x9fc33ed55d4cc369fbd6361b2660e71dbd6baffba74b13688acb4569868072cf,0,0x2df1c51e09aecf9cacb7bc98cb1742757f163df7,0xaeb4929fac1786adf7f1a118a82cae2ad2a9d63b,36.35,withdraw,4
475189916,2026-06-19T17:10:25Z,1781889025000,0x78d403c3011207398ce050dcddce06a93929c44e889b9945e3e7f50d993b69cc,0,0x60fa18cf3e91fef8b0343905b9f94125fde90db9,0x2df1c51e09aecf9cacb7bc98cb1742757f163df7,5.0,deposit,4
475189953,2026-06-19T17:10:34Z,1781889034000,0x9b52ceb57bc64406b6ebb13b6ee7bec7ab6229d9a6f2b7ea27f8ae7ff9bea866,4,0x2df1c51e09aecf9cacb7bc98cb1742757f163df7,0x4d8d222cd0a10845a2fdc21a994babddee981ca6,36.89,withdraw,4
475190139,2026-06-19T17:11:21Z,1781889081000,0xfd13d73b018b888acdd6f7fafc6d3f4b433b49bf1400c5f9f2a4493d1d8a5135,2,0x2df1c51e09aecf9cacb7bc98cb1742757f163df7,0xc36ae8179eb3c562de83b3caa94c73dbf0f76229,36.1,withdraw,4
475190426,2026-06-19T17:12:33Z,1781889153000,0xbfc043c6d140532ea4fdc11fcba85cde4f884344ba54edfd3183a8cbd3902c17,6,0x2df1c51e09aecf9cacb7bc98cb1742757f163df7,0x5f07e7e346b24e2adb43c978a179ee3adcd6b8d9,36.04,withdraw,4
475190467,2026-06-19T17:12:43Z,1781889163000,0xca0bd947b3682009625b8449c333bfccbc4643907ce9597a5d96bb58c76d2693,0,0xf67db1d87b1425dafe15e09258b6c0db05096c53,0x2df1c51e09aecf9cacb7bc98cb1742757f163df7,5107.530671,deposit,4
475190608,2026-06-19T17:13:18Z,1781889198000,0xc569842ba53b1ce029a9c5843c9b05d055a9340c8ee01ba64dafb72664341a69,1,0xd5cdced12319e63668d5fbd6e9f14fbae195edf3,0x2df1c51e09aecf9cacb7bc98cb1742757f163df7,1000.0,deposit,4
475190616,2026-06-19T17:13:20Z,1781889200000,0x69969e4895ac342bea2d5f909a1909f2e703a00f0da4468ec4905e5895dc8875,5,0x7aac97afefcce4e2745d7e8fadbdc0867e47ea44,0x2df1c51e09aecf9cacb7bc98cb1742757f163df7,6.0,deposit,4
475190620,2026-06-19T17:13:21Z,1781889201000,0x4753c79fe2a911d06295e5147bade78fd6d20e7fb171bbc581a4206923018eac,0,0x2df1c51e09aecf9cacb7bc98cb1742757f163df7,0xbc5b1f10789e1a5643a83bd6ea2a4fb43da8a64c,77.905962,withdraw,4
475190620,2026-06-19T17:13:21Z,1781889201000,0x4753c79fe2a911d06295e5147bade78fd6d20e7fb171bbc581a4206923018eac,2,0x2df1c51e09aecf9cacb7bc98cb1742757f163df7,0xc36ae8179eb3c562de83b3caa94c73dbf0f76229,36.36,withdraw,4
475190755,2026-06-19T17:13:55Z,1781889235000,0x8a205c9954691fa7fcb651bfb6631934d5c78f771810ca16745fd3fb86acc582,2,0x60cca4a8221e136148ddbf681a649a242621fc61,0x2df1c51e09aecf9cacb7bc98cb1742757f163df7,7.0,deposit,4
475190855,2026-06-19T17:14:19Z,1781889259000,0x76737eecfea6cfe0c32d3178ddfa4df1279062f4213d353adcd231315c04d2d5,26,0xb1712129b5ed9b72602c98f91e5f1d5837b12fcf,0x2df1c51e09aecf9cacb7bc98cb1742757f163df7,11.0,deposit,4
475190935,2026-06-19T17:14:39Z,1781889279000,0xf9f041192e92a14b7cd6569d216a0cee369491433c2cb96ae991c729fc309f29,12,0xdd7f12bf31e3dc2867b32fe7503e0612db1c36f8,0x2df1c51e09aecf9cacb7bc98cb1742757f163df7,85124.0,deposit,4
475191018,2026-06-19T17:15:00Z,1781889300000,0xf4913b9342f04a6ce17ff171cbf822aa78b76a6b989f56671706e2900d978c23,0,0x2df1c51e09aecf9cacb7bc98cb1742757f163df7,0x5f07e7e346b24e2adb43c978a179ee3adcd6b8d9,25.35,withdraw,4
475191088,2026-06-19T17:15:17Z,1781889317000,0x4287c53feecfc4587c982abb9a11418c1237996017af0dbc0a3044a5a3b4db2f,5,0xf032648dfd22c4d81588bd83e09ab89cfe816705,0x2df1c51e09aecf9cacb7bc98cb1742757f163df7,147.020632,deposit,4
475191114,2026-06-19T17:15:24Z,1781889324000,0x4dc4fff122ff2d131875fe4f1358242bf831d46d6b298a5b406fc8380f4d871b,7,0xa01b609c2736e3596d96b6ee82c5f8dc6d129f28,0x2df1c51e09aecf9cacb7bc98cb1742757f163df7,167086.627914,deposit,4
475191145,2026-06-19T17:15:32Z,1781889332000,0x6000f4299a183108f4b1f63e0f3bae6ba98073ad6a72d0bf40bdd7256dc6e4d3,1,0xad29fa8a5722a90abd24d4009c16a842f8309757,0x2df1c51e09aecf9cacb7bc98cb1742757f163df7,12381.95,deposit,4
475191172,2026-06-19T17:15:38Z,1781889338000,0xdd72034d06b622ebd97a9c2a27cc5eb44618e88fc8079e46c7d40c8a6690bd11,2,0x5871c217fa206fa4016d29fd8c1f29549e9a195e,0x2df1c51e09aecf9cacb7bc98cb1742757f163df7,11677.76,deposit,4
475191183,2026-06-19T17:15:41Z,1781889341000,0x0d0a235aa18232105b475b454b34fb7813f2093143c31aa08178f104bda23ca8,1,0x2df1c51e09aecf9cacb7bc98cb1742757f163df7,0xc36ae8179eb3c562de83b3caa94c73dbf0f76229,25.11,withdraw,4
475191198,2026-06-19T17:15:45Z,1781889345000,0x2c4bd2711bdbbdc435dbe508e322bc0f1a968cb6010e7d7620cc26d4d071d0f2,1,0xa68e2db718735064d13202cb719da3d6cd040b62,0x2df1c51e09aecf9cacb7bc98cb1742757f163df7,11549.31,deposit,4
475191294,2026-06-19T17:16:09Z,1781889369000,0xee096c8ab58eb01b796d3e098df1c9d5314bf5c87058edbe7c75a243cefef502,39,0x2df1c51e09aecf9cacb7bc98cb1742757f163df7,0xf236de9d40ac103659c229ccaabf5e9787bb5fa1,9.0,withdraw,4
475191338,2026-06-19T17:16:20Z,1781889380000,0xff8e02e151a076dfda904ffd8a78405b8d8012ec4cef9e73a79ce6bd04fb0904,0,0xc5564e106bf626aa9e91796ea50a6f9d8f2991e8,0x2df1c51e09aecf9cacb7bc98cb1742757f163df7,10.968849,deposit,4
475191380,2026-06-19T17:16:31Z,1781889391000,0xc4c6fc26aff611ade2c815d66702c0be53eaec99c54ab24fc5e90dc63f769f03,15,0x2df1c51e09aecf9cacb7bc98cb1742757f163df7,0x5f07e7e346b24e2adb43c978a179ee3adcd6b8d9,25.14,withdraw,4
475191380,2026-06-19T17:16:31Z,1781889391000,0xc4c6fc26aff611ade2c815d66702c0be53eaec99c54ab24fc5e90dc63f769f03,17,0x2df1c51e09aecf9cacb7bc98cb1742757f163df7,0xb97380b867ae5b667651c32e66559af6cb0fa0b1,624.900967,withdraw,4
475191665,2026-06-19T17:17:42Z,1781889462000,0x22a99f455f07af9319fa2352f241efe1adcfcb009af5234d70440c40edf074be,0,0x46232cbdb0512ca7b00b8271e285bf8447f1330b,0x2df1c51e09aecf9cacb7bc98cb1742757f163df7,1791.58,deposit,4
475191702,2026-06-19T17:17:51Z,1781889471000,0x2b62abaa27cc8cf2f8a800d87222303032d64aa831d4c2e1519d7645fd1476b9,1,0x2df1c51e09aecf9cacb7bc98cb1742757f163df7,0x699cfb17c31c46e90d28a62783b8ed81fe6aee27,25.37,withdraw,4
475191702,2026-06-19T17:17:51Z,1781889471000,0x2b62abaa27cc8cf2f8a800d87222303032d64aa831d4c2e1519d7645fd1476b9,3,0x2df1c51e09aecf9cacb7bc98cb1742757f163df7,0xb88017965e14f4252cae4efe5262a31f17e22e1e,17.71,withdraw,4
475191830,2026-06-19T17:18:23Z,1781889503000,0xd9094418f6c67b6ef33c790fb7a56a597ea70a3c5a3a98710084d29ef1be37e8,0,0x428babced19064beece58b8a252e3f17aac2a817,0x2df1c51e09aecf9cacb7bc98cb1742757f163df7,499999.8,deposit,4
475191836,2026-06-19T17:18:25Z,1781889505000,0xf7cf2e0714737d12836e067c910d930bf0a7facfd4b6ca3c8a1623fd641487a7,1,0x6f539d134b64f706daf5eca6c00086078a893215,0x2df1c51e09aecf9cacb7bc98cb1742757f163df7,500.838492,deposit,4
475191884,2026-06-19T17:18:37Z,1781889517000,0x3692174306c3b4c7b304fd5df86da856e380e34eaa0a4b1a4fe533021e398288,3,0x2df1c51e09aecf9cacb7bc98cb1742757f163df7,0xaf085cfccc15e596640c3b007b74f677bdcf87be,25.35,withdraw,4
475192011,2026-06-19T17:19:09Z,1781889549000,0xed5f7f4ffa177198f9269421266c1e1109881da0ea062f9173d533577017b0f5,8,0x2df1c51e09aecf9cacb7bc98cb1742757f163df7,0x21f782d5ca010617ca9b367181f378bc9bd933d5,25.79,withdraw,4
475192011,2026-06-19T17:19:09Z,1781889549000,0xed5f7f4ffa177198f9269421266c1e1109881da0ea062f9173d533577017b0f5,10,0x2df1c51e09aecf9cacb7bc98cb1742757f163df7,0x308a48ca4018b7fe64b5118435bd3d2c5311fc6a,35.44,withdraw,4
475192196,2026-06-19T17:19:55Z,1781889595000,0xa08906e895a93e974cdf78d05471a0d761d6287a574b3041db0f75b2b5d26a28,0,0x2df1c51e09aecf9cacb7bc98cb1742757f163df7,0xdb726e8d06f19801e9aa8dc8fa4700f66ab2e57e,25.88,withdraw,4
475192257,2026-06-19T17:20:10Z,1781889610000,0x49f0f4e6dd56e0b4afc58a74aa44214042add010d291110a1b17b5da3b2628d3,2,0xf032648dfd22c4d81588bd83e09ab89cfe816705,0x2df1c51e09aecf9cacb7bc98cb1742757f163df7,1276.004874,deposit,4
475192306,2026-06-19T17:20:23Z,1781889623000,0x0f31b98f31b29d51943272f6b27ec05cb0561f44ee84fbecfe2222af78011046,0,0x2df1c51e09aecf9cacb7bc98cb1742757f163df7,0xf236de9d40ac103659c229ccaabf5e9787bb5fa1,2.52,withdraw,4
475192319,2026-06-19T17:20:26Z,1781889626000,0x84d04216da3cf270bfabc88597aedfa143f2e15b87c8d5cc332decc485172b3c,1,0x57a75cadfadbfc49c8d442a88e7ef2fb4c9e0d17,0x2df1c51e09aecf9cacb7bc98cb1742757f163df7,57.390489,deposit,4
475192427,2026-06-19T17:20:52Z,1781889652000,0xc3c766a23d04fa1ee46aab9bc5f042a46b0660772c71a414168b8aceedf9ac3a,7,0x26cc35e90b803f12575d7f1038f201e7b5e5c280,0x2df1c51e09aecf9cacb7bc98cb1742757f163df7,1995.153574,deposit,4
475192438,2026-06-19T17:20:55Z,1781889655000,0xf3a5afcda17420aa6f1a37be6e2edefb9d0d695c152e6dc3e81b1134c39a4674,9,0x8e3d5e109837c11ddd373d97c9b3e4d716f1423a,0x2df1c51e09aecf9cacb7bc98cb1742757f163df7,199999.8,deposit,4
475192523,2026-06-19T17:21:16Z,1781889676000,0xadc6c2c186cc5bf02c5c8aa768db7d59c8414d60a4dc6041ee981d0ee10e56d5,11,0xc8af92b217a65331741ef06c43777a8e58e228b4,0x2df1c51e09aecf9cacb7bc98cb1742757f163df7,984.809959,deposit,4
475192606,2026-06-19T17:21:37Z,1781889697000,0xb6c233027b5874bee68f5a036353c8bd0e86d266e6491a5b13b5ff83355efbbe,8,0x2df1c51e09aecf9cacb7bc98cb1742757f163df7,0x2f07813e7c89fbff20ad55b70579b58ee0e26890,25.97,withdraw,4
475192606,2026-06-19T17:21:37Z,1781889697000,0xb6c233027b5874bee68f5a036353c8bd0e86d266e6491a5b13b5ff83355efbbe,10,0x2df1c51e09aecf9cacb7bc98cb1742757f163df7,0x40ec06c075646fa94fef4ff256b191ee72057ec5,25.86,withdraw,4
475192693,2026-06-19T17:21:59Z,1781889719000,0x83547514536acb3e70d5efaa390f921bf0a8de95c922f97ab928c741fd0cedc7,7,0x8a6b4f5c3a6748c0f5c1a6205f9efd564eccd4fd,0x2df1c51e09aecf9cacb7bc98cb1742757f163df7,12.510417,deposit,4
475787727,2026-06-21T10:54:55Z,1782039295000,0x7141a50945be34a3d10eab47d80846327548599a9e1c73dd3fec59c51fc8f6e9,4,0x2df1c51e09aecf9cacb7bc98cb1742757f163df7,0x89eaed710f6166611cf1999593c83ca991034202,56.849655,withdraw,3
475787743,2026-06-21T10:54:59Z,1782039299000,0x1df4f6e59dc4ffca0cdea4e18ef98ce6cd8d9cb5a8e39abd93824b7b9fe3b785,9,0x186be827af8de937d12d76df49664c744e400fb1,0x2df1c51e09aecf9cacb7bc98cb1742757f163df7,5.141606,deposit,3
475787902,2026-06-21T10:55:39Z,1782039339000,0x2107ec0aa41cce172088bba12c827dcdee2edcecda4b155365bc1ca493764663,1,0x8816e3cc27e521e360b7f08cddb72d1906736668,0x2df1c51e09aecf9cacb7bc98cb1742757f163df7,995.0,deposit,3
475788219,2026-06-21T10:56:58Z,1782039418000,0xc728f52ec2e9a01d1495d8f7a1330cb1fe97536ed7a435cb01019cb297f96f1e,1,0xeb763dadc125bdf9480e849c58392dfb71cfdf58,0x2df1c51e09aecf9cacb7bc98cb1742757f163df7,170.1,deposit,3
475788924,2026-06-21T10:59:56Z,1782039596000,0x692db706699c8e6bb3cd654d18902766abf8c9f6392a79b685c0a40d93cb83cd,3,0x2df1c51e09aecf9cacb7bc98cb1742757f163df7,0xa28e600acf1330d2a0cda0bf6c5679a4995e3230,769.0,withdraw,3
475788943,2026-06-21T11:00:01Z,1782039601000,0x96cc746ada90f44c3b39a4e7c690e5e18498dda55b416bd2b3e39c1c1f2b0361,6,0xf472fb8754c25136c98a7517915d1921561b6edd,0x2df1c51e09aecf9cacb7bc98cb1742757f163df7,15.6658,deposit,3
475789115,2026-06-21T11:00:44Z,1782039644000,0x6e883a30c7ecf5451654c5da7664c0a6307eb48e4a55f7cda1bb42206af72902,6,0x2df1c51e09aecf9cacb7bc98cb1742757f163df7,0x1d49005cff544ee68e1c63a7854d3e05409103d9,39.24,withdraw,3
475789620,2026-06-21T11:02:51Z,1782039771000,0x55b7b6a3d42c651b49249d5e4ab2c53d21cef32296dd93636e4ee7c2644cfacf,1,0xce7dc98bfae4315a01836d54ff7db3c1500742a4,0x2df1c51e09aecf9cacb7bc98cb1742757f163df7,67.474781,deposit,3
475789738,2026-06-21T11:03:20Z,1782039800000,0xb23b03dd97a2240d75f15917169a94a3bd407c9e3067838138cd05f739b6caff,15,0x8ef46cf4eb852ca156eaf2b72f21f56c5b117ad9,0x2df1c51e09aecf9cacb7bc98cb1742757f163df7,24.803196,deposit,3
475789964,2026-06-21T11:04:17Z,1782039857000,0xed8ff55d981f17e12cb5d0c1ec7f08b097ebc4aec65837cca496eeb9488ff37c,2,0x0e1f407d219dc4f2b5d744d4fd964b8b8c28313a,0x2df1c51e09aecf9cacb7bc98cb1742757f163df7,1475.620775,deposit,3
475790222,2026-06-21T11:05:22Z,1782039922000,0xef631fb305f7c0fe4cc13ba33dc004e4770779556ea030a9fd660822ebe49409,2,0xaeff138d35f1dd205c550776bb82290d9f7e3aee,0x2df1c51e09aecf9cacb7bc98cb1742757f163df7,119.45,deposit,3
475790612,2026-06-21T11:07:00Z,1782040020000,0xd85e4eaf01febdf54947e0870651e7c55a628a1c1655735a8f4cea23bd607446,1,0x2df1c51e09aecf9cacb7bc98cb1742757f163df7,0x642ddea9a19cf9449ec29dbd60249e0209499940,14.0,withdraw,3
475790612,2026-06-21T11:07:00Z,1782040020000,0xd85e4eaf01febdf54947e0870651e7c55a628a1c1655735a8f4cea23bd607446,3,0x2df1c51e09aecf9cacb7bc98cb1742757f163df7,0x6842f4f11c49ecc9f90abb01dbdc5759d65ad153,2568.655286,withdraw,3
475790821,2026-06-21T11:07:52Z,1782040072000,0xe9a857fc8a89306a12b3a918954fe60f474f5d38f812f2ec3cb48c19b338c4be,6,0x2df1c51e09aecf9cacb7bc98cb1742757f163df7,0x2989fa27af3b0ee8d8d9da8fdece10cddb63a02f,887.286382,withdraw,3
475790828,2026-06-21T11:07:54Z,1782040074000,0x9962d828a15fdd6dcf6766a47205fc2b34937db2c92c1a3efa3a30c52c0cbd9e,6,0x68886e6dc72ef02a9f9b1b56dd2cdfbe414bea6d,0x2df1c51e09aecf9cacb7bc98cb1742757f163df7,20.0,deposit,3
475790898,2026-06-21T11:08:11Z,1782040091000,0x6cef271052de454ede9e79131356739566fbaa851f0c7cdda0326e63045a8e1e,3,0x2df1c51e09aecf9cacb7bc98cb1742757f163df7,0x4c3198c1d0c9c1446f9a60496751e4303faf9336,101.48,withdraw,3
475791115,2026-06-21T11:09:06Z,1782040146000,0xc3501054f8c32eea9ee071be1f2f639b9ced725903d5bedc516326fc8cff2455,1,0xfdb3df952731ca039b24cd4252516199d96a34d9,0x2df1c51e09aecf9cacb7bc98cb1742757f163df7,5.431272,deposit,3
475791371,2026-06-21T11:10:10Z,1782040210000,0x1a29d074e714b0ad919e018736951ebcc6ef700e20c4ed6d03e18cb05c4fa759,0,0x2df1c51e09aecf9cacb7bc98cb1742757f163df7,0x5b32155a04e84977fdb7764d4f448d06039af481,510.896266,withdraw,3
475791520,2026-06-21T11:10:47Z,1782040247000,0xb0a84c24f7d2486345e37f34d5898e8a8297f53bfb6942ec536e17897c1ac3f5,1,0xda62127a8adb24e0c0811d8c4c02da6d4381440d,0x2df1c51e09aecf9cacb7bc98cb1742757f163df7,299.195,deposit,3
475791579,2026-06-21T11:11:02Z,1782040262000,0x44a2775386c62c52f274dfa64641abf043ce97a240acabf6851c55a276b897e0,19,0x2df1c51e09aecf9cacb7bc98cb1742757f163df7,0x8fce5f156979a38da906deb7fd00f1aa204d48d7,45.6,withdraw,3
475791584,2026-06-21T11:11:03Z,1782040263000,0x463106fee27356903fd94e7749b9fa79dfe84692d8fca6b6510dc8e719c44e79,10,0x6022a986331c97cf362e9cbafa641de5d38f2e1b,0x2df1c51e09aecf9cacb7bc98cb1742757f163df7,161.38,deposit,3
475792056,2026-06-21T11:13:03Z,1782040383000,0xb2b8ff7282447b9e6de69d3c7cba2c8d13d647d8fd6d99298f1bbb2228f8d5d0,1,0xf42b1bac20db49b1ac3891345f066c68a46d1c67,0x2df1c51e09aecf9cacb7bc98cb1742757f163df7,10.305005,deposit,3
475792162,2026-06-21T11:13:30Z,1782040410000,0x5f758f1d5beda3b7fa906d0b19bd209cfc92612077cbd2b1abbdd067a3b7ca60,1,0xf472fb8754c25136c98a7517915d1921561b6edd,0x2df1c51e09aecf9cacb7bc98cb1742757f163df7,162.210277,deposit,3
475792307,2026-06-21T11:14:07Z,1782040447000,0x04b82c97a2da5775f332ad084aefb8ac4b0e3d735b870acf8914188965172f64,1,0x2df1c51e09aecf9cacb7bc98cb1742757f163df7,0x9e8079fbadaa0f5d59b9e5ee01d2ca01620fa812,57.7,withdraw,3
475792307,2026-06-21T11:14:07Z,1782040447000,0x04b82c97a2da5775f332ad084aefb8ac4b0e3d735b870acf8914188965172f64,3,0x2df1c51e09aecf9cacb7bc98cb1742757f163df7,0xaec2da49e7cb1e8c5d1931445bb11c78a0154f59,18.34,withdraw,3
475793071,2026-06-21T11:17:18Z,1782040638000,0xc71ea41c1a606842688c6b4ec224cd9b6512a8f55e46f0e959a0b9b2547f25b9,2,0x2df1c51e09aecf9cacb7bc98cb1742757f163df7,0x9e8079fbadaa0f5d59b9e5ee01d2ca01620fa812,151.45885,withdraw,3
475793401,2026-06-21T11:18:41Z,1782040721000,0xa7022e45e60c34cfa560973fd77e825fc446048830eb47b6937d3ff1dfb2f8f2,67,0x9696e33e5ab44a13125f0477345522b472018660,0x2df1c51e09aecf9cacb7bc98cb1742757f163df7,10.0,deposit,3
475793441,2026-06-21T11:18:51Z,1782040731000,0x0dc5f92195fd728581af222c6e550480247a4884ea2b553c75f49a175e81de03,11,0x2df1c51e09aecf9cacb7bc98cb1742757f163df7,0xf84c2e029078ac0b6df4b38e486457f5ca6703c0,9.3,withdraw,3
475793543,2026-06-21T11:19:17Z,1782040757000,0xa58eced0e990051f206009993ef11f784bcc31fab59c32b158ed20de9a1f8937,4,0x2df1c51e09aecf9cacb7bc98cb1742757f163df7,0x8c8534b7cef0756bb8c894a445b898e10191f2a8,2098.170509,withdraw,3
475793603,2026-06-21T11:19:32Z,1782040772000,0x921b36692d30e5f708f5559763240f197622b963f6d42683232836e7d225aa81,1,0x9696e33e5ab44a13125f0477345522b472018660,0x2df1c51e09aecf9cacb7bc98cb1742757f163df7,90.0,deposit,3
475793945,2026-06-21T11:20:58Z,1782040858000,0x92430015ede1255fae8d8bde822b39789b9c71c1dc0185a56dfe2d8889ca8d33,13,0x9d49b9102d179a1c08b9189a9577bde2db25ca66,0x2df1c51e09aecf9cacb7bc98cb1742757f163df7,10.0,deposit,3
475794296,2026-06-21T11:22:26Z,1782040946000,0xeefd0aab674f36baa7d75e04585a62c6cc6615ca445cecfd1eb5025e0b5b1907,9,0x2df1c51e09aecf9cacb7bc98cb1742757f163df7,0xca6dc39134d4c071c296e65cda573cb44fdb6008,35.57,withdraw,3
475794296,2026-06-21T11:22:26Z,1782040946000,0xeefd0aab674f36baa7d75e04585a62c6cc6615ca445cecfd1eb5025e0b5b1907,11,0x2df1c51e09aecf9cacb7bc98cb1742757f163df7,0x7725a7f2bb0e1c448d6fe361d53c840486ec6557,7406.0,withdraw,3
475794582,2026-06-21T11:23:38Z,1782041018000,0x079c89acb901f91b7d5fc95dabe5c29a13c964a858fcd84913653782d1c0f8d8,2,0x2df1c51e09aecf9cacb7bc98cb1742757f163df7,0x8c8534b7cef0756bb8c894a445b898e10191f2a8,2732.819938,withdraw,3
475794656,2026-06-21T11:23:56Z,1782041036000,0xb67e8dcdca3256eb959dd85924e8f19a377edee6632e4d3e2ed43e1789177bc1,9,0xeb763dadc125bdf9480e849c58392dfb71cfdf58,0x2df1c51e09aecf9cacb7bc98cb1742757f163df7,283.72,deposit,3
475794920,2026-06-21T11:25:03Z,1782041103000,0x442d17b425f59aba20db91a1d82de20b6368bd14921273a2ea0ca05cbabbf119,0,0xf032648dfd22c4d81588bd83e09ab89cfe816705,0x2df1c51e09aecf9cacb7bc98cb1742757f163df7,1213.241505,deposit,3
475794984,2026-06-21T11:25:19Z,1782041119000,0x41fe8e75d0269792ecf5b5a7b3e833260b2ac2ad8567fc6b511b85ba454c1a16,7,0x6b538013fb733e7425c9f255605f84e5fde0d7bc,0x2df1c51e09aecf9cacb7bc98cb1742757f163df7,5.0,deposit,3
475795090,2026-06-21T11:25:46Z,1782041146000,0x18dacb7bd244baf10ebb7c607cfc70aaf47e86b68ea8909de1d1b0cd7770dbb4,1,0x2df1c51e09aecf9cacb7bc98cb1742757f163df7,0x54fa27c054d2f34376bf5c8dbe1264739ee0cf4c,75.29,withdraw,3
475795529,2026-06-21T11:27:39Z,1782041259000,0x5b8ab330adf814c5cd85e7634626fc24852af16d9ee1d100802384cf9f5c3779,1,0xffc1c6ec1f3b3db9dfa7a2d38c2e55f5247277d9,0x2df1c51e09aecf9cacb7bc98cb1742757f163df7,50.0,deposit,3
475796219,2026-06-21T11:30:33Z,1782041433000,0x0804799041305d5631b2afa91a484bf101a434a5077f8c2de05460a9f8918f92,4,0xbc40d762a29f4b6b91ed855c4be32224f42902b5,0x2df1c51e09aecf9cacb7bc98cb1742757f163df7,337.094358,deposit,3
475796420,2026-06-21T11:31:24Z,1782041484000,0xa41373ada82a22243fc0132f2f7ed6867dfa8702503ca0fe0eb4e9493452f9c5,0,0x2df1c51e09aecf9cacb7bc98cb1742757f163df7,0x47dc23bf415ccb05559583195820e0f4972ef55e,999.0,withdraw,3
475797202,2026-06-21T11:34:41Z,1782041681000,0xb3dcab1dc172ae6cafafab214ac34e09551975adb48f11fba208b68654e79552,2,0x0c8429da0891fd0b8b1c0999623ff2a43e1b60b5,0x2df1c51e09aecf9cacb7bc98cb1742757f163df7,376.409247,deposit,3
475797202,2026-06-21T11:34:41Z,1782041681000,0xbf71e1624dcb1eab0baea9a67e0754958e93643fd603b8ad6f4add8a9321bd29,12,0x2df1c51e09aecf9cacb7bc98cb1742757f163df7,0x069d8b848296e9eda30740c898a2a8a2e09c7bcd,165.19,withdraw,3
475797249,2026-06-21T11:34:53Z,1782041693000,0x7a1e4ae07a0c83a6aee42b47da55d8f1c45cb1c12f552d8066f0be064219ca5d,0,0xa6faac82c6fe6b1d9a65d05ac0a3768a5f05b087,0x2df1c51e09aecf9cacb7bc98cb1742757f163df7,22.0,deposit,3
475797517,2026-06-21T11:36:00Z,1782041760000,0x1e18d63a4bccaf2b351229db1180c7931b25a96852b41a1cbbd31191246fe285,1,0xffc1c6ec1f3b3db9dfa7a2d38c2e55f5247277d9,0x2df1c51e09aecf9cacb7bc98cb1742757f163df7,4539.745114,deposit,3
475797683,2026-06-21T11:36:42Z,1782041802000,0x9a67501213f4e3fbe408cb40d84bc60148152232f642c13300a14440597b2c60,5,0x2df1c51e09aecf9cacb7bc98cb1742757f163df7,0xe01fd113494f36805618fb3c7bb930e4a8e70f60,526543.0,withdraw,3
475797917,2026-06-21T11:37:40Z,1782041860000,0x4a207116c6bd393e95b8ac69f9a2ad51e9455f62fc2a2ce01e4015ed3408483b,6,0x2df1c51e09aecf9cacb7bc98cb1742757f163df7,0x51f63885534cb494f4592a0311551f369bff2b39,63255.0,withdraw,3
475797978,2026-06-21T11:37:56Z,1782041876000,0xfc046c35c22d440fcd7380b37a2d663ab41423f10b35975fd420e4a2f7bcfee4,3,0x2a95a6c7f94320de07714b7b476b313a937e6dda,0x2df1c51e09aecf9cacb7bc98cb1742757f163df7,120.587334,deposit,3
475798078,2026-06-21T11:38:21Z,1782041901000,0x6a34dee3bc955f22384c629753e299278d8437a77d9452a975638939f4d5538f,3,0x2df1c51e09aecf9cacb7bc98cb1742757f163df7,0xf077c25fe54734e02067f46ee7a1d6598ee76f41,10.49,withdraw,3
475798078,2026-06-21T11:38:21Z,1782041901000,0x6a34dee3bc955f22384c629753e299278d8437a77d9452a975638939f4d5538f,5,0x2df1c51e09aecf9cacb7bc98cb1742757f163df7,0x378380dafd1d67a0cf50e9fe6204cd7251add453,24.57,withdraw,3
475798500,2026-06-21T11:40:07Z,1782042007000,0x55bc5b46aa3bf20b74983ca1f83fdd4d996857ebd52c98ce217422e4b7656aeb,138,0xf032648dfd22c4d81588bd83e09ab89cfe816705,0x2df1c51e09aecf9cacb7bc98cb1742757f163df7,1209.895165,deposit,3
475798657,2026-06-21T11:40:47Z,1782042047000,0xb11800a87ee847f007d5aea68d189d7a37f74ac1028606b40bb0b93adee76fee,1,0x5f4fcf9ca56ccdf52e07b6e48f02e23c2608df89,0x2df1c51e09aecf9cacb7bc98cb1742757f163df7,67.94,deposit,3
475798744,2026-06-21T11:41:09Z,1782042069000,0x3e39fafd1c767388c6c38bf6143b48150f9f1218c96f9c1dfb5fa187dd7a7bfa,1,0x28369214d6e04d7860418b6c19962fd838efb6a5,0x2df1c51e09aecf9cacb7bc98cb1742757f163df7,9.982014,deposit,3
475798753,2026-06-21T11:41:11Z,1782042071000,0x6a1b1bf777f3027faf8b4234ad8cdcd12a1270c61878feef05a9d8b9c7c16080,0,0x2df1c51e09aecf9cacb7bc98cb1742757f163df7,0xbd10511e7c83b9aca098b746e0cf95d9faaaf481,119.0,withdraw,3
475798995,2026-06-21T11:42:11Z,1782042131000,0x182bf1966f7ed948d46846523d51a5539150e94c6c8d5eda94f1a3f1cd3d89d1,7,0x74575508d7c5237377ff1d4ed55e45af6f163d69,0x2df1c51e09aecf9cacb7bc98cb1742757f163df7,332.68,deposit,3
475799069,2026-06-21T11:42:30Z,1782042150000,0xb7b3b7d1f2d690d3e1a4b67b600a58d70990cd1454e4937ac8aee90a33a0e94f,52,0x862b1fdc51e78f0dff315f66f3bb13f771dbe27d,0x2df1c51e09aecf9cacb7bc98cb1742757f163df7,24.037458,deposit,3
475799157,2026-06-21T11:42:52Z,1782042172000,0x77072c57d5e1138dc884ad8c03467a33fbaaee44cdef1b622189c45ec6eea0f6,0,0x2df1c51e09aecf9cacb7bc98cb1742757f163df7,0x74249ca577faf1d520506a4fcc27759d65346a5e,4.0,withdraw,3
475799265,2026-06-21T11:43:20Z,1782042200000,0x3a52d188e19b1af18d13d5389abdce80f608dc99fe91ffd3ddb8fb3a52dfcbc7,1,0x4ebfc9e1edc16b137419a3ab94207ce18dfdac51,0x2df1c51e09aecf9cacb7bc98cb1742757f163df7,13.655378,deposit,3
475799576,2026-06-21T11:44:39Z,1782042279000,0x0e28720336883e9dd621ee2adf7ad7c665e3054af1a30475fd2f758a889ef9b9,1,0x394c3667bc0bb67c2c3bbce7135625b8dfc700d6,0x2df1c51e09aecf9cacb7bc98cb1742757f163df7,57.849386,deposit,3
475799888,2026-06-21T11:45:58Z,1782042358000,0x8c8d586924a5452f2912b87d534d5254f0d8b699e97e4ea3ff19d193f582c5a1,14,0xebeb4c41ff2a4b4bc0d466881fea8b2b1ac6639b,0x2df1c51e09aecf9cacb7bc98cb1742757f163df7,23.951704,deposit,3
475800103,2026-06-21T11:46:53Z,1782042413000,0x0284867ccddf8de8ad66942756481482b4385260e121db9cdd829a69f963a999,1,0x2df1c51e09aecf9cacb7bc98cb1742757f163df7,0x6c1651d4235214947dae6f588251a4950a96bc6c,106.455,withdraw,3
475800184,2026-06-21T11:47:13Z,1782042433000,0x18859326eede4e34576d36bce70a11482abc5f06a67b18817f1f32a256532491,0,0x2df1c51e09aecf9cacb7bc98cb1742757f163df7,0x9f0793d5dc452867ae370c81c3252b73b4a5b1d6,6.789182,withdraw,3
475800184,2026-06-21T11:47:13Z,1782042433000,0x18859326eede4e34576d36bce70a11482abc5f06a67b18817f1f32a256532491,2,0x2df1c51e09aecf9cacb7bc98cb1742757f163df7,0x46fbe235a6027fac1a1722c0f32bfd0ac9f42e31,222.16,withdraw,3
475800303,2026-06-21T11:47:43Z,1782042463000,0xa2a6f4d4b41addad3fbc04610692439f82016384f1725a161ffd0b8ea62c955d,6,0xd9eae6078f0a9b3378b76e8b42e018ad7627f66b,0x2df1c51e09aecf9cacb7bc98cb1742757f163df7,5.304716,deposit,3
475800384,2026-06-21T11:48:03Z,1782042483000,0x1aad1dc138c3a9e85d112db65ee8eaff3185ef8fa2bb7f6eca0d7f3a61fdff4e,0,0x2df1c51e09aecf9cacb7bc98cb1742757f163df7,0xb50721bcf8d664c30412cfbc6cf7a15145234ad1,1.0,withdraw,3
475800563,2026-06-21T11:48:48Z,1782042528000,0x305ad1d59c8041750e387ad1e5796e8254597e05b229f32d67d8d581736918ce,0,0x2df1c51e09aecf9cacb7bc98cb1742757f163df7,0x74249ca577faf1d520506a4fcc27759d65346a5e,183.33,withdraw,3
475800669,2026-06-21T11:49:14Z,1782042554000,0x195d9ebb2c8b1a8bb957ed91a7ab370a809b2fd9a938e6d71e51d42d5d613d87,2,0xcbff71dfeeb004f3aad279b2b616ade8ca446980,0x2df1c51e09aecf9cacb7bc98cb1742757f163df7,100.45,deposit,3
475800777,2026-06-21T11:49:41Z,1782042581000,0x6d08234309a2f9769800701e65920d0a4c4d9026b681ddb7f0d741594f7ed2d9,0,0xed5c8e1eccc3fe2e622f6145bedb854b72f482a2,0x2df1c51e09aecf9cacb7bc98cb1742757f163df7,3423.884007,deposit,3
475800839,2026-06-21T11:49:57Z,1782042597000,0xd96651744c111438dfb1849db2810a16532bb9cc6a08aa8a45220d2951d44f45,1,0x2df1c51e09aecf9cacb7bc98cb1742757f163df7,0xc7dc5f0d152f3759b16b1e3437b070af91c3640b,66.87,withdraw,3
475801151,2026-06-21T11:51:16Z,1782042676000,0x0f79b1d44ef7b1cfc091c3cbdcc91aa2c694c87a056d59ca6cd4d821cb8af75d,3,0xf032648dfd22c4d81588bd83e09ab89cfe816705,0x2df1c51e09aecf9cacb7bc98cb1742757f163df7,855.182376,deposit,3
475801209,2026-06-21T11:51:30Z,1782042690000,0xe894840a2b353c5ff28923f3bbec36fb991c5d0bef510717d8aa243dbb2f7b32,0,0xf032648dfd22c4d81588bd83e09ab89cfe816705,0x2df1c51e09aecf9cacb7bc98cb1742757f163df7,1071.089035,deposit,3
475801359,2026-06-21T11:52:08Z,1782042728000,0xcd75b230503b9a91ecddd10811de16695e0f5ba47ea4c0e0aa9dc41c63872765,0,0x2df1c51e09aecf9cacb7bc98cb1742757f163df7,0xd9148f274e861105ab26805763cd087968fda4ce,109.76,withdraw,3
475801368,2026-06-21T11:52:10Z,1782042730000,0x286b9d98bfa75682ab4d3d1b4a9609e2a11c86280d02ed4c59e4243405e8fcfb,1,0x93118b28189317c7359ca22faa27b637605d08c7,0x2df1c51e09aecf9cacb7bc98cb1742757f163df7,10.464699,deposit,3
475801435,2026-06-21T11:52:27Z,1782042747000,0x8cb100b1fe1be6a2c2de7d6ffa58c5d4e0beb6eed63df004d8e8b0054a71efa0,0,0x2df1c51e09aecf9cacb7bc98cb1742757f163df7,0x8000a67df3a1e0930e5e952db079e56719463252,327.02,withdraw,3
475801808,2026-06-21T11:54:01Z,1782042841000,0x27025676111da11a692656421ef367380060ebbf54f677861c10b007b0c660fe,5,0x2df1c51e09aecf9cacb7bc98cb1742757f163df7,0x16db4deda2b84e2bed126eb3299faab0c4d53ca9,121.363497,withdraw,3
475801884,2026-06-21T11:54:19Z,1782042859000,0xeee4e98425626c3f760e6f91cc49e45cf0b87817b59f37841d41ef5f3bd8b736,2,0x281354062fa932086890a6bbf7dff7d0a67d220f,0x2df1c51e09aecf9cacb7bc98cb1742757f163df7,3999.96,deposit,3
475801972,2026-06-21T11:54:42Z,1782042882000,0x8a574b9800a57c458aad104ff44a73462cc6a15abf5bf4349627c9e9343697b5,26,0xbde55cad8a78ec1c4dcc71f8ac1b2c2fb8c14291,0x2df1c51e09aecf9cacb7bc98cb1742757f163df7,999.996512,deposit,3
475802180,2026-06-21T11:55:34Z,1782042934000,0x8b1296d257b4b45a630893f06bb1481d5c2f681e9cdedc3ff06d482bf2583a18,2,0xc264545867dc7aaab9e82f867108ed192a29ad05,0x2df1c51e09aecf9cacb7bc98cb1742757f163df7,5000.0,deposit,3
475802247,2026-06-21T11:55:51Z,1782042951000,0x43e4d698caf253679b42647cb6615e44ec1ea45ed5a60b0bbd64d6f9fd627ad2,12,0x2df1c51e09aecf9cacb7bc98cb1742757f163df7,0xc3a1a39362fbf5f545ca8794399eff714a6d5184,6.46,withdraw,3
475802298,2026-06-21T11:56:04Z,1782042964000,0x76bf7b60d28651f2899d3c5c708bb76192e3bba4751d230f79cdf6260bec38a4,1,0xde9050488881630f42ee3255e2e0e5f45f908975,0x2df1c51e09aecf9cacb7bc98cb1742757f163df7,11.98101,deposit,3
475802330,2026-06-21T11:56:12Z,1782042972000,0xac6e62ea391385cfd98726aa375226d9e099d887d55ee53a82f2d1a37e62cc4a,6,0x2df1c51e09aecf9cacb7bc98cb1742757f163df7,0xc6b3c1c712192243c881fb78e7da732dc7aa0ae3,11.39,withdraw,3
475802330,2026-06-21T11:56:12Z,1782042972000,0xac6e62ea391385cfd98726aa375226d9e099d887d55ee53a82f2d1a37e62cc4a,8,0x2df1c51e09aecf9cacb7bc98cb1742757f163df7,0x54d2e40924d71f5e3c2941b662e9736b98f0f3dc,199.0,withdraw,3
475802913,2026-06-21T11:58:41Z,1782043121000,0x89db379582dc3ff44f11f4fc0c061e61367f77c2f7ba7f176165bdc7da28d060,0,0x2df1c51e09aecf9cacb7bc98cb1742757f163df7,0x609fa0204c6225105ee218e36ec0858b8f4d8330,1.0,withdraw,3
475803079,2026-06-21T11:59:23Z,1782043163000,0xa1f6f2486d3d8b9fdbb26bb5677788095248684f9017304e4e22245ba580cf82,3,0x63e6d534cdab7f2019f2ac2da1de53a54f37d6cc,0x2df1c51e09aecf9cacb7bc98cb1742757f163df7,20.6,deposit,3
475803142,2026-06-21T11:59:39Z,1782043179000,0x0489c7a9283722fdb6a87d681f4c2f5de921c23c24bd61ad198d969b209c7891,0,0x2df1c51e09aecf9cacb7bc98cb1742757f163df7,0x8c8534b7cef0756bb8c894a445b898e10191f2a8,3565.323084,withdraw,3
475803215,2026-06-21T11:59:57Z,1782043197000,0xf517ab7280852556f2e5f3376509a6213efa221d6b1179273b2b4f9110d766b3,0,0x2df1c51e09aecf9cacb7bc98cb1742757f163df7,0x62e5c081cfca4ee395ca81a522cc5abe9fd0006f,9.0,withdraw,3
475803325,2026-06-21T12:00:25Z,1782043225000,0x3962f5934f8a15e3cdd8c9d78fff34eea6a5bb68d8a4b41095efcff9f20485a5,0,0x2df1c51e09aecf9cacb7bc98cb1742757f163df7,0x392032983e7f98e71b20c0078ce300cd552b9a49,7.95,withdraw,3
475803379,2026-06-21T12:00:38Z,1782043238000,0x09a2a3e99bf5dcfeda8d32b8ae9ae0a723d751f9bc41de04f01e275f3b5ca673,1,0x63e6d534cdab7f2019f2ac2da1de53a54f37d6cc,0x2df1c51e09aecf9cacb7bc98cb1742757f163df7,80.08763,deposit,3
475803475,2026-06-21T12:01:02Z,1782043262000,0x58b079a0512330e5df008f10b133f18f253d03b22b80d9637585d6c0f6f01f05,0,0x9ed2e98f2d296941577365f4829e1d7ea6e5f04c,0x2df1c51e09aecf9cacb7bc98cb1742757f163df7,19.96904,deposit,3
475803535,2026-06-21T12:01:17Z,1782043277000,0xd5ac56f893d4f4ba1997c35751e773e6741bae824cfbe1b5f671652b2ed2a6ac,4,0x2df1c51e09aecf9cacb7bc98cb1742757f163df7,0x7725a7f2bb0e1c448d6fe361d53c840486ec6557,2698.0,withdraw,3
475803668,2026-06-21T12:01:51Z,1782043311000,0x4907babf14ab79e832948d7b25ec32b5ee0d4382ee2e6fccbdcf4616f0a09d48,5,0xcba0db4a8d4362b07ecf45989e25f0d5442634cd,0x2df1c51e09aecf9cacb7bc98cb1742757f163df7,2307.004413,deposit,3
475803731,2026-06-21T12:02:07Z,1782043327000,0xd006a5d73691f1bebe227d2061e47efe14dba58786fa456cd6a9b5c1facc0359,13,0x2df1c51e09aecf9cacb7bc98cb1742757f163df7,0x682a9a582e53640bf0294c3ae71dde944f2bfc49,923.377887,withdraw,3
475803916,2026-06-21T12:02:54Z,1782043374000,0x0cf4404f99811055f4145307bb3b0aa3e17655c5e92a1699801400028e78deb8,0,0x2df1c51e09aecf9cacb7bc98cb1742757f163df7,0x2d4ca9fdd072dceddea123f0d414f42169e38b8b,7.353,withdraw,3
475803916,2026-06-21T12:02:54Z,1782043374000,0x0cf4404f99811055f4145307bb3b0aa3e17655c5e92a1699801400028e78deb8,2,0x2df1c51e09aecf9cacb7bc98cb1742757f163df7,0xcc9b88aed1445786571f083625606eec9cd7c095,27.56,withdraw,3
475804234,2026-06-21T12:04:14Z,1782043454000,0xd8101114605ac9126534d7af9d0e0a97c758c82b2b440c1d52f945da905a400d,5,0xb942dca94988552a0669882934959eeabd89924c,0x2df1c51e09aecf9cacb7bc98cb1742757f163df7,99.0,deposit,3
475804272,2026-06-21T12:04:24Z,1782043464000,0x672964c3f6655955e4569efcb6190c8ed74eb45a71a1af3a7aa7fd27382a3e7c,0,0x2df1c51e09aecf9cacb7bc98cb1742757f163df7,0x37d5357e6f1c428fc6d46aadfb28615814f0cebd,0.5,withdraw,3
475804332,2026-06-21T12:04:39Z,1782043479000,0x751ae64a2e90ff2d829fb595c9f4d2619ce43995ece5d32ca42969c1353a4ac4,2,0x63482bab23efde6c9144ebcdf50cd690bd42eb09,0x2df1c51e09aecf9cacb7bc98cb1742757f163df7,58.279532,deposit,3
475804377,2026-06-21T12:04:50Z,1782043490000,0xcac862e6efd416fe60afa6512107d469d8f45d6364cd3fa315829c0f7049c99e,0,0x2df1c51e09aecf9cacb7bc98cb1742757f163df7,0x1246a887683214d39ee735a522bd393a5ff3c71f,114.64,withdraw,3
475804576,2026-06-21T12:05:40Z,1782043540000,0xe5e5c1ceb7f961be3afcc6cb98ec34f23280ce01c67c5d92d439eb86c29bbdf6,0,0x2df1c51e09aecf9cacb7bc98cb1742757f163df7,0x70454850de763a264aec5dc4f7477416242db9fa,184.65,withdraw,3
475804576,2026-06-21T12:05:40Z,1782043540000,0xe5e5c1ceb7f961be3afcc6cb98ec34f23280ce01c67c5d92d439eb86c29bbdf6,2,0x2df1c51e09aecf9cacb7bc98cb1742757f163df7,0x609fa0204c6225105ee218e36ec0858b8f4d8330,1.0,withdraw,3
475804619,2026-06-21T12:05:51Z,1782043551000,0x952aa6dd966caa9f9efd1ab063c24120cffc766dbde322881fc05a0c0c6f705d,2,0x9b6e700dfaa523686913c3a4285b029805534722,0x2df1c51e09aecf9cacb7bc98cb1742757f163df7,667.8,deposit,3
475804747,2026-06-21T12:06:23Z,1782043583000,0xecf92f2172255890c2bb304d2e6732cdcec30b659f9fb1da56f54712a5b97382,0,0x2df1c51e09aecf9cacb7bc98cb1742757f163df7,0x45f3b9b320af36dc78141d860e590e9f20e01137,4255.97,withdraw,3
475804769,2026-06-21T12:06:29Z,1782043589000,0x7ff91df27e87c0e6e14bc797105ea3291798e62fc42860bf3c6a77a3677c8940,16,0x019944f63830b4814b187cfcda3566aaa6f0d2df,0x2df1c51e09aecf9cacb7bc98cb1742757f163df7,43.63011,deposit,3
475804847,2026-06-21T12:06:48Z,1782043608000,0x794dbf1a89acbb71ea6a74089a05c9d82b4d97042bd791a4913a58052f0197ad,3,0x2df1c51e09aecf9cacb7bc98cb1742757f163df7,0x7725a7f2bb0e1c448d6fe361d53c840486ec6557,481.0,withdraw,3
475804847,2026-06-21T12:06:48Z,1782043608000,0x794dbf1a89acbb71ea6a74089a05c9d82b4d97042bd791a4913a58052f0197ad,5,0x2df1c51e09aecf9cacb7bc98cb1742757f163df7,0x946a1218013613d866ae6b65e194dad96ca8124b,2000.194404,withdraw,3
475805049,2026-06-21T12:07:38Z,1782043658000,0x6b4a92e0a61145e3489ad3450fd6107b7f2f954dc1dc8c440fd3bf8fd168c353,1,0xe65b6a812b558c79f388917c1b5036e6c89f3d28,0x2df1c51e09aecf9cacb7bc98cb1742757f163df7,999.8,deposit,3
475805240,2026-06-21T12:08:26Z,1782043706000,0xfc0464a1373a5ab37ef52020880425b97a8dcad12340807280cfff7167b06633,1,0xeba4999748358ec1c4e3a81b4441c37c68b5e58f,0x2df1c51e09aecf9cacb7bc98cb1742757f163df7,15.079916,deposit,3
475805297,2026-06-21T12:08:41Z,1782043721000,0xfa99e7d12316fd7d2b862ebe095f86e3a5e749d6fd9f39420e03477c11c1a470,1,0x78357509cc8277bf676c563fd0f99b80a1065adc,0x2df1c51e09aecf9cacb7bc98cb1742757f163df7,1669.280422,deposit,3
475805363,2026-06-21T12:08:57Z,1782043737000,0x1a69201d9320bf75bcb6ad46c66928f02212ff6c911d7cc9bc9dd4d1dea5342e,3,0x2df1c51e09aecf9cacb7bc98cb1742757f163df7,0xe7a8432ab49121c7284da787fb3b76b44064e445,99.45,withdraw,3
475805458,2026-06-21T12:09:21Z,1782043761000,0x8c1051e82eaa832964305774b7afdbbe6b26aeb8ca659a7b10d108d986b649c2,2,0x2df1c51e09aecf9cacb7bc98cb1742757f163df7,0x37d5357e6f1c428fc6d46aadfb28615814f0cebd,53.73,withdraw,3
475805539,2026-06-21T12:09:42Z,1782043782000,0x23d291eeb3bcc1a0a0200884adb2bcf6870281bc25173afd829079026fc38759,96,0xe7a8432ab49121c7284da787fb3b76b44064e445,0x2df1c51e09aecf9cacb7bc98cb1742757f163df7,100.5,deposit,3
475805841,2026-06-21T12:10:58Z,1782043858000,0xb11bba85723c61536d8b033de6aee2360c9422f14ff7fd707253a984de5b8120,1,0x485b22c605e46454068e5ae22f57fa638eb960b5,0x2df1c51e09aecf9cacb7bc98cb1742757f163df7,184.036452,deposit,3
475805920,2026-06-21T12:11:18Z,1782043878000,0xacd2ed6f1cd6e5a641fc01d14573ac30f3b85cc2273a9920b5a6d6ea8aff2537,3,0x73de899a62531e4247dbb6ddec9b2ceeb4f60c25,0x2df1c51e09aecf9cacb7bc98cb1742757f163df7,11.0,deposit,3
475806244,2026-06-21T12:12:39Z,1782043959000,0xedeae116623c763119b4655713d6f93337202fd86ce14d318188eaaf2f860dc3,13,0x2b3ccdec54900f3bfd9848285c1467a8b1794599,0x2df1c51e09aecf9cacb7bc98cb1742757f163df7,299.8,deposit,3
475806313,2026-06-21T12:12:57Z,1782043977000,0xae7093741fbb74c9b0f08eae74ffa1d704dcb2fdd0c259bca420c656824d0335,2,0x42d5c6963bb8280bce4a242ea19e569eead34303,0x2df1c51e09aecf9cacb7bc98cb1742757f163df7,169.051558,deposit,3
475806490,2026-06-21T12:13:41Z,1782044021000,0xcbb80cce6a47953c6ee139cba7b2bbc14c30d089bdb3bf24c914c408038cf33f,0,0x2df1c51e09aecf9cacb7bc98cb1742757f163df7,0x85cb4073045ea6e2ff1d8e58a5a84d99ae7bfbc5,385.055,withdraw,3
475806516,2026-06-21T12:13:47Z,1782044027000,0xdd3c21c74e850ebc06133dd6441ac0419abced5725e83cf52fe2b73a3819990e,1,0xb9837ed0f1d7a331310edae1162bc1ce0f7acdaf,0x2df1c51e09aecf9cacb7bc98cb1742757f163df7,21.87249,deposit,3
475806550,2026-06-21T12:13:56Z,1782044036000,0x3f8109342583b81d051cc05d1e6433834479971ee67d550c5022a95ccbcfdc42,1,0xe65b6a812b558c79f388917c1b5036e6c89f3d28,0x2df1c51e09aecf9cacb7bc98cb1742757f163df7,25473.438702,deposit,3
475806756,2026-06-21T12:14:47Z,1782044087000,0xe2572768840cd79961382ae4b3c6e8e4e6650356653ca9d6ca612df29fbb7306,5,0x2df1c51e09aecf9cacb7bc98cb1742757f163df7,0x6e9033eee64b3e4ba99a5244007de98b1afec44d,85.38,withdraw,3
475806949,2026-06-21T12:15:36Z,1782044136000,0x8d2f588da44e700182904effc4205a060e0151489c25aaa0289049e52c181ec4,75,0x585d9e84e90a6d57b8bf41ccc6e6aac6bb07e3af,0x2df1c51e09aecf9cacb7bc98cb1742757f163df7,400.0,deposit,3
475806961,2026-06-21T12:15:39Z,1782044139000,0x35d6ea12ad7d974372a23a7851bd16d07daaa062613df6070678d2ace3aa445b,0,0x2df1c51e09aecf9cacb7bc98cb1742757f163df7,0x3fb5d3894c4392152a839f4b13c5a88023c9224e,100.56,withdraw,3
475806975,2026-06-21T12:15:42Z,1782044142000,0xd85bf34a8ef3f2a191e600d2e67aba6e7e1ab62ebd4312ba4bd59e86de0223f0,4,0xf84de89f82721c3f5e945780bb5d0602fb7a32af,0x2df1c51e09aecf9cacb7bc98cb1742757f163df7,20.0,deposit,3
475806977,2026-06-21T12:15:43Z,1782044143000,0x12b829a01a4f17f6ae3ed862ad8be7048254355a92afe8ba4c89694b290bd82e,1,0xd59b1daa0ac043e86dff9569688a977ce370f765,0x2df1c51e09aecf9cacb7bc98cb1742757f163df7,130.0,deposit,3
475807323,2026-06-21T12:17:09Z,1782044229000,0x32e349e1721b84b62545b00f934a11c9085f7cff637bfccd1058409903f09a2d,0,0x2df1c51e09aecf9cacb7bc98cb1742757f163df7,0xde9050488881630f42ee3255e2e0e5f45f908975,10.98,withdraw,3
475807323,2026-06-21T12:17:09Z,1782044229000,0x32e349e1721b84b62545b00f934a11c9085f7cff637bfccd1058409903f09a2d,2,0x2df1c51e09aecf9cacb7bc98cb1742757f163df7,0x7725a7f2bb0e1c448d6fe361d53c840486ec6557,3889.0,withdraw,3
475807434,2026-06-21T12:17:37Z,1782044257000,0xce13c59bd0bd8daeefff9dbf1ef0bf51e7f7ab411c953dcbd48471a0c5612f02,5,0x2df1c51e09aecf9cacb7bc98cb1742757f163df7,0x4b1c09fa8322548360a76a3747e32a60a864bc38,30380.0,withdraw,3
475807434,2026-06-21T12:17:37Z,1782044257000,0xce13c59bd0bd8daeefff9dbf1ef0bf51e7f7ab411c953dcbd48471a0c5612f02,7,0x2df1c51e09aecf9cacb7bc98cb1742757f163df7,0x51f63885534cb494f4592a0311551f369bff2b39,35260.0,withdraw,3
475807436,2026-06-21T12:17:38Z,1782044258000,0xd1ce857d48542ef80c7ffd2e8fe708e681dfe5ffcfdda91385118426b09c7abb,4,0xd6a2593905a52de06410d545165f03c9db17865e,0x2df1c51e09aecf9cacb7bc98cb1742757f163df7,19.976519,deposit,3
475807508,2026-06-21T12:17:56Z,1782044276000,0xbd077318fbcf981e307f1699f2a8beda9d79bf592a555a6bc6ed981727dcf675,14,0x2df1c51e09aecf9cacb7bc98cb1742757f163df7,0x9ed2e98f2d296941577365f4829e1d7ea6e5f04c,18.871545,withdraw,3
475807519,2026-06-21T12:17:58Z,1782044278000,0x40eeba0c986e12e8a0fd080d8b9f80e66fa9f6cad5b2cffe35ac2300b9c141bb,1,0xcd1576b8d9f2f05c09b616b573856e9734536b5d,0x2df1c51e09aecf9cacb7bc98cb1742757f163df7,340.0,deposit,3
475807682,2026-06-21T12:18:39Z,1782044319000,0x75eebb3d8d81ba65a11ebef2d88c95e83dcbae2e80e9a484cc84b9c72144bb37,8,0x42d5c6963bb8280bce4a242ea19e569eead34303,0x2df1c51e09aecf9cacb7bc98cb1742757f163df7,40.980061,deposit,3
475808006,2026-06-21T12:19:59Z,1782044399000,0x9e018f97e313737d29e5d807afccbc6737923aa498a1098c8a97ab83e1a95f38,8,0x7df26d25c6ad12351ab33a08d343f82e1249bb01,0x2df1c51e09aecf9cacb7bc98cb1742757f163df7,6.0,deposit,3
475808022,2026-06-21T12:20:03Z,1782044403000,0x6775039c27c1fd04ce3241ba9d8d63c7fb7783a8a6203c98f60bf7be48e0dd95,6,0xf032648dfd22c4d81588bd83e09ab89cfe816705,0x2df1c51e09aecf9cacb7bc98cb1742757f163df7,685.975922,deposit,3
475808445,2026-06-21T12:21:50Z,1782044510000,0x65923e958527fcd6c754e14d266fde515fcc0a479c8989af3b28a966d0393d56,1,0xdf40f221a98c6e6110af6c04d00a6b51bc7395b9,0x2df1c51e09aecf9cacb7bc98cb1742757f163df7,11.0,deposit,3
475808513,2026-06-21T12:22:07Z,1782044527000,0x7877f8615fe65f3451e0e71695b3287f54feb4dea497817221f833d07e7bd313,0,0x2df1c51e09aecf9cacb7bc98cb1742757f163df7,0x2f01afc9f9437c4fcb8f2e8612c57bf522bcc81d,20025.8,withdraw,3
475808675,2026-06-21T12:22:47Z,1782044567000,0xcc1a43a8eaa0e3bd52787b220edd160f44707a0a20d93868e1f1c5c1996608a8,15,0x2df1c51e09aecf9cacb7bc98cb1742757f163df7,0x7725a7f2bb0e1c448d6fe361d53c840486ec6557,20342.0,withdraw,3
475808686,2026-06-21T12:22:50Z,1782044570000,0xd411f7f6a3576fc4ea76b857cd7d87c705f11bbf73c8c824438835bc75258403,0,0xc01832af3c08ad7c3b253bdf1878eb50210db76e,0x2df1c51e09aecf9cacb7bc98cb1742757f163df7,7.0,deposit,3
475808952,2026-06-21T12:23:57Z,1782044637000,0x748db4b787518bcf039e656642ca0ad66c7d16aa3e0cb556c4b5fa72654667ee,1,0x6c82879a63384f09f43a7600059b43cfc45a0f20,0x2df1c51e09aecf9cacb7bc98cb1742757f163df7,1492.681526,deposit,3
475809071,2026-06-21T12:24:26Z,1782044666000,0x98781b8a507d1b72e784235797aeb5b3ea7d96a131f7bf5492d479722332d36e,8,0x9696e33e5ab44a13125f0477345522b472018660,0x2df1c51e09aecf9cacb7bc98cb1742757f163df7,1900.0,deposit,3
475809093,2026-06-21T12:24:32Z,1782044672000,0x89f2f8179ef4bc3f94f8dbf89b9a7c787ce2b66c7188d165895fd703107c83f0,0,0x8e3d5e109837c11ddd373d97c9b3e4d716f1423a,0x2df1c51e09aecf9cacb7bc98cb1742757f163df7,219999.8,deposit,3
475809205,2026-06-21T12:25:00Z,1782044700000,0x0587939278feff8d5b5a657864712699a7940f6f420897c6e9167c7c3a73aaab,3,0x33be53da097bb451999d2e9a2b979ede366f42ac,0x2df1c51e09aecf9cacb7bc98cb1742757f163df7,6.0,deposit,3
475809254,2026-06-21T12:25:12Z,1782044712000,0xf07fb77ea3703c7c82ec92086f25dfea5c0dc60bf3397d70aafe164b1c830516,7,0xdf40f221a98c6e6110af6c04d00a6b51bc7395b9,0x2df1c51e09aecf9cacb7bc98cb1742757f163df7,89.057904,deposit,3
475809330,2026-06-21T12:25:31Z,1782044731000,0xc85e4510a9c64e1380d40fbef11b3a1ebd61dc89223c32ffaa62bf8e1e5418d1,1,0xb4300edcb867f45c1a15dc83c2b1d95936eb9287,0x2df1c51e09aecf9cacb7bc98cb1742757f163df7,2030.944632,deposit,3
475809357,2026-06-21T12:25:38Z,1782044738000,0xc453ce33410cb7eb7e9c7a931b909ead19e951deb888ac527e863eb4d5f2df09,0,0x2df1c51e09aecf9cacb7bc98cb1742757f163df7,0x2454e29d139de0511bf456faec8ccbe08cf01144,384.0,withdraw,3
475809414,2026-06-21T12:25:52Z,1782044752000,0x5103af127f8775389c0c51853140f8a14b4195c63248762dd2eadbed5cd8d371,2,0xaaf287e1617703fadd7c18d6530d4d771d301a1c,0x2df1c51e09aecf9cacb7bc98cb1742757f163df7,50.0,deposit,3
475809429,2026-06-21T12:25:56Z,1782044756000,0xa638cc813be95dcfcc2df484a64888a126f968cabe153b234b7cfbb9eed07b2c,1,0xd7bc4e1db0b64e01305c4d399533e072a2b05aea,0x2df1c51e09aecf9cacb7bc98cb1742757f163df7,199.004183,deposit,3
475809584,2026-06-21T12:26:34Z,1782044794000,0x125c4f0df805fd52150ba8245e6d04094f4cbbe54fbdb621dc258fe363423b36,5,0xa8ae6b554e7d10cdf1301d97e7652d2f195279d4,0x2df1c51e09aecf9cacb7bc98cb1742757f163df7,10.0,deposit,3
475809605,2026-06-21T12:26:39Z,1782044799000,0x4fb904360932e2d044ac3d7b263006709f485115fcd53528712239bd1c9157e7,16,0xc264545867dc7aaab9e82f867108ed192a29ad05,0x2df1c51e09aecf9cacb7bc98cb1742757f163df7,13000.0,deposit,3
475809631,2026-06-21T12:26:46Z,1782044806000,0x41babbbbf395804a62213acdb70328fc735936c7b483e6e6c4faa1b2eec61359,1,0x3fc45f823e425dc19a5edbd93a2bdb9d3e04dba0,0x2df1c51e09aecf9cacb7bc98cb1742757f163df7,344.78,deposit,3
475809648,2026-06-21T12:26:50Z,1782044810000,0x07845090d530c6e853baef3167afba79efaa9b046a1202bfd97d897864956204,3,0x2df1c51e09aecf9cacb7bc98cb1742757f163df7,0xd2caecc048bfa396a14c7df70a359976f0d6f805,27.84,withdraw,3
475809746,2026-06-21T12:27:15Z,1782044835000,0xa47cb2cd8b8b9cf74943ab7617ef998a09420ce107d40e1d5a501b5c1693a32a,0,0x2df1c51e09aecf9cacb7bc98cb1742757f163df7,0x781e95fdc049433565cf8e05265361b8402196b7,62378.0,withdraw,3
475809854,2026-06-21T12:27:42Z,1782044862000,0x23c82cba42639ca548867f9287be187834f8852e1bff04e9098de4dbb090b3b9,0,0x2df1c51e09aecf9cacb7bc98cb1742757f163df7,0x51f63885534cb494f4592a0311551f369bff2b39,67409.0,withdraw,3
475809974,2026-06-21T12:28:12Z,1782044892000,0xd43bb656d388d238b0425f11742ea22507c3e02e5cb712a09aeee2e908ddcde8,4,0xf37879b992b080a405bcf59c5712f209a1759d2b,0x2df1c51e09aecf9cacb7bc98cb1742757f163df7,299.1067,deposit,3
475810010,2026-06-21T12:28:21Z,1782044901000,0x1cefa0df8fe23b7bf249473e822f8a9007df0fe2a6d82f3d9b54d11e0e9c07b0,0,0x60fa18cf3e91fef8b0343905b9f94125fde90db9,0x2df1c51e09aecf9cacb7bc98cb1742757f163df7,5.0,deposit,3
475810239,2026-06-21T12:29:18Z,1782044958000,0x2c073ae7f5264735d5a2899b1854f55307d10be4c49505151c7f2f5a4b683df2,1,0x7aac97afefcce4e2745d7e8fadbdc0867e47ea44,0x2df1c51e09aecf9cacb7bc98cb1742757f163df7,11.0,deposit,3
475810278,2026-06-21T12:29:28Z,1782044968000,0x794aac5c3ec180d784ec0c3c17f408f720a9b9fe735f62782b109523facab979,2,0xf28e64ca7cf553493c93cd02c16bda98b6b61796,0x2df1c51e09aecf9cacb7bc98cb1742757f163df7,19.0,deposit,3
475810330,2026-06-21T12:29:41Z,1782044981000,0xb2578b10477ff8e2367a66d5bd4e2e9e78c712df370b4eabf37e8ac249a36b08,7,0x2df1c51e09aecf9cacb7bc98cb1742757f163df7,0xdc3529ae55d013ecb89d1a17b03a0949348ffbce,185.88,withdraw,3
475810393,2026-06-21T12:29:57Z,1782044997000,0xb90b4c094d416ce6a7717b3f7772c88a68e393a5686592b55153d3c7b33d2cfa,1,0x5e93e75b09d59b8ffa6f3ec2940bd607c7d8af7b,0x2df1c51e09aecf9cacb7bc98cb1742757f163df7,19.0,deposit,3
475810445,2026-06-21T12:30:10Z,1782045010000,0x9ea02fe0e576a20f250613ea105f5e9e8ee24af0a91218fa6c2a4021b2733072,1,0x868a986a2add8cd865777c9754bafce1ed696870,0x2df1c51e09aecf9cacb7bc98cb1742757f163df7,26.618799,deposit,3
475810455,2026-06-21T12:30:12Z,1782045012000,0x2d5ac6d81f3afe6cbe44039e894cc2cd25af22d79edbaeab1ba25c649cf9acfd,2,0xfc701aef508b8e09a0fbb420de3ea272639b3c9e,0x2df1c51e09aecf9cacb7bc98cb1742757f163df7,164.330334,deposit,3
475810718,2026-06-21T12:31:18Z,1782045078000,0xe6125e8c5f32cb04443b35f59ea869336672fc8bc3cbccf01a84412148594b47,0,0x2df1c51e09aecf9cacb7bc98cb1742757f163df7,0x1a3a9c8a2438b4453d60d63c336d03eafc986478,99.0,withdraw,3
475810883,2026-06-21T12:32:00Z,1782045120000,0x0df2428c0ccc4c8b0a44ba2977adae8fbcac6e78afce42ca819a0e2e4bd213ef,2,0xb001b94167d0c422a9ab503c2d07056b68b7e6cd,0x2df1c51e09aecf9cacb7bc98cb1742757f163df7,149.357212,deposit,3
475810895,2026-06-21T12:32:03Z,1782045123000,0x9175bf70fb9e64134abcf447b195f59c16672543b2655106cd23ef0a6e9a0314,2,0x428babced19064beece58b8a252e3f17aac2a817,0x2df1c51e09aecf9cacb7bc98cb1742757f163df7,249999.8,deposit,3
475810919,2026-06-21T12:32:09Z,1782045129000,0x6e804f8ec60327e7adf0ec4db84682907c2258a730c4dace92be210f61bbd82a,6,0x2df1c51e09aecf9cacb7bc98cb1742757f163df7,0xe34228d69a6004ec7f218601da29d37c9ecc0a14,46.0783,withdraw,3
475811266,2026-06-21T12:33:34Z,1782045214000,0xe85a7588b1f4729e156133d57274942ee37bf71e3fe1ab684f19fcf11f046a38,12,0x912500ffadc00c6b84f0da6acd4433f67d973444,0x2df1c51e09aecf9cacb7bc98cb1742757f163df7,17720.786753,deposit,3
475811279,2026-06-21T12:33:38Z,1782045218000,0xdd32be1a31c99ff87b7138c102f17dbda283724e23ce902e822df3d7cef9846f,11,0xddaa5d2a73794f236dea9f2689c348a96888c402,0x2df1c51e09aecf9cacb7bc98cb1742757f163df7,25.262152,deposit,3
475811369,2026-06-21T12:34:00Z,1782045240000,0x6fe2ca2aba81f98c2a7d14393fa946454e0dcea7373c334370d5b2ffec2d462c,10,0xc264545867dc7aaab9e82f867108ed192a29ad05,0x2df1c51e09aecf9cacb7bc98cb1742757f163df7,20000.0,deposit,3
475811524,2026-06-21T12:34:39Z,1782045279000,0x625f4ba61111e65a7bb5bee2df62eae4d6447ea6ad189bbba55f07a49b6157e5,4,0x2df1c51e09aecf9cacb7bc98cb1742757f163df7,0x7725a7f2bb0e1c448d6fe361d53c840486ec6557,2275.0,withdraw,3
475811761,2026-06-21T12:35:39Z,1782045339000,0xe6a2dd625fdf1d8f6f04c2697f8bfa8e2e041ebfa3cf2cdab2b40b4733d80ac5,0,0x15f10cc572d64d53366aba7cef090838aa1f6842,0x2df1c51e09aecf9cacb7bc98cb1742757f163df7,20.522281,deposit,3
475811901,2026-06-21T12:36:14Z,1782045374000,0xe3687b5215e97774643f2997e05d4d4a65e1736d58ccb5626f8014445125cc3f,35,0x2df1c51e09aecf9cacb7bc98cb1742757f163df7,0xe3bba5aa1c44fa786a7712aa5994e97d3e8386ad,169.0,withdraw,3
475812066,2026-06-21T12:36:55Z,1782045415000,0x6fca2ffe925fd41ac6eabe0adacbfee5c20e67de26719809eed0fc20638160ce,1,0x428babced19064beece58b8a252e3f17aac2a817,0x2df1c51e09aecf9cacb7bc98cb1742757f163df7,149999.8,deposit,3
475812075,2026-06-21T12:36:57Z,1782045417000,0x683774452cdfab9ecbd27eb761dd8617a8f760b2aba92b362b7ffad9d2c9228e,2,0x993f07a99cac3d01eb4fd80798b6a399f8327922,0x2df1c51e09aecf9cacb7bc98cb1742757f163df7,129.670129,deposit,3
475812129,2026-06-21T12:37:11Z,1782045431000,0xeb0df445f92a5bdf4c33e2f6fffa780b375f2d0cc0101a5d7745a61c852471f8,0,0x2df1c51e09aecf9cacb7bc98cb1742757f163df7,0x5426f039c05b65dba6ce6e775f1bc24cd057e51a,1000.0,withdraw,3
475812205,2026-06-21T12:37:30Z,1782045450000,0xcebf98bf87af7554904604f626551a38aab5923f4f762011ba51960d5d359c7a,1,0xf33354e45b37551a5c293ba31ebdc8a0fc6f8c01,0x2df1c51e09aecf9cacb7bc98cb1742757f163df7,250.0,deposit,3
475812711,2026-06-21T12:39:36Z,1782045576000,0x7a67d98fbfcd3aeb50d6b40988fc74174ef28d75ada48c28b2bf31d22fe3de33,1,0x2df1c51e09aecf9cacb7bc98cb1742757f163df7,0x4e57b5ed567779dbac82abdbe2d7c495bfc4b068,36.36,withdraw,3
475812782,2026-06-21T12:39:54Z,1782045594000,0x830dd3ad6ae4424268cb0aa4da729e53c30bbad1ea11596b020f567442bea0b7,7,0x3b867f4685c2887f07ce7c2a14443eb2cf9e38cb,0x2df1c51e09aecf9cacb7bc98cb1742757f163df7,999.20016,deposit,3
475812877,2026-06-21T12:40:18Z,1782045618000,0x3c46ebef64d3de524e7741cf97867ed8a7f77ca3a07ba1626f41ceea23d44097,0,0x2df1c51e09aecf9cacb7bc98cb1742757f163df7,0x7725a7f2bb0e1c448d6fe361d53c840486ec6557,3149.0,withdraw,3
475812936,2026-06-21T12:40:33Z,1782045633000,0x90911591a7434221e1e0caecec047a89619449448b7c45874ec66c4d506c0992,6,0xf7f7429ff76a482a4eb96801948cf491547b0c57,0x2df1c51e09aecf9cacb7bc98cb1742757f163df7,1984.37,deposit,3
475812943,2026-06-21T12:40:35Z,1782045635000,0x75f80e9400d1ad129753fc95d989519969e51d2d053c9dbdfa9669936a4ca919,1,0xc264545867dc7aaab9e82f867108ed192a29ad05,0x2df1c51e09aecf9cacb7bc98cb1742757f163df7,20000.0,deposit,3
475813091,2026-06-21T12:41:12Z,1782045672000,0xd38b03d5656eafb99ba0af130b520a210629ce020733ce5d1d45befe1158a3e2,0,0x2df1c51e09aecf9cacb7bc98cb1742757f163df7,0x6b78bbc5cb67524150769829a7f696b7ce9959f0,31.2,withdraw,3
475813557,2026-06-21T12:43:08Z,1782045788000,0x562f69e9ef3d8396b1ced4d46936a13b142cab07314e3e44a493b5c766887340,18,0xa9fc3e1d2ad0a9f958d61ed3d62c3ac96edd757d,0x2df1c51e09aecf9cacb7bc98cb1742757f163df7,200.0,deposit,3
475813683,2026-06-21T12:43:40Z,1782045820000,0x3bf3dfd7a3f6e4df0b27eea3614b4bcc208f3c21a6b6fce251a7f9ae7969fd5b,1,0x2df1c51e09aecf9cacb7bc98cb1742757f163df7,0xe01fd113494f36805618fb3c7bb930e4a8e70f60,523753.0,withdraw,3
475813756,2026-06-21T12:43:58Z,1782045838000,0xf4d63f5b8b3efbe58871e4ba1ff740a8c181547bfcad9f202249cf1c876476fc,0,0xa918f28044465c483f27f5be17f894f77c37e8d1,0x2df1c51e09aecf9cacb7bc98cb1742757f163df7,29.716296,deposit,3
475814182,2026-06-21T12:45:44Z,1782045944000,0x8f248f01af206a19bffba5d80cee73b391f4508e74c4d14c8e50d3d484987bc5,1,0x8a68fa0863d4cef660eb1cfc127bf567d4c4587d,0x2df1c51e09aecf9cacb7bc98cb1742757f163df7,131.41,deposit,3
475814201,2026-06-21T12:45:49Z,1782045949000,0x51e2b103e8a2fe6e23a83ae99754c863d45a1ac41abff1f7859e191b8a8b3da6,0,0x2df1c51e09aecf9cacb7bc98cb1742757f163df7,0x21dd20f1483aed86cad317ab4252242cd6de53d1,8.52,withdraw,3
475814288,2026-06-21T12:46:11Z,1782045971000,0x55a4e2f92d977dee1d4e0352ad6850236c474b2d1bd5578e8171d338f5547dfb,3,0x2df1c51e09aecf9cacb7bc98cb1742757f163df7,0xb083cd8922a99de2bd9d67f2e6c99af4cadff350,922.0,withdraw,3
475814464,2026-06-21T12:46:55Z,1782046015000,0xd7e0404a78cf0c5756ab417c2ab1078b599385dff6ff9cd3fb47db73ed9d8b61,0,0x2df1c51e09aecf9cacb7bc98cb1742757f163df7,0x2fbf4964c7d8c652d33a328cc3e17cc4e7b57c44,399.0,withdraw,3
475814527,2026-06-21T12:47:11Z,1782046031000,0x1a2ea431cf8db38982b9b85cc9c1c65d4fd8219ba554e4fcb1137f8eb4f7e760,0,0xf83fc34248744a304872e1ed40b9b10f54a64f6f,0x2df1c51e09aecf9cacb7bc98cb1742757f163df7,2000.0,deposit,3
475814665,2026-06-21T12:47:45Z,1782046065000,0xaaea9ee6bd82c0c8ca3d88bb91a3b24b87eeffc5a4e3631bddaec3515be5ed75,2,0x29289b13a355206b5626d04015cba51749ecdcd3,0x2df1c51e09aecf9cacb7bc98cb1742757f163df7,15000.0,deposit,3
475814982,2026-06-21T12:49:05Z,1782046145000,0x1c70c75b68e514dfff36bd3377d1073e6665529eb119fef6b2c5b0221d3ac2b0,1,0x2df1c51e09aecf9cacb7bc98cb1742757f163df7,0x9adf2b5599e3120fed3adfc64f3f6a5c0053e209,39.0,withdraw,3
475815167,2026-06-21T12:49:51Z,1782046191000,0x78b5ee659b5812dc4ada7fc0e2baad8845ad26a97db4c2fb13491f8556710fba,12,0x2df1c51e09aecf9cacb7bc98cb1742757f163df7,0x36e9992e7e1e2709b466d1fa54b8276bcec57e99,16.2,withdraw,3
475815405,2026-06-21T12:50:51Z,1782046251000,0x785753724f52dc8173a54f477e92dafdf7befed3ba76a4ee2c7b1de31dd76a7f,3,0x36e9992e7e1e2709b466d1fa54b8276bcec57e99,0x2df1c51e09aecf9cacb7bc98cb1742757f163df7,16.2,deposit,3
475816209,2026-06-21T12:54:11Z,1782046451000,0xae45a2d2b47895980a372f85a5b81b7ed625e9bd60ab6eb44cfa880c43290398,5,0x3fab11fb0d75979cf9d89bc25dcdf96f07794666,0x2df1c51e09aecf9cacb7bc98cb1742757f163df7,936.822723,deposit,3
475816357,2026-06-21T12:54:48Z,1782046488000,0x77c461f7716928de2e8d50d905d509feab4f122c341c87e481ae00fb453b9c86,0,0x0d5d73f6b9eb76c9447f7925464ef61c1fbccd20,0x2df1c51e09aecf9cacb7bc98cb1742757f163df7,39.99764,deposit,3
475816377,2026-06-21T12:54:53Z,1782046493000,0x1a0d5fbeb38b2e2d6d3dec41fbd3b62b63bd75a6f82490532b59ddcfaccf8b6d,0,0x796fd6b200f582bd6695e59a2594f23234908a0c,0x2df1c51e09aecf9cacb7bc98cb1742757f163df7,30.0,deposit,3
475816421,2026-06-21T12:55:04Z,1782046504000,0x6c267bdd1d2ac52f860bad48bc25436d7cb9b8fb16945bc03ab0b233c2411d59,21,0xf032648dfd22c4d81588bd83e09ab89cfe816705,0x2df1c51e09aecf9cacb7bc98cb1742757f163df7,468.234009,deposit,3
475816496,2026-06-21T12:55:23Z,1782046523000,0x6d3ff925ab93a52e6986bbc29e0ca202849065de3760497d664acdc6eb8d3ce6,9,0xba84c0c67f516c7547163eb6c85c0c28b261736d,0x2df1c51e09aecf9cacb7bc98cb1742757f163df7,87.458879,deposit,3
475816522,2026-06-21T12:55:30Z,1782046530000,0x243c7a20bb64ef4605f1aab789eec2fe4533732b53b31ca818ce19007c1ed20f,0,0xbe407c8c89351f9cd94e03af3626ffd315e3c33d,0x2df1c51e09aecf9cacb7bc98cb1742757f163df7,100.0,deposit,3
475816704,2026-06-21T12:56:15Z,1782046575000,0x5d78a01476d15e9e33bb72d8082ed4f2c4168d628b31ce227877270611418e90,14,0x2df1c51e09aecf9cacb7bc98cb1742757f163df7,0xee845948e6806d12e966137caa07d49bbe632fe3,299999.0,withdraw,3
475816704,2026-06-21T12:56:15Z,1782046575000,0x5d78a01476d15e9e33bb72d8082ed4f2c4168d628b31ce227877270611418e90,16,0x2df1c51e09aecf9cacb7bc98cb1742757f163df7,0xaca3fc97d82d602dd17708307a6e919be45f8022,15.19,withdraw,3
475817473,2026-06-21T12:59:27Z,1782046767000,0x66e0e31b3daddc19fba3cbeead6bdda92a1a0995def8f646ddecbf920207f9f5,0,0x2df1c51e09aecf9cacb7bc98cb1742757f163df7,0x373e9e125d30ac02cc640568169e5009549b0ec7,289.72,withdraw,3
475817561,2026-06-21T12:59:49Z,1782046789000,0xe049d5c131b4602df66409e3979317125781f9cc6484f3d2c595f1e5a457730d,1,0x2df1c51e09aecf9cacb7bc98cb1742757f163df7,0x373e9e125d30ac02cc640568169e5009549b0ec7,9.0,withdraw,3
475817619,2026-06-21T13:00:04Z,1782046804000,0xc699d80bd370840498e2150aa23b53ae71cf4d21bf67732b63003a010a1dcfd1,25,0xf032648dfd22c4d81588bd83e09ab89cfe816705,0x2df1c51e09aecf9cacb7bc98cb1742757f163df7,503.029074,deposit,3
475818056,2026-06-21T13:01:53Z,1782046913000,0x347a9baca49f01efd410a643a6c37c201b93999217bc89d096bfa7945e037a88,16,0x2df1c51e09aecf9cacb7bc98cb1742757f163df7,0x835192aec06e536cc641fb34123801eaecf4d067,9.0,withdraw,3
475818070,2026-06-21T13:01:57Z,1782046917000,0xe1095a7cdf6573656a961c3400a0130d9f95fac41752819792419544059d0465,1,0x19abaf6bbcb063c49ec8aaeb7ab2573bf79130b9,0x2df1c51e09aecf9cacb7bc98cb1742757f163df7,156.131423,deposit,3
475818353,2026-06-21T13:03:08Z,1782046988000,0x17b24421b908d3a7badaaf11825f185ad52705ab45010d6168f77915b24b17c8,1,0x0063eab4f483a97152a5ffc5201e7fe74a553c58,0x2df1c51e09aecf9cacb7bc98cb1742757f163df7,42.0,deposit,3
475818370,2026-06-21T13:03:12Z,1782046992000,0x1996e19a32f4f4a71402908a58c2fc42fbebbb04aadbb4e055dd34f3a4e3dd85,23,0x2df1c51e09aecf9cacb7bc98cb1742757f163df7,0xee845948e6806d12e966137caa07d49bbe632fe3,126999.0,withdraw,3
475818370,2026-06-21T13:03:12Z,1782046992000,0x1996e19a32f4f4a71402908a58c2fc42fbebbb04aadbb4e055dd34f3a4e3dd85,25,0x2df1c51e09aecf9cacb7bc98cb1742757f163df7,0xc4cee943e4f7140f568a38a0ebb967ba79600cc2,179.0,withdraw,3
475818370,2026-06-21T13:03:12Z,1782046992000,0x1996e19a32f4f4a71402908a58c2fc42fbebbb04aadbb4e055dd34f3a4e3dd85,27,0x2df1c51e09aecf9cacb7bc98cb1742757f163df7,0x526985a5c2eee232110e820a5ac14e3ad6e9801d,449.0,withdraw,3
475818665,2026-06-21T13:04:26Z,1782047066000,0xe9c33bc599d5b8d1cfe223490ede3b8543acf795d7638a06a60781f9fd00b243,0,0x2df1c51e09aecf9cacb7bc98cb1742757f163df7,0x53a224f964927720384d3a49cbcaed3ca4373260,244.82,withdraw,3
475818815,2026-06-21T13:05:03Z,1782047103000,0x2bb40ae77e94fd27db81ceb2b962c7693f613fd37d2278261e9a96bd0805a7a4,1,0x65244cdf18cc05299e68fd711cb41ee536fd9276,0x2df1c51e09aecf9cacb7bc98cb1742757f163df7,65.634699,deposit,3
475818871,2026-06-21T13:05:17Z,1782047117000,0xe987b9d5cef4b24277724968390b27e4b9fbfb8f72ad486673092cdeecc69ac3,0,0x2df1c51e09aecf9cacb7bc98cb1742757f163df7,0x94631f2cdfa138c0994e9263c593b2a4c21aa495,187.57,withdraw,3
475818871,2026-06-21T13:05:17Z,1782047117000,0xe987b9d5cef4b24277724968390b27e4b9fbfb8f72ad486673092cdeecc69ac3,2,0x2df1c51e09aecf9cacb7bc98cb1742757f163df7,0xc4d150c5db8335f6145a3949b8fe6a0dd0b36b8c,0.39,withdraw,3
475818981,2026-06-21T13:05:44Z,1782047144000,0x7364f3a06943e96ca4a1f3621fe807b715ceccb5323f990e98a960e414fb4459,4,0x2df1c51e09aecf9cacb7bc98cb1742757f163df7,0xf92f322adac8100f6906fac42c273347441ab5c6,10843.27,withdraw,3
475819198,2026-06-21T13:06:39Z,1782047199000,0x737aee64254c3acffe313fbf6ae1ff7ce75a4c7ad85753e8bee84ac2427defd7,5,0x32adc425ac7760a6a23654aa8b5b84a0e7ea6432,0x2df1c51e09aecf9cacb7bc98cb1742757f163df7,174.0,deposit,3
475819259,2026-06-21T13:06:54Z,1782047214000,0x628b2be6fdca82b07ded4cb509e3e70467eee5e6df3098cbf3e80060f9030b23,0,0x2df1c51e09aecf9cacb7bc98cb1742757f163df7,0x4ac51b86efe17ea713bc8859baaaa08a56006c1a,1.151307,withdraw,3
475819259,2026-06-21T13:06:54Z,1782047214000,0x628b2be6fdca82b07ded4cb509e3e70467eee5e6df3098cbf3e80060f9030b23,2,0x2df1c51e09aecf9cacb7bc98cb1742757f163df7,0x3a16061a1e7e4afda22407d7994af744cd03cbe6,0.985,withdraw,3
475819280,2026-06-21T13:06:59Z,1782047219000,0xb2e770610a15251378f4c89f0de551a10c5a7351d8d0fc570447d069bea4bee6,2,0x5ffcd3f881ac876ea09b69fc31db924108315162,0x2df1c51e09aecf9cacb7bc98cb1742757f163df7,10494.8,deposit,3
475819393,2026-06-21T13:07:28Z,1782047248000,0x10e799591c06fb9fa6cebfb182037559d8e16e2a87ccd954c02d01986d86c733,2,0x969cd4dd804b3777140d450b6c6b60ad83f558a9,0x2df1c51e09aecf9cacb7bc98cb1742757f163df7,21.000134,deposit,3
475819800,2026-06-21T13:09:10Z,1782047350000,0x6a12405ec8e19a10030dd3e124409bb5cd4e1b7764b03fe4155dd301d8236329,3,0xf7d86ba83a120c5d8fb1251ac0f17520f9198cff,0x2df1c51e09aecf9cacb7bc98cb1742757f163df7,4045.804149,deposit,3
475820024,2026-06-21T13:10:06Z,1782047406000,0xbdc0c3e6db070a92bc7496f120d8773dff4f36e254b1ac13ab0e92be8fdbbf46,6,0xf032648dfd22c4d81588bd83e09ab89cfe816705,0x2df1c51e09aecf9cacb7bc98cb1742757f163df7,245.726333,deposit,3
475820030,2026-06-21T13:10:07Z,1782047407000,0xe6df5ea0f71122bd2c200a65dc03814df88687c620a40798833e66bba6c87755,1,0x5c179dd8c6b65f061005edb00cff54d8721ed2a6,0x2df1c51e09aecf9cacb7bc98cb1742757f163df7,703.125,deposit,3
475820091,2026-06-21T13:10:23Z,1782047423000,0xb891db116a71e74e99b8a3a162b247526a9295a448db3d3b546a396b103eda65,2,0x2df1c51e09aecf9cacb7bc98cb1742757f163df7,0xe9c8af44768972725760e9d39701ffb7a6532d52,17.9,withdraw,3
475820091,2026-06-21T13:10:23Z,1782047423000,0xb891db116a71e74e99b8a3a162b247526a9295a448db3d3b546a396b103eda65,4,0x2df1c51e09aecf9cacb7bc98cb1742757f163df7,0x609fa0204c6225105ee218e36ec0858b8f4d8330,4.0,withdraw,3
475820149,2026-06-21T13:10:37Z,1782047437000,0x519dabac854a2f5999500a93a1bd5162170a88378f7c4f14eae14d63fd7cc40f,1,0xfc701aef508b8e09a0fbb420de3ea272639b3c9e,0x2df1c51e09aecf9cacb7bc98cb1742757f163df7,60.159534,deposit,3
475820192,2026-06-21T13:10:48Z,1782047448000,0x54c0af2d02933808916f71ed842d7ecce5f8e01016a469124458b4c648d79722,1,0xe9c8af44768972725760e9d39701ffb7a6532d52,0x2df1c51e09aecf9cacb7bc98cb1742757f163df7,17.9,deposit,3
475820280,2026-06-21T13:11:09Z,1782047469000,0x6d0ea4ee138fe37687f8b4da492b343704c0f26e96ea1994897db1b25527ccf4,0,0x2df1c51e09aecf9cacb7bc98cb1742757f163df7,0x1b455ab558518b7c32bafaff4661ede24cef005c,6999.0,withdraw,3
475820287,2026-06-21T13:11:11Z,1782047471000,0xcf9da2a8b199419b75904ed298f3ced213184c4c4fb60b87b8054d75094d272d,8,0xb1c0a45ea48308274b7cc2e61356741290d9468d,0x2df1c51e09aecf9cacb7bc98cb1742757f163df7,26.096819,deposit,3
475820355,2026-06-21T13:11:28Z,1782047488000,0xb192fb1b29b57ce3024f890abb023ac1a2d386e5c05d606a01d067504dabb334,1,0x969cd4dd804b3777140d450b6c6b60ad83f558a9,0x2df1c51e09aecf9cacb7bc98cb1742757f163df7,91.000134,deposit,3
475820475,2026-06-21T13:11:58Z,1782047518000,0x4f1dea065ffc2d7d1fb5cd6391eee71f256c59af58f69eebed6795a8b4303c6d,4,0x70855f558ecc1cb443ea7745e4e546a6bd0b2368,0x2df1c51e09aecf9cacb7bc98cb1742757f163df7,99.0,deposit,3
475820589,2026-06-21T13:12:26Z,1782047546000,0x0ff0ec81caf8d88572652d0b371aa81982ef174d0765e9527852a866cf891c96,1,0xc221b2560ee28b8c0ac0118a07b18005392f41e4,0x2df1c51e09aecf9cacb7bc98cb1742757f163df7,41.956251,deposit,3
475820606,2026-06-21T13:12:31Z,1782047551000,0x1b7b2741dec53e0235b5cd97623e7b251b99503443ab05a34303c5846c73f2f9,2,0x5a484a403251955a437c5f770763634777d40cdb,0x2df1c51e09aecf9cacb7bc98cb1742757f163df7,20.0,deposit,3
475820787,2026-06-21T13:13:16Z,1782047596000,0x6ca8bc95a5f1b3e8ec0e2e522bc4db55a330d414f455b68de4ebffac6afd7915,3,0xa0a09b9a10e0da838503e91fcee9f0693241b2d3,0x2df1c51e09aecf9cacb7bc98cb1742757f163df7,9.0,deposit,3
475821299,2026-06-21T13:15:24Z,1782047724000,0xc774f7639f908218c9100b49529894f59cbc78c14c39f24503bd7ad95ea1221a,9,0x2df1c51e09aecf9cacb7bc98cb1742757f163df7,0xce7e6a8b18d03c60bfbf5b62001e522c4d9ec666,13.01,withdraw,3
475821628,2026-06-21T13:16:47Z,1782047807000,0x6652a1aef5acc8304a6614f24e5a2f2d03ab0de26e82192bcdc15b34f9e265df,3,0x297935f6649c4fc138354a6e3f38b870e908e6c9,0x2df1c51e09aecf9cacb7bc98cb1742757f163df7,9.95,deposit,3
475821665,2026-06-21T13:16:56Z,1782047816000,0x35bad984db7666037b7d23e71c8c0a3e471282959c05a2f502bdfdab6358291b,5,0x2df1c51e09aecf9cacb7bc98cb1742757f163df7,0xa918f28044465c483f27f5be17f894f77c37e8d1,28.63853,withdraw,3
475822002,2026-06-21T13:18:20Z,1782047900000,0x830702e4ee65933a58824d7ebfe51ae54b6d4e56312858f0904d0a09b7ce0a98,2,0xb4300edcb867f45c1a15dc83c2b1d95936eb9287,0x2df1c51e09aecf9cacb7bc98cb1742757f163df7,4248.538361,deposit,3
475822187,2026-06-21T13:19:06Z,1782047946000,0xa8aaa1b20ed9606ce7e021c37345434b2db1a69b41c3bacf7a2d5b2edf22d9b4,1,0x2df1c51e09aecf9cacb7bc98cb1742757f163df7,0xb50721bcf8d664c30412cfbc6cf7a15145234ad1,2.0,withdraw,3
475822352,2026-06-21T13:19:47Z,1782047987000,0xa267ac177f738f98f2a4419b4883c4adc81c46e1645ed8da97d903a76b1b7b21,11,0x297935f6649c4fc138354a6e3f38b870e908e6c9,0x2df1c51e09aecf9cacb7bc98cb1742757f163df7,7749.42,deposit,3
475822403,2026-06-21T13:20:00Z,1782048000000,0xd320a5b55f4792798e97620d29b3938e1573b47539c9af007df5a7259916c1e2,5,0xf032648dfd22c4d81588bd83e09ab89cfe816705,0x2df1c51e09aecf9cacb7bc98cb1742757f163df7,348.596014,deposit,3
475822434,2026-06-21T13:20:08Z,1782048008000,0x964572cffe7a976cc7a782c46c9fe262fe868a3cd07ae5af66dbf4e4ccffed01,1,0x81c59c9b232ff341ede926bc11fcc00ca0b98dcd,0x2df1c51e09aecf9cacb7bc98cb1742757f163df7,105.0,deposit,3
475822675,2026-06-21T13:21:08Z,1782048068000,0x4e227109a7f6c25d12b4ceae78e81911685d03d96247e39cf31ffd259c91dd53,13,0x2df1c51e09aecf9cacb7bc98cb1742757f163df7,0x99318df344397a26971b3ed66851b8354b090ac1,12.12,withdraw,3
475822944,2026-06-21T13:22:16Z,1782048136000,0x52a33c203f10d540eee6bd2a9dd075a9e0d35002237cd070b9334984efd5284a,0,0x2df1c51e09aecf9cacb7bc98cb1742757f163df7,0xd5feb0e3d42b756a19c6e16381af82c424191774,29.0,withdraw,3
475823149,2026-06-21T13:23:07Z,1782048187000,0x7ea1ef4d24b28a43602f9a8a14cb648d8ef62a42b74e065bb45811fa2287cd3a,2,0xbeef99d0a79f0eb7d26b681c81ced2622b410e2d,0x2df1c51e09aecf9cacb7bc98cb1742757f163df7,90.763966,deposit,3
475823174,2026-06-21T13:23:13Z,1782048193000,0xee1a7ff92098d97edd0220cd2efaae2b15b0ff249c3364b1dac3ee6062f8b123,4,0xe4caf3268a1642343d341496ede7e73579788050,0x2df1c51e09aecf9cacb7bc98cb1742757f163df7,50.0,deposit,3
475823289,2026-06-21T13:23:42Z,1782048222000,0x50954b6d7c4ba3eb4037f6c9f325413838ccb473aa118c0de5daeb3b3f1840f2,1,0xf33354e45b37551a5c293ba31ebdc8a0fc6f8c01,0x2df1c51e09aecf9cacb7bc98cb1742757f163df7,100.0,deposit,3
475823331,2026-06-21T13:23:52Z,1782048232000,0x8e4a064033e3326a9ead3e4d18c8243697f63d9f34b0b35cfdfb933d077247b3,11,0x2df1c51e09aecf9cacb7bc98cb1742757f163df7,0xb07d440ecbf38b0905aa057c754ec8bb290a0745,50.41,withdraw,3
475823344,2026-06-21T13:23:55Z,1782048235000,0x5ab943b0763e0189699689d2ed9610d2ac6f63cece1bbf65de78ed0242bfcb01,0,0x912500ffadc00c6b84f0da6acd4433f67d973444,0x2df1c51e09aecf9cacb7bc98cb1742757f163df7,11500.3,deposit,3
475823486,2026-06-21T13:24:30Z,1782048270000,0xe74c8dd54590bc45186ec30781b855eb7d511f1d481f0871c1337d9fc0601a30,5,0x14937f9965bbaddf53d445eef9ec6272297e78fe,0x2df1c51e09aecf9cacb7bc98cb1742757f163df7,5.8,deposit,3
475823632,2026-06-21T13:25:07Z,1782048307000,0x830bf6176702350c9d0c414d14ecfa9cd29720ee3cca598f65ab694d215506b2,13,0x2df1c51e09aecf9cacb7bc98cb1742757f163df7,0x268d0a9018da7210b50a480b6f59a5628cf3d26e,195.3085,withdraw,3
475823738,2026-06-21T13:25:34Z,1782048334000,0xf9fbf8e6ae294e397544c91614943290d41c8609db6e08d3f551e2c53b80939c,0,0x912500ffadc00c6b84f0da6acd4433f67d973444,0x2df1c51e09aecf9cacb7bc98cb1742757f163df7,11624.26,deposit,3
475823813,2026-06-21T13:25:52Z,1782048352000,0xb72dc6c8ae572e2dce89eaa87f8be8fc31f967db94c8829201d77a5051daa6cf,4,0x5dcdabb6254c4238d44705f8a85a84e910be1d7b,0x2df1c51e09aecf9cacb7bc98cb1742757f163df7,12.8,deposit,3
475823846,2026-06-21T13:26:01Z,1782048361000,0xd00fa8d92f6ec75147a61ea6d4f8bd28c415317686d57137c44a7e5cf56b34de,1,0xe5841328739a33f93f9b200128ded7524233a2a9,0x2df1c51e09aecf9cacb7bc98cb1742757f163df7,15.0,deposit,3
475824768,2026-06-21T13:29:52Z,1782048592000,0xa31360677bd9644852cf05d93f6547420e928bda76b004c9c12a629ae3d2b057,6,0x2df1c51e09aecf9cacb7bc98cb1742757f163df7,0x9582460ff3c3304ddacf1bc1ca61d99139c90a34,3999.0,withdraw,3
475824835,2026-06-21T13:30:08Z,1782048608000,0x99cdd3920e7648dc66da58fcc4505bb5e57eaecdc708d69ed0b600d4c1ac7177,51,0xf032648dfd22c4d81588bd83e09ab89cfe816705,0x2df1c51e09aecf9cacb7bc98cb1742757f163df7,1261.806584,deposit,3
475824839,2026-06-21T13:30:09Z,1782048609000,0x6ee9781ea0e2e8fff38659a003fa592fe6098bb94b6dabafc653bc59bf83a25b,61,0x2df1c51e09aecf9cacb7bc98cb1742757f163df7,0xa2e769cf890eddadd3e6fd143ba8a3784e840718,40.43,withdraw,3
475824856,2026-06-21T13:30:14Z,1782048614000,0xc41d797b1c936b154c094f7a13a8f0c040dcc3a1ee45c302c19360756fdfb398,3,0xb1b394acd5d217b5b1ee19b0ccf14e38b792c215,0x2df1c51e09aecf9cacb7bc98cb1742757f163df7,99893.056199,deposit,3
475825049,2026-06-21T13:31:00Z,1782048660000,0xd6e1ce265705453ce948dbb11938de96f35c0c1960e44e73e3082b5c85ed244f,1,0x3d8e927509c835a712cd42a066b00397772b759e,0x2df1c51e09aecf9cacb7bc98cb1742757f163df7,743.377889,deposit,3
475825336,2026-06-21T13:32:12Z,1782048732000,0xa715610eee17674f0e2ccdc978748430d1ed929d981c396ef4763a66a4a89663,5,0x280ec9ed6a6a6ab0c372a54d7643e03c918a3784,0x2df1c51e09aecf9cacb7bc98cb1742757f163df7,1001.84814,deposit,3
475825355,2026-06-21T13:32:17Z,1782048737000,0x8bb9c1a3b3b9189dab4b502b5fdb2064c77be9fc608d7a8931b935a6db7a3cc2,1,0xf50c60be6e1794e77df7aa72a5cbdeafeaefa8c9,0x2df1c51e09aecf9cacb7bc98cb1742757f163df7,20.0,deposit,3
475825443,2026-06-21T13:32:39Z,1782048759000,0x30af6e16b403b54743758103e63f234641d78d47699715f0898867d908270595,35,0x2df1c51e09aecf9cacb7bc98cb1742757f163df7,0xe1d4acaf2f9f911a7b4bfe1f43deacce80a6687f,6.76,withdraw,3
475825622,2026-06-21T13:33:23Z,1782048803000,0xc4d41f82003cb1ecc352ab4b228dfa2de639ba5632adb2479accbb10405ea959,0,0x2df1c51e09aecf9cacb7bc98cb1742757f163df7,0xf6cb24311d709b806a4bf36e26be8ac210a73712,75.01,withdraw,3
475825622,2026-06-21T13:33:23Z,1782048803000,0xc4d41f82003cb1ecc352ab4b228dfa2de639ba5632adb2479accbb10405ea959,2,0x2df1c51e09aecf9cacb7bc98cb1742757f163df7,0x9b503c3d78fb4d664a34b2c5efe9a56336fcb2d1,98.0,withdraw,3
475825799,2026-06-21T13:34:08Z,1782048848000,0x31aaacbfee9fdc3e4436a5476f5c4c1590e109ae96ecb38681eef7e5d25cf1c8,51,0x297935f6649c4fc138354a6e3f38b870e908e6c9,0x2df1c51e09aecf9cacb7bc98cb1742757f163df7,3999.850134,deposit,3
475825799,2026-06-21T13:34:08Z,1782048848000,0x31aaacbfee9fdc3e4436a5476f5c4c1590e109ae96ecb38681eef7e5d25cf1c8,53,0xccfcb775e206f9bd475cb24010a17213fd17d750,0x2df1c51e09aecf9cacb7bc98cb1742757f163df7,25.47434,deposit,3
475825925,2026-06-21T13:34:39Z,1782048879000,0x711d891ff27c51d2fb5e2aa50e4a86a5ae2bbb4b061ede6749cbe2c5e2db01da,6,0x2df1c51e09aecf9cacb7bc98cb1742757f163df7,0x3a16061a1e7e4afda22407d7994af744cd03cbe6,9.94,withdraw,3
475826097,2026-06-21T13:35:23Z,1782048923000,0x8773695be7884f0dc04eaa72f63ad498e6b3389e16dc7c4e620c85cf91b4135b,1,0x2df1c51e09aecf9cacb7bc98cb1742757f163df7,0x3f5b67e59389834eb76045f2a13b9ad77cf200f9,10.0,withdraw,3
475826233,2026-06-21T13:35:57Z,1782048957000,0x0f248362b4892f8e7ff11d711f086b52969d40fa476d4c0aaaa44192ea80417f,1,0xb52d439d56350df9c791be3f6f5126e688d527d8,0x2df1c51e09aecf9cacb7bc98cb1742757f163df7,56.223828,deposit,3
475826331,2026-06-21T13:36:21Z,1782048981000,0xb64f095891d3fa1ebbc4e04e8e85e5ccdebfc2dc1868f5232bd976f32a452ad0,13,0x39c725553c386100b208e24a160c433e63c4b126,0x2df1c51e09aecf9cacb7bc98cb1742757f163df7,277.732416,deposit,3
475826421,2026-06-21T13:36:44Z,1782049004000,0x85462b7994849689411694fe1a25bdefa9229afd16242ba5090d832a86279893,6,0x04e83d02dbc662e6218e166afbb0f23c5df086b9,0x2df1c51e09aecf9cacb7bc98cb1742757f163df7,24.11,deposit,3
475826532,2026-06-21T13:37:08Z,1782049028000,0xbe698a183ced925a795c520866cdeed98ef0293f79a8b748af7b0c62557b3223,2,0x81c59c9b232ff341ede926bc11fcc00ca0b98dcd,0x2df1c51e09aecf9cacb7bc98cb1742757f163df7,99.353876,deposit,3
475826552,2026-06-21T13:37:13Z,1782049033000,0xfd3251b2f26775dd50fb9c6913ee8eed7af409686d6ebe1e67b13d5bca936150,1,0x6a02a559e2b126f04125c343f146a3844bb9f06c,0x2df1c51e09aecf9cacb7bc98cb1742757f163df7,99.8,deposit,3
475826578,2026-06-21T13:37:20Z,1782049040000,0xdfe92145f1cb76260d88a10ea8b2b8471b0c1c59e1a3929a9f1a219d8db1ce55,0,0x2df1c51e09aecf9cacb7bc98cb1742757f163df7,0xbeef99d0a79f0eb7d26b681c81ced2622b410e2d,88.241234,withdraw,3
475826890,2026-06-21T13:38:38Z,1782049118000,0xf53dbf68c6a92c619f38c494d45e336d62193468d8096e4f3ad771aafd307607,3,0xe618110eadda3ee19f981537708fe18222f5ca17,0x2df1c51e09aecf9cacb7bc98cb1742757f163df7,47.145419,deposit,3
475826947,2026-06-21T13:38:52Z,1782049132000,0x10f2b8687c7c495b51f8ef673ac418334456deea4166075a34f2dfa0c5d17c49,33,0x2df1c51e09aecf9cacb7bc98cb1742757f163df7,0xfad06fb2ad23470c65dfa34b20ba316712d1c876,199.84567,withdraw,3
475827158,2026-06-21T13:39:45Z,1782049185000,0x8f5c039413d3dc1db6fba9cfa9d75410e3f845d9b4c051fdce935e43ddbacfe6,6,0x2169f8f1b1037469915dc7e368b0e15813d80aa6,0x2df1c51e09aecf9cacb7bc98cb1742757f163df7,20.0,deposit,3
475827232,2026-06-21T13:40:04Z,1782049204000,0x5c4908db258fa1b0a898182d4c10b5f3a92972e69b34a7ee590e3ad355af33cc,1,0x2df1c51e09aecf9cacb7bc98cb1742757f163df7,0x4806bca75d0a7a99571a440f3d9cc06fb0749045,99.385705,withdraw,3
475827251,2026-06-21T13:40:08Z,1782049208000,0xcdbe46e18c5e39fb0ec2289400de0dcfa810fcb806c9147871e979983335c558,6,0xb1b394acd5d217b5b1ee19b0ccf14e38b792c215,0x2df1c51e09aecf9cacb7bc98cb1742757f163df7,99829.316866,deposit,3
475827298,2026-06-21T13:40:20Z,1782049220000,0xbbe72746ae127d31a06dc49800f6f5cd7e3a9c1d0e24933b1b27ee668bd266a1,9,0x4806bca75d0a7a99571a440f3d9cc06fb0749045,0x2df1c51e09aecf9cacb7bc98cb1742757f163df7,99.385705,deposit,3
475827300,2026-06-21T13:40:21Z,1782049221000,0xeaa3c014df4ccc7df2dc8e95b4360425025c8486fa972b9252d2e6fd6bdbaa4d,11,0xfc4b605a3cc50f5aed56e8f9111fd230160cc17c,0x2df1c51e09aecf9cacb7bc98cb1742757f163df7,999.8,deposit,3
475827311,2026-06-21T13:40:24Z,1782049224000,0x0433532820f48cf9893360ed3d2b74d9525d65470568ca0f908863fa195f995b,6,0x4369468a5664a09810c4f96d56b97c7adfb9b733,0x2df1c51e09aecf9cacb7bc98cb1742757f163df7,101.669464,deposit,3
475827648,2026-06-21T13:41:48Z,1782049308000,0x94b66e23c6b0fe2f5cc96752820df480f47098010119c8ae384a636891ad1f25,1,0x4f3b0a4e4bf681719495d64a9fcb981804276ea2,0x2df1c51e09aecf9cacb7bc98cb1742757f163df7,33.016029,deposit,3
475828189,2026-06-21T13:44:01Z,1782049441000,0x06ef59fedd1c211d0b6c0aa4a5ac0b86dc7a2162739d4b75c647b71e2ceb8505,4,0x260e5b78bdc05e0aefa6a04d6b74644d6eb4c746,0x2df1c51e09aecf9cacb7bc98cb1742757f163df7,15.960411,deposit,3
475828346,2026-06-21T13:44:41Z,1782049481000,0x7559ca46599f3faf17c2f9688eb2ace592dbe901eb8f9bfd39e5851f8102c669,2,0x260e5b78bdc05e0aefa6a04d6b74644d6eb4c746,0x2df1c51e09aecf9cacb7bc98cb1742757f163df7,15.96043,deposit,3
475828529,2026-06-21T13:45:27Z,1782049527000,0xfb7a865162f9fb3f022875edaebdfe8f2eed861bb5424f00a56cf5d21727a382,0,0x121da3f68172aa1c2d2b1b718e120c074ed60190,0x2df1c51e09aecf9cacb7bc98cb1742757f163df7,135.0,deposit,3
475828626,2026-06-21T13:45:51Z,1782049551000,0xffe60a92eced6be9e777b2720d2c699b6540ab38ab8555a507b257213cdeb401,6,0xae47dfa08f1415ff147772e7447da98dd488c35f,0x2df1c51e09aecf9cacb7bc98cb1742757f163df7,10.0,deposit,3
475828694,2026-06-21T13:46:08Z,1782049568000,0xf678fa2540310abbbe20c0af48610a2f58361f0cbc463e6c54c8a2f57a3a3500,2,0x4c4ddebf0a32d29c9315f318540d3216b1d38e35,0x2df1c51e09aecf9cacb7bc98cb1742757f163df7,7.0,deposit,3
475828881,2026-06-21T13:46:55Z,1782049615000,0xd738f887490301fc0697b25dbdbaa4bb88393cd727becac390ad62861fe45ef0,6,0x58c030d4a66cad0a704f1b72648fcfdbfaa93124,0x2df1c51e09aecf9cacb7bc98cb1742757f163df7,3022.581855,deposit,3
475829051,2026-06-21T13:47:38Z,1782049658000,0xf555aa12585b7afa07d2f4e0c35d90b6d965a02676864f79b27be3a456e85682,31,0x260e5b78bdc05e0aefa6a04d6b74644d6eb4c746,0x2df1c51e09aecf9cacb7bc98cb1742757f163df7,15.960402,deposit,3
475829413,2026-06-21T13:49:09Z,1782049749000,0xe8eefe1e3e6e4d4a049399fea4c2e0b6c4c6909495f9fba7fa0ce2893ed26bfe,0,0xb1b394acd5d217b5b1ee19b0ccf14e38b792c215,0x2df1c51e09aecf9cacb7bc98cb1742757f163df7,99813.823862,deposit,3
475829542,2026-06-21T13:49:39Z,1782049779000,0x9b09f482c378e49fafb9466a3db379402497e936b85a8513fe7f39b5a1055499,10,0xa1d08b307a51a8caf302791445640bde80482bbf,0x2df1c51e09aecf9cacb7bc98cb1742757f163df7,54911.837404,deposit,3
475829543,2026-06-21T13:49:39Z,1782049779000,0xa7dd6820ea19439f5fba2e3fc4adb9e0dd0d74c7786b0fe81a172dfa080f2046,3,0xcd34bf78fe6fea503cd11cb00dbb58abd7794803,0x2df1c51e09aecf9cacb7bc98cb1742757f163df7,202.36,deposit,3
475829611,2026-06-21T13:49:56Z,1782049796000,0xbf3e05bc34444a760516c72fa4f87204ef2d39291394790d028f82160bc32229,2,0xe7e8e84d9698cdc352590195eb8572fd139bad97,0x2df1c51e09aecf9cacb7bc98cb1742757f163df7,20.0,deposit,3
475829634,2026-06-21T13:50:02Z,1782049802000,0x89703d6d46311b45dc54adc999c827d11a7008a6c2b04e8271f734f14222c1db,6,0xeec80857fef7907bee699c5924dbdc94a491903e,0x2df1c51e09aecf9cacb7bc98cb1742757f163df7,39899.06,deposit,3
475829788,2026-06-21T13:50:40Z,1782049840000,0xf277960578431649d05421b1eadc16ddf25f42178ad637183015e33fad31a8ce,2,0x1de8f0d9f421fb2ceb0bbbed85848c5a3e9c5494,0x2df1c51e09aecf9cacb7bc98cb1742757f163df7,30.0,deposit,3
475829928,2026-06-21T13:51:15Z,1782049875000,0xb3182263e4f9592e22b89e31f9a7a963fa6ed7049f2ae038dad1c40810f7c653,1,0x63e6d534cdab7f2019f2ac2da1de53a54f37d6cc,0x2df1c51e09aecf9cacb7bc98cb1742757f163df7,301.345762,deposit,3
475829944,2026-06-21T13:51:19Z,1782049879000,0x221c19f3dd49e6e4118e26a5648d429683b6448404ce48b6d6e6edb197ca734a,0,0x69b4113f153682f48b7d6e99b6a62261bafaebe7,0x2df1c51e09aecf9cacb7bc98cb1742757f163df7,3428.178339,deposit,3
475830011,2026-06-21T13:51:36Z,1782049896000,0x57716717623657e5e7f87967b32e427afbd2bca462cce407b15b95810169e148,4,0x18211b43af5ab0297584f0cba099ace68afc1017,0x2df1c51e09aecf9cacb7bc98cb1742757f163df7,150.0,deposit,3
475830170,2026-06-21T13:52:16Z,1782049936000,0xd04a1f9daae871d60bc1681137f6ac6c9bb2aafb508b2cd557b484f04ae643a6,0,0xb1b394acd5d217b5b1ee19b0ccf14e38b792c215,0x2df1c51e09aecf9cacb7bc98cb1742757f163df7,99774.670957,deposit,3
475830332,2026-06-21T13:52:57Z,1782049977000,0x53ccbe145193afdb61795ffba4205f415b7fe9526e1d36f961c5494a2b0df92f,11,0x8c2b07a206ec5c3418edbdcc27f20bff1a2123f3,0x2df1c51e09aecf9cacb7bc98cb1742757f163df7,264.0,deposit,3
475830431,2026-06-21T13:53:21Z,1782050001000,0xf1dea62ddd6ba51da7a3cf07abfff215b04771988b8a70c97aa9afec293711be,2,0x6f080a181135d9ee45dc6efa22d641f2c12a44e2,0x2df1c51e09aecf9cacb7bc98cb1742757f163df7,111.925981,deposit,3
475830634,2026-06-21T13:54:12Z,1782050052000,0xd7c2f7af139a1be78e183f6403957676213e052ce9da3253c76625aca0005e1e,1,0x2df1c51e09aecf9cacb7bc98cb1742757f163df7,0xea31fb04c8cf9fd99e8e75d70f0d09dc09bfc8e9,998.07,withdraw,3
475831084,2026-06-21T13:56:02Z,1782050162000,0x8d1e8dcc4e06485b5b21cd29bcc8c3946ee3c4454b27528cb577fc6d96bfdc8a,8,0x27c9fa86c91b84ddfa15de58c482ff662498d65d,0x2df1c51e09aecf9cacb7bc98cb1742757f163df7,50000.0,deposit,3
475831162,2026-06-21T13:56:22Z,1782050182000,0xadb0e305efdf665aa31dd44243be8878ffbd0ab2a42c00d78c2aed500b122f8d,5,0xcb443b1efe7f0338c203771798cc06913aaf32d1,0x2df1c51e09aecf9cacb7bc98cb1742757f163df7,10.891993,deposit,3
475831225,2026-06-21T13:56:37Z,1782050197000,0x31cdf7d3f4db1085f3a4a95aece74be8ee3c50faa67aba7ff9f8c6415b1ef94e,0,0x2df1c51e09aecf9cacb7bc98cb1742757f163df7,0x3f5b67e59389834eb76045f2a13b9ad77cf200f9,78.96,withdraw,3
475831605,2026-06-21T13:58:13Z,1782050293000,0x4d50cd866ab93f3e17fd9cb001f5b506aa25fb7c7bbc29885b144a55c0a4a469,51,0x2df1c51e09aecf9cacb7bc98cb1742757f163df7,0x19c01765463e7cb86bbbcf22e0192a2c27c80ad9,5092.26,withdraw,3
475831657,2026-06-21T13:58:26Z,1782050306000,0x14f4d2b5eb2a2503b583ebcae4a1310f4340d2002845154ad85a36f9a451594a,0,0x052b2759c61f41290648e7f9867c513fdf2da473,0x2df1c51e09aecf9cacb7bc98cb1742757f163df7,499.27858,deposit,3
475831717,2026-06-21T13:58:41Z,1782050321000,0xeee98e1df2f437f10852f5fb97d861e68d511238decc2521b27d542d1c3532d5,5,0x2df1c51e09aecf9cacb7bc98cb1742757f163df7,0x8c8534b7cef0756bb8c894a445b898e10191f2a8,2716.910761,withdraw,3
475831958,2026-06-21T13:59:41Z,1782050381000,0x2035e0feb39116a3b4e21f61710d21a0de6b7c6d6db8dc60f56441940aa07db3,10,0xf48074aed8ff452318f3d73dea2aedd14b8eda77,0x2df1c51e09aecf9cacb7bc98cb1742757f163df7,31.435182,deposit,3
475832224,2026-06-21T14:00:48Z,1782050448000,0x9e7da3566c02935193c3e85b5bc5b047f81458d18a973041f25755439cecfddd,2,0x2df1c51e09aecf9cacb7bc98cb1742757f163df7,0x1f2ecf3efe2afc47f3aa218960611f341d5b6b7c,31.73,withdraw,3
475832328,2026-06-21T14:01:14Z,1782050474000,0xc494ae5363b1eb154c87fd75877ea5f865dd3e31c615a0b365d862ebe4f41c36,0,0x2df1c51e09aecf9cacb7bc98cb1742757f163df7,0x4c3198c1d0c9c1446f9a60496751e4303faf9336,97.5,withdraw,3
475832384,2026-06-21T14:01:28Z,1782050488000,0xd0b0abc507f1bfaecbbf7e903fa76ecb72c77808e6b289d262e48c32be75a4ba,1,0x448ad3bb46d41712fed71b645ec1159842d8f8f8,0x2df1c51e09aecf9cacb7bc98cb1742757f163df7,1016.9567,deposit,3
475832539,2026-06-21T14:02:07Z,1782050527000,0x38184566887f84f4bc493cd5cf8edcd94a6e1999549c6c3f0ed1ad7b76c9b8d8,5,0xf032648dfd22c4d81588bd83e09ab89cfe816705,0x2df1c51e09aecf9cacb7bc98cb1742757f163df7,525.501329,deposit,3
475832739,2026-06-21T14:02:55Z,1782050575000,0x2c8fe43c2fab44bdc4eb4bfe6a038f90e4ba29458e65f860a96ffc3ba0d7d5d8,11,0xa93aa509b63f319dfbafefb860870416c9b0d7f8,0x2df1c51e09aecf9cacb7bc98cb1742757f163df7,7.148993,deposit,3
475832798,2026-06-21T14:03:09Z,1782050589000,0x8a880d036a619a951f785649ea1ccd8e92ea3dd357c345e84ed297571c944fec,0,0x2df1c51e09aecf9cacb7bc98cb1742757f163df7,0x50b0e217a58f7e76b5a013ad65ad2bf9b51f51a3,0.5,withdraw,3
475832916,2026-06-21T14:03:39Z,1782050619000,0xaa9af466a1afec02e1c064eeb4e5b109a2dc1db855740d1dd71f621fd0ed7e35,0,0x2df1c51e09aecf9cacb7bc98cb1742757f163df7,0xf4fb1e0aa94c30b9e208e59029a9b369463723a3,302.721177,withdraw,3
475832953,2026-06-21T14:03:48Z,1782050628000,0x9ea31a6198ac434a7247e8ecfee1ebfe3ea5a1741cceb071ee321f9f113f9067,15,0x2d5c07d5a8f2501e426367ecf0eec9a9d6697fd8,0x2df1c51e09aecf9cacb7bc98cb1742757f163df7,6.32209,deposit,3
475833084,2026-06-21T14:04:21Z,1782050661000,0xb8678cf365509ee9d9c61166b0d07fc71b9ac3b542dd426f3c1da658f5f257c2,1,0x5a7dad5b880ea22c23fd82e17247a36bccdb1ade,0x2df1c51e09aecf9cacb7bc98cb1742757f163df7,3996.116701,deposit,3
475833084,2026-06-21T14:04:21Z,1782050661000,0xe52185758d4ef2e275dda98b45a21bedf1ccfef113b85122998f37a9c600cfdb,2,0xb1b394acd5d217b5b1ee19b0ccf14e38b792c215,0x2df1c51e09aecf9cacb7bc98cb1742757f163df7,99830.90397,deposit,3
475833189,2026-06-21T14:04:47Z,1782050687000,0xcc66df0e119f863feb4f99d8a49b810fabcc4d50f5a76670ef187039558dfd81,0,0x2df1c51e09aecf9cacb7bc98cb1742757f163df7,0xe7689fff6569908286e13bf4b8423b449a467fbd,20.22,withdraw,3
475833263,2026-06-21T14:05:06Z,1782050706000,0xe2a4a4c57b8ac627bc6fe7523b43de83487ff3685d6fedac0be94e6e80991346,1,0x1c246a3c07509698734534696f3fd64ca3a967df,0x2df1c51e09aecf9cacb7bc98cb1742757f163df7,242.501066,deposit,3
475833304,2026-06-21T14:05:16Z,1782050716000,0x31c20575eda9764e12c995d2595f758d2672d3ab17c88590e7937860d58a055b,0,0x2df1c51e09aecf9cacb7bc98cb1742757f163df7,0xdfedec3b63f6063d243bb7d560d5aa588ba426f7,19.016023,withdraw,3
475833304,2026-06-21T14:05:16Z,1782050716000,0x31c20575eda9764e12c995d2595f758d2672d3ab17c88590e7937860d58a055b,2,0x2df1c51e09aecf9cacb7bc98cb1742757f163df7,0x52eb366d0091e291a11b7ea6494820010fdbf57b,597.16,withdraw,3
475833808,2026-06-21T14:07:22Z,1782050842000,0x3c863f9242bcab19f62bff85db9be59218e6cea086e99f96a17da38b348823f1,1,0x340135248e40b193e71e4898d6e8438d51b605f3,0x2df1c51e09aecf9cacb7bc98cb1742757f163df7,8029.731901,deposit,3
475834120,2026-06-21T14:08:38Z,1782050918000,0x4c43d0bac1225726cbe5f9178c550219a8f81eb79e1bc9a9537b292e2d9cf35a,9,0x3488c6956c34bfb54bcc23893ec62cf54c4bdf9b,0x2df1c51e09aecf9cacb7bc98cb1742757f163df7,50.0,deposit,3
475834246,2026-06-21T14:09:10Z,1782050950000,0xa72201108ebcc06aa15a8d3b96be84b07b6a1cb40ec81da778af7cdeb999d5de,0,0x1f2ecf3efe2afc47f3aa218960611f341d5b6b7c,0x2df1c51e09aecf9cacb7bc98cb1742757f163df7,31.73002,deposit,3
475834287,2026-06-21T14:09:20Z,1782050960000,0xc33ef738943d979118b86ec55a31e1b588537b78cbf22672ea0eb3dfec48001f,7,0x2df1c51e09aecf9cacb7bc98cb1742757f163df7,0xba98894edc70f4de911dbfc44d864e3f254a9b4f,57.72,withdraw,3
475834287,2026-06-21T14:09:20Z,1782050960000,0xc33ef738943d979118b86ec55a31e1b588537b78cbf22672ea0eb3dfec48001f,9,0x2df1c51e09aecf9cacb7bc98cb1742757f163df7,0x8ba8b868c939c16a8f8721bf218a5e299475cc1c,7.7,withdraw,3
475834287,2026-06-21T14:09:20Z,1782050960000,0xc33ef738943d979118b86ec55a31e1b588537b78cbf22672ea0eb3dfec48001f,11,0x2df1c51e09aecf9cacb7bc98cb1742757f163df7,0x90a3c881265a76c679468feb6f6779c4f064fee4,84.07,withdraw,3
475834360,2026-06-21T14:09:39Z,1782050979000,0x0c2090a8676cf47047c0a98e4d2ab7e2de4fff1297a91d6914797548fe1e6155,5,0xb1b394acd5d217b5b1ee19b0ccf14e38b792c215,0x2df1c51e09aecf9cacb7bc98cb1742757f163df7,99895.158023,deposit,3
475834407,2026-06-21T14:09:50Z,1782050990000,0x7022d8337cb30b9c92a38e2033e33c88454533ed9c57657da61c2e4e9af7cc41,1,0x2df1c51e09aecf9cacb7bc98cb1742757f163df7,0xb096d28f7c3cbd05d10df56da202c5eb06e9ac8c,39.266177,withdraw,3
475834407,2026-06-21T14:09:50Z,1782050990000,0x7022d8337cb30b9c92a38e2033e33c88454533ed9c57657da61c2e4e9af7cc41,3,0x2df1c51e09aecf9cacb7bc98cb1742757f163df7,0x703fa6ecb45570340da8dd0761ead898b3fded82,126.115968,withdraw,3
475834407,2026-06-21T14:09:50Z,1782050990000,0x7022d8337cb30b9c92a38e2033e33c88454533ed9c57657da61c2e4e9af7cc41,5,0x2df1c51e09aecf9cacb7bc98cb1742757f163df7,0x7bbf178a7e9f864d948dad64f3e04cfd60c7c289,3.46,withdraw,3
475834418,2026-06-21T14:09:53Z,1782050993000,0xaafa6a0b2253e5d6eb648d3419eda2cd4b71591c295516283cf32e41f293dd81,13,0x495239d96431b77a4a10385118c8a6318b73254e,0x2df1c51e09aecf9cacb7bc98cb1742757f163df7,21.0,deposit,3
475834550,2026-06-21T14:10:26Z,1782051026000,0xe936cc78714a3f54dcd57955993036c1f68ba5bcb620311923e43dc7a631e95e,3,0x81c7019629cb50ac0c884b2e83096a6b70c456b4,0x2df1c51e09aecf9cacb7bc98cb1742757f163df7,6.0,deposit,3
475834758,2026-06-21T14:11:18Z,1782051078000,0xf2e18e5aa0debdc18b1b42744ac55b0dc7f01e757581ddda15330114f4ea68ce,1,0x2df1c51e09aecf9cacb7bc98cb1742757f163df7,0xb917138e9c3cb5c5b7a4258bd1e7ab93940c9b8e,106.46,withdraw,3
475834852,2026-06-21T14:11:42Z,1782051102000,0x8a8c4fd12f7bc2c614f48b33c701cd9923d69367c84450be623926cf0010b49f,3,0x976131d75b27ff60a7d6fc991ef5596b9780bb2e,0x2df1c51e09aecf9cacb7bc98cb1742757f163df7,499.8178,deposit,3
475834889,2026-06-21T14:11:51Z,1782051111000,0x047b19ef6be3e0b805a32855b3dff80d6fedfe4e62ce106114a0d4a22a012ae8,5,0xb917138e9c3cb5c5b7a4258bd1e7ab93940c9b8e,0x2df1c51e09aecf9cacb7bc98cb1742757f163df7,106.46,deposit,3
475835066,2026-06-21T14:12:35Z,1782051155000,0x746b459b5221a34450b72411b14a85c2fe246d2d738eb4e161e4a3c3e581be64,8,0x81c7019629cb50ac0c884b2e83096a6b70c456b4,0x2df1c51e09aecf9cacb7bc98cb1742757f163df7,15.7,deposit,3
475835136,2026-06-21T14:12:53Z,1782051173000,0x6205abf59d7f6abfb241a57cd8fa3ab49d834e2d46fe6b3a77a8b28728353996,16,0x3488c6956c34bfb54bcc23893ec62cf54c4bdf9b,0x2df1c51e09aecf9cacb7bc98cb1742757f163df7,950.0,deposit,3
475835145,2026-06-21T14:12:55Z,1782051175000,0xeaaaa178b66d316a118177a816a3fe37a9f74bf84e648f453e5b8d6573f21f3b,1,0x2df1c51e09aecf9cacb7bc98cb1742757f163df7,0x9864bb6d8359a7eea4ea112dd82c6134bfd0c611,195.667044,withdraw,3
475835161,2026-06-21T14:12:59Z,1782051179000,0xaef22e10506e8b346af36729d2f3c4b6e9b6cd6b940e96940ee888da9893d019,1,0xb663c9b86cad9940a7ecc0d589eefa35fa1e1da0,0x2df1c51e09aecf9cacb7bc98cb1742757f163df7,200000.0,deposit,3
475835421,2026-06-21T14:14:04Z,1782051244000,0xe8a4268d387983250a5a98459a708c792d3815245c3611e69aacf5d23d7036aa,1,0x2df1c51e09aecf9cacb7bc98cb1742757f163df7,0xb968dcad041665fafa8289177330300c01c0ccf9,492.726316,withdraw,3
475835851,2026-06-21T14:15:50Z,1782051350000,0xd36aec6e444b2e4bfb554aea1302c19f16dfec83ff1e2cde6c724a4b3f4b6857,8,0xc189df649ec8a213ceb9d3db15e7f8056ef62729,0x2df1c51e09aecf9cacb7bc98cb1742757f163df7,58.436667,deposit,3
475835881,2026-06-21T14:15:58Z,1782051358000,0xd952788e40595dd9dd16638d63c1f75485af9595cf57c03d5daccc509ac4bde2,2,0xbac22fe9d64125e4b8eef867f5c8cfc29a5dfa71,0x2df1c51e09aecf9cacb7bc98cb1742757f163df7,24.8,deposit,3
475836111,2026-06-21T14:16:55Z,1782051415000,0xaf50c4ac45fd36f862bffdb16749c6de3b3cde16c893a7c1dcb831a00f3cee0b,1,0x6ae56e4cacaba4b0f846dc532f676013feabce3f,0x2df1c51e09aecf9cacb7bc98cb1742757f163df7,144.825217,deposit,3
475836293,2026-06-21T14:17:41Z,1782051461000,0x4cbfeeed5c9bc846bf01a8a9d1ac52e42a8f0bead211246f4beef9113e459f20,15,0x11abf7616038460903b063a46cf9a9b4c1ef10fb,0x2df1c51e09aecf9cacb7bc98cb1742757f163df7,152.280119,deposit,3
475836685,2026-06-21T14:19:19Z,1782051559000,0xf41c66a4d36b1609b9c0091e07a5545e47c12ea5aaca61f6afd1f9fa548f751a,9,0xcbe1da4662a0856b2ca024b7a31ce303f9165c9d,0x2df1c51e09aecf9cacb7bc98cb1742757f163df7,36.595134,deposit,3
475836751,2026-06-21T14:19:36Z,1782051576000,0x232af32d49a436f6e793380c08e3aa6b5a809ba7ad76727f5d5586b82bd16a55,12,0xbc3fed02dfff9cebf4e02421ef8e91b351caea55,0x2df1c51e09aecf9cacb7bc98cb1742757f163df7,2529.903672,deposit,3
475836812,2026-06-21T14:19:51Z,1782051591000,0x8d6b58aa04af80a94704162434cc6c106c40b5d2e466c13cc7f464dcd34710e7,21,0x2df1c51e09aecf9cacb7bc98cb1742757f163df7,0x80dd2ffeb77a562b2c0a6e7d60ce5fdce52cdf48,159.0,withdraw,3
475836897,2026-06-21T14:20:12Z,1782051612000,0xb768d7b9e683050b4a39659d1562c231902d53f384bdba9e1115be9e9db5da97,3,0xb011f0a9c9bdecd921b90e906113e171ddacccce,0x2df1c51e09aecf9cacb7bc98cb1742757f163df7,5094.011826,deposit,3
475836976,2026-06-21T14:20:32Z,1782051632000,0xf5fd313fb036ebd6b10cf0789a6ed8b4187ad637d16ff57c515401389a218622,2,0x7df26d25c6ad12351ab33a08d343f82e1249bb01,0x2df1c51e09aecf9cacb7bc98cb1742757f163df7,7.0,deposit,3
475837307,2026-06-21T14:21:54Z,1782051714000,0x376831a2ef8c3775f5be0a6b32724fb50dd037d428355745ce4364403af3a6e0,5,0x2df1c51e09aecf9cacb7bc98cb1742757f163df7,0x80dd2ffeb77a562b2c0a6e7d60ce5fdce52cdf48,4.0,withdraw,3
475837363,2026-06-21T14:22:08Z,1782051728000,0x60edbc76577fa70f779d02a27ff89a60371a6ccf62997fd370d1478476058249,1,0x108fca88e37743c3a76b0f0eec40dc042ed5109a,0x2df1c51e09aecf9cacb7bc98cb1742757f163df7,10.0,deposit,3
475837409,2026-06-21T14:22:19Z,1782051739000,0xd1b64839f07a004cfb8c51ef30ed9075c343909d4c906903d9d689613988bf96,1,0xcbe1da4662a0856b2ca024b7a31ce303f9165c9d,0x2df1c51e09aecf9cacb7bc98cb1742757f163df7,87.14,deposit,3
475837430,2026-06-21T14:22:25Z,1782051745000,0x6430b3f2e7a9e414c584ee9d2d745bcb996862a1ebe0efeba1168d7d305368f8,12,0x2df1c51e09aecf9cacb7bc98cb1742757f163df7,0x1cd8073071d943daeb6d6dc01821e258cca8858e,19.0,withdraw,3
476450066,2026-06-23T08:54:13Z,1782204853000,0x9715aa49ad8dde60e0e2425c28d9e55b15d5619e3872756b9008ce130772dd00,0,0x11f9a5bd171bdb5f71126d59276072f4b76dcf00,0x2df1c51e09aecf9cacb7bc98cb1742757f163df7,386.55678,deposit,2
476450084,2026-06-23T08:54:18Z,1782204858000,0xd231ab056fac096e003d3a6cf850bc22872a2a96c66aed2e1de4149b2d9570b7,10,0xd4f430ef6526752b0536d75df1e819293e43b1f2,0x2df1c51e09aecf9cacb7bc98cb1742757f163df7,3989.003263,deposit,2
476450321,2026-06-23T08:55:16Z,1782204916000,0x197758be15cc164a3a869f356f7aba0b69f9ed92424d7ad22a5390039907660f,9,0xcad1a31b99d368336050718e82eab93f44177356,0x2df1c51e09aecf9cacb7bc98cb1742757f163df7,44.276444,deposit,2
476450353,2026-06-23T08:55:24Z,1782204924000,0xc4d2a8975d96df30bb8c9f2d69c998f98d3fcfdb721c5b64a7a58f52924c30fd,5,0xd40c748c68b59c753152676f4423474e5e36ac7a,0x2df1c51e09aecf9cacb7bc98cb1742757f163df7,2500.0,deposit,2
476450360,2026-06-23T08:55:26Z,1782204926000,0x080de65e9f54c94276477ab7d08e292419b154676bc40c7cd1b95b4ff9513325,2,0x2df1c51e09aecf9cacb7bc98cb1742757f163df7,0x8e1393f24e8265b74ed67645dd914b2f4374a205,216.618031,withdraw,2
476450360,2026-06-23T08:55:26Z,1782204926000,0x080de65e9f54c94276477ab7d08e292419b154676bc40c7cd1b95b4ff9513325,4,0x2df1c51e09aecf9cacb7bc98cb1742757f163df7,0xc42cae590deea2a1ea7c0470efc915b6d94a084a,62.1,withdraw,2
476450391,2026-06-23T08:55:34Z,1782204934000,0xca25d52621164e615cea304009a3f8f286dbe2d45be38b174a8f24865816a508,0,0xe142fdd6b3f7fd58ef1a502087ebd0261736a7cb,0x2df1c51e09aecf9cacb7bc98cb1742757f163df7,999.104202,deposit,2
476450410,2026-06-23T08:55:38Z,1782204938000,0xd81fa3ede24ceb20b460394281e84758992d431af00cfb6413c612dda0a040cd,3,0x296d8be9d0073e6be57bff0ec6285cf5b5f69846,0x2df1c51e09aecf9cacb7bc98cb1742757f163df7,5704.0,deposit,2
476450622,2026-06-23T08:56:31Z,1782204991000,0x50a4b8a638b440b821fb4ebb0f49a97982dea6325ad101659af9e8b42b39277f,12,0x1045bd15a5ad89c9b3299f9d872c1181f175ba01,0x2df1c51e09aecf9cacb7bc98cb1742757f163df7,50.000242,deposit,2
476450647,2026-06-23T08:56:38Z,1782204998000,0xdd3df1b0d6cf758245a77307d43dcf7c0371b69f528d6bb0eeb6e9707bc9b874,55,0x2df1c51e09aecf9cacb7bc98cb1742757f163df7,0x19857a5780aa042089a3a3db98eeb44e2408c866,128.857228,withdraw,2
476450828,2026-06-23T08:57:23Z,1782205043000,0x778689f46c4b70ed70801b3856a4682818a991991a457d57eed14b0c0c15545f,1,0xd40c748c68b59c753152676f4423474e5e36ac7a,0x2df1c51e09aecf9cacb7bc98cb1742757f163df7,2500.0,deposit,2
476450850,2026-06-23T08:57:29Z,1782205049000,0xfac0a2fa8a2b5df2c2fbb0ea18f43a41c52737c93be5f3eedb94bf4dd5b8de1c,3,0x2df1c51e09aecf9cacb7bc98cb1742757f163df7,0x4fdccbb293622b513d04f80b1b1ae2e0d81e038a,2.0,withdraw,2
476450850,2026-06-23T08:57:29Z,1782205049000,0xfac0a2fa8a2b5df2c2fbb0ea18f43a41c52737c93be5f3eedb94bf4dd5b8de1c,5,0x2df1c51e09aecf9cacb7bc98cb1742757f163df7,0x75bc07f949c3a4eef2b5e21e5d0ecaec6b7a5083,52.45,withdraw,2
476450999,2026-06-23T08:58:06Z,1782205086000,0x7d1db81cc1e728cf29cb7cf62c4cd9be97b79260b9c091de44a16190f59fe2d3,12,0x6094b061b8a77b6500d758e9cd5f77a2e333d9e5,0x2df1c51e09aecf9cacb7bc98cb1742757f163df7,39.660001,deposit,2
476451051,2026-06-23T08:58:19Z,1782205099000,0x841ff3e7c3405b67697e1b1a7f00fb667f0fc32e3f10a94e64e1b8731c3d9d45,3,0x2df1c51e09aecf9cacb7bc98cb1742757f163df7,0xeadb35fd8d6a12c81188dd7c48e9342f1d6afe55,6.952253,withdraw,2
476451051,2026-06-23T08:58:19Z,1782205099000,0x841ff3e7c3405b67697e1b1a7f00fb667f0fc32e3f10a94e64e1b8731c3d9d45,5,0x2df1c51e09aecf9cacb7bc98cb1742757f163df7,0x4fdccbb293622b513d04f80b1b1ae2e0d81e038a,4.0,withdraw,2
476451231,2026-06-23T08:59:04Z,1782205144000,0x305138007a1c35195ef5b35d328462e104398168174669c2126aa8c06d5cefed,44,0x2df1c51e09aecf9cacb7bc98cb1742757f163df7,0x67f73604c5a84ebfca98dcb62da0fcd9db20bb0a,9.0,withdraw,2
476451291,2026-06-23T08:59:19Z,1782205159000,0xd1f1675e3d1e9833d461e8798147d3e156c248da70339643a696b3c505d12f7c,0,0x48ecb8a392947b53bb5067fb2d9e07dcb51c6afd,0x2df1c51e09aecf9cacb7bc98cb1742757f163df7,903.353175,deposit,2
476451305,2026-06-23T08:59:23Z,1782205163000,0x8183d781c6c85261ed440f8a8cc714d4f5c210fb18d0f2dd908db22e012ffde1,0,0x9f7e8ffd8baa3e03e0d99cbcf0332f80ae2c2934,0x2df1c51e09aecf9cacb7bc98cb1742757f163df7,1614.0,deposit,2
476451313,2026-06-23T08:59:25Z,1782205165000,0x5fb79da05dbfb848472d2e3a82118b6a73ae919f03b3179ae25b964800144a39,1,0x2d49ce01e9e60419cbaffb44218d44c3d170c06b,0x2df1c51e09aecf9cacb7bc98cb1742757f163df7,149.0,deposit,2
476451411,2026-06-23T08:59:49Z,1782205189000,0x8b5a651cde2863b90fbdda97e48de89042314947baf8f5b9a6990864564fa31c,1,0x2df1c51e09aecf9cacb7bc98cb1742757f163df7,0x799ee50dd5921fa20b6c13e9b5a80ad244df5fd4,122.0,withdraw,2
476451411,2026-06-23T08:59:49Z,1782205189000,0x8b5a651cde2863b90fbdda97e48de89042314947baf8f5b9a6990864564fa31c,3,0x2df1c51e09aecf9cacb7bc98cb1742757f163df7,0x2c16d6dc0e3bed61f2f5e61af3932e865a29fc6b,300.48,withdraw,2
476451413,2026-06-23T08:59:50Z,1782205190000,0xb8b4c5a3b1729d00a8a512e19f0c736f65ed5e072979654beb9cd5d227114069,30,0x2b7156924cbb8b11850fbf22be49f48f9fca82ff,0x2df1c51e09aecf9cacb7bc98cb1742757f163df7,12.056014,deposit,2
476451533,2026-06-23T09:00:20Z,1782205220000,0xc9c41ab1791f4448bd673e3287d088f10f7985cd2e25daee520caa75cb4611d9,11,0x0b38c01118342098d6f108cc3741349089cd9590,0x2df1c51e09aecf9cacb7bc98cb1742757f163df7,10000.0,deposit,2
476451888,2026-06-23T09:01:48Z,1782205308000,0xc776e4a2b39c14c8a6241aded4f53313b293fb67e72f461692cf060fa98cd124,13,0x2df1c51e09aecf9cacb7bc98cb1742757f163df7,0xae6446c95cc4e455e9cf56f28757ab728d88e81e,47099.0,withdraw,2
476451888,2026-06-23T09:01:48Z,1782205308000,0xc776e4a2b39c14c8a6241aded4f53313b293fb67e72f461692cf060fa98cd124,15,0x2df1c51e09aecf9cacb7bc98cb1742757f163df7,0x470d235ca1caff614abee02d98ac3aa89a6758bd,230.62815,withdraw,2
476451907,2026-06-23T09:01:52Z,1782205312000,0xd48f36b76118bfe4ce60e78c5aa6fa399c3ec44230b688321cf55c8888c7d17a,6,0x6cd27fb6dcf9c06c36200aff3ec44cf004be32a4,0x2df1c51e09aecf9cacb7bc98cb1742757f163df7,4394.8,deposit,2
476451968,2026-06-23T09:02:08Z,1782205328000,0x34abca1433d136fa7143f84e04c6d3cd96ef2ff95f653ab4709fa38197c91b06,4,0x2df1c51e09aecf9cacb7bc98cb1742757f163df7,0x567b55dc78a84d38ffb5643d382dfd198d3a6557,4.0,withdraw,2
476452068,2026-06-23T09:02:33Z,1782205353000,0x8e5f8f480f58d25af72c98c8d2541fba4225007d1a9767987e03c3b6220e8e49,1,0x2df1c51e09aecf9cacb7bc98cb1742757f163df7,0xdeac1a02905cd205d30b9b2ee5d76588fe5410d7,42.08,withdraw,2
476452092,2026-06-23T09:02:39Z,1782205359000,0x92034ad7058674ec8d5bf9bc0f56f40bbdf6499ae3f49e548aa62e21f209c983,8,0x799ee50dd5921fa20b6c13e9b5a80ad244df5fd4,0x2df1c51e09aecf9cacb7bc98cb1742757f163df7,122.0,deposit,2
476452104,2026-06-23T09:02:42Z,1782205362000,0xd9bd6ce2050eca95e6eccd7c63f3531dc56c09e8c26516e4f6ac167affd8fe2b,27,0x9201b4601311637cfc8a5671b7ab2c564bba3070,0x2df1c51e09aecf9cacb7bc98cb1742757f163df7,12.0,deposit,2
476452124,2026-06-23T09:02:47Z,1782205367000,0xcb8bb743475ab38b213d1d8a1f36761f42dfc67e54aac4a930a6cf6cc34b741f,1,0x3b2ab50970aea44d0e4ff684229a977f08207211,0x2df1c51e09aecf9cacb7bc98cb1742757f163df7,10.0,deposit,2
476452124,2026-06-23T09:02:47Z,1782205367000,0xcb8bb743475ab38b213d1d8a1f36761f42dfc67e54aac4a930a6cf6cc34b741f,3,0x992a4c868edb44817dc73ac5ba8b9b7b41cd99bb,0x2df1c51e09aecf9cacb7bc98cb1742757f163df7,1000.0,deposit,2
476452157,2026-06-23T09:02:55Z,1782205375000,0xc50b9dbee82a6a9c7153e43178b93ad4fe10819cc47d30dc9fa16dec31b33555,2,0x2319c3baca4f6419fc9f498d61bb34cf63a99339,0x2df1c51e09aecf9cacb7bc98cb1742757f163df7,125.0,deposit,2
476452191,2026-06-23T09:03:04Z,1782205384000,0x1c51be971243cab961d10b0395d7e5ad08350fa62bd067bdb15efdc9cf13a0a7,7,0xd40c748c68b59c753152676f4423474e5e36ac7a,0x2df1c51e09aecf9cacb7bc98cb1742757f163df7,2500.0,deposit,2
476452200,2026-06-23T09:03:06Z,1782205386000,0x6b96af980c777b4dd6edd0e5ce1016ad7ceee89e38bb409bec3727fec33f2c6b,1,0x6b733c6c85e63e5b646d31ed8ebc761ecab96f5a,0x2df1c51e09aecf9cacb7bc98cb1742757f163df7,10.26,deposit,2
476452290,2026-06-23T09:03:28Z,1782205408000,0xf53edb61ff7aecf049d5b5f3532070515deec9c35cfacb0d98900c751d495e4b,1,0x24d36e26ba949a71f356a0437e3ffeadeab4d22b,0x2df1c51e09aecf9cacb7bc98cb1742757f163df7,20.4106,deposit,2
476452368,2026-06-23T09:03:48Z,1782205428000,0xd73b2d7fab47c756b37d818ae8958e129c730e4c21e4ad7401da136d445730df,15,0x2df1c51e09aecf9cacb7bc98cb1742757f163df7,0x404ca2035b37bf2e83505134ebcf8d03babb5f03,304502.734495,withdraw,2
476452464,2026-06-23T09:04:12Z,1782205452000,0xdc3c59bd67d477ba7eb2b9e6f5b8fbe891e0fbe631b63affb705a5f7a323d2a8,1,0x3b2ab50970aea44d0e4ff684229a977f08207211,0x2df1c51e09aecf9cacb7bc98cb1742757f163df7,239.0,deposit,2
476452473,2026-06-23T09:04:14Z,1782205454000,0x00d68cc503877c97fcc493b1b3e250ef5ded0506a698b1f97219ef4e0ca21455,1,0x2df1c51e09aecf9cacb7bc98cb1742757f163df7,0x00e1f2b2471499a39dd69f72f0fee6697210c247,424.125005,withdraw,2
476452740,2026-06-23T09:05:21Z,1782205521000,0x72b8a47346f0d147948d01e9db710a93b5e5b3e915fa152900ba8c83724e91e7,5,0xfa0f8278c01ed080005339103608f8ff6c5d8880,0x2df1c51e09aecf9cacb7bc98cb1742757f163df7,914.830483,deposit,2
476452790,2026-06-23T09:05:34Z,1782205534000,0x56e5be8d90a6a7182b1690eef2b371a6c2b363341417293bf181213f6d27f293,31,0xd0ae037645e08ac253f214f7fba035b1cfc72881,0x2df1c51e09aecf9cacb7bc98cb1742757f163df7,15.340634,deposit,2
476452803,2026-06-23T09:05:37Z,1782205537000,0x3d911134de9824d02e73c97eada851fe547b9fd1d8c1e17fe8150f257a44dba7,5,0x2df1c51e09aecf9cacb7bc98cb1742757f163df7,0x3ef7f176cbc7aa914b8b257ed7adc3a0c2410b51,53.87,withdraw,2
476452803,2026-06-23T09:05:37Z,1782205537000,0x3d911134de9824d02e73c97eada851fe547b9fd1d8c1e17fe8150f257a44dba7,7,0x2df1c51e09aecf9cacb7bc98cb1742757f163df7,0x239b34cdb93ec8cf876e3adf0def453ae90c4e2d,9.64,withdraw,2
476452980,2026-06-23T09:06:21Z,1782205581000,0x181fe66d2b469d2807dc92b812f0fb3e3f89f64ad3f300f1ebdc9f8606da35ba,13,0x2df1c51e09aecf9cacb7bc98cb1742757f163df7,0x64944f6e52d2f770f80c40c400b572556205482c,14.39,withdraw,2
476453010,2026-06-23T09:06:29Z,1782205589000,0x43094dec5db09b14aab1b74d45e7dc985950e21db5c321f727b50bc52b94e770,1,0xd40c748c68b59c753152676f4423474e5e36ac7a,0x2df1c51e09aecf9cacb7bc98cb1742757f163df7,2500.0,deposit,2
476453143,2026-06-23T09:07:02Z,1782205622000,0xe4ff710eb3661913a12d8763d889cdf1548cdacec7dcb7a9119048313efdb61c,0,0xa5ce0f00d75659ca35c7d2927e8750a6c85a264c,0x2df1c51e09aecf9cacb7bc98cb1742757f163df7,49.89253,deposit,2
476453224,2026-06-23T09:07:22Z,1782205642000,0x0b55934a4440a413440487b2eb36d2634a8dd2426430e5b5d3559e39c828fe76,23,0xf85266b46fccb8b9e5c52ca770b9965e80fb4b57,0x2df1c51e09aecf9cacb7bc98cb1742757f163df7,305.459054,deposit,2
476453376,2026-06-23T09:07:59Z,1782205679000,0x4d5bc5c12b6f07b6b2b1b43879c039ff77dc15bf04142ffdecde6a543912cf8b,1,0x2560f73c320cab506925b3e93f704a3c5af99858,0x2df1c51e09aecf9cacb7bc98cb1742757f163df7,19.8,deposit,2
476453393,2026-06-23T09:08:03Z,1782205683000,0xce5993c6fe38f8194817ca699413acc265d10004e22a5cd8606fdff4c314590f,6,0x0ebba25e05243fb4146a3a2052aee412ed3d16c9,0x2df1c51e09aecf9cacb7bc98cb1742757f163df7,83.947601,deposit,2
476453396,2026-06-23T09:08:04Z,1782205684000,0x0f3956e8e54d32bd12df9802eb05864b0576fe479f664260722c8d558b5afca6,1,0x2f3b5f31bf36d33ae77c8f1e819920973f04ab8a,0x2df1c51e09aecf9cacb7bc98cb1742757f163df7,5867.804473,deposit,2
476453442,2026-06-23T09:08:16Z,1782205696000,0x849d2415da00f01b2678b36f69c8e5d416e280a70b36fb18be451b8fd716417f,7,0x67b44a97c772458803856fc58cded2f757b37d05,0x2df1c51e09aecf9cacb7bc98cb1742757f163df7,15009.9,deposit,2
476453518,2026-06-23T09:08:35Z,1782205715000,0x76938273a2f953552a3fdba258772441a5817045ed95506ef97eaf08afb2d549,6,0x2df1c51e09aecf9cacb7bc98cb1742757f163df7,0xeaf1f212cdd8c53d3ddea378a4cbfe29b84df3cd,134.073296,withdraw,2
476453614,2026-06-23T09:08:59Z,1782205739000,0x284b484a7a771ac0c556b5b087beba5445adb7b084f8a77675c5d0948df24ccd,24,0x7fe1163d87eda58fb5eb0ea8f5d757f3a635e8d8,0x2df1c51e09aecf9cacb7bc98cb1742757f163df7,5000.00005,deposit,2
476453648,2026-06-23T09:09:07Z,1782205747000,0x44d9fbce850b167cb83b148ae1cb292dbe915f049733d529e6fb005021ab6264,79,0x8db3022b5711f9b8ee4a9c43542a9be37fd3f868,0x2df1c51e09aecf9cacb7bc98cb1742757f163df7,59.270631,deposit,2
476453700,2026-06-23T09:09:20Z,1782205760000,0xd035f9bf13e76afb8b738b094895438207876ee22f7ac93b86ded8a2f4fec86e,9,0x2df1c51e09aecf9cacb7bc98cb1742757f163df7,0x0905d185f1dc65ecb5f8f9cb04c95f717c607a0d,1.08,withdraw,2
476453700,2026-06-23T09:09:20Z,1782205760000,0xd035f9bf13e76afb8b738b094895438207876ee22f7ac93b86ded8a2f4fec86e,11,0x2df1c51e09aecf9cacb7bc98cb1742757f163df7,0x260b31fab72abfb0d3377eefb99d42e445cab8e9,30064.95,withdraw,2
476453710,2026-06-23T09:09:23Z,1782205763000,0x4094c746d9b313be68edadde0a11b40ff5e9fa14db3f1d22cc2efa197c068a1d,5,0xd40c748c68b59c753152676f4423474e5e36ac7a,0x2df1c51e09aecf9cacb7bc98cb1742757f163df7,2500.0,deposit,2
476453749,2026-06-23T09:09:32Z,1782205772000,0x1f9b756503c2989577a33d02691431e0da580ce13808bba0300aa894476c2cb8,1,0xf53d4b639888a58800758eafaf71f0497c6a2b7a,0x2df1c51e09aecf9cacb7bc98cb1742757f163df7,9.5,deposit,2
476453784,2026-06-23T09:09:41Z,1782205781000,0xda7fc1ae8fbbbf0346e9d4e04f1438848022786ff2de8813347421001c5a4481,8,0x0b5a0354eff79f2a18b6e02c3fac2dd2cd83fb84,0x2df1c51e09aecf9cacb7bc98cb1742757f163df7,452.607731,deposit,2
476453845,2026-06-23T09:09:56Z,1782205796000,0xc58c7f2fd082ab9c3016898f8558ff2bffff6377c7452965eb5e0e0d7e526335,2,0x8b48aa10f90b2f4ff604c6b585418337c45d9a10,0x2df1c51e09aecf9cacb7bc98cb1742757f163df7,200.747857,deposit,2
476453878,2026-06-23T09:10:05Z,1782205805000,0x1da8cc9de959543ad3f069f8927b8730567cb74c02af0a1b83f99beb1b419123,28,0x01ae84635ff442e2f756e53c2c186fef5e433622,0x2df1c51e09aecf9cacb7bc98cb1742757f163df7,729.350428,deposit,2
476453888,2026-06-23T09:10:07Z,1782205807000,0xd88bcc5d7d3cf089efbd8f743447ddb4f736377f03a46cb4b8e94c7d378f7ce7,32,0x2df1c51e09aecf9cacb7bc98cb1742757f163df7,0xa6daa94914977076a37f2e3d970704284e8118f2,27.012042,withdraw,2
476453990,2026-06-23T09:10:33Z,1782205833000,0x28668fa7da42868f4759d4b66b6cf0625df85fea8dc6c00f5bda4846e1f3069d,4,0x4d1c9be949d8d640b3b2948a80a58fe746369739,0x2df1c51e09aecf9cacb7bc98cb1742757f163df7,5.0,deposit,2
476454098,2026-06-23T09:11:00Z,1782205860000,0x97fd2f38059c2b545aa449516cc0d5b84fd5e186cb932356b03bb53c8d1e5c37,8,0xc09a99884841fe2954be1ac4512348731b3a66e3,0x2df1c51e09aecf9cacb7bc98cb1742757f163df7,13.118696,deposit,2
476454139,2026-06-23T09:11:10Z,1782205870000,0x91eeb13923c4666b4bfb8a5f01f61108b5f846c37a8d20521cc1b0fd2cc9c832,17,0x0460e9fb6464135cbd66e001a15681338597f060,0x2df1c51e09aecf9cacb7bc98cb1742757f163df7,23.200139,deposit,2
476454206,2026-06-23T09:11:27Z,1782205887000,0xc9d3e1cd4064c9940ae87697810655c52c95899aeb7c9ec094448b1f4d0e9242,2,0x47048957eefc3ff93677a0ec038442fbbf80a31e,0x2df1c51e09aecf9cacb7bc98cb1742757f163df7,10.0,deposit,2
476454277,2026-06-23T09:11:45Z,1782205905000,0x88badbc024558ceb3196a2dc45f711e90f498169b187e590265516f828f1fd4e,1,0x172341a859532072c9ece1576f132067b70fc3da,0x2df1c51e09aecf9cacb7bc98cb1742757f163df7,99.9966,deposit,2
476454302,2026-06-23T09:11:51Z,1782205911000,0x5b5edf68495f96cfe25500784310969d9892020f83f5e05f8592aff663617151,2,0xd40c748c68b59c753152676f4423474e5e36ac7a,0x2df1c51e09aecf9cacb7bc98cb1742757f163df7,2500.0,deposit,2
476454360,2026-06-23T09:12:06Z,1782205926000,0x76b3de97164bc5cc70535999078ad341c94bece7bc9922e369c8fa2a8a05ae56,3,0x2df1c51e09aecf9cacb7bc98cb1742757f163df7,0xaeff138d35f1dd205c550776bb82290d9f7e3aee,164.9,withdraw,2
476454452,2026-06-23T09:12:29Z,1782205949000,0xf38051fbb2f879eb566e1b27f99d95da712139d7f38c0da7e98f589e8406d3d4,3,0x4d7921fdc52e1b90bb85a84e67f1989e0ec073f0,0x2df1c51e09aecf9cacb7bc98cb1742757f163df7,99.8025,deposit,2
476454489,2026-06-23T09:12:38Z,1782205958000,0x59f85ec13f5d1f4cf549c0ed62e4551ee3e83c6f905cb4327f357746755fc3b3,1,0xbc1795a0aa0fe57bf5449331ac7d39d1cb9baed5,0x2df1c51e09aecf9cacb7bc98cb1742757f163df7,9.8,deposit,2
476454558,2026-06-23T09:12:55Z,1782205975000,0xdf8fbf756d6c83008c0ff4b7b63c8b2c35c79899f510338ccc8350ba0137edb4,0,0x2df1c51e09aecf9cacb7bc98cb1742757f163df7,0x220a2565a48e05bab7896278c2726a2545ba9437,563.38,withdraw,2
476454796,2026-06-23T09:13:55Z,1782206035000,0x2829895ad4647ed9b70a1a72fe0ad49e81fb5c7dc93c269299b39b50caa46ea3,30,0xd40c748c68b59c753152676f4423474e5e36ac7a,0x2df1c51e09aecf9cacb7bc98cb1742757f163df7,2500.0,deposit,2
476454894,2026-06-23T09:14:18Z,1782206058000,0xaf86eec94e26988e0c4d4b3dac8457eba32b1e2a24728010813f433e003b0843,2,0x79e0517a7638ff0c6230b490fb3df9d422ba0721,0x2df1c51e09aecf9cacb7bc98cb1742757f163df7,5.67,deposit,2
476454919,2026-06-23T09:14:24Z,1782206064000,0xb26ffdc83b594a8ce8bb880d721a6ec7e2d41fffbbe7573731fb2bcd2d0e3d82,3,0x05fe9b2bbd80665b0c7f7bd132b32353ce3c9171,0x2df1c51e09aecf9cacb7bc98cb1742757f163df7,1000.0,deposit,2
476454977,2026-06-23T09:14:39Z,1782206079000,0xef4919517ed1da45b7f99cc49863fb3591cbe1afe83b846abccb17d28a42c566,2,0x2847bce2fa6292b30864cc299bd8b9974cf35c61,0x2df1c51e09aecf9cacb7bc98cb1742757f163df7,103.89819,deposit,2
476455128,2026-06-23T09:15:16Z,1782206116000,0x51857ca432f6b337a4d9540455e79e6386dd9af5b13cbb0a4da6f38cd50e2d72,5,0x2df1c51e09aecf9cacb7bc98cb1742757f163df7,0x781e95fdc049433565cf8e05265361b8402196b7,219999.0,withdraw,2
476455221,2026-06-23T09:15:40Z,1782206140000,0x1805d954f6ea5ad0bbf608d1ad7dbe1782cc67da68f30cd282408b91f000ce92,0,0x2df1c51e09aecf9cacb7bc98cb1742757f163df7,0x47048957eefc3ff93677a0ec038442fbbf80a31e,17.839061,withdraw,2
476455232,2026-06-23T09:15:42Z,1782206142000,0x77e36728d94555d2f0221c847749e0e572ee7386103ee5d0456c98e32b38eb1b,1,0xc290b1b399d551d1fb79ccf9b086b45d9db6773c,0x2df1c51e09aecf9cacb7bc98cb1742757f163df7,2077.566808,deposit,2
476455270,2026-06-23T09:15:52Z,1782206152000,0xd46710a0a9cfc2b635b63187d329d27c01f1624633bb5eba7925482a575cecfd,5,0xdf417214758ca321cc31fa6bd1efe850fc6cbd60,0x2df1c51e09aecf9cacb7bc98cb1742757f163df7,100.0,deposit,2
476455310,2026-06-23T09:16:02Z,1782206162000,0x817701c011fcfb00b679cc9892f440fb9ac0d51d66835420c7a8622e84c776b5,4,0xf881e1bcbacea3ceea0a18480441c089ac580d80,0x2df1c51e09aecf9cacb7bc98cb1742757f163df7,122.745699,deposit,2
476455434,2026-06-23T09:16:33Z,1782206193000,0x159b10784d3fb42436a2dff6981fdf8b2f7d0b6c7037e02e0897ab353f5b657d,5,0xf70da97812cb96acdf810712aa562db8dfa3dbef,0x2df1c51e09aecf9cacb7bc98cb1742757f163df7,204057.104604,deposit,2
476455543,2026-06-23T09:17:00Z,1782206220000,0xae27601a9def4a619cf00f1652174eb1f52a3ac29dd48e8cc8e78a6461f11205,13,0x2df1c51e09aecf9cacb7bc98cb1742757f163df7,0x29a0bb47f7d94524bdf09f447a293f0b74b508a6,44.27,withdraw,2
476455712,2026-06-23T09:17:43Z,1782206263000,0xb4af2fccbb8f9c306bdb0f8c3f04afad612efdf6371ae9fbfb3872f663318813,4,0x8cc392795043a54f42a8f5af48b4f01a86bb13ca,0x2df1c51e09aecf9cacb7bc98cb1742757f163df7,10.0,deposit,2
476455718,2026-06-23T09:17:44Z,1782206264000,0x2a956dc0c1fd93b6371c38e6c950b05bf777f30f02c19232bf3444a13a326e2b,3,0x2df1c51e09aecf9cacb7bc98cb1742757f163df7,0x0a41921749012d47e5cc4602c95fe86f3bef741c,235.21,withdraw,2
476455818,2026-06-23T09:18:09Z,1782206289000,0x1ff66c999306eb080cb3390e00fbe149f924da4af981bc5e964aeea9d20e511f,2,0x2df1c51e09aecf9cacb7bc98cb1742757f163df7,0xdc46aa7ebb70974e9e63a52a2895bac3e19f2f2b,9.61,withdraw,2
476455837,2026-06-23T09:18:14Z,1782206294000,0xd58110d7f11e9b5db39784a90bd637280f9463de566597f033b5289799d9218c,6,0xdf417214758ca321cc31fa6bd1efe850fc6cbd60,0x2df1c51e09aecf9cacb7bc98cb1742757f163df7,1619.188639,deposit,2
476455844,2026-06-23T09:18:16Z,1782206296000,0x3d5cdc2de31ac238601f087ffba26a03943201f9a1466aee4f4a31492edd2183,13,0xd40c748c68b59c753152676f4423474e5e36ac7a,0x2df1c51e09aecf9cacb7bc98cb1742757f163df7,2500.0,deposit,2
476455902,2026-06-23T09:18:30Z,1782206310000,0xd63df45a406b4e7de7c244f08d3369bbdd2fb15f7c126698f2fddbc997cab05b,0,0x2df1c51e09aecf9cacb7bc98cb1742757f163df7,0xd5b039476f98771abd3593dd373f775ec9884e12,311.55,withdraw,2
476455902,2026-06-23T09:18:30Z,1782206310000,0xd63df45a406b4e7de7c244f08d3369bbdd2fb15f7c126698f2fddbc997cab05b,2,0x2df1c51e09aecf9cacb7bc98cb1742757f163df7,0x953790e00ad96f6fe94ff600f2b44e7e15a1dc68,1088.39681,withdraw,2
476455953,2026-06-23T09:18:43Z,1782206323000,0xb81798ab7295dbb2a743851b8a26b39f4e9c184442932f09d8681153cb81d8f7,10,0x114bf5bd9fe7e512bf85d2491cb59f8567dd0216,0x2df1c51e09aecf9cacb7bc98cb1742757f163df7,1558.605906,deposit,2
476456001,2026-06-23T09:18:55Z,1782206335000,0xae300e0ed103428d1b9c17e9a7bd4acd927139d998cbf574b6084ea2db500782,0,0x2df1c51e09aecf9cacb7bc98cb1742757f163df7,0xa1d08b307a51a8caf302791445640bde80482bbf,193022.37,withdraw,2
476456182,2026-06-23T09:19:41Z,1782206381000,0xff80b577bb30de76085ee0c6c2478e074f7074e115d2866a6620d73bc9c8c46e,4,0xf58b4af0726fb1b3ce6da53df8ce8a82296c5edf,0x2df1c51e09aecf9cacb7bc98cb1742757f163df7,35.92,deposit,2
476456291,2026-06-23T09:20:08Z,1782206408000,0xbc1f2a04b438228d4273977ec794b41ac6ef7af34be7859e3145b1e6085cb028,41,0x2df1c51e09aecf9cacb7bc98cb1742757f163df7,0x27d79a9d27d7c984375f36ee7fe606f663400ef5,2899.003279,withdraw,2
476456291,2026-06-23T09:20:08Z,1782206408000,0xbc1f2a04b438228d4273977ec794b41ac6ef7af34be7859e3145b1e6085cb028,43,0x2df1c51e09aecf9cacb7bc98cb1742757f163df7,0x33a1606c446f5679bc82e3cd5fd59c6201f3ee30,172.76141,withdraw,2
476456345,2026-06-23T09:20:21Z,1782206421000,0xba975f5b1d7ff37deddc9d55e57c9d87368df3a95f11118bffe74cc10c734a51,15,0xd40c748c68b59c753152676f4423474e5e36ac7a,0x2df1c51e09aecf9cacb7bc98cb1742757f163df7,2500.0,deposit,2
476456353,2026-06-23T09:20:23Z,1782206423000,0xeb7d3cba51319ad4d2d4ee232cce6f9f7f3b9ee315e785f80c24d4703cd5ea66,1,0x5faab697b5f80d5101b29516043a8fed5395c86f,0x2df1c51e09aecf9cacb7bc98cb1742757f163df7,7.0,deposit,2
476456403,2026-06-23T09:20:36Z,1782206436000,0x00a779d32c102171bf1ddeb079fc0c80d2c703e597612e9553214a8dd0b72405,0,0x2df1c51e09aecf9cacb7bc98cb1742757f163df7,0xde60ba56b2484914260fd31d025717192818301a,50.66,withdraw,2
476456512,2026-06-23T09:21:02Z,1782206462000,0x450807f8b67005cca9fcd901fc468e6403a444ad89dbf34045fd4d81f95751e0,6,0xd40c748c68b59c753152676f4423474e5e36ac7a,0x2df1c51e09aecf9cacb7bc98cb1742757f163df7,2500.0,deposit,2
476456531,2026-06-23T09:21:07Z,1782206467000,0xb93f98b9127bc472ef5df83a727ff80f6429906f62dcbe33488f3246d0da2dda,24,0xe6db30da89e8c6492da3677fa9b5a7d59124995e,0x2df1c51e09aecf9cacb7bc98cb1742757f163df7,10000.0,deposit,2
476456561,2026-06-23T09:21:15Z,1782206475000,0x4e1cc5f7767fa7ee8fd6629b0e15722d19446ac264f43e4dc52ae3d163450c90,7,0x82cd5683ef2013c30915cd84c940f378ad782d4b,0x2df1c51e09aecf9cacb7bc98cb1742757f163df7,30000.0,deposit,2
476456704,2026-06-23T09:21:51Z,1782206511000,0xc4df319bbdbb47eabf4583c60f7361c8e8d247c03841409757c45ba3ab7bd40b,43,0x2df1c51e09aecf9cacb7bc98cb1742757f163df7,0x2d5e241103aa3161994cbba35dc809f4d5207f96,658.54,withdraw,2
476456847,2026-06-23T09:22:26Z,1782206546000,0x487efaee7438ee8d0c307354fcc1385d2fb1e4c14dc624546b5dbd1408646ffa,5,0x3bb6fdb25f444ff1aeaeafd7efaa5db03c086f6f,0x2df1c51e09aecf9cacb7bc98cb1742757f163df7,95.743784,deposit,2
476456912,2026-06-23T09:22:43Z,1782206563000,0xe0e543cdebb06044b0f8e445f926ed61c82e433e1d347bac729194c6647fbd7a,1,0xd40c748c68b59c753152676f4423474e5e36ac7a,0x2df1c51e09aecf9cacb7bc98cb1742757f163df7,2500.0,deposit,2
476457003,2026-06-23T09:23:05Z,1782206585000,0xec938705826787363b79dba2a69cfe5429d0555c62f0d898973f2fb49402fa3f,16,0x2df1c51e09aecf9cacb7bc98cb1742757f163df7,0xa28eb46cc35f853c0d2b734b88723da814644d98,13999.0,withdraw,2
476457118,2026-06-23T09:23:34Z,1782206614000,0x6e65b32725c4b09336f48ba47fac40da7c6c975addc1eb72768d8ab7cbcdd9af,3,0xf79c163305387f940f49999ff2abff5410129bbd,0x2df1c51e09aecf9cacb7bc98cb1742757f163df7,1613170.840285,deposit,2
476457470,2026-06-23T09:25:03Z,1782206703000,0xd14bc14ab9398d5f88d4e9676266537658ab66005517b934fc5920b0ffe07f36,28,0x2df1c51e09aecf9cacb7bc98cb1742757f163df7,0x33a1606c446f5679bc82e3cd5fd59c6201f3ee30,141.475804,withdraw,2
476457655,2026-06-23T09:25:49Z,1782206749000,0x7ab65262cd864daa161e2255a13a98a5ddcf75ed3ba57563b982654c3f72daec,1,0xbc1795a0aa0fe57bf5449331ac7d39d1cb9baed5,0x2df1c51e09aecf9cacb7bc98cb1742757f163df7,90.914243,deposit,2
476457737,2026-06-23T09:26:09Z,1782206769000,0x2d0e1a55cd19b41a79ed53543d2f18e455e999b36f0cb7cd855d9b7f34ed4bbf,20,0xd40c748c68b59c753152676f4423474e5e36ac7a,0x2df1c51e09aecf9cacb7bc98cb1742757f163df7,2500.0,deposit,2
476457955,2026-06-23T09:27:04Z,1782206824000,0x33772a761677bf66c90a3b369c7f3063ab5e6ec3bd09c728dcd76b36523421a1,1,0x7cfdd8e369e152053401056c301dc76716f1a0aa,0x2df1c51e09aecf9cacb7bc98cb1742757f163df7,1626.222191,deposit,2
476457960,2026-06-23T09:27:05Z,1782206825000,0x5df876cb4a641043e8f3fc274dbb084b4cbdba4b2afee164459f912b3aac9a60,0,0x2df1c51e09aecf9cacb7bc98cb1742757f163df7,0x239b34cdb93ec8cf876e3adf0def453ae90c4e2d,9.2,withdraw,2
476458118,2026-06-23T09:27:44Z,1782206864000,0x8a09b3ca8055bfd6a8a94958d245abe2b634225dd2bc06b196b2c4134720cdee,1,0x8ab85cbe4c76738fad550074916ab5a6368b8425,0x2df1c51e09aecf9cacb7bc98cb1742757f163df7,121.0,deposit,2
476458154,2026-06-23T09:27:53Z,1782206873000,0x7cc5ed096cbeeb86c91dffa6dc749dece42757fb53b919e1388e2665f9420e5e,10,0x2df1c51e09aecf9cacb7bc98cb1742757f163df7,0x32ece0899978e885e281470dda78bf0e67ba43f7,21919.0,withdraw,2
476458225,2026-06-23T09:28:11Z,1782206891000,0xc0e2bb3824da69f1c7fb7ff9d40d49046b2e6d9eb8c49dc53da4651ef6ff8bdf,19,0xd40c748c68b59c753152676f4423474e5e36ac7a,0x2df1c51e09aecf9cacb7bc98cb1742757f163df7,2950.0,deposit,2
476458596,2026-06-23T09:29:44Z,1782206984000,0x59ce0dee2a9a96bb012b4992db9cd17baa3a2e6835ef7b789c913615cc747a4b,13,0x2847bce2fa6292b30864cc299bd8b9974cf35c61,0x2df1c51e09aecf9cacb7bc98cb1742757f163df7,106.843475,deposit,2
476458613,2026-06-23T09:29:49Z,1782206989000,0xc952847c9f14ff869d9139d254545a872f48ffac579b5362721f0b21f671342c,0,0xbe8ab031bb6bf050c3b4674a44b0b024e28ed724,0x2df1c51e09aecf9cacb7bc98cb1742757f163df7,10187.046921,deposit,2
476458636,2026-06-23T09:29:54Z,1782206994000,0x08a4e0f7eab980b770d653eb8e2b8c9cecfc282d20d515c6b4c61633ffd752f7,43,0x2df1c51e09aecf9cacb7bc98cb1742757f163df7,0x0ad215dd87bb8bba6c707f319f57c9a4924dbdf4,33.85,withdraw,2
476458672,2026-06-23T09:30:03Z,1782207003000,0x861436698016491aeae29574958e13e5c719183db226e92c58ef380e62c7bd85,1,0xcec097f591ffea4f337090741ec2f8a55f272b44,0x2df1c51e09aecf9cacb7bc98cb1742757f163df7,509.391534,deposit,2
476458692,2026-06-23T09:30:08Z,1782207008000,0x1f459e64d99a2e4509fa6c6b3cc5dab7f6dca654da0609951a186e0c09d18e88,5,0x9c7a8c68082b5c349d4f9b703b4784b7d44c8ba8,0x2df1c51e09aecf9cacb7bc98cb1742757f163df7,197.23,deposit,2
476458697,2026-06-23T09:30:10Z,1782207010000,0x7727d2d9d84106b57a89b5fbe66ffaa18e08b06501d972d042ab9d66b751dd1a,8,0x8dafdf2636865d8bfd0e9ed7534670824ac8d174,0x2df1c51e09aecf9cacb7bc98cb1742757f163df7,79.9,deposit,2
476458707,2026-06-23T09:30:12Z,1782207012000,0x0bff12a0ffaa76ae0b9eb167ed08392f422414521accce7f1907e86a2e30a8d6,1,0xf53d4b639888a58800758eafaf71f0497c6a2b7a,0x2df1c51e09aecf9cacb7bc98cb1742757f163df7,113.37294,deposit,2
476458959,2026-06-23T09:31:15Z,1782207075000,0x1c6257925fa9b472ee46565cca62c9f37ac8b19b2f90dad0b2072c65a06aa046,3,0x2597c39464e8457d8d92156400b799cf751933e1,0x2df1c51e09aecf9cacb7bc98cb1742757f163df7,38.62,deposit,2
476458994,2026-06-23T09:31:24Z,1782207084000,0x35c06816351fbead6a59a27f446b78296b70d885a95e90a44f4e59110db19bbd,3,0x114bf5bd9fe7e512bf85d2491cb59f8567dd0216,0x2df1c51e09aecf9cacb7bc98cb1742757f163df7,625.49373,deposit,2
476459124,2026-06-23T09:31:57Z,1782207117000,0x16b4e22c48e62ac67a31f8cf5e0cb90eacc1f8ae2503c5ff6ea33d6a0e25ded0,7,0xd152f5277c09abf2d9cd7eff2bce419f280fcc66,0x2df1c51e09aecf9cacb7bc98cb1742757f163df7,8392.46312,deposit,2
476459152,2026-06-23T09:32:04Z,1782207124000,0x374ff33888ffa0e782b0d87b0f6c517a0a669e410c26e6d4787bfa89c8e9278a,1,0x2df1c51e09aecf9cacb7bc98cb1742757f163df7,0xec1ce11c555ff865795ba6577da4c1f4fd3db263,3802.14,withdraw,2
476459197,2026-06-23T09:32:15Z,1782207135000,0xfc9881e99c7a0b8003e699c30815ca5d43364bb9b93cf6001cf288dacffbe7a8,0,0xa2389f110194c4bafe092e3165f6383562afb51f,0x2df1c51e09aecf9cacb7bc98cb1742757f163df7,40.0,deposit,2
476459214,2026-06-23T09:32:19Z,1782207139000,0xd91d2b066c7b5e597b3acd1cdda24f1d6c7daf30be35588e254882127488dd14,1,0x5f6ce64dd1c107cb6e895456d4b8830a6de9c0b1,0x2df1c51e09aecf9cacb7bc98cb1742757f163df7,250.001181,deposit,2
476459605,2026-06-23T09:33:56Z,1782207236000,0xfad1f785089b15dc24a63990e3a6d596e422dfc5d1e0e64da24eb2944e8976a8,0,0x2df1c51e09aecf9cacb7bc98cb1742757f163df7,0x2b7156924cbb8b11850fbf22be49f48f9fca82ff,11.04711,withdraw,2
476459705,2026-06-23T09:34:21Z,1782207261000,0xd1a4c07ad3f53128f7d4d6efed2aa87a8fdbe569d53a3b289ddf69a201c08ea6,8,0x2df1c51e09aecf9cacb7bc98cb1742757f163df7,0x659b395f6b0e3fdbc6048f3c1dfac498e00e8b85,44.0,withdraw,2
476459735,2026-06-23T09:34:29Z,1782207269000,0x954184654fc728d9a4220e484e46eead2a99411540c383c626e4c5eda7d3cc45,0,0xa242e69573ed48c768adf96bdf73376a1e61ce64,0x2df1c51e09aecf9cacb7bc98cb1742757f163df7,392.955097,deposit,2
476459744,2026-06-23T09:34:31Z,1782207271000,0x150dea6fa44492f5e11c9345729186f88e087be3aea5ef262f7dd8bbb551b1cd,8,0xd40c748c68b59c753152676f4423474e5e36ac7a,0x2df1c51e09aecf9cacb7bc98cb1742757f163df7,2500.0,deposit,2
476459903,2026-06-23T09:35:11Z,1782207311000,0xf20b04ec3149613ff12fc1c5f7351efea342ecb70757fb727b25ff0f08abdc11,0,0x2df1c51e09aecf9cacb7bc98cb1742757f163df7,0x1a44a6bc450d233049d629c27792c5309d9ca12d,166048.52,withdraw,2
476459903,2026-06-23T09:35:11Z,1782207311000,0xf20b04ec3149613ff12fc1c5f7351efea342ecb70757fb727b25ff0f08abdc11,2,0x2df1c51e09aecf9cacb7bc98cb1742757f163df7,0xbcd786a45a244a06477dfb79523010408c71a49c,4.0,withdraw,2
476459997,2026-06-23T09:35:34Z,1782207334000,0xe036342cd9b4f39534a1cdcfcf97abba3c6a4e1a5190ec749d7f6659e22f8644,0,0x93733da475d3cdcdf309fc72a91bdf36ac7e0e94,0x2df1c51e09aecf9cacb7bc98cb1742757f163df7,40000.0,deposit,2
476460182,2026-06-23T09:36:21Z,1782207381000,0x07d78dd0c24f160855e8374b6987c6c3ca9940144b1e5bbfc604965cc9207ec2,2,0xd760f45ef976259e312e8b73916707005ee217e5,0x2df1c51e09aecf9cacb7bc98cb1742757f163df7,10.0,deposit,2
476460209,2026-06-23T09:36:28Z,1782207388000,0x814ab1105b115eb4aab830f28b27f1a701a63cbc0b9a4a8390bf7294ddf2df3d,5,0x2df1c51e09aecf9cacb7bc98cb1742757f163df7,0xd3bc91640115ccc6fb1468655dd749bb838a2125,82.0,withdraw,2
476460209,2026-06-23T09:36:28Z,1782207388000,0x814ab1105b115eb4aab830f28b27f1a701a63cbc0b9a4a8390bf7294ddf2df3d,7,0x2df1c51e09aecf9cacb7bc98cb1742757f163df7,0xbd12cb3d6f7e9f85a4c464a6f45ce01065f7fe98,4.0,withdraw,2
476460218,2026-06-23T09:36:30Z,1782207390000,0x5eb56e21ef161a23e34c84a4601a723498abc2a1be4c78a134e0b2ffd7ed4a81,1,0x5f6ce64dd1c107cb6e895456d4b8830a6de9c0b1,0x2df1c51e09aecf9cacb7bc98cb1742757f163df7,50.0,deposit,2
476460392,2026-06-23T09:37:13Z,1782207433000,0x20ed2d1679943cdb371e5b301e61274f86da25b7ae4e3a8f7d5c9755133ff6ed,8,0x281354062fa932086890a6bbf7dff7d0a67d220f,0x2df1c51e09aecf9cacb7bc98cb1742757f163df7,49999.99,deposit,2
476460443,2026-06-23T09:37:26Z,1782207446000,0x32966beea14347bfc91e7e66e9b2a8b5457e2fd4e8d6b67adf654bdcb2848fe1,12,0xdb22b3b22aff7e3903efafe095436a2a6c8a8203,0x2df1c51e09aecf9cacb7bc98cb1742757f163df7,109.850134,deposit,2
476460509,2026-06-23T09:37:43Z,1782207463000,0x44b9371a2eca0c4013377b435337a454ff0177af26c5c6d473707c65479c0869,0,0x2df1c51e09aecf9cacb7bc98cb1742757f163df7,0xbd12cb3d6f7e9f85a4c464a6f45ce01065f7fe98,1.0,withdraw,2
476460709,2026-06-23T09:38:33Z,1782207513000,0x570caa11529f1d58846c6897b0c3db0276a6b958c89b6dd53a5acb0a71879ac6,12,0xd760f45ef976259e312e8b73916707005ee217e5,0x2df1c51e09aecf9cacb7bc98cb1742757f163df7,1000.0,deposit,2
476460867,2026-06-23T09:39:12Z,1782207552000,0x25bcdf5cbf8d253a98c0720af9dad0712c2ea260daecb53431ca4655e40ba365,0,0x2df1c51e09aecf9cacb7bc98cb1742757f163df7,0xb61b02f8b6201aca6e3b87ad1d35e4696498d9fa,5.0,withdraw,2
476460885,2026-06-23T09:39:17Z,1782207557000,0xb2cc1c64e5e5b6053264e4e874666117d06ee4ad9d663d7bf4f7cd125bffaaf2,4,0x98c08e303aae8b7f9204cf4e5c1cb36d555c2896,0x2df1c51e09aecf9cacb7bc98cb1742757f163df7,20707.0,deposit,2
476461035,2026-06-23T09:39:53Z,1782207593000,0x558a179d150e0b07b0ba71aeae5c44bfaf92699296b9be9e9d4f81179183d733,6,0x2086f131ad10d73fe8c2c39c63e3f820b95aa904,0x2df1c51e09aecf9cacb7bc98cb1742757f163df7,57.077626,deposit,2
476461130,2026-06-23T09:40:17Z,1782207617000,0x9f2a49e4da5ad02b6a867e4a3e9c1f3807c6219f74d0351079fa76e53cbc5c47,34,0xd760f45ef976259e312e8b73916707005ee217e5,0x2df1c51e09aecf9cacb7bc98cb1742757f163df7,3980.0,deposit,2
476461394,2026-06-23T09:41:23Z,1782207683000,0xd42b5c966123c62ab7c298434759139b45d30365731e418cd0dc623c499fc53f,1,0x2df1c51e09aecf9cacb7bc98cb1742757f163df7,0xe8ce48ce6ad9a139df032fe1ebc91d1ad16b6740,23.33,withdraw,2
476461438,2026-06-23T09:41:34Z,1782207694000,0x25e8c0d376487b7a2609119e0d562914c942cefc5f25d83383016baa8b5252f0,11,0x6413d8f85a2eff1dc3ee3e0db7d8c89ccbd51dc5,0x2df1c51e09aecf9cacb7bc98cb1742757f163df7,499.677214,deposit,2
476461499,2026-06-23T09:41:50Z,1782207710000,0x1190b4f2db416066ab304e9f39603f19ef7ac269b4302094292318e366e43c0d,0,0x2df1c51e09aecf9cacb7bc98cb1742757f163df7,0x5b32155a04e84977fdb7764d4f448d06039af481,804.644557,withdraw,2
476461574,2026-06-23T09:42:08Z,1782207728000,0xaf14ce6ab23db5b1cd0c917e7fb70bb7c12c41a6c7754ffb674cedd50012d91d,3,0x657254ea927135c8d863c3a53721ee8867081c24,0x2df1c51e09aecf9cacb7bc98cb1742757f163df7,804.612727,deposit,2
476461700,2026-06-23T09:42:40Z,1782207760000,0x62585600d7cd8c06b0b4a7244ac3cc4ee500b4dd7360c0353b1436c05946e931,6,0xd40c748c68b59c753152676f4423474e5e36ac7a,0x2df1c51e09aecf9cacb7bc98cb1742757f163df7,2500.0,deposit,2
476461977,2026-06-23T09:43:49Z,1782207829000,0x72af079667b85a3bc43ddcf15d074fa9da84a03859eb59850f74d74cfd77851b,0,0x2df1c51e09aecf9cacb7bc98cb1742757f163df7,0x6418d091bb0be13dd9cc00feb415852483a43437,505.87,withdraw,2
476461978,2026-06-23T09:43:50Z,1782207830000,0x57b1665a21b7e30f6fc3459cfcaa7793d2ef27dee91355f4bc4dd1526e13e48e,1,0xb2f9e4c575c0810e182ec32ad8d6a5f374399942,0x2df1c51e09aecf9cacb7bc98cb1742757f163df7,67.639085,deposit,2
476461979,2026-06-23T09:43:50Z,1782207830000,0x9727196838e046a640375eb8cb1a674ab2f1ef1786cc439966ff67903134e3a2,9,0x8140c11658bca455604de576de24256f851ca021,0x2df1c51e09aecf9cacb7bc98cb1742757f163df7,5.0,deposit,2
476462105,2026-06-23T09:44:21Z,1782207861000,0x15a8ccb2d0c5ebbd95068bcfec6f3318113b2bf8224c2aaa1b8b278fe4bba552,5,0xd40c748c68b59c753152676f4423474e5e36ac7a,0x2df1c51e09aecf9cacb7bc98cb1742757f163df7,4000.0,deposit,2
476462125,2026-06-23T09:44:26Z,1782207866000,0x510c6296172b5bf72c8ba244dc31b812aaa2a1a5a6e20aad47077013926281a5,2,0x4a9e8dfc37c2e8e1df904ab35ac1b4479cfe32f7,0x2df1c51e09aecf9cacb7bc98cb1742757f163df7,202.172068,deposit,2
476462169,2026-06-23T09:44:37Z,1782207877000,0xe38d855a26c4d65dc356418af53281264c1b7c1144ac02d4b3ab1392da0445b5,50,0x2df1c51e09aecf9cacb7bc98cb1742757f163df7,0x023a3d058020fb76cca98f01b3c48c8938a22355,453867.48,withdraw,2
476462169,2026-06-23T09:44:37Z,1782207877000,0xe38d855a26c4d65dc356418af53281264c1b7c1144ac02d4b3ab1392da0445b5,52,0x2df1c51e09aecf9cacb7bc98cb1742757f163df7,0xbd12cb3d6f7e9f85a4c464a6f45ce01065f7fe98,63.03,withdraw,2
476462243,2026-06-23T09:44:56Z,1782207896000,0x42c963079cbaaa1bcdac23b06a633b8ada2692bc3d359d99b00165987851aff2,3,0x7fe1163d87eda58fb5eb0ea8f5d757f3a635e8d8,0x2df1c51e09aecf9cacb7bc98cb1742757f163df7,5000.00005,deposit,2
476462260,2026-06-23T09:45:00Z,1782207900000,0xa663c424860fba497a70e4b71f3d9be53f3335709b6a5872819fbe1ae7d5f773,3,0x2df1c51e09aecf9cacb7bc98cb1742757f163df7,0x33a1606c446f5679bc82e3cd5fd59c6201f3ee30,12.879273,withdraw,2
476462349,2026-06-23T09:45:22Z,1782207922000,0xf8bff7f08da1591d00a333790aa12d39dbf523faa7d27d64569a73cbbbf66bd1,6,0xee31a97d650bbeca9f585f7d3be82b69484f0537,0x2df1c51e09aecf9cacb7bc98cb1742757f163df7,5.0,deposit,2
476462424,2026-06-23T09:45:41Z,1782207941000,0xb03eca0ece4296a2f1ed769f6aae5cf00f1020d4aef490d43b297d7043c6da0d,14,0x7386fcab4eda0813d8836d513e9efe7f3a65edaa,0x2df1c51e09aecf9cacb7bc98cb1742757f163df7,5.0,deposit,2
476462425,2026-06-23T09:45:42Z,1782207942000,0x754b1540578185b0898e73c398626dad96220af882ecd652a6a84882bc6be222,13,0x0b66269ff25fbd77b5b0500f860cd14825e5c8ff,0x2df1c51e09aecf9cacb7bc98cb1742757f163df7,109.850134,deposit,2
476462531,2026-06-23T09:46:08Z,1782207968000,0x2f4f3a3d2b9b1afc4a0b0079d678538523f6eefd2cb171b293884eb060510966,7,0x2086f131ad10d73fe8c2c39c63e3f820b95aa904,0x2df1c51e09aecf9cacb7bc98cb1742757f163df7,1027.273475,deposit,2
476462576,2026-06-23T09:46:19Z,1782207979000,0x03d5eb66c64452d6b741572ff63f5033d9fcc0a323e6578b5745ebc6c4065652,5,0x2df1c51e09aecf9cacb7bc98cb1742757f163df7,0xc4ec87c3f5dc12c2b0e7a21277808feb6ce0e113,1397.86,withdraw,2
476462686,2026-06-23T09:46:46Z,1782208006000,0xd106593d000c9d9c64f91f708687da2abc445e290962650949536f15fed76a4c,1,0x2df1c51e09aecf9cacb7bc98cb1742757f163df7,0x6b3edb41b7a42d420a720d7a29a27a160af0c64d,74.0702,withdraw,2
476462738,2026-06-23T09:46:59Z,1782208019000,0xdd28ce58bcf5a946253393fae3f8f1879320ae71ca2bbe5cd878a81f870416e5,20,0x9cc510e68a1b2560c34527399d455f9b00d3f14c,0x2df1c51e09aecf9cacb7bc98cb1742757f163df7,37.850134,deposit,2
476462794,2026-06-23T09:47:13Z,1782208033000,0x80e93747ac176e80e20de2c0f696a00ea1a9a01c3645f17817683e343f08f909,2,0x2df1c51e09aecf9cacb7bc98cb1742757f163df7,0x72dda86d8243a6a20447bfb6338bda7f310c3972,196.92,withdraw,2
476462868,2026-06-23T09:47:32Z,1782208052000,0x2842ec9be2d3ca70192744f63d89193b93b7482823706dd238427e93f1cfa0db,1,0x9ee57967b89407e97834f6502da05df5649413c7,0x2df1c51e09aecf9cacb7bc98cb1742757f163df7,199.8,deposit,2
476463065,2026-06-23T09:48:21Z,1782208101000,0x51a93a1e0de3282b1fdbcb0e2db9fc5ee0145f2c43d5b2644f5bd2653c030f97,2,0x2df1c51e09aecf9cacb7bc98cb1742757f163df7,0x54657f6a49adbf3a8683b6a7fedb91a1c3035426,61.032488,withdraw,2
476463180,2026-06-23T09:48:50Z,1782208130000,0xb6e4c913e05e0927abb3e67a2cb98f9d33eb7a7ea41e8a3628f28e1a74bb60ec,0,0xea527cbf758331713cc9e25df072ae31340de007,0x2df1c51e09aecf9cacb7bc98cb1742757f163df7,37.850134,deposit,2
476463346,2026-06-23T09:49:32Z,1782208172000,0x33091903156944ec48a49750804e4041311f8d9189ac7462d0e683ac1d14c4f8,4,0x711495aafd2008cd657fa67e70ab4f05438a04ce,0x2df1c51e09aecf9cacb7bc98cb1742757f163df7,13.626783,deposit,2
476463377,2026-06-23T09:49:39Z,1782208179000,0x55e98d6f04d37c17be7b90812c129364516d82937ac8c5518e07a33d2b42ce0d,7,0xc79af9f4882e929397501e15fcfe2ffa91996641,0x2df1c51e09aecf9cacb7bc98cb1742757f163df7,25000.0,deposit,2
476463570,2026-06-23T09:50:28Z,1782208228000,0xd400795ca166e032c57cdc42f19b127108a59b30781bbb0448ebf1d5ba7e2326,5,0x2df1c51e09aecf9cacb7bc98cb1742757f163df7,0x2c9bf15b8505131f055c4d040451d6c2b5758003,6.77,withdraw,2
476463607,2026-06-23T09:50:37Z,1782208237000,0x3efda6e59b699c95e74a66f935810cc09d27540dfa6babf7cb5a0d5537f9edf6,25,0x668c5f2c59be83ffff374babb4e3c51451388fd1,0x2df1c51e09aecf9cacb7bc98cb1742757f163df7,1027.0,deposit,2
476463925,2026-06-23T09:51:57Z,1782208317000,0xec3ac9111275fa3345480986ae05bc80d652edd8fb56f48694796807b8395b29,31,0x2df1c51e09aecf9cacb7bc98cb1742757f163df7,0x2036af9b78abc5073fd1c90bec6d6312a06a7df1,40.197237,withdraw,2
476464119,2026-06-23T09:52:44Z,1782208364000,0xc60285c0ffbed6a6dee62066ac416ffce4fb6276b90c96b377f8bcb60fd68e79,2,0x74a7785bd77d64f185064f8cf43c97319dc56bb1,0x2df1c51e09aecf9cacb7bc98cb1742757f163df7,1498.347452,deposit,2
476464139,2026-06-23T09:52:49Z,1782208369000,0x4c983483fc35bea5761e287411809ab2f88bdd3f59a6aa04c199d4981881b5c3,1,0x2df1c51e09aecf9cacb7bc98cb1742757f163df7,0x0d0409348e98ba3e05dd87a2daf8d0f91f9fb262,4.0,withdraw,2
476464155,2026-06-23T09:52:53Z,1782208373000,0x6f5cf6eb2f8207748f4fa436d6c174668c97cbc15f2079071ecd93eed0a66c78,1,0x15ed467a070a05b97eb8d2eebbbed6cb593dcaf3,0x2df1c51e09aecf9cacb7bc98cb1742757f163df7,348.584307,deposit,2
476464218,2026-06-23T09:53:09Z,1782208389000,0xd6546e2feb1525292d50e327faf0249cc6a0c79e4a0edd04bb897988a753383f,3,0x2df1c51e09aecf9cacb7bc98cb1742757f163df7,0x1ec41f0867d0970cb1c46ba1a6dd4489c31ca423,50.672716,withdraw,2
476464323,2026-06-23T09:53:35Z,1782208415000,0x6132e023556e2e74a5956e3e8d8ad8ae667ff39dd664dc26dcff9d5d7306cc6e,10,0xf512ee212126ef67821342d202b9d912fbb19f05,0x2df1c51e09aecf9cacb7bc98cb1742757f163df7,54.09,deposit,2
476464543,2026-06-23T09:54:30Z,1782208470000,0x0d5b401590249524a13dbb7196e04139d871bf4b4ddfc7b382805b489f793325,0,0xc71fc67b85579d223241db595a256df753ab1ba0,0x2df1c51e09aecf9cacb7bc98cb1742757f163df7,999.8,deposit,2
476464580,2026-06-23T09:54:39Z,1782208479000,0xa04c2266fce4f20a316664340acb447405f9ec1eee4b06f1829be7483db4d95c,7,0x4a37f44ecb084c6ccf887516a3100681bf5627fa,0x2df1c51e09aecf9cacb7bc98cb1742757f163df7,157.751322,deposit,2
476464746,2026-06-23T09:55:21Z,1782208521000,0xd96c9aa1386ab66379a09085cb3208310a8b2328bd41f7b51bf92a70ad00d469,0,0x7a8d9739c2a72741af84fd5d5b503962f302c6c0,0x2df1c51e09aecf9cacb7bc98cb1742757f163df7,37.850134,deposit,2
476464861,2026-06-23T09:55:50Z,1782208550000,0xcaeefa44efde1fa6fa001527e805c58d89bd28c4edf4349a6064225f9ead3401,15,0x34769a3655ea6128357093b86996860074a901fb,0x2df1c51e09aecf9cacb7bc98cb1742757f163df7,97.559473,deposit,2
476465048,2026-06-23T09:56:37Z,1782208597000,0x4f21dc9f6f1498a545343347eb008354a3fb73fff4327b80e33b50b73a5b8203,5,0x2df1c51e09aecf9cacb7bc98cb1742757f163df7,0x5d268481a2c5c72b5e84ee9c03e938801c53cf32,3131.0,withdraw,2
476465048,2026-06-23T09:56:37Z,1782208597000,0x4f21dc9f6f1498a545343347eb008354a3fb73fff4327b80e33b50b73a5b8203,7,0x2df1c51e09aecf9cacb7bc98cb1742757f163df7,0x70816868540239a615e1294dd9c7bce58ec92696,1584.98,withdraw,2
476465066,2026-06-23T09:56:41Z,1782208601000,0xdee74cdde387a660e933c0b9f706281f2446820a2004f75c8bc9537d9e190ed7,2,0x0b3e926f53b2e11003f1bde216315d10e40e6590,0x2df1c51e09aecf9cacb7bc98cb1742757f163df7,8990.215718,deposit,2
476465103,2026-06-23T09:56:50Z,1782208610000,0x61ac6282b7bef16f8d34a6a04cbfa10f4457c9404a7c80c5f29b7cfe375e32f2,1,0x24832e6c3de1d1b96bb1856374082ef4d32b4837,0x2df1c51e09aecf9cacb7bc98cb1742757f163df7,37.850134,deposit,2
476465181,2026-06-23T09:57:10Z,1782208630000,0xa0ae5747f315387dd16211f3e7388bdcecba9ed12d62a7915da182c8cc51e328,6,0xc09a99884841fe2954be1ac4512348731b3a66e3,0x2df1c51e09aecf9cacb7bc98cb1742757f163df7,40.858324,deposit,2
476465198,2026-06-23T09:57:14Z,1782208634000,0x4a7f71cd2452b6240310ee686e10c78ff1ba6f13857e38420a398c83212a455a,6,0x9f49bf0d7771d284b10e58725b7c94c242aea174,0x2df1c51e09aecf9cacb7bc98cb1742757f163df7,10.783662,deposit,2
476465456,2026-06-23T09:58:19Z,1782208699000,0xdaa56bbbcf0e832c34cedadaafe406ac69768d4fbeb7fe2393df14c869b66773,7,0x43c91e41b6ca690b92e5fd02eb0a6bf3091c4f91,0x2df1c51e09aecf9cacb7bc98cb1742757f163df7,37.850134,deposit,2
476465534,2026-06-23T09:58:38Z,1782208718000,0xee63abdddd008edaaea20ab758c04cd57550f501b27898d81a362ba3f4f40fb9,21,0x2df1c51e09aecf9cacb7bc98cb1742757f163df7,0x8cc392795043a54f42a8f5af48b4f01a86bb13ca,9.0,withdraw,2
476465642,2026-06-23T09:59:04Z,1782208744000,0x35980922e0c1d5229b7e65b2974313e3a32507a7e7f37b45640030c0877c9652,1,0x2df1c51e09aecf9cacb7bc98cb1742757f163df7,0x028230f77270d79759fd79ef69963d70e2d349e7,549.0,withdraw,2
476465642,2026-06-23T09:59:04Z,1782208744000,0x35980922e0c1d5229b7e65b2974313e3a32507a7e7f37b45640030c0877c9652,3,0x2df1c51e09aecf9cacb7bc98cb1742757f163df7,0xabdbccf5cf296856dc37e003897ab2938f7158b3,129.93,withdraw,2
476465721,2026-06-23T09:59:24Z,1782208764000,0xf382c35d30f6a1bf550a83ddaed0f022e4649312f2aaf7dfa3f9b7408f3d2b3b,10,0x8b634875c69ef0ad8cf4482149330b9d3e156a64,0x2df1c51e09aecf9cacb7bc98cb1742757f163df7,317.371713,deposit,2
476465727,2026-06-23T09:59:26Z,1782208766000,0xa8d98e1e0e2109ce78e3283a74376cd6f0fe4697893debfc3a4aa887f44cae8b,1,0x2df1c51e09aecf9cacb7bc98cb1742757f163df7,0xa6dc1abed0302e301d4dfe66714c2b2e3617569b,7.55,withdraw,2
476466008,2026-06-23T10:00:36Z,1782208836000,0x24fc242de15fb4985579359b1725dd04193805282208b34857ed86bfab2918af,37,0x33cc03f6c515efd276b4b15f33ff4af670435906,0x2df1c51e09aecf9cacb7bc98cb1742757f163df7,108.85,deposit,2
476466101,2026-06-23T10:01:00Z,1782208860000,0x6543e8fe91fe99c71cd8e759e0799e2aeecb2170f62f1298ae149e91095a36d5,5,0xd0a30cf367e83076e096e58d4b0e04ce1f30e3e4,0x2df1c51e09aecf9cacb7bc98cb1742757f163df7,50.0,deposit,2
476466156,2026-06-23T10:01:14Z,1782208874000,0x691df4121a81ad27ff3bcb7901a6097a77be52e2e8d41b4afed8db3fdaa65da1,3,0xe4f439d58688086fe2aab87bb2778a5538af8896,0x2df1c51e09aecf9cacb7bc98cb1742757f163df7,774.762599,deposit,2
476466238,2026-06-23T10:01:34Z,1782208894000,0xfbbf89675f9999e9ab73281138b91d697db104a296a3401f2d292705646d9926,7,0x9179b926e8dc8f1d15765881d42ce756e5179e2f,0x2df1c51e09aecf9cacb7bc98cb1742757f163df7,1079.84,deposit,2
476466268,2026-06-23T10:01:42Z,1782208902000,0xdd0455124a453ae5f5cce57be314ffaf118a9127591a20b68772ff658abea106,4,0x770c9ec2dedd48cd92d31de8872b06fd57ca4fdb,0x2df1c51e09aecf9cacb7bc98cb1742757f163df7,108.090555,deposit,2
476466512,2026-06-23T10:02:43Z,1782208963000,0x3ad6668f939e2328e9ebc884932fa93a64a42c23c03853e7980ef36ef8acb9de,26,0x0d5d73f6b9eb76c9447f7925464ef61c1fbccd20,0x2df1c51e09aecf9cacb7bc98cb1742757f163df7,74.997741,deposit,2
476466613,2026-06-23T10:03:08Z,1782208988000,0x172af0ed4e701f639ecb07d9d8fc79ca8d1e6129b97c0d22ea99f42636ae8143,4,0x5d916820ac6b5d0f06832c4f63864a3781903690,0x2df1c51e09aecf9cacb7bc98cb1742757f163df7,61.376819,deposit,2
476466616,2026-06-23T10:03:09Z,1782208989000,0x2c0d1aecc85c0b889f6ce6020533d6f62240f3226b54b70c2a58d95e4cf8d7f4,1,0x2df1c51e09aecf9cacb7bc98cb1742757f163df7,0x5216598a12d000a2ff9a420536e2b38f9832eb97,515.4,withdraw,2
476466616,2026-06-23T10:03:09Z,1782208989000,0x2c0d1aecc85c0b889f6ce6020533d6f62240f3226b54b70c2a58d95e4cf8d7f4,3,0x2df1c51e09aecf9cacb7bc98cb1742757f163df7,0x0e8f9c9b5b600df2a10af32bcf77e5677a1daa40,49.11,withdraw,2
476466724,2026-06-23T10:03:36Z,1782209016000,0x2e943dbaa574bf8cb575d337c041e19b052764fca2dfd4d284727e49707f883b,0,0x2df1c51e09aecf9cacb7bc98cb1742757f163df7,0x4c4c1b66728d9e2fcf9c83b259a4772acd61db01,6.05,withdraw,2
476466724,2026-06-23T10:03:36Z,1782209016000,0x2e943dbaa574bf8cb575d337c041e19b052764fca2dfd4d284727e49707f883b,2,0x2df1c51e09aecf9cacb7bc98cb1742757f163df7,0x612528c759dc1f110a5d4c6d325454ad8b93d829,29427.419014,withdraw,2
476466971,2026-06-23T10:04:38Z,1782209078000,0xd5f4e7ffcfc6c1b40685818c492fe64b594d922f806977cf0530fd54db11ed6a,11,0x91cbb2ce9503a10619db54dcb4cec76ea6279c11,0x2df1c51e09aecf9cacb7bc98cb1742757f163df7,29.762189,deposit,2
476466978,2026-06-23T10:04:40Z,1782209080000,0xe01340420ec289834908df5d72bcf64356a4321a30cbb2303a75ab0ddf426b2e,1,0x2df1c51e09aecf9cacb7bc98cb1742757f163df7,0x3c80d9dec51d167f6832482baa40faefc33bb12d,311.87,withdraw,2
476466978,2026-06-23T10:04:40Z,1782209080000,0xe01340420ec289834908df5d72bcf64356a4321a30cbb2303a75ab0ddf426b2e,3,0x2df1c51e09aecf9cacb7bc98cb1742757f163df7,0xd67da12dc33d9730d9341bbfa4f0b67d0688b28b,1087.69,withdraw,2
476467088,2026-06-23T10:05:07Z,1782209107000,0xd338c5b5dbbca2cd698c30db25c48e9dc5c4600551709c0e42dae1ae6ada57ce,1,0xf0aee7634348aff13a213b81f9e0888a027884b5,0x2df1c51e09aecf9cacb7bc98cb1742757f163df7,10.05,deposit,2
476467165,2026-06-23T10:05:26Z,1782209126000,0x3651996eedbafa9aedf16edd213ec609d9e0e7dfd47ef2ef8c2d8250b8ba24be,0,0x2df1c51e09aecf9cacb7bc98cb1742757f163df7,0x8c3c8e5c45e9131fa18ba16189455fca27f54bf4,10702.080785,withdraw,2
476467252,2026-06-23T10:05:47Z,1782209147000,0x0f8063ee5e8947a70819954241b68578e19db7fd167a5995e5f2f324b9685dc8,5,0x45f0ce7cbb2e2f670e28a2138b10fe4289861e5d,0x2df1c51e09aecf9cacb7bc98cb1742757f163df7,926.386866,deposit,2
476467448,2026-06-23T10:06:36Z,1782209196000,0xce018c882455753c15b201a0159261066f4dafb318f76ea90c7c2de9b52cf0bc,0,0x2df1c51e09aecf9cacb7bc98cb1742757f163df7,0x3f0840ed61aa377df90a0d4ed7b1865a70dc8900,10.27,withdraw,2
476467600,2026-06-23T10:07:14Z,1782209234000,0xe5c30e307c6cafc620669728083afe6e3ec4943483cb90ad3fce39fb666e1bb6,2,0xf30d656381acab180086226864b19f3b9b45119d,0x2df1c51e09aecf9cacb7bc98cb1742757f163df7,500.0,deposit,2
476467718,2026-06-23T10:07:44Z,1782209264000,0xed4aa55a04481abce42ee4ea8f26a6d6eb6e285dfabd56f9beb52f18aa1a98f0,0,0x5461d9cda7fc92940cf7e8f65d9bc8421470477a,0x2df1c51e09aecf9cacb7bc98cb1742757f163df7,5000.0,deposit,2
476467780,2026-06-23T10:07:59Z,1782209279000,0x77dcde1ee1a1df2ebb03381bef6081f4f6a0f405c566a0809532d06d6949edfe,8,0x95a99191e61631b09efcb7ef0a8f3fb3844bb4ae,0x2df1c51e09aecf9cacb7bc98cb1742757f163df7,49.69297,deposit,2
476467849,2026-06-23T10:08:17Z,1782209297000,0xff402d951afd5a1676db85465489439f6f19605a0462bb19fc43f22901dd8869,25,0x9fb470376f12af151c9ce88bf7b4acaa13bad02b,0x2df1c51e09aecf9cacb7bc98cb1742757f163df7,22000.0,deposit,2
476467917,2026-06-23T10:08:34Z,1782209314000,0x2f1f440957a8a57d7acf3b0d13157df865595ea9e24e91d93724a64a4dd232a2,0,0x2df1c51e09aecf9cacb7bc98cb1742757f163df7,0x175d30d119b84f542d8dd307fd5d79588c5014bf,94.572212,withdraw,2
476467972,2026-06-23T10:08:48Z,1782209328000,0x1ff1dd61f9fd236182d5e20e4d27fcfc8906fb188cbf83610fb7b400b81909b1,6,0x175d30d119b84f542d8dd307fd5d79588c5014bf,0x2df1c51e09aecf9cacb7bc98cb1742757f163df7,94.572212,deposit,2
476468047,2026-06-23T10:09:06Z,1782209346000,0x9d4f6185899910f7e70153226eb471a3063b75fd760066460f88913b4ab0e9f2,0,0x012767f02ad722952269c028eb8b90a8c7cf2bed,0x2df1c51e09aecf9cacb7bc98cb1742757f163df7,347.168255,deposit,2
476468092,2026-06-23T10:09:18Z,1782209358000,0xc53bd423b4aebff16de7378ece0c4c72b0b6022cacb935105b15e5869f759dd1,6,0xf681f485290389e4221e63296d67e5e60aac1620,0x2df1c51e09aecf9cacb7bc98cb1742757f163df7,37.850134,deposit,2
476468320,2026-06-23T10:10:15Z,1782209415000,0xa34c510f3789d68b599e0dc04645afb5fef60a0c99dbf506b3640a73aaec0644,11,0x5cccf5661bfb118ba218e59ab338115f55caf489,0x2df1c51e09aecf9cacb7bc98cb1742757f163df7,328.436681,deposit,2
476468416,2026-06-23T10:10:39Z,1782209439000,0xd2f0d94faab1e5d2bfcfa3cc80d2a34e5cd931fad88b103ed3d7aa1b1a5d7ae1,3,0x2df1c51e09aecf9cacb7bc98cb1742757f163df7,0xc71fc67b85579d223241db595a256df753ab1ba0,199.0,withdraw,2
476468472,2026-06-23T10:10:53Z,1782209453000,0x6e35ba957eca10b8c847e07a77d9ecb1fb3e2547143cb0979d9e880144e80ea3,4,0x6d7e50b8908c45a26b454c3ecb47b012eeac61a4,0x2df1c51e09aecf9cacb7bc98cb1742757f163df7,500.0,deposit,2
476468516,2026-06-23T10:11:04Z,1782209464000,0xe5d8db53251f2ca0ae7f43b4ab45d76ac514cdca0954a81f79f02d3926d2a32c,0,0xa765997f95e029de3ab29f093e3a7f8e134872d5,0x2df1c51e09aecf9cacb7bc98cb1742757f163df7,326.708466,deposit,2
476468870,2026-06-23T10:12:33Z,1782209553000,0x9b9ad23cf9685315a079217835032488c78dc3865f9a8f3444e0e03d764a5ec6,0,0x05f77afb5abf46877877a1f2626e4eb023b72a66,0x2df1c51e09aecf9cacb7bc98cb1742757f163df7,21.850134,deposit,2
476468982,2026-06-23T10:13:01Z,1782209581000,0x9f4122cd2fada900c892d06b9f53d51636789e25943785978dd110cea3cc5bb6,23,0x2df1c51e09aecf9cacb7bc98cb1742757f163df7,0x55496f40238933710a74279379241b6f495588df,32.373306,withdraw,2
476468994,2026-06-23T10:13:04Z,1782209584000,0x4eda8f14727b72ea0ae0eaae8d7d1ed4e58bd93a27bb120ad822a66916290d65,1,0x5211602c0787fd842b955ced103d56c9c08ae7a1,0x2df1c51e09aecf9cacb7bc98cb1742757f163df7,247.497718,deposit,2
476468996,2026-06-23T10:13:04Z,1782209584000,0x493abf4b00aae735629f9d6dc0ba400db8a3d4780a3efb6b529327fbfa8e1832,13,0x5e258e174f15b77ef76fbbb769ae0ce407dfe416,0x2df1c51e09aecf9cacb7bc98cb1742757f163df7,247.489279,deposit,2
476469010,2026-06-23T10:13:08Z,1782209588000,0x793b878cdaf6490c4170481cec2f01069d7be882ec960ccf7666abe8361bb90d,2,0xb12744a3083e8f010421a7d3d57f8acbce995c7f,0x2df1c51e09aecf9cacb7bc98cb1742757f163df7,29999.8,deposit,2
476469063,2026-06-23T10:13:21Z,1782209601000,0x7f01577a44cd566ab28a3b7b9187301e7a929c5cdce9d28c4b3edfde1e53672b,4,0x2df1c51e09aecf9cacb7bc98cb1742757f163df7,0x54eb40b773d0d6acdff61429b7bfac54a01c0f11,1994.017205,withdraw,2
476469157,2026-06-23T10:13:45Z,1782209625000,0x8e4263d0b9453daa71abee6e88f16de2e67b41a095cd6bdc96dd6deea8f9423a,8,0x94215262f4574a933f9e6c7117f19d2f16f4b52c,0x2df1c51e09aecf9cacb7bc98cb1742757f163df7,250.322856,deposit,2
476469333,2026-06-23T10:14:29Z,1782209669000,0x209de481c7e819375ae0ee206bdfd9b46334834e66cb954482cd91f0f51fe53a,7,0xc5b571672d2dd389e7e48e93779950eb4408c816,0x2df1c51e09aecf9cacb7bc98cb1742757f163df7,497.893768,deposit,2
476469618,2026-06-23T10:15:41Z,1782209741000,0x668d3bfd2a91f66d049b8c2b37965af10ebaad3b6ea2cfd5c020685177cb28c5,4,0x2df1c51e09aecf9cacb7bc98cb1742757f163df7,0xc2351b9632d97987fb956c96ca6682c942c61e99,665.32,withdraw,2
476469649,2026-06-23T10:15:48Z,1782209748000,0x1c4e02027ef818671b3864319fe6f39a408f1217d94c3935c45188cbfc2b316c,5,0x4dc3c9c5ee65ad576836244c0357732d72d1bd66,0x2df1c51e09aecf9cacb7bc98cb1742757f163df7,54.439725,deposit,2
476469659,2026-06-23T10:15:51Z,1782209751000,0xe7f29f8b11ed15243f7d6b6034a70ba318346981be7021d0b95eb9eaa6db716f,2,0x361696130ef3bc8c44d16a96527d00432b110849,0x2df1c51e09aecf9cacb7bc98cb1742757f163df7,485.510985,deposit,2
476469728,2026-06-23T10:16:08Z,1782209768000,0x0c9db30ad4b89555987f66ae447d40324f800166f5ccfb0ae6a9ea35e5885d4a,0,0x784aaefe602fbd725b458b7a8efbbba8a5a51030,0x2df1c51e09aecf9cacb7bc98cb1742757f163df7,1274.564957,deposit,2
476469764,2026-06-23T10:16:17Z,1782209777000,0x0947d84bea750c14c8918f17aa62ac343c474a7c9206a6c029751ffbf6d803b7,91,0x62d99498b84e7f58d5473257cd14096b09912e95,0x2df1c51e09aecf9cacb7bc98cb1742757f163df7,21.850134,deposit,2
476469778,2026-06-23T10:16:21Z,1782209781000,0x559a4c462bd33385079286195dd878167147413e2ae18bea2ab8a081ae0d43d3,2,0xa1d2820c5076ad67e91bbeb02ac11f61b61a7543,0x2df1c51e09aecf9cacb7bc98cb1742757f163df7,2906.5867,deposit,2
476469837,2026-06-23T10:16:36Z,1782209796000,0x757cc57fec94d691ee3a052f23a11146d5ad0f4ae4e03e708e5d0d23b15be625,4,0x786694b02f1d331be540e727f1f2a697c45b57e4,0x2df1c51e09aecf9cacb7bc98cb1742757f163df7,197.5,deposit,2
476469952,2026-06-23T10:17:05Z,1782209825000,0xac3d3cc531fd711674470628f7c22296e9acc81ea4be9011f717ae36db2f69da,11,0x668c5f2c59be83ffff374babb4e3c51451388fd1,0x2df1c51e09aecf9cacb7bc98cb1742757f163df7,27.466393,deposit,2
476470017,2026-06-23T10:17:21Z,1782209841000,0xa8eefe0e70ee680e1779e64deef3c94f3d4283856616c481b46eba0a4acdb3ac,3,0xa76ece0d298a3d3b4db38ff38a2421ab747ecc85,0x2df1c51e09aecf9cacb7bc98cb1742757f163df7,500.098971,deposit,2
476470145,2026-06-23T10:17:53Z,1782209873000,0xe22f02e897b98cdf00b2d45907451442a390853aa86047cdb811d29938d91be2,5,0x42a524ea87e2dd0f083809a6e6721bc878054322,0x2df1c51e09aecf9cacb7bc98cb1742757f163df7,91.0,deposit,2
476470210,2026-06-23T10:18:09Z,1782209889000,0xc6b5cac99821c0750d3b2a572b3e680a3b9b8ac61ab9864d064e78d8305cca81,1,0x2df1c51e09aecf9cacb7bc98cb1742757f163df7,0x402af36143b9f9ba1bc16582f7caacd1aaaa9fe5,198.99,withdraw,2
476470298,2026-06-23T10:18:30Z,1782209910000,0x95e80a0243bd95ec5abd94ff83457f15ef1d184cde65578173224e6e512cc5f0,13,0xef361461502efebb8f4245012fd21d563c1a5486,0x2df1c51e09aecf9cacb7bc98cb1742757f163df7,960.1387,deposit,2
476470372,2026-06-23T10:18:49Z,1782209929000,0xc73f424a77810ab4d64efbbf2f8d3c18fd0fb18529b0c4a9f6c25684dbae0ac9,1,0xb046cdf633855a71309fd9ade24c3f58bb3299c7,0x2df1c51e09aecf9cacb7bc98cb1742757f163df7,14000.0,deposit,2
476470545,2026-06-23T10:19:32Z,1782209972000,0xe5f4f65ec917f1593253a464d49ec881c0867d791bb51e4050b567515f7c2fbf,2,0x5b81b298e668ed32741b87e532787b2e76d1b3cf,0x2df1c51e09aecf9cacb7bc98cb1742757f163df7,6.582101,deposit,2
476470763,2026-06-23T10:20:27Z,1782210027000,0xf36b03fc3acd66d7049d0e2c54c738ee7e6105179ef173eb52b68aac7e7bc7c2,1,0xbe6f2828fb75cf9a8c2d8daabb7b8eeb2a036aae,0x2df1c51e09aecf9cacb7bc98cb1742757f163df7,995.0,deposit,2
476470796,2026-06-23T10:20:35Z,1782210035000,0x91856e60335b0ac0d0059e7185fbc17d7a6d6094b43fd2f6cfcf96bc8cc17935,1,0x2df1c51e09aecf9cacb7bc98cb1742757f163df7,0xeafdcdd3ca668f4e05517fac2b98c0e200da3d6c,37.0,withdraw,2
476470891,2026-06-23T10:20:59Z,1782210059000,0xadecf10593dc6909808dd349c6492920784c6030f2e276c27fce2684b0dca7d4,0,0x2df1c51e09aecf9cacb7bc98cb1742757f163df7,0xe11140118e0438e8ed6a7d38fdf8f0a457f1e138,114.868322,withdraw,2
476470891,2026-06-23T10:20:59Z,1782210059000,0xadecf10593dc6909808dd349c6492920784c6030f2e276c27fce2684b0dca7d4,2,0x2df1c51e09aecf9cacb7bc98cb1742757f163df7,0xce5192c9b72274a99d82114ef8e01edb1aaaee43,28.63,withdraw,2
476470917,2026-06-23T10:21:06Z,1782210066000,0xfc4f2c76bf98cf9977e48bbf4ff1ac2337116b52d0df72c45e314a68ce897d36,4,0x65fe279442e012ab97ec441a95cbecdd24db068f,0x2df1c51e09aecf9cacb7bc98cb1742757f163df7,4999.8,deposit,2
476470969,2026-06-23T10:21:19Z,1782210079000,0x276dcee88e65cfa59924d0c29cd25a34eccc669ab25d8138766cac484afa1505,1,0xc22d908cf8dd1992f32f5aba6ff18632cc231dd4,0x2df1c51e09aecf9cacb7bc98cb1742757f163df7,39.499889,deposit,2
476471014,2026-06-23T10:21:30Z,1782210090000,0xbc42d69ea41ee75ef5f9a928d1d29f07495d8981d9dad12c9eb2ba53b75cabbd,0,0xecc28990ce8234086759574b8f321e7eab2ee470,0x2df1c51e09aecf9cacb7bc98cb1742757f163df7,10.961507,deposit,2
476471136,2026-06-23T10:22:01Z,1782210121000,0xa89ab75acd1b93a83197bcea65ae689b2677f2ec5087558ee25f3ea3392aa5f8,6,0xbcd786a45a244a06477dfb79523010408c71a49c,0x2df1c51e09aecf9cacb7bc98cb1742757f163df7,5.0,deposit,2
476471377,2026-06-23T10:23:01Z,1782210181000,0xbabba9c92b03348f5572406daa551612255320e188633874a68883ac4a9f9322,8,0x2df1c51e09aecf9cacb7bc98cb1742757f163df7,0x402af36143b9f9ba1bc16582f7caacd1aaaa9fe5,50.07,withdraw,2
476471377,2026-06-23T10:23:01Z,1782210181000,0xbabba9c92b03348f5572406daa551612255320e188633874a68883ac4a9f9322,10,0x2df1c51e09aecf9cacb7bc98cb1742757f163df7,0xe84dbf50af55807618e01d291669cffcfb8e5280,99.0,withdraw,2
476471474,2026-06-23T10:23:25Z,1782210205000,0x515d8e5a2f3d299cab842d7d39284a03cf8b95493aea186ac80990ad408300aa,0,0x2df1c51e09aecf9cacb7bc98cb1742757f163df7,0xfaa83e7b683c2b285a0d23573c4ac1294996aba6,4.0,withdraw,2
476471493,2026-06-23T10:23:30Z,1782210210000,0x0552728e6270d452255c08dcd8c599bcc285473c4597bef1d3865fe0583dfbcd,0,0xfab0e7dbfc6b8d5a8bcbee822c75d96d0340599d,0x2df1c51e09aecf9cacb7bc98cb1742757f163df7,25.535882,deposit,2
476471539,2026-06-23T10:23:42Z,1782210222000,0x7b1c7d3c0712c0ad400c211c6737ece5edf0aa3cd4fd331463652cbf1bfd9c68,1,0x2379aaea28da9fcdaf8c571b6a75d11284687d7a,0x2df1c51e09aecf9cacb7bc98cb1742757f163df7,6.5267,deposit,2
476471786,2026-06-23T10:24:44Z,1782210284000,0x462e2054e6f87e6551e2f9c9eba14b81294c332604e39b8600532383a803b3b5,11,0x8c1e15acf1d8d9b6cacc63519753da662f1309e0,0x2df1c51e09aecf9cacb7bc98cb1742757f163df7,227.648322,deposit,2
476471947,2026-06-23T10:25:23Z,1782210323000,0xd475ee985c4c2755c51eea2d756884c25adb32575ebf912927149adb005252bb,5,0x2df1c51e09aecf9cacb7bc98cb1742757f163df7,0x24cb09d69b2051434efcb499310c96fe65fd0544,9.0,withdraw,2
476472044,2026-06-23T10:25:47Z,1782210347000,0x95f26632f57469950ce5fce4b1533214c2746c24a36ccfd2291559582cb7d9ff,0,0x2df1c51e09aecf9cacb7bc98cb1742757f163df7,0x646089f624547d30f950d07e4a89aeaa67c9470f,47.15,withdraw,2
476472064,2026-06-23T10:25:52Z,1782210352000,0x1fbfd7c7f63b1bccf89c1d7cbd73e0448a56b28959bb0b93f04faaf7c8c85cd6,0,0xe1b8ebfc9196fa4341d564b9d8b8df81f9e9d0ed,0x2df1c51e09aecf9cacb7bc98cb1742757f163df7,1299.900129,deposit,2
476472073,2026-06-23T10:25:55Z,1782210355000,0x4513d3675bf5f769027d9da2bd14e14f6c37014b1784548958c9d0efb0aa553d,1,0x532e53f7b2561805de6571a18647610c0d074e47,0x2df1c51e09aecf9cacb7bc98cb1742757f163df7,292.197665,deposit,2
476472115,2026-06-23T10:26:05Z,1782210365000,0x1b3d7b228c1ddcf36bc3c99075835948ab97db5da274576ec5addac034bcade7,1,0x970bf45317882da6357cdb2cbb3fc8218cf42ca2,0x2df1c51e09aecf9cacb7bc98cb1742757f163df7,379.082454,deposit,2
476472181,2026-06-23T10:26:22Z,1782210382000,0xfd231cabbe3b1ad1ef26792aa2633897c90000b4acfae3ddabf302e63f207d18,3,0x35da5933e673a1bbb2e7142ebaf1eb4e932060c2,0x2df1c51e09aecf9cacb7bc98cb1742757f163df7,19.872583,deposit,2
476472219,2026-06-23T10:26:31Z,1782210391000,0xc7a0ddc4222659416dc5d92223ce580b5aaaeb464b9afcbdaf62e63147c75110,1,0x2df1c51e09aecf9cacb7bc98cb1742757f163df7,0xe6325229f3975d3161a0c11a2b2fc0655be61869,12.118697,withdraw,2
476472316,2026-06-23T10:26:55Z,1782210415000,0x9422743e7b1ad8877509126c8c197f1ea6d466240d24db84ac9daf6ba2a5a0db,27,0xc1031a28082f4e6d7f0fdfb23bc11a057cc8ae4b,0x2df1c51e09aecf9cacb7bc98cb1742757f163df7,325.643426,deposit,2
476472406,2026-06-23T10:27:18Z,1782210438000,0xb906fd21bdb11c402e779e6b19a91d83d32a734bb7a62ce583946fba14ad5a59,0,0x268f859de575edf7d26a688bfbf74aada1e3f6d6,0x2df1c51e09aecf9cacb7bc98cb1742757f163df7,249.332581,deposit,2
476472408,2026-06-23T10:27:18Z,1782210438000,0x00670efa797100740e2a494c8d4c7954823bedab9381d6939eeacd887e77dd39,0,0xe6325229f3975d3161a0c11a2b2fc0655be61869,0x2df1c51e09aecf9cacb7bc98cb1742757f163df7,12.118697,deposit,2
476472471,2026-06-23T10:27:34Z,1782210454000,0x9484355f5f6c4c30fb3023c43fdb1a28c070ff2aa8703e5b4b6781d82b511fae,46,0x13367d5894e45c6df92338cab2d905a6bc68c5a8,0x2df1c51e09aecf9cacb7bc98cb1742757f163df7,1485.0,deposit,2
476472896,2026-06-23T10:29:21Z,1782210561000,0xe59e058a1db1f48b6d0b3841cbfaf8f84536a66d530f6dc3e1c85c0e710efd78,14,0x2df1c51e09aecf9cacb7bc98cb1742757f163df7,0x806b1bf5225fe719e52c3d4cd082ca5317430a8a,499.0,withdraw,2
476473574,2026-06-23T10:32:10Z,1782210730000,0x71d91e0de5fd14ec42d82b1b0e25e07309848b5615ba8ef41c3aafdb3fedce0c,0,0x05c5f6c9996c75efff9c4b7cfc89096e8e07dda2,0x2df1c51e09aecf9cacb7bc98cb1742757f163df7,2030.047914,deposit,2
476473644,2026-06-23T10:32:28Z,1782210748000,0x100dbb6449c666c8a039a5474c9ba9b802052c218da3f53c5bec37804d8d3c57,10,0x2df1c51e09aecf9cacb7bc98cb1742757f163df7,0x35da5933e673a1bbb2e7142ebaf1eb4e932060c2,18.872583,withdraw,2
476473644,2026-06-23T10:32:28Z,1782210748000,0x100dbb6449c666c8a039a5474c9ba9b802052c218da3f53c5bec37804d8d3c57,12,0x2df1c51e09aecf9cacb7bc98cb1742757f163df7,0x4978428b9ffa3839a728edde271d41cba4195aa0,9.731833,withdraw,2
476473694,2026-06-23T10:32:40Z,1782210760000,0x0466c9fe5224de8b4b9473162da570be2c397c76f9100f1225519062d653ef9a,6,0x3895bc5a314f93005f35958a303a6671033f6826,0x2df1c51e09aecf9cacb7bc98cb1742757f163df7,998.800217,deposit,2
476474102,2026-06-23T10:34:23Z,1782210863000,0x326d8b83b1ecfbbc6226c8f92928f149e9ee02e7abd7b9ba46fd2983f1246f05,3,0x2a2772550599a13b576eb85cd85411c2144539ba,0x2df1c51e09aecf9cacb7bc98cb1742757f163df7,174.839422,deposit,2
476474309,2026-06-23T10:35:15Z,1782210915000,0x759c62d2ea95fdf52f3d53fc943261cbcba3964287baf84bb9978e1309493e88,6,0x31fcbbc01befe96ede3496defb4a157ac36bdcfc,0x2df1c51e09aecf9cacb7bc98cb1742757f163df7,321.591008,deposit,2
476474322,2026-06-23T10:35:18Z,1782210918000,0xf61598f4fffc0a57efde5df348c195cb3b4ce13e2e0c3b556a44ef07f86a2a37,1,0x2df1c51e09aecf9cacb7bc98cb1742757f163df7,0x55e30c31aa606ea42e167d143d212ad21bc483c8,89.0,withdraw,2
476474355,2026-06-23T10:35:26Z,1782210926000,0xe7b90dc35bd651b3baf6a8fdffd8437c283e2aa29c3dfc132fd8751f0a050bf7,0,0x426a3f5dfec7aa147d59af873aab42e0080ff9d6,0x2df1c51e09aecf9cacb7bc98cb1742757f163df7,240.813395,deposit,2
476474412,2026-06-23T10:35:40Z,1782210940000,0x853109890c39fa0350d6d575ae6948ca889f13764295897457da64b175a760b1,0,0xbfc3d3acefdec737ffc183537845e39f62c04c83,0x2df1c51e09aecf9cacb7bc98cb1742757f163df7,297.445119,deposit,2
476474671,2026-06-23T10:36:45Z,1782211005000,0x9b0b698b0ff38c78b7562193dd3099d2da80a8c4d185859e356afc9fdb1ad06e,189,0xa208be50ec265f7821059a5b2ade98bef6a1e25d,0x2df1c51e09aecf9cacb7bc98cb1742757f163df7,54.734445,deposit,2
476474793,2026-06-23T10:37:16Z,1782211036000,0x9525dd0161e5bf9316f1fdc27bb204cd9424420e1c7f67f1f30dee43ce0f11ed,30,0x2df1c51e09aecf9cacb7bc98cb1742757f163df7,0xce281c7d75995dc4cc8f94d0bdd5423763586cd6,37.42,withdraw,2
476474838,2026-06-23T10:37:27Z,1782211047000,0x937325e1b42bdbdbf70dce68b07b94906df3ef2abe27dc1bcca7aa625731551a,11,0xdc3473c278d3228f1fb9a0432718a4dcfd63cc4d,0x2df1c51e09aecf9cacb7bc98cb1742757f163df7,18.872583,deposit,2
476474878,2026-06-23T10:37:36Z,1782211056000,0x2fc0676c2e98e1e59b349c9716f48c4e2d01a4f947e6989d2f20ffa8a1c1099a,0,0x2df1c51e09aecf9cacb7bc98cb1742757f163df7,0xbeef0000072943d4872462d9c7bd727f672ecb27,607.48,withdraw,2
476475177,2026-06-23T10:38:51Z,1782211131000,0xff02e6a1fd9f3c0f2361fa356f0dcc24534c8e65e27e4287dff72b09c52ceeda,5,0xeff9ff2f37dd5a5202505c94698c2ce54e6e97ed,0x2df1c51e09aecf9cacb7bc98cb1742757f163df7,299.72255,deposit,2
476475368,2026-06-23T10:39:39Z,1782211179000,0xd453ca23d43e3e51c2e0150115c21514959b2cf420983f1a9df487b34ba8daed,18,0x2df1c51e09aecf9cacb7bc98cb1742757f163df7,0x1485ca4a76b09794ef04b93d377607ffe15354a2,233.0,withdraw,2
476475368,2026-06-23T10:39:39Z,1782211179000,0xd453ca23d43e3e51c2e0150115c21514959b2cf420983f1a9df487b34ba8daed,20,0x2df1c51e09aecf9cacb7bc98cb1742757f163df7,0xccfd4335500706ce1f9ca6536a899cf9df0700bf,12.61,withdraw,2
476475715,2026-06-23T10:41:06Z,1782211266000,0xd958a673b9574756db2e55f236df7af809a91940b1872abeb90b3d812463dd84,15,0x11b3ab5ba38d618ff8be32b3b4306fee97f7d2b6,0x2df1c51e09aecf9cacb7bc98cb1742757f163df7,12.6,deposit,2
476475840,2026-06-23T10:41:38Z,1782211298000,0x55e35b41f3a5bb9519d44927b664681dc7d7e9dd64ad4e226a1e7cb4be5e13ad,65,0xf73abdf814b2fa345dc80cc1643799a0f5d8cabb,0x2df1c51e09aecf9cacb7bc98cb1742757f163df7,10.0,deposit,2
476475848,2026-06-23T10:41:40Z,1782211300000,0x8e26d6f532ce4f5f7c784b5792a353388d4aaf97a40c1abbefda08c4504e550b,1,0x2df1c51e09aecf9cacb7bc98cb1742757f163df7,0x2b9831d0a4fcba816d60dcce11c33703ae8b99e4,1.0,withdraw,2
476475963,2026-06-23T10:42:08Z,1782211328000,0xa4b13c7c966ee8f3e8688fda12e360d5647d4deca58f5834610c985f368976b3,3,0x2df1c51e09aecf9cacb7bc98cb1742757f163df7,0x53e64560fe69a93e4fbaf304369f1ab4a3afbd7e,226.85,withdraw,2
476476133,2026-06-23T10:42:51Z,1782211371000,0x955804ebe2f88bf0c6bd4adc7e463b43aac455360f5896297b12a7e93e3c09fd,2,0xdce7148dd9418e01129192095954a5ad3d75b0cc,0x2df1c51e09aecf9cacb7bc98cb1742757f163df7,224.79,deposit,2
476476194,2026-06-23T10:43:06Z,1782211386000,0x257da59c32c639008abe1900b5399093c162afcfe6ce95cc22fc5f126a11f70f,0,0x74a99685dc3227b344a930586c36d14fdb3141fd,0x2df1c51e09aecf9cacb7bc98cb1742757f163df7,18984.363644,deposit,2
476476205,2026-06-23T10:43:09Z,1782211389000,0x72dd1bb93244920cc9c14b05e86bd5e868fba3e531222611069e8ea5b3a0248f,1,0x810a67d34e12549b2b8675b6002aec47bc727ed1,0x2df1c51e09aecf9cacb7bc98cb1742757f163df7,56.795034,deposit,2
476476257,2026-06-23T10:43:22Z,1782211402000,0xd297a1594964483e011cf0fc226ceda8fa428b61e89aa602c8510a3f941d99f3,6,0xcfa2bcb524e200821935cd4b24ef4d76e9a5fef9,0x2df1c51e09aecf9cacb7bc98cb1742757f163df7,13.235227,deposit,2
476476266,2026-06-23T10:43:24Z,1782211404000,0x5ff4351fdc00966dbd291e85e6be4d3b534ea051455f08631cb97ae41df27074,0,0x2df1c51e09aecf9cacb7bc98cb1742757f163df7,0x74810b801ba81492e7a7531e8d435e97f75c47c4,1007.925,withdraw,2
476476409,2026-06-23T10:43:59Z,1782211439000,0xf41e9969e6990c72546e5a4350ff3dd8f1fd806bde8b5b727edf613249becf5b,1,0xab352201c3150d80cbf3e0591677086a988a8fd5,0x2df1c51e09aecf9cacb7bc98cb1742757f163df7,109.806308,deposit,2
476476445,2026-06-23T10:44:08Z,1782211448000,0x1e7a1c93d485029a1bca77fa8b71c9da6394a6e1e5b67713b840776c353f7630,14,0x9b2eed2a64c5a90f7e8a7d30640a0f36e667be37,0x2df1c51e09aecf9cacb7bc98cb1742757f163df7,849.8,deposit,2
476476445,2026-06-23T10:44:08Z,1782211448000,0x1e7a1c93d485029a1bca77fa8b71c9da6394a6e1e5b67713b840776c353f7630,16,0xf73abdf814b2fa345dc80cc1643799a0f5d8cabb,0x2df1c51e09aecf9cacb7bc98cb1742757f163df7,119.5661,deposit,2
476476480,2026-06-23T10:44:17Z,1782211457000,0x7ee0a76bfe144637c7ae6e14a2114d8d43ac838e42b1b709b7a8be20ef46bb36,0,0xe66a85d7473ab3638308c879d365e857a273a80d,0x2df1c51e09aecf9cacb7bc98cb1742757f163df7,3329.333574,deposit,2
476476536,2026-06-23T10:44:31Z,1782211471000,0xb9d6eaa1faa939b55444ca3b48ddef8b52253ed8228856903032d5c653c236c5,1,0x11b3ab5ba38d618ff8be32b3b4306fee97f7d2b6,0x2df1c51e09aecf9cacb7bc98cb1742757f163df7,7384.8,deposit,2
476476571,2026-06-23T10:44:40Z,1782211480000,0x498de456deda23d6ff3cfe502424616be013b49cdf92dc33c33921748cbf0bce,4,0x6e2c45c3879891570412ed0e1b50bbd22012ecd6,0x2df1c51e09aecf9cacb7bc98cb1742757f163df7,10.163875,deposit,2
476476605,2026-06-23T10:44:49Z,1782211489000,0xdb12ed52ceae280682a04ddfc9c2872b28a8091463371e7f493f8167133e5048,5,0x2df1c51e09aecf9cacb7bc98cb1742757f163df7,0x926b0da40d65e32d82fc433509106f308049fab1,96.760546,withdraw,2
476476705,2026-06-23T10:45:14Z,1782211514000,0x89f7d090918f1bacb61f43a87552a1ff16e6ee21802d17c0eba0043f86d1089b,0,0xd049b2f6e7e1fc6365d192fa284850948dc1d33b,0x2df1c51e09aecf9cacb7bc98cb1742757f163df7,3025.411671,deposit,2
476476801,2026-06-23T10:45:38Z,1782211538000,0xaf739515197500dffde4de73145a31160b02f8518261756b54b781de5de91471,2,0x02bc1d20a372c5078d08eddfad4353fcfefeadbe,0x2df1c51e09aecf9cacb7bc98cb1742757f163df7,127.0,deposit,2
476476813,2026-06-23T10:45:41Z,1782211541000,0x556aca0be4bb41308131c70391e5a1f561f351cd8e80fa799dfa398b5b878238,6,0x2df1c51e09aecf9cacb7bc98cb1742757f163df7,0x1a44a6bc450d233049d629c27792c5309d9ca12d,191539.4,withdraw,2
476476988,2026-06-23T10:46:25Z,1782211585000,0xb42776d9dc2c0193e579c14903de54cdd11f536a892357f95fbb171b1f3494b5,3,0x2df1c51e09aecf9cacb7bc98cb1742757f163df7,0xf3c9af361411cc0aba16aaa9eb92c791600ffb06,235.2,withdraw,2
476477077,2026-06-23T10:46:47Z,1782211607000,0x7d86c2811944979bb1eab64e8aaf6125af0a6d40a544ab31882216422db5b781,7,0x7fe1163d87eda58fb5eb0ea8f5d757f3a635e8d8,0x2df1c51e09aecf9cacb7bc98cb1742757f163df7,5128.70545,deposit,2
476477141,2026-06-23T10:47:03Z,1782211623000,0xb58e9eb5c97dc2bae8c909c9b7ffde16c9c98668389602bb7ee1577f87e6ec38,5,0x877844bc591c6c3257a9688f39f76b86986ade8b,0x2df1c51e09aecf9cacb7bc98cb1742757f163df7,1038.8,deposit,2
476477186,2026-06-23T10:47:14Z,1782211634000,0xe0574e888675e5ddc1132800c957f98e893c3fbbbba603780526ee2623d89f0d,7,0x2df1c51e09aecf9cacb7bc98cb1742757f163df7,0x4b1c09fa8322548360a76a3747e32a60a864bc38,37410.0,withdraw,2
476477262,2026-06-23T10:47:33Z,1782211653000,0x1047c4aad6cd04fad55fe2bb40477f4c113435deccb83def184e0590e535453c,13,0x2e873258d1e010df691194fdbaa35a3cebf8aa7b,0x2df1c51e09aecf9cacb7bc98cb1742757f163df7,43.493807,deposit,2
476477324,2026-06-23T10:47:49Z,1782211669000,0x2fc9c7e2fb8712c2286d6643d9b2e175823b8e6bd5beb5be1dae033e76add6b3,6,0x3486c7361361786039f30c7a158c833784835ba8,0x2df1c51e09aecf9cacb7bc98cb1742757f163df7,9.8,deposit,2
476477390,2026-06-23T10:48:05Z,1782211685000,0x9332341cae449730ff2ef77edfb01c0cfdb687c1c016463be12e42aab6528d83,0,0x2df1c51e09aecf9cacb7bc98cb1742757f163df7,0xa2389f110194c4bafe092e3165f6383562afb51f,39.0,withdraw,2
476477564,2026-06-23T10:48:49Z,1782211729000,0xc7a4d6ac3899b0ab203903ee461f0aa759c27ff57e8e02a9372f30d34c8aeaf9,0,0x2df1c51e09aecf9cacb7bc98cb1742757f163df7,0xea31fb04c8cf9fd99e8e75d70f0d09dc09bfc8e9,874.01,withdraw,2
476477583,2026-06-23T10:48:54Z,1782211734000,0xecbd4c6f69cf461dbb82faba7d75baf40b2ef92d9c920f71e15d7d4733285c08,3,0xccfcb775e206f9bd475cb24010a17213fd17d750,0x2df1c51e09aecf9cacb7bc98cb1742757f163df7,18.07699,deposit,2
476477650,2026-06-23T10:49:11Z,1782211751000,0x8d47fee4c134a6bf7c17198fe7b9c32263a041467eb6cd13bf6883b5b9b28fc5,1,0x2df1c51e09aecf9cacb7bc98cb1742757f163df7,0x03cd02ea1e351f4a16072f5a7a74248a0f94f59f,6.86,withdraw,2
476477729,2026-06-23T10:49:30Z,1782211770000,0x086ee80bb496e4c39504df93e68e8cee7c931928a3f7e1b7258503db2183bd97,3,0x2df1c51e09aecf9cacb7bc98cb1742757f163df7,0x88c14841408191af48d3fed872e9cd2e19b089d9,269.56,withdraw,2
476477801,2026-06-23T10:49:48Z,1782211788000,0xeba521e719d80cb9ac8c84bb6db2f0976cc31fb8a528d67e45ce87f355f7fecd,1,0x2ef9b37d2d5925ba79df21e66c53b3430e3ca042,0x2df1c51e09aecf9cacb7bc98cb1742757f163df7,2159.801977,deposit,2
476478029,2026-06-23T10:50:45Z,1782211845000,0xfe46af52b390a4411e19f79a40438cf3fecd975ef05c42325367330e4f852b7e,20,0xff6dfefa9349a050235d72d138088432c022db5a,0x2df1c51e09aecf9cacb7bc98cb1742757f163df7,299.8,deposit,2
476478212,2026-06-23T10:51:31Z,1782211891000,0xea8419089d46e8671125b83df62148db6de9feaa353c6a003e30de2a898f6621,2,0x2df1c51e09aecf9cacb7bc98cb1742757f163df7,0x22f7d20e9be020ef665c22dcbc5c16d96a909d19,88.372904,withdraw,2
476478394,2026-06-23T10:52:16Z,1782211936000,0xa6cab2d1d23ae9136933650f30a37e38ab8ce0c7191036cb6e7eaa67468294ac,14,0x2df1c51e09aecf9cacb7bc98cb1742757f163df7,0x2cd869dc5aa27fd7b2c8dcda2a08e4c3f5a2a8a1,374.0,withdraw,2
476478425,2026-06-23T10:52:24Z,1782211944000,0x4748636deccc1286fab89a5b97a617ee92c3efadd19dd08c3d58444504720591,0,0xd64f26584d0b9e9bb38bdaf6a030d1b4a99f2472,0x2df1c51e09aecf9cacb7bc98cb1742757f163df7,1000.0,deposit,2
476478494,2026-06-23T10:52:42Z,1782211962000,0x63ad156919c0c8d18cd1926c7b59bf699d53371589266d43c9ca4711d41ae2a3,13,0x2df1c51e09aecf9cacb7bc98cb1742757f163df7,0xb66c34292f19f6949157b317e6814433844738f9,24.04,withdraw,2
476478712,2026-06-23T10:53:36Z,1782212016000,0x87e5117068a78a203f03e77fd01043fef2b6de8b5abb1ed3fe0c2fc8934e5126,1,0x986a0a5a52bd3313be32d885c19f820288dc1065,0x2df1c51e09aecf9cacb7bc98cb1742757f163df7,45.339592,deposit,2
476478794,2026-06-23T10:53:57Z,1782212037000,0xe8e664182b67f49f2ce5bd0b570ccae3d6282fe5cc4f3c70514306159b6cd19a,7,0x2df1c51e09aecf9cacb7bc98cb1742757f163df7,0x53c432e6d78ab366fd04725fc6574ae5ed7a3b81,3.97,withdraw,2
476479082,2026-06-23T10:55:09Z,1782212109000,0xe9d667694abc1ec2ab6bc469139b991be4fe36a97c747274146b39901a7019c5,1,0x1c43091a1c9d8d5a5c9786863cbc3b92dfade738,0x2df1c51e09aecf9cacb7bc98cb1742757f163df7,281.725334,deposit,2
476479254,2026-06-23T10:55:52Z,1782212152000,0xf4273010289db82200d485196608a41d767ed5cba518854893a8ed52d0901750,15,0x6059d95c8d3bb211392cc7b1a10212a91baac48e,0x2df1c51e09aecf9cacb7bc98cb1742757f163df7,50.0,deposit,2
476479256,2026-06-23T10:55:53Z,1782212153000,0xa5cab883dc6ad6156582b5135d792182f2bf708651ff94247ff3790b2fd81ad1,1,0x03fbe8a3f372c01aed639cffc7f21a00ba05c4b6,0x2df1c51e09aecf9cacb7bc98cb1742757f163df7,126.0,deposit,2
476479343,2026-06-23T10:56:15Z,1782212175000,0x6834537fd590cf00c6686fa8a849aa9c314d9f266db3fad98c0065ad28e8a63b,1,0x0e306f6be32770f2129f48e80576c8b869d4c7c9,0x2df1c51e09aecf9cacb7bc98cb1742757f163df7,1256.081407,deposit,2
476479507,2026-06-23T10:56:54Z,1782212214000,0xde3b9838131d4290d689ff5273ec99c8c42a7d9cf5a641a01bcb32f974c77688,0,0x7f477469017d6ac028db540ff29e31631e6fc70f,0x2df1c51e09aecf9cacb7bc98cb1742757f163df7,29989.9,deposit,2
476479546,2026-06-23T10:57:04Z,1782212224000,0x2d1a50137811b8fd9648bc49d27d0f711192ccaa4f5f7ae77a5ea7d474d01d66,2,0x2df1c51e09aecf9cacb7bc98cb1742757f163df7,0x37052f51341223c00bf91cb871c3269d693d2d19,223.0,withdraw,2
476479676,2026-06-23T10:57:37Z,1782212257000,0x0b2e7f166b51c35752658e655a24e166ae3ebc2873040c3c0682e002f331a77c,12,0xe7aa03ab555801a4314ecf72bdb61727dcd17140,0x2df1c51e09aecf9cacb7bc98cb1742757f163df7,1000.0,deposit,2
476479893,2026-06-23T10:58:31Z,1782212311000,0xb88f7dab33a27e028ea7b0a488460678bf1f245bf9deb9b12a9e2c29af44be0b,9,0x37052f51341223c00bf91cb871c3269d693d2d19,0x2df1c51e09aecf9cacb7bc98cb1742757f163df7,223.0,deposit,2
476479911,2026-06-23T10:58:36Z,1782212316000,0xb24086d39c9f4d63c44605e28ba22023c5e63577979571afe4c3a63188b51ab5,10,0x2df1c51e09aecf9cacb7bc98cb1742757f163df7,0xdff7e765aa9bfef643af4d5fd8e322d3ea2f7456,1.0,withdraw,2
476480264,2026-06-23T11:00:04Z,1782212404000,0xbc7cdd09100f3b20473951ae9e984af9bf76f375762e5a0b88db96b06b9ae921,9,0x58f25b434ba3e04d312078817e6f3e66d16fc099,0x2df1c51e09aecf9cacb7bc98cb1742757f163df7,2040.0,deposit,2
476480277,2026-06-23T11:00:08Z,1782212408000,0xbf837daa14cdb14c6cd1bc5c92dcc43616bce673918509a067ea2697b1eae6d2,9,0xe88ceb6d4c4990ba95ede90883e7fbed2163137d,0x2df1c51e09aecf9cacb7bc98cb1742757f163df7,1375.8,deposit,2
476480347,2026-06-23T11:00:25Z,1782212425000,0xd91132ee2b26abe341d1bf39c79c46c5d0e4ea6ff4a0e180b7109d5590195e39,1,0xf22e75c924dafb084244c809aaef79df3d9100ad,0x2df1c51e09aecf9cacb7bc98cb1742757f163df7,223.611078,deposit,2
476480400,2026-06-23T11:00:38Z,1782212438000,0xda704f6f333a420efafe570dcfd4aefe63428d3c3dafc74b23e80d32113b1a7f,1,0x1efc214c1903275f51be359cd2f1f1662c1c6bab,0x2df1c51e09aecf9cacb7bc98cb1742757f163df7,9.8,deposit,2
476480420,2026-06-23T11:00:43Z,1782212443000,0xf86a099fec46a41244f8b970d26760764e010de1faf3cc60b21a21e9640291bc,4,0x5d916820ac6b5d0f06832c4f63864a3781903690,0x2df1c51e09aecf9cacb7bc98cb1742757f163df7,2774.168072,deposit,2
476480478,2026-06-23T11:00:58Z,1782212458000,0x7a9795c596857c3e24eba6315a73de8d38f66876aebc3083c47f0c414ed8b52d,8,0x2df1c51e09aecf9cacb7bc98cb1742757f163df7,0x09ef721759da4184c6d05c404aad079b5d0f1e56,196.814924,withdraw,2
476480489,2026-06-23T11:01:01Z,1782212461000,0xa5fc9b83ca7147dcb87bd876486ea0214474c077420cda634f0e578ef61b9c44,2,0x99c93a8d9323bdb3e1c3f577a7c7ab17504781f6,0x2df1c51e09aecf9cacb7bc98cb1742757f163df7,144272.251012,deposit,2
476480562,2026-06-23T11:01:19Z,1782212479000,0x2fe640e4048413eba4d3c558206cdfb3ccbe69359e1f3565b68e044113043ad2,5,0x2df1c51e09aecf9cacb7bc98cb1742757f163df7,0xd93cd3d52003b52478214e9eb2571cc510ae6b88,71.16,withdraw,2
476480679,2026-06-23T11:01:48Z,1782212508000,0x1431256cabd3de2a62427f238d77d66d838982977ceda54682fb9ba758a09bec,2,0x6e345f0defe1c207db23930a79c20782953db498,0x2df1c51e09aecf9cacb7bc98cb1742757f163df7,505.0,deposit,2
476480746,2026-06-23T11:02:05Z,1782212525000,0xf1a1d1f0402c8d7bd80ff0620829983302f53a5c673cb45e5b99e738b90edbaf,1,0x2df1c51e09aecf9cacb7bc98cb1742757f163df7,0xd16d5d97a9a4c31a639d75012de96a419bee9f6c,18.863243,withdraw,2
476480867,2026-06-23T11:02:36Z,1782212556000,0x4dbf474114d084e6172275fc6c658ad7143073c2e45c18e2fc256fe64365ec51,9,0x4bb483f7bca652847f3dbaa4d566f3042a90922b,0x2df1c51e09aecf9cacb7bc98cb1742757f163df7,502.48,deposit,2
476480885,2026-06-23T11:02:40Z,1782212560000,0x38476d584d663af733767c991982e0f403bf21ebdf08a0e16fd7e8a754859ee7,0,0xd93d98725c18d5f0f64fcc8ee60d921a99f1ac27,0x2df1c51e09aecf9cacb7bc98cb1742757f163df7,24.916766,deposit,2
476480908,2026-06-23T11:02:46Z,1782212566000,0xf57ce25745c91a36a6ea01f2310e3aa63054118aa8b39a30f8f7099fc191d53d,1,0x2db095f3be57970156f928167e7446f9d5f98754,0x2df1c51e09aecf9cacb7bc98cb1742757f163df7,111.6,deposit,2
476481023,2026-06-23T11:03:14Z,1782212594000,0x648aafe057a0f420662f0213ae168d60c28fd63eef37236a01d69dc4f0d7e6c0,3,0x81b92af6eb7f12fc507f6f2433a6fcfa97e6aad2,0x2df1c51e09aecf9cacb7bc98cb1742757f163df7,1000.0,deposit,2
476481034,2026-06-23T11:03:16Z,1782212596000,0xbcbb9fc4f85c2dbe65160f3fa34dac1a666e9421fb829595565db94b26ba9506,4,0x2df1c51e09aecf9cacb7bc98cb1742757f163df7,0x16db4deda2b84e2bed126eb3299faab0c4d53ca9,110.757283,withdraw,2
476481086,2026-06-23T11:03:29Z,1782212609000,0x0ac69501d74a3b80ca0b410a1f787d6078d8920f1f001c3bafc34c3039df1cb7,1,0x0d6eba738e4c1febc1dcdae43b898eab3a3ab888,0x2df1c51e09aecf9cacb7bc98cb1742757f163df7,43.723865,deposit,2
476481418,2026-06-23T11:04:53Z,1782212693000,0x30c79e73f4200fc035e8dd22d160bebbb0359d1b891e82e564a76ec02117e61e,0,0x2df1c51e09aecf9cacb7bc98cb1742757f163df7,0xb41e3f4e6efa59edf1391bd52a55daaf49accd19,72.62,withdraw,2
476481553,2026-06-23T11:05:27Z,1782212727000,0x93b6528fd4ee36e0363d089fc88298136758d506d201df72c5e0971c6358716f,25,0x88bf3de5cc7d59770cfe82535abe6bb9bec3b25c,0x2df1c51e09aecf9cacb7bc98cb1742757f163df7,2079.660383,deposit,2
476481566,2026-06-23T11:05:30Z,1782212730000,0x9cc7ba70b0b934153f5fa6b196958305456f2833c16dc8cfe2bf81f9369ad2fd,13,0x02bc1d20a372c5078d08eddfad4353fcfefeadbe,0x2df1c51e09aecf9cacb7bc98cb1742757f163df7,50.0,deposit,2
476481598,2026-06-23T11:05:38Z,1782212738000,0x7d0339cd059d35c618b1ebd1f48ca1ae2da4d5c8cdca8b66a203a390caa9a001,21,0x2df1c51e09aecf9cacb7bc98cb1742757f163df7,0x01f798a56170970f84122afd936f62065b8ac6b4,0.65,withdraw,2
476481623,2026-06-23T11:05:44Z,1782212744000,0xa6cd2522affe2c7920c64437bf2e8421d5bce03b57f303f4a0e4954e1564811f,2,0xe1c9776c7ea8395c0026a03e114b61a7fc6efed3,0x2df1c51e09aecf9cacb7bc98cb1742757f163df7,500.0,deposit,2
476481658,2026-06-23T11:05:53Z,1782212753000,0x18b33689ee44148a4b8a35a87c6e27b0294f4de4dd35dfeedbd5e51b7bfdc413,40,0x0b38c01118342098d6f108cc3741349089cd9590,0x2df1c51e09aecf9cacb7bc98cb1742757f163df7,10000.0,deposit,2
476481676,2026-06-23T11:05:58Z,1782212758000,0x50b422e9a6e5358e6686b70a1086352e5d4fd8e2ba283c9db82b1a9d174229c5,0,0xd8aa0ea6f88837bde15d86b7d948874476f7b756,0x2df1c51e09aecf9cacb7bc98cb1742757f163df7,291.212425,deposit,2
476481751,2026-06-23T11:06:16Z,1782212776000,0xdcbe6c705e9f5f6e4661c3bd9b81632558757afc14af4d2b4a20c4a7c353b78c,31,0x98c08e303aae8b7f9204cf4e5c1cb36d555c2896,0x2df1c51e09aecf9cacb7bc98cb1742757f163df7,19959.0,deposit,2
476481806,2026-06-23T11:06:30Z,1782212790000,0x27bdba188b4ebe0f40fb9d545de505b730a1ae43a85a646db6cc43858fa3b30b,0,0x2df1c51e09aecf9cacb7bc98cb1742757f163df7,0x4ae7ece79d99e9f81b62d55b12c3c4e5cdbe1de3,43.93,withdraw,2
476482131,2026-06-23T11:07:52Z,1782212872000,0xf5a42874ef2d11b131b0242a5288a1a94d0132777ef1958f0aa49442e93c3c73,2,0xc49cb6041c811017a63a2665dd3a4ff2a58cc109,0x2df1c51e09aecf9cacb7bc98cb1742757f163df7,500.0,deposit,2
476482189,2026-06-23T11:08:06Z,1782212886000,0x53a385cefad0c0917041af4ec031ba63f4bdd99400368e05cc8e8628db5a960e,17,0x2df1c51e09aecf9cacb7bc98cb1742757f163df7,0xa040583bf9f80e1663654fabfad42a2f4945f67d,1.03,withdraw,2
476482205,2026-06-23T11:08:10Z,1782212890000,0xf85af1ba789a6b79ece21ca3b9a0f89ad182a2d1d7dd7c0f7c5b7df8c21f6cd9,5,0xadebe8d262f563d1b70f610b8c88d7faf25b182e,0x2df1c51e09aecf9cacb7bc98cb1742757f163df7,65.344118,deposit,2
476482481,2026-06-23T11:09:20Z,1782212960000,0xc15e376029deb3b9b1600319aabb08560c28941a1ab6a8becfe901425d274370,22,0xac57cdb33ff64f2eeb1753a45e08bf09266dad12,0x2df1c51e09aecf9cacb7bc98cb1742757f163df7,999.162408,deposit,2
476482604,2026-06-23T11:09:50Z,1782212990000,0xe3bb34b9bad759ef1476f850243bfec71a8f285fa7c5ef133f5f12dc90c9eb3d,1,0x47c9add62cb995d77b841dd70ccb262742a29329,0x2df1c51e09aecf9cacb7bc98cb1742757f163df7,5.059135,deposit,2
476482782,2026-06-23T11:10:35Z,1782213035000,0x29306de5b76f1041061d9ac33c1576d7e8df6770f1598306cda331eb8a619e95,61,0x2df1c51e09aecf9cacb7bc98cb1742757f163df7,0xf84eb7b3bd5358617d12ca08d9cc543c3877f1aa,99.0,withdraw,2
476482784,2026-06-23T11:10:35Z,1782213035000,0xb36bc778711da803b53738ca0c2dde499cea824af9d0049b2704b582797ec953,4,0xf70da97812cb96acdf810712aa562db8dfa3dbef,0x2df1c51e09aecf9cacb7bc98cb1742757f163df7,234052.068284,deposit,2
476482952,2026-06-23T11:11:18Z,1782213078000,0xc44db23c2207e9ea50e87ee8b4d76d6151a893307ccca37910e30a0a267a9a1a,2,0xe7a8432ab49121c7284da787fb3b76b44064e445,0x2df1c51e09aecf9cacb7bc98cb1742757f163df7,25.0,deposit,2
476482957,2026-06-23T11:11:19Z,1782213079000,0x3f41867f5d59872e90ee82c50d4b6089d34b658363d8e1dde7267629d7853a37,2,0xffce1d975a883b956762e913830a8a19649d76bb,0x2df1c51e09aecf9cacb7bc98cb1742757f163df7,6.1,deposit,2
476482991,2026-06-23T11:11:28Z,1782213088000,0xae56c7526be668efb44140ec024aea04c5eba59165400d3baedc934825115623,14,0x4bb483f7bca652847f3dbaa4d566f3042a90922b,0x2df1c51e09aecf9cacb7bc98cb1742757f163df7,477.52,deposit,2
476483092,2026-06-23T11:11:53Z,1782213113000,0x3d1840385bcd10f88705d0499d5ff4630fa5077be37b5f33aa8ac9574e75237d,0,0x281354062fa932086890a6bbf7dff7d0a67d220f,0x2df1c51e09aecf9cacb7bc98cb1742757f163df7,45470.95,deposit,2
476483222,2026-06-23T11:12:26Z,1782213146000,0xc7994e44b56e17b8f2038d2cdd7d896e1df4e651e318ddafa78244544d229e8c,4,0xffce1d975a883b956762e913830a8a19649d76bb,0x2df1c51e09aecf9cacb7bc98cb1742757f163df7,1480.0,deposit,2
476483428,2026-06-23T11:13:18Z,1782213198000,0x673aefc55401e8e11800b7eda0299a805b4d1ca26863b7ce6741c73ca58f557a,33,0x2df1c51e09aecf9cacb7bc98cb1742757f163df7,0x2354122f4011265199584d405a8db93585f529e3,1313.76,withdraw,2
476483493,2026-06-23T11:13:34Z,1782213214000,0x917f94df8c74c34df2f5b4ba8dbb79aa471d435a6580616b6258a1750723b172,21,0x4bb483f7bca652847f3dbaa4d566f3042a90922b,0x2df1c51e09aecf9cacb7bc98cb1742757f163df7,19.93,deposit,2
476483518,2026-06-23T11:13:40Z,1782213220000,0x2b856332297eba90734f03d12b1d8b5e09cf3d5ee84d282b67f8f9313ea0df60,2,0x1939c35f29525b09ab72c0f45084398293bc4e74,0x2df1c51e09aecf9cacb7bc98cb1742757f163df7,9.964541,deposit,2
476483526,2026-06-23T11:13:42Z,1782213222000,0x0982d142af2179415a305503325c7023ea6091c83508ce8c02192def771edba0,13,0x2df1c51e09aecf9cacb7bc98cb1742757f163df7,0xd40c748c68b59c753152676f4423474e5e36ac7a,1646.668543,withdraw,2
476483526,2026-06-23T11:13:42Z,1782213222000,0x0982d142af2179415a305503325c7023ea6091c83508ce8c02192def771edba0,15,0x2df1c51e09aecf9cacb7bc98cb1742757f163df7,0xa8da1e97a1377c0b3efee4779d910722b3c1c299,87.55,withdraw,2
476483612,2026-06-23T11:14:04Z,1782213244000,0xf32ce96d2f1d3ce5c5509ed3309869c13a3e8b945002bff88df9db28b9b46af1,18,0x4bb483f7bca652847f3dbaa4d566f3042a90922b,0x2df1c51e09aecf9cacb7bc98cb1742757f163df7,476.29,deposit,2
476483747,2026-06-23T11:14:37Z,1782213277000,0x248b41ba69ecba49913dd6a8969440a51d9294ea38fa5b945411b4f487390163,6,0xf0a019f9d941e0f9dd9aa27dc96bd209affebeb3,0x2df1c51e09aecf9cacb7bc98cb1742757f163df7,6.191572,deposit,2
476483786,2026-06-23T11:14:47Z,1782213287000,0x76052bda94f330025b25a65ff5c6e4b8fe5af102c158ca8c4c4aca7f2bd6017a,73,0xcd08ca212defdb2cc0bb41adca9dae7007f8a55e,0x2df1c51e09aecf9cacb7bc98cb1742757f163df7,40796.56705,deposit,2
476483827,2026-06-23T11:14:58Z,1782213298000,0xae90f535ff71ea4870298408845cd0b12c45b6418dc3ab95b8c8b9438559b89f,0,0x2df1c51e09aecf9cacb7bc98cb1742757f163df7,0xca2167cbf19c72d62a95ef192c6145c3d349285b,492.22,withdraw,2
476483931,2026-06-23T11:15:24Z,1782213324000,0x103f2abfbaeaeee194f78aa32585c450a145b3af56d405d5283cfef5ca6eb969,1,0x2df1c51e09aecf9cacb7bc98cb1742757f163df7,0xe08d9cc9b651cb95de82562a3642afe7c7cdb902,54.0,withdraw,2
476484195,2026-06-23T11:16:29Z,1782213389000,0x54814f91f7aece35ad5224127087bc141ee5481a9527a36c8c552831f467701d,3,0xf9bc1198dccbfb200750ec1d7c5427a19734ea61,0x2df1c51e09aecf9cacb7bc98cb1742757f163df7,5.295761,deposit,2
476484235,2026-06-23T11:16:39Z,1782213399000,0x28600cfb89986d20548d1cf84c3d5d4987d67e962915a03d9c2732cb4629e277,25,0x2df1c51e09aecf9cacb7bc98cb1742757f163df7,0xf84eb7b3bd5358617d12ca08d9cc543c3877f1aa,9110.9338,withdraw,2
476484297,2026-06-23T11:16:55Z,1782213415000,0x0943a4575e0ecd2f599045d978ca8434828071e1a2b9d94e2066dd32210689d2,3,0x2e873258d1e010df691194fdbaa35a3cebf8aa7b,0x2df1c51e09aecf9cacb7bc98cb1742757f163df7,12.933592,deposit,2
476484297,2026-06-23T11:16:55Z,1782213415000,0x0943a4575e0ecd2f599045d978ca8434828071e1a2b9d94e2066dd32210689d2,5,0x8a5362850e0fdc5de877e29228c5c0a2f06463c8,0x2df1c51e09aecf9cacb7bc98cb1742757f163df7,368.372339,deposit,2
476484341,2026-06-23T11:17:06Z,1782213426000,0xcf4702ca1fa9a093bb32baa33343bae80ee124585227b42270c46decef16a052,2,0xc1f7a2675a4c4af9851f64d459d247aa46d20add,0x2df1c51e09aecf9cacb7bc98cb1742757f163df7,81738.406851,deposit,2
476484385,2026-06-23T11:17:17Z,1782213437000,0x2f8265ce2304659be16945bc885132cb7f6c34aa951d6f64e2dbac2405279dd5,9,0x39697961405c975b5ab53d85c4d29eca6bfeb18d,0x2df1c51e09aecf9cacb7bc98cb1742757f163df7,81938.280396,deposit,2
476484518,2026-06-23T11:17:51Z,1782213471000,0x1e3f29f83be22ec4a8f0041779682d90787491a51cd39c889220cf15abeed241,0,0x2df1c51e09aecf9cacb7bc98cb1742757f163df7,0x1698d2707e6ab44cd6ec8e866b56156458ad53ee,99.0,withdraw,2
476484668,2026-06-23T11:18:28Z,1782213508000,0xcae2cf5cd4431612d619de2762f842026fdc940c4bc63d0b46ecf9a261f2b290,0,0x7b7b229e30621828cdeaccbf3dc4042ec7547c15,0x2df1c51e09aecf9cacb7bc98cb1742757f163df7,477.854724,deposit,2
476484811,2026-06-23T11:19:04Z,1782213544000,0xe0745eb7101d6f05df13fddd1ca472309e5c22952ca2d26755897b1782d5ba92,0,0x2df1c51e09aecf9cacb7bc98cb1742757f163df7,0xb46a0f71fded6ceb00b1c9278e0ac7e22c242df5,150999.0,withdraw,2
476485012,2026-06-23T11:19:55Z,1782213595000,0xd6bd16b037967757039c76d2666d3edba50f0dbe8ddc08ce933829923289bb01,1,0x2df1c51e09aecf9cacb7bc98cb1742757f163df7,0x11d348779d521f42659c156d46e5362cd05a09b3,63.83,withdraw,2
476485111,2026-06-23T11:20:19Z,1782213619000,0x32e2cccf1b10ceb551467090497eb505169b25f04f8036f0e5649688595cf927,114,0xef2b693fca8d05ba8d9267c7c05dc45a774a4992,0x2df1c51e09aecf9cacb7bc98cb1742757f163df7,453.923358,deposit,2
476485186,2026-06-23T11:20:38Z,1782213638000,0x905f72cf7c21d5c40331ee4c944e43ce432300cd5b8b827f082f1d2cff188e51,13,0xd40c748c68b59c753152676f4423474e5e36ac7a,0x2df1c51e09aecf9cacb7bc98cb1742757f163df7,5000.0,deposit,2
476485224,2026-06-23T11:20:48Z,1782213648000,0xc3491ed971d17fcfd48a2506c3f133d29342043931d64ba11015124fd0edb9b1,6,0x2df1c51e09aecf9cacb7bc98cb1742757f163df7,0x5d268481a2c5c72b5e84ee9c03e938801c53cf32,9.0,withdraw,2
476485545,2026-06-23T11:22:08Z,1782213728000,0xa35f95de9ee2ea4424d74a97ce14e26f3a68f3ef4302f95fc9616cd2450d6a76,37,0xfcebc54155b55631588ee160052f398146c8f655,0x2df1c51e09aecf9cacb7bc98cb1742757f163df7,157.6,deposit,2
476485616,2026-06-23T11:22:25Z,1782213745000,0x88c1efdfa6ef7bc3325d1a2512a208061abfe089eeddfb8a161bfce43f88fde7,51,0x2df1c51e09aecf9cacb7bc98cb1742757f163df7,0x806127f21c5d2c02df8a6e0905ab5a16794d3ab2,19.0,withdraw,2
476485849,2026-06-23T11:23:25Z,1782213805000,0xf8e2df8d714062a5a24cf51b626dd80ddd7def755651687dea64d60ba39407bf,0,0x812b9bb152a7ae8e5c7d965c912acad14eccb53b,0x2df1c51e09aecf9cacb7bc98cb1742757f163df7,1200.0,deposit,2
476485915,2026-06-23T11:23:41Z,1782213821000,0x587ee69b0b3ae0e8f8414a60921eb42f8981e8721384ef2f5d1913dfa1a7f58b,0,0x2df1c51e09aecf9cacb7bc98cb1742757f163df7,0xcd8d605c0e7fae1838f138ba0587782e3b707400,119.31,withdraw,2
476485940,2026-06-23T11:23:48Z,1782213828000,0x78451b761c60e5471ce682f72502ed9a207ff14f38c44af21d19bd267f67c5ed,74,0x1a98c4af1a7c7fa1b05601b607e2b0249ab28fe2,0x2df1c51e09aecf9cacb7bc98cb1742757f163df7,52.292098,deposit,2
476485944,2026-06-23T11:23:49Z,1782213829000,0x83b9f7684357bbe831d6ba4c7ff24eaf48e1606bdc6e54ded55f1afb87cea9d3,1,0x6c966cc1c009fb8c6489c933bde58ff9547d08f7,0x2df1c51e09aecf9cacb7bc98cb1742757f163df7,49.7749,deposit,2
476486015,2026-06-23T11:24:07Z,1782213847000,0x1ff2307af21e82cd6d782dd0e0e9868351f72dd30610c1fd9724c27b789dccac,46,0x2df1c51e09aecf9cacb7bc98cb1742757f163df7,0xb1d493eb8519610049719640532bf16522a752fa,25.0,withdraw,2
476486015,2026-06-23T11:24:07Z,1782213847000,0x1ff2307af21e82cd6d782dd0e0e9868351f72dd30610c1fd9724c27b789dccac,48,0x2df1c51e09aecf9cacb7bc98cb1742757f163df7,0x26472a03400c31b86cb8383fd012053de81622fc,149.84,withdraw,2
476486215,2026-06-23T11:24:59Z,1782213899000,0x364395e873eaa4ab63aeaefc1a7c57e434885304e5192b194098c639b56b3e0a,0,0x2df1c51e09aecf9cacb7bc98cb1742757f163df7,0x417cbff792c85c97f1820337dc7509fa5b433ed9,124.75,withdraw,2
476486215,2026-06-23T11:24:59Z,1782213899000,0x364395e873eaa4ab63aeaefc1a7c57e434885304e5192b194098c639b56b3e0a,2,0x2df1c51e09aecf9cacb7bc98cb1742757f163df7,0xee845948e6806d12e966137caa07d49bbe632fe3,101999.0,withdraw,2
476486245,2026-06-23T11:25:07Z,1782213907000,0xf6d9cffe0bdf2affb2362a008100690d85932615d63de0963f72d643f9841bcc,1,0xcc9ec29778f35c0abe8572c6d25596518d6dfc8b,0x2df1c51e09aecf9cacb7bc98cb1742757f163df7,29.829975,deposit,2
476486353,2026-06-23T11:25:34Z,1782213934000,0x4b907de42445b1654282a8c73fe3e4a64f4a98f16e33603c3c334c3e76989c27,1,0x9ecd267aeb647dfdd8922ee942b3eba94616ff51,0x2df1c51e09aecf9cacb7bc98cb1742757f163df7,15.0,deposit,2
476486667,2026-06-23T11:26:54Z,1782214014000,0xec5a5cc42b838d95bd0199c44d05dd28f81e90736c74cebdcda0121609be1712,1,0x9ecd267aeb647dfdd8922ee942b3eba94616ff51,0x2df1c51e09aecf9cacb7bc98cb1742757f163df7,50.0,deposit,2
476486775,2026-06-23T11:27:21Z,1782214041000,0x217ec007df396a5201b8c60f480a64464e04780ac93be21142232eb2ba1091f1,0,0x2df1c51e09aecf9cacb7bc98cb1742757f163df7,0x1ca09d6ca08c02dfee4b085669c155a89907e499,26977.98164,withdraw,2
476486871,2026-06-23T11:27:45Z,1782214065000,0xb587a6cc14baf98d74e8163bea155dbe95532d4aa282a14e83818d3fe67a2bcd,0,0x2ed443280d30df37eed0515a876b5b51029e35cd,0x2df1c51e09aecf9cacb7bc98cb1742757f163df7,51.0,deposit,2
476487059,2026-06-23T11:28:33Z,1782214113000,0xa861ef5f08d5ad6dd1b98cef10c4671c8c1049c7ae704af5c6e4ca7fc515b5ba,0,0x2df1c51e09aecf9cacb7bc98cb1742757f163df7,0x84bbd153144be7c02afa469314ae5c38fd0531ff,9.0,withdraw,2
476487059,2026-06-23T11:28:33Z,1782214113000,0xa861ef5f08d5ad6dd1b98cef10c4671c8c1049c7ae704af5c6e4ca7fc515b5ba,2,0x2df1c51e09aecf9cacb7bc98cb1742757f163df7,0xcbaa682624b7699c2138cce33b8f1b179a13c1f5,154.0,withdraw,2
476487345,2026-06-23T11:29:44Z,1782214184000,0xd3a4e2446fdba63d141179a67d2129cc398d6976d0349dbdc1c90082224468e2,0,0x2df1c51e09aecf9cacb7bc98cb1742757f163df7,0x5e0a1447d8a83a4c3f91bbedeeb4c6d9c1362d1c,326.98,withdraw,2
476487446,2026-06-23T11:30:09Z,1782214209000,0x0117a3e33878134990838313af4f72417a2c8070c29fd7cccd8604e84b56647b,5,0x2df1c51e09aecf9cacb7bc98cb1742757f163df7,0xfb86884d29661c5378177238f78a43408c3952e0,6478.376316,withdraw,2
476487446,2026-06-23T11:30:09Z,1782214209000,0x0117a3e33878134990838313af4f72417a2c8070c29fd7cccd8604e84b56647b,7,0x2df1c51e09aecf9cacb7bc98cb1742757f163df7,0xbc8ad7cdf2ce33b4d692b8793ee0e3f0d9f7e5f9,13.0,withdraw,2
476487588,2026-06-23T11:30:45Z,1782214245000,0x0c9a788319c49670a74ba8a90e75eec059e31c61318cc6b936c23e3bea25aaec,1,0x44b4f16ae8ee5148d31d6df4e6194814cab5c598,0x2df1c51e09aecf9cacb7bc98cb1742757f163df7,12.0,deposit,2
476487719,2026-06-23T11:31:18Z,1782214278000,0x82fcde1e689218a824c66554808c955b58d5ab889ea65b43d13a41adccd914c1,5,0x99b42e392c7ab2a97bf120c51ac899d9f0a62b13,0x2df1c51e09aecf9cacb7bc98cb1742757f163df7,30.0,deposit,2
476488320,2026-06-23T11:33:48Z,1782214428000,0x87dd95f02430fcf9b3cb3a50332ce54625195c94d19219b40da2bf5e2d928b95,0,0x82cd5683ef2013c30915cd84c940f378ad782d4b,0x2df1c51e09aecf9cacb7bc98cb1742757f163df7,5000.0,deposit,2
476488375,2026-06-23T11:34:03Z,1782214443000,0xafb1c49817fc5684687d87e1e4bcb14e75134e86027511a0deb21f9c5b56ae8c,0,0x2df1c51e09aecf9cacb7bc98cb1742757f163df7,0x84bbd153144be7c02afa469314ae5c38fd0531ff,485.32,withdraw,2
476488480,2026-06-23T11:34:29Z,1782214469000,0x5fb701db68bcaefc067a836d5f894451bd3dec45c03657091fa79b90ee84dbf5,25,0x2df1c51e09aecf9cacb7bc98cb1742757f163df7,0xe21741ccaea42df8b46c4165950f9f912b4f5d30,30.52,withdraw,2
476488480,2026-06-23T11:34:29Z,1782214469000,0x5fb701db68bcaefc067a836d5f894451bd3dec45c03657091fa79b90ee84dbf5,27,0x2df1c51e09aecf9cacb7bc98cb1742757f163df7,0xc5d3f0359bc57c5d4f3d27f8a7371437eaa6c6f1,84.68,withdraw,2
476488577,2026-06-23T11:34:53Z,1782214493000,0xac2df6ee299a006a8f3358907e5cd576094e8939458b14009893309fdbc1f390,2,0x51f63885534cb494f4592a0311551f369bff2b39,0x2df1c51e09aecf9cacb7bc98cb1742757f163df7,60255.8,deposit,2
476488618,2026-06-23T11:35:03Z,1782214503000,0x1d3229fe7b6b661b30f208e1b3ca50836c3530739f41a3bd4f7f2c75a2000074,4,0xf1a5ddd23707645d9df1864beffcf32554cf3a16,0x2df1c51e09aecf9cacb7bc98cb1742757f163df7,279078.702849,deposit,2
476488869,2026-06-23T11:36:06Z,1782214566000,0xf51902e232e6a16c800999c1d0ec6b6d21ac1fbe15fbed2739e4aa28f823ad3f,0,0x2df1c51e09aecf9cacb7bc98cb1742757f163df7,0xd40c748c68b59c753152676f4423474e5e36ac7a,6999.0,withdraw,2
476489148,2026-06-23T11:37:15Z,1782214635000,0xfb5de2f6a1f770e94627f6e4403e0b903e3f8e39bff9cda4e9b55353039e5574,0,0x2df1c51e09aecf9cacb7bc98cb1742757f163df7,0xf94d61050ec92ed0a6c50033870c5b700a040228,102.5,withdraw,2
476489325,2026-06-23T11:38:00Z,1782214680000,0x908442bd29c3d9cadb0e65b3e0dad8cf34807901d7ed1e650570263645b46bee,12,0x2df1c51e09aecf9cacb7bc98cb1742757f163df7,0x905a6e81f95835e46e511db23e6e4e52372a0fbc,39.0,withdraw,2
476489456,2026-06-23T11:38:33Z,1782214713000,0xf4972d984b0d98f9fce1ae6cf5eaaf3cf7628a19d80b21af0abeb64565c584e8,1,0xde09bb0a2f59cbaa464d8d1a16d98174f1d5d555,0x2df1c51e09aecf9cacb7bc98cb1742757f163df7,19.975298,deposit,2
476489486,2026-06-23T11:38:40Z,1782214720000,0x53a523f3d716a4e7f5df5c36a04f71bfe30b638a3d1698aa394e7462f9654963,1,0x7f06635010f9420ba9c091527724c5bdf0ec5848,0x2df1c51e09aecf9cacb7bc98cb1742757f163df7,7.23206,deposit,2
476489623,2026-06-23T11:39:15Z,1782214755000,0x1e028de648aa4ecfcd106dcaa56101eca3cdaa793962240272f5ec255de6967f,0,0x2df1c51e09aecf9cacb7bc98cb1742757f163df7,0xee845948e6806d12e966137caa07d49bbe632fe3,106999.0,withdraw,2
476489787,2026-06-23T11:39:56Z,1782214796000,0x02a8fa8140d96efd92cf31fa82a0df5a421627935b3dad27199900b420b6015c,16,0x2df1c51e09aecf9cacb7bc98cb1742757f163df7,0x11e89a62c459e89a70560ca1e0dcb40cffb50099,1170.58,withdraw,2
476489938,2026-06-23T11:40:34Z,1782214834000,0xe21d5d152c5f7f95a7ca741df1f65834d68e9e69bd0e691678b1ecbee823947f,1,0x35b9d54d0f470288334ee01bf16708abcf275382,0x2df1c51e09aecf9cacb7bc98cb1742757f163df7,200.7,deposit,2
476489968,2026-06-23T11:40:42Z,1782214842000,0xfbcbf28b7b56d9977f47b9a1700322e6e208e89648145a21bd215a01fe17aadf,19,0x9d8a2ba54fabe8baafeee9274d4047141723731c,0x2df1c51e09aecf9cacb7bc98cb1742757f163df7,2131.910686,deposit,2
476489999,2026-06-23T11:40:50Z,1782214850000,0x2a8c6c9fc620a43e28871f2239ffbb2d47396897c5f4e7fe24ec65092f63358a,2,0x0c28352ae6649eba190ab4888f9272669df94a00,0x2df1c51e09aecf9cacb7bc98cb1742757f163df7,1055.298828,deposit,2
476490033,2026-06-23T11:40:59Z,1782214859000,0x8f6f811fe594e757faa125db0d7ad6eae9dfe374e318fcac3da5b3b4ea3269bd,2,0xd40c748c68b59c753152676f4423474e5e36ac7a,0x2df1c51e09aecf9cacb7bc98cb1742757f163df7,5000.0,deposit,2
476490106,2026-06-23T11:41:17Z,1782214877000,0x3fd3ce64ec79d0107de37c68b9dacd8852ed9857ada2ccd5f02682424910d4fb,4,0x2df1c51e09aecf9cacb7bc98cb1742757f163df7,0x04710faddeef3e70024cc557f59c3e362a5cc062,90.63,withdraw,2
476490298,2026-06-23T11:42:05Z,1782214925000,0x20cc4af7b8a6dac5d128fecb6e3e6d104111cc464fe7855e24516f1d70950ea8,0,0x2df1c51e09aecf9cacb7bc98cb1742757f163df7,0x057257e011bf904f8a0a61b1c2926b1facc0f1a3,2138.0,withdraw,2
476490429,2026-06-23T11:42:38Z,1782214958000,0x9053327ea4f2b1bb34bb3f9bb49950a734cadd624197e2ad89a666f836fe88f9,4,0x0ebba25e05243fb4146a3a2052aee412ed3d16c9,0x2df1c51e09aecf9cacb7bc98cb1742757f163df7,51.359842,deposit,2
476490442,2026-06-23T11:42:41Z,1782214961000,0x51cbf14746a94be10381507effd3ef5f09ac70e8f9c5ca256a14a44deffd5e11,11,0xfdedc4d6e983e3e3663d975d02229d244d246865,0x2df1c51e09aecf9cacb7bc98cb1742757f163df7,2997.194624,deposit,2
476490593,2026-06-23T11:43:19Z,1782214999000,0xb41ad27793cea9a5a7e0b4ae21a3253e30918bbb9fa62c312b4cbf9f476985dc,1,0x2a13a641e0904f9f8392deffc1798d4d415e2b84,0x2df1c51e09aecf9cacb7bc98cb1742757f163df7,43.366193,deposit,2
476490709,2026-06-23T11:43:49Z,1782215029000,0x09654aa37f9bd59b8291a8c0a43efa9544d0463a295223352caf54f89a9252d9,0,0x2df1c51e09aecf9cacb7bc98cb1742757f163df7,0xee845948e6806d12e966137caa07d49bbe632fe3,189999.0,withdraw,2
476490849,2026-06-23T11:44:24Z,1782215064000,0x78c61d912a7bd61e388a48a616557002572c36800302174458841715b1da3008,8,0xcb4a5ed2ceeb8888681af682e2b28b93b7f9bc85,0x2df1c51e09aecf9cacb7bc98cb1742757f163df7,69.659368,deposit,2
476491306,2026-06-23T11:46:19Z,1782215179000,0x43ead3b5a30feeefd8f7a5b706043bb23826ab4d50c0001011f34bd980f9c4e6,5,0x2df1c51e09aecf9cacb7bc98cb1742757f163df7,0x0939aa42d274dd6d6f9bd0f92f6bcf1226db6e9b,920.48,withdraw,2
476491352,2026-06-23T11:46:30Z,1782215190000,0x16accc5300f28cdc29a74f6eae99fa6ebfa2e42bad22722df6f525157d9e0504,0,0xc75c7fe875c0649fdffd2db42d3ffa05a4f5def8,0x2df1c51e09aecf9cacb7bc98cb1742757f163df7,579.861675,deposit,2
476491499,2026-06-23T11:47:07Z,1782215227000,0x83775b7efb5438e68ba4cdb221624c3c414951c3035d94a6f06212d6559291fb,100,0x2df1c51e09aecf9cacb7bc98cb1742757f163df7,0x3e6f938f886fb1d6f428dc75899638d8ec4bdd90,788.85,withdraw,2
476491499,2026-06-23T11:47:07Z,1782215227000,0x83775b7efb5438e68ba4cdb221624c3c414951c3035d94a6f06212d6559291fb,102,0x2df1c51e09aecf9cacb7bc98cb1742757f163df7,0xecc28990ce8234086759574b8f321e7eab2ee470,10.8643,withdraw,2
476491601,2026-06-23T11:47:33Z,1782215253000,0x93293f28a0db6a96cce0f62dcb41a6348380e9f56d44601a0dfade306f65a829,2,0x3a6d71384e28cdef8d2b56e1da20176a3c881208,0x2df1c51e09aecf9cacb7bc98cb1742757f163df7,380.014243,deposit,2
476491662,2026-06-23T11:47:48Z,1782215268000,0x540aa8a737681c8b8055d3cd10cc76d9de4d99c3885f04e1dab3a2d9deee84bc,1,0x6561b6be1d17d20c26992c8ef7574b0c450710f2,0x2df1c51e09aecf9cacb7bc98cb1742757f163df7,15.960935,deposit,2
476491665,2026-06-23T11:47:48Z,1782215268000,0x2b76a9f6d87d89a020c9bf773e8cd181d5269a217ef1be2dfa3ea8988ab4f373,0,0x2df1c51e09aecf9cacb7bc98cb1742757f163df7,0x1edc5757e061d3ce0d1b6010fd6aab6c9d7c04a6,3.0,withdraw,2
476491693,2026-06-23T11:47:55Z,1782215275000,0xafb72958ec8168aaa9a7d379c6860a67a720bb6343b09984af10ddd2a3611cf4,0,0x9742117e1e741f495df86eb01bedf40f0db1a5fe,0x2df1c51e09aecf9cacb7bc98cb1742757f163df7,86.701108,deposit,2
476491772,2026-06-23T11:48:15Z,1782215295000,0xfda3386a9f536a54efb6b53d2f91c584bda8109acf1c64ce5f1cce191bec37c9,13,0x2df1c51e09aecf9cacb7bc98cb1742757f163df7,0x3c614ce598a548a85bc0f8e75bbe58885804092b,999.18,withdraw,2
476491917,2026-06-23T11:48:52Z,1782215332000,0x4866f8c993b7a0183a1420e8b795cff71d36dd04708632b6130669b1aa744350,3,0x7a53678f352c27df0920ed146cc873af168a7323,0x2df1c51e09aecf9cacb7bc98cb1742757f163df7,788.850066,deposit,2
476491970,2026-06-23T11:49:05Z,1782215345000,0x1d421e603f3a2bcb7a6e20ae412a009c635eaf3c8bbd8cb15ce08c76c74ecfd2,0,0x2df1c51e09aecf9cacb7bc98cb1742757f163df7,0x4b6d4948c6845106f14392ab00125e93dbe014c6,490.45,withdraw,2
476492132,2026-06-23T11:49:46Z,1782215386000,0xb2245871e3109bbc3064058670429677f56f1e974d52cfa33e27929180b94d9a,0,0x2df1c51e09aecf9cacb7bc98cb1742757f163df7,0xd46c01653e74e1b2869626476a0e685bc1ba6a20,3.92,withdraw,2
476492132,2026-06-23T11:49:46Z,1782215386000,0xb2245871e3109bbc3064058670429677f56f1e974d52cfa33e27929180b94d9a,2,0x2df1c51e09aecf9cacb7bc98cb1742757f163df7,0xfc245b23ebf63e93d4f2fbf505f103fa68bd7a5a,780.6,withdraw,2
476492227,2026-06-23T11:50:10Z,1782215410000,0xeeba05517efe6651de1a7d4184200d68327c2ef8c4706095c6f667cd4867e28a,6,0x2df1c51e09aecf9cacb7bc98cb1742757f163df7,0x1edc5757e061d3ce0d1b6010fd6aab6c9d7c04a6,4.0,withdraw,2
476492299,2026-06-23T11:50:28Z,1782215428000,0xcf484441daa89c105d130f8ba37ccf72e7ff70dfb9de011a3511fd398b91b7fe,2,0xab6035ce6859af7e853a0ba43c9ec41e624a84d1,0x2df1c51e09aecf9cacb7bc98cb1742757f163df7,103.5267,deposit,2
476492343,2026-06-23T11:50:39Z,1782215439000,0x7de25abbef876cc32adf0d3403f7b052f7ad6b1ba9141eb7dc0a451bb954efb6,0,0x2df1c51e09aecf9cacb7bc98cb1742757f163df7,0x23c10584cd0bcb43728c667e3f34496539e28f22,494.23,withdraw,2
476492350,2026-06-23T11:50:41Z,1782215441000,0xb207aba64cf92540f02e581a4513861daf4cc9ce654a27e5c6fc52c49e107c20,1,0x2319c3baca4f6419fc9f498d61bb34cf63a99339,0x2df1c51e09aecf9cacb7bc98cb1742757f163df7,10.0,deposit,2
476492432,2026-06-23T11:51:01Z,1782215461000,0x7eda6cbd1b61f6d44f39d74b95585815d8b3a6c76fe4b88aaa7e261af3857cc8,1,0x23160e0a539fbaa680498bcd17c05b5017a14f8c,0x2df1c51e09aecf9cacb7bc98cb1742757f163df7,1085.086843,deposit,2
476492433,2026-06-23T11:51:02Z,1782215462000,0xf7efc1345c2f08fed28a45e02c3fb7cf329436c7245fe11edf6764b908bf2ce5,14,0xa3bb263f571b42d437b379069661ea45aa93dd5d,0x2df1c51e09aecf9cacb7bc98cb1742757f163df7,10.0,deposit,2
476492641,2026-06-23T11:51:54Z,1782215514000,0x4352b594b3b2856aa978249a8f83305597edc0b927aed9cddc913ba5963f0098,8,0xf70da97812cb96acdf810712aa562db8dfa3dbef,0x2df1c51e09aecf9cacb7bc98cb1742757f163df7,258622.583811,deposit,2
476492651,2026-06-23T11:51:56Z,1782215516000,0xcfae30942cc1ee724dc63f36e701c851e649d712c22969fe19432843773efc46,1,0x752fe42328e427bc953a2c534228209d5b62e02b,0x2df1c51e09aecf9cacb7bc98cb1742757f163df7,130.137691,deposit,2
476492680,2026-06-23T11:52:03Z,1782215523000,0xfe32d48a79cb9c097a0f0d0277b0f680a82eb0e47523f7d707a99529a4f47ef8,15,0x55ec6d1b1aa4dd2e898f2a8e4a0e7a278b63f5ab,0x2df1c51e09aecf9cacb7bc98cb1742757f163df7,70.0,deposit,2
476492712,2026-06-23T11:52:11Z,1782215531000,0xa58ebc4034b1ea6a53679155a10d7a9fe5586b80db1175bb530c7cd9d2e04938,4,0xb5771b898f4a105a12a8a0d6df1192d4a02fad8a,0x2df1c51e09aecf9cacb7bc98cb1742757f163df7,5316.050424,deposit,2
476492813,2026-06-23T11:52:37Z,1782215557000,0xdb0ad1dc0839e76abbdf849083ffffcf19d95bd266e36f13602a19c6f8e29183,5,0xad1bd1915fb81d2a12bceae5d9fd2b54126101f4,0x2df1c51e09aecf9cacb7bc98cb1742757f163df7,5.0,deposit,2
476493000,2026-06-23T11:53:24Z,1782215604000,0x3488fcb5e2daac8c45c919d93a759eea5744ef2dd72330d39a69e11317aeaccb,0,0xb1d493eb8519610049719640532bf16522a752fa,0x2df1c51e09aecf9cacb7bc98cb1742757f163df7,25.0,deposit,2
476493147,2026-06-23T11:54:01Z,1782215641000,0x075603bfacaba71573a23a65b2ab302e88c7fd89342eaf18a1215c78ec304ead,0,0x2df1c51e09aecf9cacb7bc98cb1742757f163df7,0xb25f645ad779bae0e60b4440d1996908f656b941,34.34,withdraw,2
476493354,2026-06-23T11:54:52Z,1782215692000,0xc7b72edf1e49b5eeaeaf4458ae9f4e74af6955e04eca662fc9c5d0d212e2f052,1,0x2df1c51e09aecf9cacb7bc98cb1742757f163df7,0x6d49bf7611edfad20bcfff4c79c4a6d5389eca4e,8.18,withdraw,2
476493514,2026-06-23T11:55:32Z,1782215732000,0xd9078d3c95d10954326fbd1485f8d0986616e9843aa7d57d3a591227114ea27d,6,0x640f0120c2bdfcbbc5ed1f41d0ca543591ff4f37,0x2df1c51e09aecf9cacb7bc98cb1742757f163df7,2999.8,deposit,2
476493583,2026-06-23T11:55:50Z,1782215750000,0x5ae6ad61cd38578229f039c04d6d6440fd62a8eb193caf91cdaa95418abda646,1,0xf2c36b1cded50f506108518cf72b1b47abe3f583,0x2df1c51e09aecf9cacb7bc98cb1742757f163df7,109.989,deposit,2
476493761,2026-06-23T11:56:34Z,1782215794000,0xbb4111d9130c9fffdaf913a0eb816dba6c86829f2cbecc9dd66f24ed09fb568f,7,0x2df1c51e09aecf9cacb7bc98cb1742757f163df7,0x0dac7572461d17494b8f43d19ef45c6289586cdb,468.73,withdraw,2
476493782,2026-06-23T11:56:39Z,1782215799000,0x68a000920d597f972fbedda8af3849238a89dc47485851e7b8f9b0d85242af27,2,0xbb94641346c75c660ba0cd776c4c03859a2f8f84,0x2df1c51e09aecf9cacb7bc98cb1742757f163df7,12.9,deposit,2
476493805,2026-06-23T11:56:45Z,1782215805000,0x5e93afb62ab8af35fa50e77d9a8dfb9acd37e610892ed65e08daeb5bc286fb3e,1,0x7ce11b7b619bbfded069531995fcf693af930782,0x2df1c51e09aecf9cacb7bc98cb1742757f163df7,999.8,deposit,2
476494119,2026-06-23T11:58:05Z,1782215885000,0x3f89c1b236fb4d28ad2521768de71ee483e79da02df13e50b1a85d90d31ff615,0,0xf81aa4d3b9c21425e3860a7c10ba3d6d1f1f9d9e,0x2df1c51e09aecf9cacb7bc98cb1742757f163df7,3999.8,deposit,2
476494125,2026-06-23T11:58:06Z,1782215886000,0xa3cc3596214638d05814af4f91ca4791bbc849e2c5355b024e4c656aa18bad4b,5,0x2df1c51e09aecf9cacb7bc98cb1742757f163df7,0xb4815e3fc4044ea88e3863b87896a22a0941b2eb,529.166265,withdraw,2
476494146,2026-06-23T11:58:11Z,1782215891000,0xee9fd221b084558665f9772ccac0f82c48ebc9562d3eca4f79015e2a490ea580,1,0x8a508e3a398ea74cb1cd4703b494735d5edf034c,0x2df1c51e09aecf9cacb7bc98cb1742757f163df7,145.0,deposit,2
476494180,2026-06-23T11:58:20Z,1782215900000,0x60d6dd258e98d614517a449e3c046c09ce7fcbdfa762f07c9307fdae568033fa,2,0x68ec1d4e2282cea0f087b173ed5c5476cb3089a1,0x2df1c51e09aecf9cacb7bc98cb1742757f163df7,11.958099,deposit,2
476494296,2026-06-23T11:58:49Z,1782215929000,0xaa6fb181a988119e2ba1112cadccb075dc3ab335b794b08c5c4a8e049daa79c4,28,0x7ce11b7b619bbfded069531995fcf693af930782,0x2df1c51e09aecf9cacb7bc98cb1742757f163df7,2995.81116,deposit,2
476494335,2026-06-23T11:58:59Z,1782215939000,0x802ce5dea42ca8be8297e115368da47ef602abad4bb9cc60a9b40ca732cdaf32,0,0xef45dc68c148fbd8afda88545073bf1dc861e415,0x2df1c51e09aecf9cacb7bc98cb1742757f163df7,1858.8,deposit,2
476494496,2026-06-23T11:59:39Z,1782215979000,0x8ac3cb4d642d9c8424c1a95e8cfc85436f4155dc716b8500e1196a75a45d11c2,0,0x2df1c51e09aecf9cacb7bc98cb1742757f163df7,0xdaa057842586a9efdabc259110f73e21e525f20c,172.0,withdraw,2
476494556,2026-06-23T11:59:54Z,1782215994000,0x30e4103214b234f16c9e988d920755581d9a51c0cdcca87ff7c717efbec8c582,0,0x0d5d73f6b9eb76c9447f7925464ef61c1fbccd20,0x2df1c51e09aecf9cacb7bc98cb1742757f163df7,149.996893,deposit,2
476494619,2026-06-23T12:00:10Z,1782216010000,0x03f12ce9ef24a8ff5fe8d75d8ccfada1d580557b7915859bedc6663f5c2d82b1,0,0xadbfc55eb7ed462fe3a9099eb22f29ebe7646448,0x2df1c51e09aecf9cacb7bc98cb1742757f163df7,29.91144,deposit,2
476494719,2026-06-23T12:00:35Z,1782216035000,0x3dcb71efb99725d0ae9083325f104ae6bbacd2c7939ae02542f5704e01d2088f,41,0xe19e33fea9c641d199faa82eb36782f627f00e73,0x2df1c51e09aecf9cacb7bc98cb1742757f163df7,125.092438,deposit,2
476494807,2026-06-23T12:00:56Z,1782216056000,0xcf3917f54c468ee3e0bdb4079d25695f81436e2c79e743679d07b5817db161ea,0,0x2df1c51e09aecf9cacb7bc98cb1742757f163df7,0x54c123c2ae49145634f6c364ab1872780dad4cbe,104.0,withdraw,2
476494976,2026-06-23T12:01:39Z,1782216099000,0x5c260657722d5cc22b9fa5ad5e8ec24473ee9623661fd7061fa96aebfd95d523,4,0xf29238b3029ba0e2c94b2fb6b7bad62fe04b96ed,0x2df1c51e09aecf9cacb7bc98cb1742757f163df7,1615.205466,deposit,2
476495454,2026-06-23T12:03:38Z,1782216218000,0x9b8d0b31528dfa9f4d0a813dd86f1f0f9c5eba5b95fde5c75c2965e82e3473e4,0,0x6bb0edb7cebfed4fcffb7b00f4384b8f05721eb2,0x2df1c51e09aecf9cacb7bc98cb1742757f163df7,66.447106,deposit,2
476495528,2026-06-23T12:03:57Z,1782216237000,0xa3db994835fde533276652c13f8975a096930962d7d358b35ef4800008e9544b,4,0x82cd5683ef2013c30915cd84c940f378ad782d4b,0x2df1c51e09aecf9cacb7bc98cb1742757f163df7,50000.0,deposit,2
476496739,2026-06-23T12:09:01Z,1782216541000,0x5eb38577714567cf6841870bb9403a26e42a80c555c38c35704ff4c4436c6f97,1,0x25c60d4175daf9cd602e41c9139c816f04d46e34,0x2df1c51e09aecf9cacb7bc98cb1742757f163df7,499.189861,deposit,2
476496764,2026-06-23T12:09:07Z,1782216547000,0xdc1f70d3d7d886b4e52984c1f1f594ccfe5c0f61e14fb424de1e1603c4bcdd5b,0,0x281acc4a92fbd1ac8efef82fc814c787a2d3dff0,0x2df1c51e09aecf9cacb7bc98cb1742757f163df7,10.0,deposit,2
476496856,2026-06-23T12:09:30Z,1782216570000,0x996621244578dca177bd0adc6200abb96f9ff7e9b35f81a874dda1cd806e6654,6,0x2df1c51e09aecf9cacb7bc98cb1742757f163df7,0x4e76c070226dc5d27da2b32d7998d864109f7c42,99.007606,withdraw,2
476497155,2026-06-23T12:10:45Z,1782216645000,0x96add7994f259f691aee8461b9e154324792ba15a48fbe653e602569a278e855,140,0xbc28c54fd25c5826750e8f224b2fdbbccc43b2e5,0x2df1c51e09aecf9cacb7bc98cb1742757f163df7,211.0,deposit,2
476497170,2026-06-23T12:10:49Z,1782216649000,0x09544e19c83e6bd3de010fcef7c7ca3ec149b6f48deac57b52aa66f1df69d47b,8,0x5742c36379ef2a460bcbcd819a05a50143c93174,0x2df1c51e09aecf9cacb7bc98cb1742757f163df7,199.754621,deposit,2
476497235,2026-06-23T12:11:05Z,1782216665000,0x65848bf95864cf01b5c2296a328043e26bedb01b6d0b9fafbeb24616d51c30ce,48,0xf67b6c83932deb9addd8a055db44e2eedcb05d5c,0x2df1c51e09aecf9cacb7bc98cb1742757f163df7,4939.799672,deposit,2
476497441,2026-06-23T12:11:57Z,1782216717000,0x17dfb7bf363a47d9af246eaa070f45c849fb78565aacd5378bb19543e49b0a4d,10,0x230a7de01342f754f51fe8f3c6aee4eaa201f00c,0x2df1c51e09aecf9cacb7bc98cb1742757f163df7,1100.0,deposit,2
476497567,2026-06-23T12:12:28Z,1782216748000,0xa56462c5f5af8f8566d56b869b1d7988d59e5833f92859101f4e548c0ad8c44f,2,0x3d68540245c668284d4dc4744e50e646568b58b4,0x2df1c51e09aecf9cacb7bc98cb1742757f163df7,560.000134,deposit,2
476497877,2026-06-23T12:13:45Z,1782216825000,0xa7491c11c9cf1fa01e746fe4709d14f78731d3cfceed6293b43e2fb23468cb79,2,0x3f306beea26f302b99dce2f644d7917c75280edf,0x2df1c51e09aecf9cacb7bc98cb1742757f163df7,494.67,deposit,2
476498000,2026-06-23T12:14:16Z,1782216856000,0x2cf06d9508378f8c7fe5db3c16a8545c89873ef7a4123ab973e99506e8548cad,6,0xea1a72f99512c088edfc3e82e0a67f79f7c01c6a,0x2df1c51e09aecf9cacb7bc98cb1742757f163df7,23.57,deposit,2
476498014,2026-06-23T12:14:20Z,1782216860000,0x543d848dd9ff4a3ce8e93cde8d8ff5f38b7f0c65df1354685f9508806bd5677f,1,0x2df1c51e09aecf9cacb7bc98cb1742757f163df7,0x9042eaf29bdd117f8cceca7b892d3ef6302b5b59,9999.0,withdraw,2
476498147,2026-06-23T12:14:53Z,1782216893000,0x124ed0c256f699c0e259737c4271b6ded3433720d73918277739c5cbf980ae55,32,0xd59ca7f24a005a9cfb2b5420237e0e456c7df1e6,0x2df1c51e09aecf9cacb7bc98cb1742757f163df7,1141.0,deposit,2
476498157,2026-06-23T12:14:55Z,1782216895000,0x81cae07d978d04bf75f9f1f872b82fd05e5bb5912213f6da70cb0834e093bdf7,3,0xbc1795a0aa0fe57bf5449331ac7d39d1cb9baed5,0x2df1c51e09aecf9cacb7bc98cb1742757f163df7,99.8,deposit,2
476498201,2026-06-23T12:15:07Z,1782216907000,0xe31c4db9cb8822256cfdeacc2cb14e85304ba48325f4c16371345bd18585c363,8,0x2df1c51e09aecf9cacb7bc98cb1742757f163df7,0xb345a77ec051ac3a31a6d2ecfe8152ebd916cbbb,7.95,withdraw,2
476498658,2026-06-23T12:17:02Z,1782217022000,0xa7df19692a99c2beacfe7fbd1e9ea8e9e9fac232662129d602e5372b2dfda3ce,2,0x7dbd5ba621022aaf652e63ce0df9a04861132b42,0x2df1c51e09aecf9cacb7bc98cb1742757f163df7,6.452131,deposit,2
476498881,2026-06-23T12:17:58Z,1782217078000,0x03f9d41d7b44f16f332c2348b07ded9faafa98e16d92daa7aff9bc04e402dde3,0,0x2df1c51e09aecf9cacb7bc98cb1742757f163df7,0x9b5ecc55fb7a3cc3f16f011d17cdf44136a80ae8,137.9,withdraw,2
476498978,2026-06-23T12:18:22Z,1782217102000,0x04c00913fe466b9abd9880372cba4c858708d93261307ff6fc7d1d920cb8b4da,6,0xa09be8a9a3f43a738289609d72572d4854f3c815,0x2df1c51e09aecf9cacb7bc98cb1742757f163df7,10.342379,deposit,2
476498981,2026-06-23T12:18:23Z,1782217103000,0xbebae21c2f1cbd36382ef3766189736890c41297f838312dd0dd3f7db15251f0,4,0x2df1c51e09aecf9cacb7bc98cb1742757f163df7,0x281acc4a92fbd1ac8efef82fc814c787a2d3dff0,4.0,withdraw,2
476499347,2026-06-23T12:19:54Z,1782217194000,0x7ceb55ecea7e4f4c7ae64890b43072ae5c6f35e3c73115a2b2057e301ca633d9,1,0x3750251081a6963d60f6d920fb7b269e49df971a,0x2df1c51e09aecf9cacb7bc98cb1742757f163df7,99.0,deposit,2
476499364,2026-06-23T12:19:58Z,1782217198000,0x9d1436eaf7cd59413bacfec2accfec3580ae5a537222d49ec58a9935141a7b9a,38,0x2df1c51e09aecf9cacb7bc98cb1742757f163df7,0xb46a0f71fded6ceb00b1c9278e0ac7e22c242df5,155999.0,withdraw,2
476499428,2026-06-23T12:20:14Z,1782217214000,0xd6b222848b7de7a3d6f6b5e4c5291a8dc0fdae70b6cbe0accb23fe638dc09458,2,0xa787774b15437281beb766605c2e84f525ca807f,0x2df1c51e09aecf9cacb7bc98cb1742757f163df7,5000.0,deposit,2
476499911,2026-06-23T12:22:16Z,1782217336000,0xa8b8373d68a6ef7f718510db4ee87a726b204792043c903651c763ee9bc69f76,2,0x832d70450d8b6b5fe6af49d4ef84fde71323d964,0x2df1c51e09aecf9cacb7bc98cb1742757f163df7,10999.9967,deposit,2
476500030,2026-06-23T12:22:46Z,1782217366000,0xb907e1c098f11e94dd208a4dee7bd39855cff7cd7ce3ccafc823e868c13b2d64,5,0xf40f2361af653cbf3624173bfb45e1c48d5e33ed,0x2df1c51e09aecf9cacb7bc98cb1742757f163df7,24.8,deposit,2
477127745,2026-06-25T07:55:56Z,1782374156000,0xdb0f751f7c80bea59a17b5075c63cdb005edc970e0a526897d73327b3b59269b,1,0x71f00716648457996c0725a39388ef19fa9fb5b5,0x2df1c51e09aecf9cacb7bc98cb1742757f163df7,19.8,deposit,1
477127807,2026-06-25T07:56:11Z,1782374171000,0x370e95e064cdfc28533b1be4a295a7c48b813078de32e86b32ef78b8dce2ce42,10,0x100438c515cf299d04949da38fbbfb53bae81f12,0x2df1c51e09aecf9cacb7bc98cb1742757f163df7,1000.0,deposit,1
477128024,2026-06-25T07:57:06Z,1782374226000,0xb153e3bb2df1512f66469901121597a7d2de59a539284910c29986b5859e7b88,16,0xd3636287869e3e4407db6ca9e6eec2dad225c239,0x2df1c51e09aecf9cacb7bc98cb1742757f163df7,50.0,deposit,1
477128292,2026-06-25T07:58:12Z,1782374292000,0x61c75d762d5dca5396a2211f0ef5ce9c1dd75602ecb3f1719e13a6d967552224,23,0xc4684db054fd6467a47f248800c3103285168ab1,0x2df1c51e09aecf9cacb7bc98cb1742757f163df7,50.0,deposit,1
477128425,2026-06-25T07:58:45Z,1782374325000,0x8970ea5a04ecebb308df070d65b733e0b05790f235f903e1840a3af7de53ea64,7,0x50acd921c8c722b2a550cec9ac7af79a51cdd36b,0x2df1c51e09aecf9cacb7bc98cb1742757f163df7,598.642511,deposit,1
477128493,2026-06-25T07:59:02Z,1782374342000,0x4fa59f15ed07cbe53bb55d664747e4a0969ba3b0530570c42f15f9dc4fc68e72,0,0x2df1c51e09aecf9cacb7bc98cb1742757f163df7,0xb0684f5739b6858c61a1c324bcfa7111e4dacdda,9.979469,withdraw,1
477128795,2026-06-25T08:00:18Z,1782374418000,0x858e2739263897897dacf6192e30d5d7f7711d3f48b95fa9af0057780a510d5f,1,0x2df1c51e09aecf9cacb7bc98cb1742757f163df7,0x9e8079fbadaa0f5d59b9e5ee01d2ca01620fa812,1054.496372,withdraw,1
477128809,2026-06-25T08:00:21Z,1782374421000,0xbf436ea0830b8f59524a4cf141dc51ca081898349c94d114680168556d0f14ca,0,0xa93fa37875900f70c5e2fe5b27e66d5ffddeb0fa,0x2df1c51e09aecf9cacb7bc98cb1742757f163df7,100.0,deposit,1
477129006,2026-06-25T08:01:10Z,1782374470000,0xa1e15a03095a4b8db73d1469fae9dd252430bda2e81b442826b423314ca2b3ba,28,0xd3636287869e3e4407db6ca9e6eec2dad225c239,0x2df1c51e09aecf9cacb7bc98cb1742757f163df7,50.0,deposit,1
477129153,2026-06-25T08:01:47Z,1782374507000,0x128497fad58e67e8ea2a2ffdc6e6121a86da3f63ee495bdaa8a788e42a3b03dc,13,0x2df1c51e09aecf9cacb7bc98cb1742757f163df7,0x9fd4ffe87187b8d43c5e5cdba5c038961774241d,715.0,withdraw,1
477129225,2026-06-25T08:02:05Z,1782374525000,0x491853ac6f442715f045c8ed6f4ec2cc21c183db1bac1b405650163a648e2e1c,0,0xbcba672328338bfa1f525898a96a713ac14763c1,0x2df1c51e09aecf9cacb7bc98cb1742757f163df7,450.008855,deposit,1
477129442,2026-06-25T08:03:00Z,1782374580000,0x7a52aebd293e8097263dec415a18a8d9e6629068131010934f3b6e78f1b742ff,3,0x2df1c51e09aecf9cacb7bc98cb1742757f163df7,0x83df35fcfff61c3ade572e020b8f9dd1fa3c7d3e,9.870262,withdraw,1
477129552,2026-06-25T08:03:27Z,1782374607000,0x55bc329a1b85ce413fb5141bf401c98e7229c26d3b34cbe29fee936cb348d3c8,2,0x1cc6f63dc5f1c18a593fa5c513f8f881ff5487c5,0x2df1c51e09aecf9cacb7bc98cb1742757f163df7,50.0,deposit,1
477129982,2026-06-25T08:05:14Z,1782374714000,0x41bd8b220631837703dc08935fd1c5d78c612441d2efa6ee383838e024cd68f8,4,0x82d281370628ee3ddfaa65c86ed736498807823d,0x2df1c51e09aecf9cacb7bc98cb1742757f163df7,51.808286,deposit,1
477130164,2026-06-25T08:06:00Z,1782374760000,0x132c8ab83ea44053c27bd1d7a3d58a2a8a60456db8048fc56dbdb11e390d8ec3,3,0x4d546390445a4720b5552084093e8c9433a26343,0x2df1c51e09aecf9cacb7bc98cb1742757f163df7,14.897039,deposit,1
477130192,2026-06-25T08:06:07Z,1782374767000,0xba24a2a37964c8b0c7750626bb6cb915f474213611d4caff8345f8d30a9c830c,7,0xfc233120804fc69bc4726d2a999d855c6a160523,0x2df1c51e09aecf9cacb7bc98cb1742757f163df7,111.0,deposit,1
477130219,2026-06-25T08:06:13Z,1782374773000,0xbb4d3c4321e866addb106da29ed45393589bfcd54388f51018002f7dfecab443,19,0x2c708d7ac6dfd9d2abf82534902f214965863959,0x2df1c51e09aecf9cacb7bc98cb1742757f163df7,3149.75747,deposit,1
477130651,2026-06-25T08:08:02Z,1782374882000,0x0b26c4083a20acdd655868f332ae43a1e8b6d15f728d5ac2c93f29c29aaced11,4,0x728280aadd438b1bcbc4317cdf0c569999a2ba76,0x2df1c51e09aecf9cacb7bc98cb1742757f163df7,533.8,deposit,1
477130799,2026-06-25T08:08:39Z,1782374919000,0x126237a01c29bc0ad23d103df3b5bf11c7c6c3d2c249760019270caaca17f854,5,0x6af9c44f2d7e3d996790f48ae5f528d97f5a3b1e,0x2df1c51e09aecf9cacb7bc98cb1742757f163df7,8066.800119,deposit,1
477130841,2026-06-25T08:08:49Z,1782374929000,0x8236404ed0cb8ba716cfffc81989bf315040b3a6110747ded9269ef1e28d0e36,6,0x68f3a85301c3711610896752f35c100e3f88ff14,0x2df1c51e09aecf9cacb7bc98cb1742757f163df7,200.0,deposit,1
477131447,2026-06-25T08:11:20Z,1782375080000,0x015858171ce665f4f851197ea23106f100cf131a136f088ede8bc22dbb3b2b77,1,0xf97d584938a4435b8de1c930a90708c5f5abddc0,0x2df1c51e09aecf9cacb7bc98cb1742757f163df7,19.984003,deposit,1
477131663,2026-06-25T08:12:14Z,1782375134000,0xfbcdcccebd69521c85f077f4c87209d5eb20d708a98e271b4c3a841d1c851273,5,0x2df1c51e09aecf9cacb7bc98cb1742757f163df7,0x728bfd36256560912d259318e17db3f2c73dcf83,14.0,withdraw,1
477131759,2026-06-25T08:12:38Z,1782375158000,0x932ae29f2d2eeac97b1595df7194e3a8373b8f3cddbc68786eeef3a07a31e034,7,0x2df1c51e09aecf9cacb7bc98cb1742757f163df7,0x3909864f09432d17283ae7899da7f59898c0f4ec,14.275065,withdraw,1
477131764,2026-06-25T08:12:39Z,1782375159000,0xb08d4f94042bf32629cc7f75736cbd5da64f91ff4474a8e9a54557f92f04eefe,36,0xfee0f0ce169e664e6f8ce1f6cff6c456a2a83f12,0x2df1c51e09aecf9cacb7bc98cb1742757f163df7,181.824177,deposit,1
477131866,2026-06-25T08:13:05Z,1782375185000,0x5da09974ff97b9ceeeef334eef6460e0e42e1b5898967bf36e037e4d64444ce2,0,0x2df1c51e09aecf9cacb7bc98cb1742757f163df7,0x83f7d508b14ef5a732c2a17b3c87d431ea81fa8d,646.68,withdraw,1
477131866,2026-06-25T08:13:05Z,1782375185000,0x5da09974ff97b9ceeeef334eef6460e0e42e1b5898967bf36e037e4d64444ce2,2,0x2df1c51e09aecf9cacb7bc98cb1742757f163df7,0x0b281e8b3b6153dbb455238560b04152a64795d7,2754.986029,withdraw,1
477131866,2026-06-25T08:13:05Z,1782375185000,0x5da09974ff97b9ceeeef334eef6460e0e42e1b5898967bf36e037e4d64444ce2,4,0x2df1c51e09aecf9cacb7bc98cb1742757f163df7,0x97a2d093745d989bd4f7546908a0bfa850e0a1c3,31.37,withdraw,1
477131866,2026-06-25T08:13:05Z,1782375185000,0x5da09974ff97b9ceeeef334eef6460e0e42e1b5898967bf36e037e4d64444ce2,6,0x2df1c51e09aecf9cacb7bc98cb1742757f163df7,0x97b1034a8ace36f60cfb64ce634053bc844bb66a,37.015542,withdraw,1
477132142,2026-06-25T08:14:14Z,1782375254000,0xcf234b215982b0b3be155f18fd2dfb110d20440e9e3879c653caa4dd5bcd2636,20,0x2df1c51e09aecf9cacb7bc98cb1742757f163df7,0x1a44a6bc450d233049d629c27792c5309d9ca12d,196414.21,withdraw,1
477132142,2026-06-25T08:14:14Z,1782375254000,0xcf234b215982b0b3be155f18fd2dfb110d20440e9e3879c653caa4dd5bcd2636,22,0x2df1c51e09aecf9cacb7bc98cb1742757f163df7,0x8c8534b7cef0756bb8c894a445b898e10191f2a8,2063.345676,withdraw,1
477132193,2026-06-25T08:14:27Z,1782375267000,0x85ebec69000d6a8c6ffe7aa57250487c7b868c99a6c3c9311ede3a0fd05ddaf7,23,0xe7a86b80a0f58b42f06d4c9ad0671943c31cbb4e,0x2df1c51e09aecf9cacb7bc98cb1742757f163df7,14.0,deposit,1
477132247,2026-06-25T08:14:40Z,1782375280000,0x4349b1c1e34362750eb868f98dc618acde1c8198d9f09266abb37f64392075f3,8,0x2df1c51e09aecf9cacb7bc98cb1742757f163df7,0x510bb2f7b9180a93de15c14b57adeca483bff8d2,710.05,withdraw,1
477132429,2026-06-25T08:15:26Z,1782375326000,0xc7c3ace4dff75b80ab1acb54a5419bd4d9e4b7b2e36a782ee17fc031f856fafd,16,0xeca770d629f20cd5bebbf3f2be554932931324ce,0x2df1c51e09aecf9cacb7bc98cb1742757f163df7,5.0,deposit,1
477132765,2026-06-25T08:16:49Z,1782375409000,0x8de8a9eafbee0eb2bbe18172b38c12267f3f3f3434c3a8b851f8819d13938bd4,15,0x3d911c58915fa542afbda80f2fbca90ebb36dc24,0x2df1c51e09aecf9cacb7bc98cb1742757f163df7,545.561621,deposit,1
477132818,2026-06-25T08:17:02Z,1782375422000,0x53064982a81c8f87b815a07eda4e8d793edab0a5f99dd57fa814a84b29f9bfe1,12,0xaff77233a709b4a915ef07aa12e2e248e87f7bad,0x2df1c51e09aecf9cacb7bc98cb1742757f163df7,327.376056,deposit,1
477132840,2026-06-25T08:17:08Z,1782375428000,0x93a977d1ce9a90e3809a78fcf94d2910175f22a022cde8c9be4e1503f1ccacde,26,0xf2fddf0deb6cc27337547b7abf3f11c10292c2d6,0x2df1c51e09aecf9cacb7bc98cb1742757f163df7,186759.13,deposit,1
477132949,2026-06-25T08:17:35Z,1782375455000,0xd3c13199c3a299353c32c0f6a72fe211c0ca7846956e6a272c45072e4bddc372,17,0x1d44d6267162dacca28268be9799da22e8e5de7a,0x2df1c51e09aecf9cacb7bc98cb1742757f163df7,600.0,deposit,1
477133207,2026-06-25T08:18:40Z,1782375520000,0x69e3c5af5cfd70ffbfed667bb268c71cf156e96f863ac8f51f07fefa490f2ec7,1,0x108fca88e37743c3a76b0f0eec40dc042ed5109a,0x2df1c51e09aecf9cacb7bc98cb1742757f163df7,11.0,deposit,1
477133344,2026-06-25T08:19:15Z,1782375555000,0x96b1a42b28ae61e3677cfeaec9d77aefe8e767c1b2b6fa44c8e865631b8166f3,1,0x69f9a5aa3bf0ca9715acbc8106ed2bfb515844d7,0x2df1c51e09aecf9cacb7bc98cb1742757f163df7,50.0,deposit,1
477133580,2026-06-25T08:20:15Z,1782375615000,0x5793d2c111d786406c9841e0b29f5f86773fe9804205864347c54278945dfc97,19,0xfe519b9da26e763f7fe60e1f8f729b07714166b2,0x2df1c51e09aecf9cacb7bc98cb1742757f163df7,995.469042,deposit,1
477133627,2026-06-25T08:20:27Z,1782375627000,0xc40eb4537df5a0fdd51083d46a39c25e265c1853d105929cff718ddc3553713e,11,0x84bc3cccf5a50cf231103f0a12916b6fd188c9b2,0x2df1c51e09aecf9cacb7bc98cb1742757f163df7,11.370594,deposit,1
477133677,2026-06-25T08:20:39Z,1782375639000,0x6449e88035583ce2cadf81bdb97ecf12c47ce638c4f004d958bb571c70a60062,157,0x0b303a6f76be917efa336a2884350e0dba921f47,0x2df1c51e09aecf9cacb7bc98cb1742757f163df7,5.0,deposit,1
477133951,2026-06-25T08:21:48Z,1782375708000,0x4bb85eff57ae4786e0ae334b2f238025ca9c57790a668549feaaef0ad090d73a,33,0x33be53da097bb451999d2e9a2b979ede366f42ac,0x2df1c51e09aecf9cacb7bc98cb1742757f163df7,5.0,deposit,1
477133991,2026-06-25T08:21:58Z,1782375718000,0x8f66f52fae1cba3fb035c5d9be688f2fc38116ebad76d20c3a0b8afe258b3252,4,0x2df1c51e09aecf9cacb7bc98cb1742757f163df7,0x1a7b51cfebfb188176021a7b6c18d6b53f5819a7,12.0,withdraw,1
477133991,2026-06-25T08:21:58Z,1782375718000,0x8f66f52fae1cba3fb035c5d9be688f2fc38116ebad76d20c3a0b8afe258b3252,6,0x2df1c51e09aecf9cacb7bc98cb1742757f163df7,0xee845948e6806d12e966137caa07d49bbe632fe3,108999.0,withdraw,1
477134339,2026-06-25T08:23:24Z,1782375804000,0x905e9765eea4868c3bb1823ccc6ed3367b7f07a1c7076c533ae1b09be2c7c9b1,3,0xc7bffaef94941230796c35fed39091b963235e8c,0x2df1c51e09aecf9cacb7bc98cb1742757f163df7,79.01976,deposit,1
477134482,2026-06-25T08:24:00Z,1782375840000,0x5010853c33ea4586037253ae72749799ef977582fd146f53867bfe858de11cd8,11,0xfe519b9da26e763f7fe60e1f8f729b07714166b2,0x2df1c51e09aecf9cacb7bc98cb1742757f163df7,5648.902288,deposit,1
477134572,2026-06-25T08:24:22Z,1782375862000,0x453a0b8f9b96aa96a6768650066632577236f3e60c67dcb8c906b5f3f727e961,6,0x2df1c51e09aecf9cacb7bc98cb1742757f163df7,0x9fd4ffe87187b8d43c5e5cdba5c038961774241d,442.0,withdraw,1
477134572,2026-06-25T08:24:22Z,1782375862000,0x453a0b8f9b96aa96a6768650066632577236f3e60c67dcb8c906b5f3f727e961,8,0x2df1c51e09aecf9cacb7bc98cb1742757f163df7,0x9fd4ffe87187b8d43c5e5cdba5c038961774241d,306.0,withdraw,1
477134627,2026-06-25T08:24:36Z,1782375876000,0x66ad36a2ac069fbd74008f8ff1ce18c3db35c4d978efc1c73b653cd4dc2f4a0d,10,0xe117dc775ef756a21cb908ce0f92f4b1a73b35d3,0x2df1c51e09aecf9cacb7bc98cb1742757f163df7,499.786219,deposit,1
477134746,2026-06-25T08:25:06Z,1782375906000,0xf7e1a4814aba4390672c7ff394e58744ae6245ddde53f8c48ebc5f74597e19e1,36,0x2df1c51e09aecf9cacb7bc98cb1742757f163df7,0x5d268481a2c5c72b5e84ee9c03e938801c53cf32,99.0,withdraw,1
477134746,2026-06-25T08:25:06Z,1782375906000,0xf7e1a4814aba4390672c7ff394e58744ae6245ddde53f8c48ebc5f74597e19e1,38,0x2df1c51e09aecf9cacb7bc98cb1742757f163df7,0xac220a67c82bab611a6d26116bf6ada4956bbe1b,3.0,withdraw,1
477134849,2026-06-25T08:25:32Z,1782375932000,0x3cff65d9b2a440e11ba8cc4a8289c30db6a535420ac43d88b0770e997d6d1b6a,25,0x2df1c51e09aecf9cacb7bc98cb1742757f163df7,0xc98e70f41dd7a9e869464058c70a2fe8c7095956,197.72667,withdraw,1
477134877,2026-06-25T08:25:39Z,1782375939000,0x79ec6d0e4723d73f10d9d178e1336352b80c16221938f4b9d529f6e7634776f7,29,0xec7c7f0427303e1e709fbfa3d556fff97e07e3a1,0x2df1c51e09aecf9cacb7bc98cb1742757f163df7,5.217421,deposit,1
477135026,2026-06-25T08:26:16Z,1782375976000,0xf51237626dd319b7e6fbfd4c619e62c9cf556de905a2db65f9e3f918a4c441d5,4,0x2df1c51e09aecf9cacb7bc98cb1742757f163df7,0x69f9a5aa3bf0ca9715acbc8106ed2bfb515844d7,49.0,withdraw,1
477135278,2026-06-25T08:27:19Z,1782376039000,0xdf17b8a312c924bc4453054513d83e0970530a15c8352656917d6221a5bd8140,15,0xa41136422edccc0804403676dccaeac05c5aeeef,0x2df1c51e09aecf9cacb7bc98cb1742757f163df7,100.0,deposit,1
477135292,2026-06-25T08:27:23Z,1782376043000,0xc193b28872cd779dddca347da2061bcf6151fef77385f98d7e596ede0415cbee,28,0x0dcb5498022eac2e6ced1473b4f574defebc691d,0x2df1c51e09aecf9cacb7bc98cb1742757f163df7,20.0,deposit,1
477135298,2026-06-25T08:27:24Z,1782376044000,0x5df9fc036f525a82c4965d9665db1fd7cb47dd73633b994fe6c2d048ce8134cb,0,0x2df1c51e09aecf9cacb7bc98cb1742757f163df7,0x22acbb922c1a4f345f0f031eaf2de662f4de1f44,42.0,withdraw,1
477135408,2026-06-25T08:27:52Z,1782376072000,0x0b2fd608b4f7b2a04831b7dc4e7eed59cde8f57f0cb45ad2e206c86ec7fc0881,9,0xb715a8918eb1fe917cb4bf62a205bdd2d658a632,0x2df1c51e09aecf9cacb7bc98cb1742757f163df7,8008.306433,deposit,1
477135671,2026-06-25T08:28:58Z,1782376138000,0x0b5154b32a6cd56d9f0547772b2ce4b51c83b8b315c5ed09c9fa541cbb344f9f,1,0x9807364de0dfbacac9a7d4e3071c5f33380a0d0d,0x2df1c51e09aecf9cacb7bc98cb1742757f163df7,21.14,deposit,1
477135847,2026-06-25T08:29:40Z,1782376180000,0x13ee16c3b6f6ffa87be8f5e9c61ba471650a9a8e61b2b8a46cee2d041a6af8f1,15,0xbda813c4bcda8b0a3b2a9328851d9d18de48c7f0,0x2df1c51e09aecf9cacb7bc98cb1742757f163df7,99.399378,deposit,1
477135896,2026-06-25T08:29:52Z,1782376192000,0x37937b6f3ba121663bbd99289a0eae82c5f8dbc1595ff63c0957ed2c3b436177,0,0x2df1c51e09aecf9cacb7bc98cb1742757f163df7,0xac220a67c82bab611a6d26116bf6ada4956bbe1b,99.69,withdraw,1
477135908,2026-06-25T08:29:55Z,1782376195000,0xdc85564e33a844215d2cbf875f8557f2779748133eed054dfb688c8dc9a3168e,8,0xa41136422edccc0804403676dccaeac05c5aeeef,0x2df1c51e09aecf9cacb7bc98cb1742757f163df7,1000.0,deposit,1
477136003,2026-06-25T08:30:19Z,1782376219000,0x604bf634f4950ca2cdf24a22e793dacc9585f61ecba04836de1bebe9a30320d0,9,0x2df1c51e09aecf9cacb7bc98cb1742757f163df7,0x68b7f858e26374e671bf340b02db62f3a9c41649,288.26,withdraw,1
477136119,2026-06-25T08:30:48Z,1782376248000,0xae29a95a6d2e60cfecf19a19a090b609ac5bc5e070584eed1ff67bef100f8e2f,12,0x68b7f858e26374e671bf340b02db62f3a9c41649,0x2df1c51e09aecf9cacb7bc98cb1742757f163df7,288.26,deposit,1
477136170,2026-06-25T08:31:01Z,1782376261000,0xc0654e57a996b5f8fd42eb3582e1b71b53653b7f468e98cf3b25d8f61bf08fac,0,0x2df1c51e09aecf9cacb7bc98cb1742757f163df7,0xd75ae7d2ce571fb875ea582e39c30ad75f705a4d,999.0,withdraw,1
477136272,2026-06-25T08:31:27Z,1782376287000,0x25817396d6f43939c0d5e5834eff5c6e4965dda0e80e3a80a0e4a0c215704c81,10,0x2f203f511a2fce559864ad923f40e8ac752c9f15,0x2df1c51e09aecf9cacb7bc98cb1742757f163df7,1125.0967,deposit,1
477136378,2026-06-25T08:31:53Z,1782376313000,0x3b47f943e1997e1538e124991ee8f728c901bb4e8cfeafc7940f0dfc7033fc89,21,0x2df1c51e09aecf9cacb7bc98cb1742757f163df7,0xd058652d344773db2b24db798c6f3b7f2e91f0cf,834.06,withdraw,1
477136474,2026-06-25T08:32:17Z,1782376337000,0xc192ba35f85afed0f7786f9a163de34dfdd4be69be139683a51f495e5b325592,12,0x2eb562cf20313c347d91e252ffd2afcc195973d9,0x2df1c51e09aecf9cacb7bc98cb1742757f163df7,14535.002987,deposit,1
477136563,2026-06-25T08:32:39Z,1782376359000,0xf02ec1137ccfd5a648fe8f245f3bd5493fcf88e639754810767c452841413521,31,0x2df1c51e09aecf9cacb7bc98cb1742757f163df7,0x9fd4ffe87187b8d43c5e5cdba5c038961774241d,385.0,withdraw,1
477136609,2026-06-25T08:32:51Z,1782376371000,0x026b866ec84758bb3c53cf8fd7692b01da4cd9572424845dceb0ff1e6b562ef6,7,0x84c5989c0ab280bd906f82c5a53766a6ceb60350,0x2df1c51e09aecf9cacb7bc98cb1742757f163df7,100.007316,deposit,1
477136628,2026-06-25T08:32:56Z,1782376376000,0x9aae5080e1a1ecdb1d908a49d1b68ee3d4a4a238fc02c0e7375b4b39eea78586,40,0xebc4a327f33ec9cf0f0c7ccf0bdfecd280749694,0x2df1c51e09aecf9cacb7bc98cb1742757f163df7,222.643508,deposit,1
477137239,2026-06-25T08:35:29Z,1782376529000,0x7b671b47ab0172cd601b7b3dfc742e492ad66bf24ae70be52f24373bb40a3c6b,16,0x2df1c51e09aecf9cacb7bc98cb1742757f163df7,0x9fd4ffe87187b8d43c5e5cdba5c038961774241d,592.0,withdraw,1
477137239,2026-06-25T08:35:29Z,1782376529000,0x7b671b47ab0172cd601b7b3dfc742e492ad66bf24ae70be52f24373bb40a3c6b,18,0x2df1c51e09aecf9cacb7bc98cb1742757f163df7,0xd6c14edde807c58a5c227e5b2cd344638b4fb63a,118.49,withdraw,1
477137472,2026-06-25T08:36:26Z,1782376586000,0x98d765a346e0648d2e993903c86265828f28b874ce93a051a1ab5a24a045295e,1,0xca3b98531084db36eeb0daf739c23b16be592b48,0x2df1c51e09aecf9cacb7bc98cb1742757f163df7,2245.241994,deposit,1
477137751,2026-06-25T08:37:36Z,1782376656000,0x518f8d033fed624bd4e3b1214110f462271b9761d4b24ef729a8cdd30195bbfe,12,0x87719cc1ec4386c04c9ab856e087e3b9cd4d3aff,0x2df1c51e09aecf9cacb7bc98cb1742757f163df7,9.0,deposit,1
477137758,2026-06-25T08:37:38Z,1782376658000,0x18c68f5b4254d39de0432be50f2c749e7a937ec91789918890b69043a22e2fe5,39,0xf0bdf50f588fecf1015a2c173187c2c06cb0ab5b,0x2df1c51e09aecf9cacb7bc98cb1742757f163df7,296.21576,deposit,1
477137990,2026-06-25T08:38:36Z,1782376716000,0xd17217515ebd4c7b60915a54c5721a007a917c9a40bd5acc81102a72d29eaa36,8,0x2df1c51e09aecf9cacb7bc98cb1742757f163df7,0xabb3f8fd91ff4f8a080c8477186a316960c48f16,1.0,withdraw,1
477138324,2026-06-25T08:40:00Z,1782376800000,0xd37bd628dd17922006b3cbcb584e88d75b8fc79320afd1e2bed6a7da56921cdb,2,0xa90b37f975d4c61276ac1ffaa1255e696432118c,0x2df1c51e09aecf9cacb7bc98cb1742757f163df7,56.572697,deposit,1
477138571,2026-06-25T08:41:02Z,1782376862000,0x95ae2f40fc42142c0f0af0010477c47a4a117d8c43d427608430a61bbf19eec8,0,0x2df1c51e09aecf9cacb7bc98cb1742757f163df7,0x240a05e0c715d274557e57fb0e68baf21bbe1414,48.78,withdraw,1
477138615,2026-06-25T08:41:13Z,1782376873000,0x3aabdf3f6ab89131fa6a389e8183ba43d266f19812e68f99e7a2d76a5e18ccba,2,0x844e5ce43b3517b5b8ca6188eff7e052ae2ce11e,0x2df1c51e09aecf9cacb7bc98cb1742757f163df7,169.206372,deposit,1
477138697,2026-06-25T08:41:33Z,1782376893000,0x075e5cb53442d41dcbda691621c16b5dcd92e3538688677c431a1c2a46cfa016,9,0xc4e4eeb4976072e87b9e5a9576d6057020538415,0x2df1c51e09aecf9cacb7bc98cb1742757f163df7,99.648423,deposit,1
477138851,2026-06-25T08:42:11Z,1782376931000,0xf15b028d13254ba4c06d32c858443be25fb66fd2ec1693ec264d16430442c11c,8,0x2df1c51e09aecf9cacb7bc98cb1742757f163df7,0xaa76df4156b23fe6503645f75b38a3863e3fabd4,17.02,withdraw,1
477138946,2026-06-25T08:42:35Z,1782376955000,0xe7f4f40ed935ea0db3698352ec2fdac8189109c307b043b06897e9425c6c90e6,5,0x2df1c51e09aecf9cacb7bc98cb1742757f163df7,0xda6a725eba7909d55933a43b4bb244dfd5022fd3,41.03,withdraw,1
477139046,2026-06-25T08:43:00Z,1782376980000,0x35ea70fe58a01387fc2588ff603fb48365bc70429276270a582ca4be81227377,48,0x2df1c51e09aecf9cacb7bc98cb1742757f163df7,0x3166f717dd2e8a6cee543b66264cf488a2433eed,287.25,withdraw,1
477139152,2026-06-25T08:43:26Z,1782377006000,0xce4325074e2bd4ba541d58363e3cc03ed2e22a4264ecdee488b705ed551893a1,8,0x4e15aec07a512043fec3ad295eff2000e2dba379,0x2df1c51e09aecf9cacb7bc98cb1742757f163df7,1002.0,deposit,1
477139249,2026-06-25T08:43:50Z,1782377030000,0x58011ba049c5ce0df8adfb4097ed21067ceee9f80f9dfe0dfd9abc5d9052f348,10,0x5a5465149307ed56de326054f0537e4eac5316e6,0x2df1c51e09aecf9cacb7bc98cb1742757f163df7,56987.645635,deposit,1
477139254,2026-06-25T08:43:52Z,1782377032000,0x3dd10e4c94821f8aae35bd1b1874ad6af5429eec584b000396b321c946ab8d16,6,0x2df1c51e09aecf9cacb7bc98cb1742757f163df7,0xbda813c4bcda8b0a3b2a9328851d9d18de48c7f0,4.0,withdraw,1
477139433,2026-06-25T08:44:37Z,1782377077000,0x81b2073b5dbf443db7ee7c700cc57bf362a116ec9ff38fad64a9f2d1b632e734,2,0x2df1c51e09aecf9cacb7bc98cb1742757f163df7,0x9fd4ffe87187b8d43c5e5cdba5c038961774241d,393.0,withdraw,1
477139738,2026-06-25T08:45:53Z,1782377153000,0x4ca541bfd8f61698fc7fbb8e8fd1622b71650317f1df4e85474951352362520a,15,0x22b75ba618c66c7b663907cc385e56f9e8b5c889,0x2df1c51e09aecf9cacb7bc98cb1742757f163df7,81.68,deposit,1
477139799,2026-06-25T08:46:08Z,1782377168000,0x5bbfbeb3c618d52557b6885b63799a672fb0d51d6f0558ff449720c1a2fce3f4,8,0x5a5465149307ed56de326054f0537e4eac5316e6,0x2df1c51e09aecf9cacb7bc98cb1742757f163df7,15.0,deposit,1
477139970,2026-06-25T08:46:51Z,1782377211000,0x5a7aece23d8d30e16d0b2e42cf9cca5a76274dc89c51a5d59b10268ce5dfa5b1,14,0x5a5465149307ed56de326054f0537e4eac5316e6,0x2df1c51e09aecf9cacb7bc98cb1742757f163df7,48437.248799,deposit,1
477139981,2026-06-25T08:46:54Z,1782377214000,0xae9a62236d75939a04e8b14768dcb7d0a735c7a339d6285c692d1e3c1f5ad9fe,17,0xb1c8b0f314395ea6f694da8ca060d61d82f473b4,0x2df1c51e09aecf9cacb7bc98cb1742757f163df7,50000.559,deposit,1
477140031,2026-06-25T08:47:06Z,1782377226000,0x251e2912d47fb1424ce8f5043af7f38a27fb50b916aced62ef75bea68aedc943,0,0x63104bc032796b9ad9d018efca996249cb607079,0x2df1c51e09aecf9cacb7bc98cb1742757f163df7,500.0,deposit,1
477140084,2026-06-25T08:47:20Z,1782377240000,0x9eb6d7a637dbf118b3e3de18df1f04b5748c98044e0abccda18b0402c63977a6,27,0x2df1c51e09aecf9cacb7bc98cb1742757f163df7,0x9fd4ffe87187b8d43c5e5cdba5c038961774241d,1277.0,withdraw,1
477140084,2026-06-25T08:47:20Z,1782377240000,0x9eb6d7a637dbf118b3e3de18df1f04b5748c98044e0abccda18b0402c63977a6,29,0x2df1c51e09aecf9cacb7bc98cb1742757f163df7,0x023a3d058020fb76cca98f01b3c48c8938a22355,899279.0,withdraw,1
477140242,2026-06-25T08:47:59Z,1782377279000,0xc13db820dfba26a2c48edccdf26a85eddc7e8d1c652b9092ee0d2af2b05fb6af,1,0x5a5465149307ed56de326054f0537e4eac5316e6,0x2df1c51e09aecf9cacb7bc98cb1742757f163df7,68619.435802,deposit,1
477140294,2026-06-25T08:48:12Z,1782377292000,0x496027674484b17f0e996b6e76330b4a3827b159554509d9e66812b2a77d5ccd,1,0x2df1c51e09aecf9cacb7bc98cb1742757f163df7,0xc4a7e02209543b958d1e5d2c1523922168933c4a,2082.727513,withdraw,1
477140340,2026-06-25T08:48:24Z,1782377304000,0x9e4fb70eedf5fb2f818b6a25104e12cfcad67b4f58cf51572b1d6c6e72a1a8fd,19,0xf1e719fe0526373fad695525f199932b72199c61,0x2df1c51e09aecf9cacb7bc98cb1742757f163df7,31.02,deposit,1
477140572,2026-06-25T08:49:21Z,1782377361000,0x26b84e4227eb9727c697e07625b5479cc394ddea8401fe55b59d7768f7997c8e,0,0x5a5465149307ed56de326054f0537e4eac5316e6,0x2df1c51e09aecf9cacb7bc98cb1742757f163df7,51464.576863,deposit,1
477140665,2026-06-25T08:49:44Z,1782377384000,0x9b9ba212a9ccab9ba9829eaf8478372b0a302386a02c4a4823601885e69e6a08,7,0xf97d584938a4435b8de1c930a90708c5f5abddc0,0x2df1c51e09aecf9cacb7bc98cb1742757f163df7,29.976004,deposit,1
477140865,2026-06-25T08:50:34Z,1782377434000,0xd04181b0b3363798d90c88ec725d9a75a01767d0e93180f699eef13cd0b8e4b7,20,0x5a5465149307ed56de326054f0537e4eac5316e6,0x2df1c51e09aecf9cacb7bc98cb1742757f163df7,46318.119197,deposit,1
477140925,2026-06-25T08:50:49Z,1782377449000,0x9062c99f4dad4f622ef3306e93b00da4c3fb6fed36e7a8735359f25b8581b5bf,11,0xb276731ca92dddc3cf5430114d246f2a81f691ad,0x2df1c51e09aecf9cacb7bc98cb1742757f163df7,1.058639,deposit,1
477140969,2026-06-25T08:51:00Z,1782377460000,0xff6430118502693d2adeb3f32bead8d22f551bed995cd9b5e01823010a90d448,0,0x8e3d5e109837c11ddd373d97c9b3e4d716f1423a,0x2df1c51e09aecf9cacb7bc98cb1742757f163df7,102999.8,deposit,1
477140994,2026-06-25T08:51:06Z,1782377466000,0x62fb1433df027a293c13a324147865db1955b8c5d13a6ea7eac831f28e70356c,2,0xacae5f4d45cb7b6f6190e82106fc3adf8f221d9b,0x2df1c51e09aecf9cacb7bc98cb1742757f163df7,11.918808,deposit,1
477141108,2026-06-25T08:51:35Z,1782377495000,0x2594aca37175ce525d8203f79f419c23abf55c6d630d029c916cc663357ed0ee,10,0x73ba98ca0babd9e2daad17e79f74cee18a24120b,0x2df1c51e09aecf9cacb7bc98cb1742757f163df7,6415.0,deposit,1
477141167,2026-06-25T08:51:50Z,1782377510000,0xdb4f90981d299c25072e95111bef8f50982ca7471cb88c34ae09e050485b2524,6,0x2df1c51e09aecf9cacb7bc98cb1742757f163df7,0xdc4a1f17e405f1188176c1544abfc5b88220e2e7,5.65764,withdraw,1
477141167,2026-06-25T08:51:50Z,1782377510000,0xdb4f90981d299c25072e95111bef8f50982ca7471cb88c34ae09e050485b2524,8,0x2df1c51e09aecf9cacb7bc98cb1742757f163df7,0x03338b50a488e86adaee3acdbde11af705b2f66f,20.04332,withdraw,1
477141184,2026-06-25T08:51:54Z,1782377514000,0x67ea7ee2f6b122019487674c8bcb25a9bdf995045ade2e2c1dc300de382ef46d,5,0x5a5465149307ed56de326054f0537e4eac5316e6,0x2df1c51e09aecf9cacb7bc98cb1742757f163df7,54037.80573,deposit,1
477141538,2026-06-25T08:53:23Z,1782377603000,0x30941845e522e4f753fbb287dded2568314c8227c99cb95ee33e181bb68ea74d,3,0xb9e94cb555700de6ebb4da3589fae236b4c544f7,0x2df1c51e09aecf9cacb7bc98cb1742757f163df7,19.975097,deposit,1
477141599,2026-06-25T08:53:38Z,1782377618000,0x5bc4708dc427fd04a227288db772af74969ab9e9a38c9862dd12c57d0224bfd5,8,0x5a5465149307ed56de326054f0537e4eac5316e6,0x2df1c51e09aecf9cacb7bc98cb1742757f163df7,54037.805781,deposit,1
477141745,2026-06-25T08:54:15Z,1782377655000,0xfabc32e3c3d24863131a7b76e9372f6adb092c28c8973180a9520f6ca80b0e64,0,0x2df1c51e09aecf9cacb7bc98cb1742757f163df7,0xb48a9f46b4d36220a8b9f121b94e2c3938faeff0,10.91151,withdraw,1
477141759,2026-06-25T08:54:18Z,1782377658000,0x5828c4de9f5b78da4adefb5fe0a0975c6d5c088075f9bbd9fb9b2188b459f13a,1,0xdc4a1f17e405f1188176c1544abfc5b88220e2e7,0x2df1c51e09aecf9cacb7bc98cb1742757f163df7,6.822085,deposit,1
477141851,2026-06-25T08:54:41Z,1782377681000,0xe356131daf4b4de9969bc30d4382e49ffd220a696b46f2ce44d13b68056c9d6a,5,0x2df1c51e09aecf9cacb7bc98cb1742757f163df7,0xb46a0f71fded6ceb00b1c9278e0ac7e22c242df5,189999.0,withdraw,1
477142527,2026-06-25T08:57:30Z,1782377850000,0xf3fb2c2bbd30a7f38200118ae957ae33ee3dc991fff3652a8815a10ade9acca9,16,0x2df1c51e09aecf9cacb7bc98cb1742757f163df7,0xc5eadb8ecfc474f522a7358becb90ff62d995676,96.13,withdraw,1
477142636,2026-06-25T08:57:57Z,1782377877000,0x23256b5dcdf0ebc8c2bd8455f9c156a055e05d1a2ac91399018bea0d4c96ec0d,5,0x2df1c51e09aecf9cacb7bc98cb1742757f163df7,0xb86c4009f970c0faf270afb564487376185db8f9,99.0,withdraw,1
477142688,2026-06-25T08:58:10Z,1782377890000,0x69939af094b723e338290c1d81fdf5a33572349b63dcbfe875ceb5556f7b4d3e,1,0xfab85ad44304a1ca46b10b8ba481f5efa39b1b69,0x2df1c51e09aecf9cacb7bc98cb1742757f163df7,963.179298,deposit,1
477142729,2026-06-25T08:58:20Z,1782377900000,0xc9a56b95e9874baabdcffb6576c254317f94eb7c92295b6ea2e001c937fa892a,14,0x54fec66c5699053e49d86951b8b3efc62ea37be5,0x2df1c51e09aecf9cacb7bc98cb1742757f163df7,80.512035,deposit,1
477142739,2026-06-25T08:58:23Z,1782377903000,0xc6fa66bb0bad0f8372aee0c09a8c96f140262ceb55351c15820ff7ae404cafdb,16,0x2df1c51e09aecf9cacb7bc98cb1742757f163df7,0x9fd4ffe87187b8d43c5e5cdba5c038961774241d,622.0,withdraw,1
477142845,2026-06-25T08:58:49Z,1782377929000,0x5429c03fa7789b0659146fa44b292e543f91043ba6aca96aec17cce0155db2c3,3,0x2df1c51e09aecf9cacb7bc98cb1742757f163df7,0xa81cebd716d82c5d3ffa34a8de41fb15ae5f5378,458.75,withdraw,1
477142845,2026-06-25T08:58:49Z,1782377929000,0x5429c03fa7789b0659146fa44b292e543f91043ba6aca96aec17cce0155db2c3,5,0x2df1c51e09aecf9cacb7bc98cb1742757f163df7,0xa92a73b6f15cbba4093fbd3dc5a274c09346099c,98.423191,withdraw,1
477142863,2026-06-25T08:58:54Z,1782377934000,0x097284cc7c9ce990f65bf7b00a8a8974bd818d4b3d1aea53d1ce0f15871a4ada,4,0x86bd0d1d5aaabbbb726d4b381b2b491436484c19,0x2df1c51e09aecf9cacb7bc98cb1742757f163df7,27.4,deposit,1
477142917,2026-06-25T08:59:07Z,1782377947000,0x7326ef87662652f3e49c35281598f16883cb7b7385a8d5594554af96f573bdbf,10,0x2df1c51e09aecf9cacb7bc98cb1742757f163df7,0xefc9a5e8760bdb2d49e28216a1f733b3412d367f,106.299928,withdraw,1
477143022,2026-06-25T08:59:34Z,1782377974000,0xdb95d5cbceeadcf7d86aa7a9a86435817526d93c72e4bb390dc38d1c31bcac09,17,0x2df1c51e09aecf9cacb7bc98cb1742757f163df7,0x47484a34d0325b972c96a8f9c359fd6003ddf846,19.0,withdraw,1
477143078,2026-06-25T08:59:48Z,1782377988000,0xd4f0b2d244784c9c3eb238ffd4aeb194e329ee4e838a839de76eaf9f79313c10,1,0x3d56db4e3d10e21afb7a69c0ba4c367724525fdc,0x2df1c51e09aecf9cacb7bc98cb1742757f163df7,40.0,deposit,1
477143206,2026-06-25T09:00:20Z,1782378020000,0xd96568725ce861e4ba11ede67ef18efd6b6c205ea183cb12e489015095c84819,6,0x98c08e303aae8b7f9204cf4e5c1cb36d555c2896,0x2df1c51e09aecf9cacb7bc98cb1742757f163df7,19955.0,deposit,1
477143506,2026-06-25T09:01:34Z,1782378094000,0x8f740c1313c61f961356e02c03200fc62a7b07eeaee59d305edc3f76a5af02f7,8,0x2df1c51e09aecf9cacb7bc98cb1742757f163df7,0xb544695e4f915ebcea3afa0d5d48c719f8ec6edd,5.6,withdraw,1
477143844,2026-06-25T09:02:58Z,1782378178000,0x90f7d766fc6f704aef6dd0e731fc2d4dec4d368fa30e17eef6f3cea3c14dcbba,14,0x70338eaea842bc54ed40e04ac92eeb704c34557c,0x2df1c51e09aecf9cacb7bc98cb1742757f163df7,100.584013,deposit,1
477144028,2026-06-25T09:03:44Z,1782378224000,0xbdf2213738a1a4edbaa98ee093a8c8c75a8dd350a3c0e8c35c79e6119b7ee4aa,7,0x008adf65b8c404e8bba73f18671306066643761f,0x2df1c51e09aecf9cacb7bc98cb1742757f163df7,50.07,deposit,1
477144123,2026-06-25T09:04:08Z,1782378248000,0xfa5bb18eac039c8a6c010b930a5c1cd6a7e4610e1c069e2b9d3fa24741706d80,24,0x2df1c51e09aecf9cacb7bc98cb1742757f163df7,0x9fd4ffe87187b8d43c5e5cdba5c038961774241d,464.0,withdraw,1
477144123,2026-06-25T09:04:08Z,1782378248000,0xfa5bb18eac039c8a6c010b930a5c1cd6a7e4610e1c069e2b9d3fa24741706d80,26,0x2df1c51e09aecf9cacb7bc98cb1742757f163df7,0xe0350008ec0ccc7fe240853ee14be0c5d790698b,9.0,withdraw,1
477144168,2026-06-25T09:04:19Z,1782378259000,0x9b1ddd1cd2915cdd8ab602c38872bcf6f6a8933fbeb04722bb51d1e7eceed943,8,0xfe3f018658b31aabfb083195e598e1c6a90c38a7,0x2df1c51e09aecf9cacb7bc98cb1742757f163df7,1679.0,deposit,1
477144293,2026-06-25T09:04:51Z,1782378291000,0xd3a4a0e8add05639448d4aa3d2e1c204362011195390bee3a5ecc941afcaf018,21,0x2df1c51e09aecf9cacb7bc98cb1742757f163df7,0x9fd4ffe87187b8d43c5e5cdba5c038961774241d,451.0,withdraw,1
477144314,2026-06-25T09:04:56Z,1782378296000,0xc3b5413be5021bef7c4963006630a686b6bc587c0f1f3d648000cff3411a79f2,53,0xd8ccaf6abade77fbe6d36e5b39b7005b0a619d8a,0x2df1c51e09aecf9cacb7bc98cb1742757f163df7,1505.485314,deposit,1
477144470,2026-06-25T09:05:35Z,1782378335000,0x009633937daf04e7353002645e411910e3eed8060bc4304319558dade06ab15c,19,0x1ac5dec35f77a70436b543614ad3821559c09fe2,0x2df1c51e09aecf9cacb7bc98cb1742757f163df7,11.000099,deposit,1
477144478,2026-06-25T09:05:37Z,1782378337000,0x926b31fec494d333b70cc2d9e9dcaaa9bb130e1e71e48c75e1c1fd88fe559222,0,0x2df1c51e09aecf9cacb7bc98cb1742757f163df7,0xee32cc41dabaed877ab0d9c1a92f73b0676c55ea,29.0,withdraw,1
477144478,2026-06-25T09:05:37Z,1782378337000,0x926b31fec494d333b70cc2d9e9dcaaa9bb130e1e71e48c75e1c1fd88fe559222,2,0x2df1c51e09aecf9cacb7bc98cb1742757f163df7,0x838342bc2ced28c7f59c40bc90bb3c73569cae2c,72.176851,withdraw,1
477144520,2026-06-25T09:05:48Z,1782378348000,0x3a1d748c355aff5f2aa34e2166a387bcfaf63a8d3e9ced9b70dd251e8db6f343,3,0x6b4356fea8c04ae4042a768373e6a1177d3959a4,0x2df1c51e09aecf9cacb7bc98cb1742757f163df7,14980.629601,deposit,1
477144564,2026-06-25T09:05:59Z,1782378359000,0x330f376969f334d85592f320429e9462bcc011a7d8d1fc52f5e65ba2fbd60ca3,0,0x2df1c51e09aecf9cacb7bc98cb1742757f163df7,0x26701bb07bf74d2a5971431a7e3a9be36c710cca,60.41,withdraw,1
477144723,2026-06-25T09:06:38Z,1782378398000,0x55f936d693f6b5edc73f022b2a78de8850562a4acebc3de7ee9df483c79cc47c,58,0xe3af7352d2af50382b3dbdc326dee2263e50dded,0x2df1c51e09aecf9cacb7bc98cb1742757f163df7,2799.8,deposit,1
477144770,2026-06-25T09:06:50Z,1782378410000,0x1e01282860c2abf56ace2c22ef3f16d93151c56483f23156a3b551ae87db28a3,5,0x2df1c51e09aecf9cacb7bc98cb1742757f163df7,0x811bd247cdf011f13d3cfdb8e85e1a24646708bd,55.1,withdraw,1
477144940,2026-06-25T09:07:33Z,1782378453000,0xd53510990c6e61557c1960c8eb13aca8b77c4edeb40ca031f6127b7ef33ccca6,4,0xc0b90866ee00ff4577294e09dab4446848e89cc0,0x2df1c51e09aecf9cacb7bc98cb1742757f163df7,1000.204041,deposit,1
477145042,2026-06-25T09:07:57Z,1782378477000,0x2d8a30013c92c619b27fb7326f0710bd56f556eaa340fce76d9fee2a7b4bdaff,14,0x43888c668c1e0845d98bd19af8b0d632d3fe9f71,0x2df1c51e09aecf9cacb7bc98cb1742757f163df7,15.04199,deposit,1
477145261,2026-06-25T09:08:52Z,1782378532000,0xc325c88342164dc29833160819e901f7b07e2ff9fd0370853ec5ecb12165e198,0,0x2df1c51e09aecf9cacb7bc98cb1742757f163df7,0x52673edd0107088610dec4bddc104c19859c24d3,125.85,withdraw,1
477145596,2026-06-25T09:10:16Z,1782378616000,0x69a6c43dbaf230f31748387445eb0211395625f581bf8c04e573cbd2b3d586fd,4,0x7e999393c6b75b289e14cb40a93420e382792f11,0x2df1c51e09aecf9cacb7bc98cb1742757f163df7,100.0,deposit,1
477145742,2026-06-25T09:10:53Z,1782378653000,0x2e8feec51a3cda99a42a6e8f99b4f0ba3512870271740b94c4d3006370a1a8f4,22,0x2df1c51e09aecf9cacb7bc98cb1742757f163df7,0x43014ad668183d1a2e411ecc55eb40525e3f6362,2.03,withdraw,1
477145942,2026-06-25T09:11:43Z,1782378703000,0xeffcb28571665241212d9e252ab2f5086ec90af1210f79bdb1934161cd3fa5c6,18,0x2df1c51e09aecf9cacb7bc98cb1742757f163df7,0x5f557c1abca351a2f2c4c1efa7694fb935fc1188,7.491648,withdraw,1
477145942,2026-06-25T09:11:43Z,1782378703000,0xeffcb28571665241212d9e252ab2f5086ec90af1210f79bdb1934161cd3fa5c6,20,0x2df1c51e09aecf9cacb7bc98cb1742757f163df7,0x47484a34d0325b972c96a8f9c359fd6003ddf846,999.0,withdraw,1
477146065,2026-06-25T09:12:14Z,1782378734000,0x24d292c80122e9f0a585b158aa815bfbfa8993795a61a48e04fd6931dc696dd9,5,0xc6112be3b3662b30551db03441ec7194d3e74828,0x2df1c51e09aecf9cacb7bc98cb1742757f163df7,194.38,deposit,1
477146083,2026-06-25T09:12:18Z,1782378738000,0xf49c8e404910bbe51263cc7bb4ad57d99664243de4427ff1d1394e65027b8ce4,0,0x34e7c33a8284e0c21172ad9ad4a8d761126c6681,0x2df1c51e09aecf9cacb7bc98cb1742757f163df7,500.12303,deposit,1
477146173,2026-06-25T09:12:41Z,1782378761000,0xe8568b8f251cda842d73ba356a4820a8587ac7e13b635858056a565a3e8e5b54,2,0xb276731ca92dddc3cf5430114d246f2a81f691ad,0x2df1c51e09aecf9cacb7bc98cb1742757f163df7,5.0,deposit,1
477146322,2026-06-25T09:13:18Z,1782378798000,0xdf50b12aee7d31eb432633409c2ccee772cb37e538bbf7b7f803773738322461,3,0x2df1c51e09aecf9cacb7bc98cb1742757f163df7,0x73ba98ca0babd9e2daad17e79f74cee18a24120b,99.0,withdraw,1
477146566,2026-06-25T09:14:19Z,1782378859000,0x8941e03dbdbceceb1b725e5933733de507bbcafb437df9dedd3c3f56c6e9be0d,6,0xbeda4b071bd6ef9fbc44c1337193fd5bc6a831c2,0x2df1c51e09aecf9cacb7bc98cb1742757f163df7,9.8,deposit,1
477146597,2026-06-25T09:14:26Z,1782378866000,0x1a7516ccd2876d8af00fbd672c6332e078019effd657ed395f742415bbcaf04b,0,0x91b5dc8c6885281fdd924050f4233c394e5e94a6,0x2df1c51e09aecf9cacb7bc98cb1742757f163df7,2181.932191,deposit,1
477146605,2026-06-25T09:14:28Z,1782378868000,0x13c8065076364f3dbf1eb1035c2974c930b3acf0311337022b268ff2090b15f2,9,0xb02adb4a12843a2c33736480ad641c96dfb1828e,0x2df1c51e09aecf9cacb7bc98cb1742757f163df7,5.001594,deposit,1
477146785,2026-06-25T09:15:13Z,1782378913000,0xd16f8381e5b8eccf23ca96eb3d8639a6132b9986bf236c2aee463d13c673fb9a,4,0x7c18a2c3cce3c7c0655f9da38e85e66c9415b6d0,0x2df1c51e09aecf9cacb7bc98cb1742757f163df7,107.0,deposit,1
477146858,2026-06-25T09:15:31Z,1782378931000,0x132003ab7a6ddc168bf94c48c33e721869ae2a94a9ed105fa510356563f5e0f7,12,0x2df1c51e09aecf9cacb7bc98cb1742757f163df7,0x9fd4ffe87187b8d43c5e5cdba5c038961774241d,400.0,withdraw,1
477146864,2026-06-25T09:15:33Z,1782378933000,0x91a3a46591cc0f8e304a4971da49c39f0f3d03e937baa675b8fa7488681328cf,0,0x404ca2035b37bf2e83505134ebcf8d03babb5f03,0x2df1c51e09aecf9cacb7bc98cb1742757f163df7,104220.8,deposit,1
477146982,2026-06-25T09:16:02Z,1782378962000,0xc49b3cd0fe74c9acf9dd7b1b07d2872d1c731a60cdff9b0188a727d398f4e64a,1,0xb02adb4a12843a2c33736480ad641c96dfb1828e,0x2df1c51e09aecf9cacb7bc98cb1742757f163df7,13.514781,deposit,1
477147086,2026-06-25T09:16:29Z,1782378989000,0x18d0ce779ef6400517f7e22a3149b6e004b7faac005ca97711b2ca069efe0ca8,6,0x781e95fdc049433565cf8e05265361b8402196b7,0x2df1c51e09aecf9cacb7bc98cb1742757f163df7,3920.3003,deposit,1
477147177,2026-06-25T09:16:51Z,1782379011000,0xb3e296df6ef8397e0118407ff318a56a5755e0cd4fabc871e27a9463be294a14,7,0xfed39948ecb6dcbf902b5cdf8d78aab3741050a8,0x2df1c51e09aecf9cacb7bc98cb1742757f163df7,5.1,deposit,1
477147246,2026-06-25T09:17:09Z,1782379029000,0x662e1136785c63cd8fd4b1c8d45d25040bb3632782124e2c4f7ef86f189c5aee,80,0x1ac5dec35f77a70436b543614ad3821559c09fe2,0x2df1c51e09aecf9cacb7bc98cb1742757f163df7,119.0,deposit,1
477147828,2026-06-25T09:19:34Z,1782379174000,0x30c2fa6865ad1e694316dd3e5081de293b70d55c7ef4005fde62f8376ab8aa03,12,0xeea2e9e9174cc34c9abf34c42e6a6d27ca89ad70,0x2df1c51e09aecf9cacb7bc98cb1742757f163df7,7961.800001,deposit,1
477148322,2026-06-25T09:21:37Z,1782379297000,0x7be8505a569811bc1340d3b9469ae9b3cb74b74c51f54fde096a2a51d64143eb,8,0x33be53da097bb451999d2e9a2b979ede366f42ac,0x2df1c51e09aecf9cacb7bc98cb1742757f163df7,15.370911,deposit,1
477148391,2026-06-25T09:21:54Z,1782379314000,0xed29d30742ae7197855603d258570587ff916a14a4c6e497fbe73d5c43d9322a,4,0x2df1c51e09aecf9cacb7bc98cb1742757f163df7,0x6a6815bde5bbfef894f0536ce5097cbc723bebb0,179.0,withdraw,1
477148391,2026-06-25T09:21:54Z,1782379314000,0xed29d30742ae7197855603d258570587ff916a14a4c6e497fbe73d5c43d9322a,6,0x2df1c51e09aecf9cacb7bc98cb1742757f163df7,0xdc4a1f17e405f1188176c1544abfc5b88220e2e7,5.803807,withdraw,1
477148520,2026-06-25T09:22:27Z,1782379347000,0xa4b754a21a7945f58fb5a33cd8569294f89ab1794c38e1ac4ddcccecd108354f,49,0xc4857d79adc0f3602cfc749340f13764e26f526d,0x2df1c51e09aecf9cacb7bc98cb1742757f163df7,3737.9167,deposit,1
477148585,2026-06-25T09:22:43Z,1782379363000,0x8a2efcedee4c69a4181b3c8489e732fe6361fade0492256a93cf6447fcebed66,2,0x2df1c51e09aecf9cacb7bc98cb1742757f163df7,0x41709ec3ed01f9d1d74a6b7b51843f1314496ffa,23.18,withdraw,1
477148608,2026-06-25T09:22:49Z,1782379369000,0x0e40fd17bd69ae1eed5c73a25802cc2798c831741978ff9035c3110bc314275f,123,0xd6166a900e84740aecd528bd5334433488a7e858,0x2df1c51e09aecf9cacb7bc98cb1742757f163df7,709.81,deposit,1
477148646,2026-06-25T09:22:58Z,1782379378000,0x6da671e98c10536e8ea71636791b95cea9c75824e5ca6e72c169cba6e783d5fe,1,0x04e397fe5c7654bf617c18932b529a793928707d,0x2df1c51e09aecf9cacb7bc98cb1742757f163df7,20.0,deposit,1
477148680,2026-06-25T09:23:07Z,1782379387000,0xeaab4e75ec6838fc745712baf82541383d509d7e1671bc5896f6104b3070a2a3,12,0xa0dcf260b3231b4d23465ae01469698748dbbe6b,0x2df1c51e09aecf9cacb7bc98cb1742757f163df7,12.0,deposit,1
477148709,2026-06-25T09:23:14Z,1782379394000,0x04fb80b6df15bffc56367b6ded6230ca087eaaa1b489e536c1423179f1ee9da1,31,0x9d9918fb338bc3780a5bfdc21985616ad78f45da,0x2df1c51e09aecf9cacb7bc98cb1742757f163df7,9999.9967,deposit,1
477148789,2026-06-25T09:23:34Z,1782379414000,0x4f955bca07374ef9d0d55fb6d4da843e5acb1fdfade8344da61000aa367f52d1,4,0xeca770d629f20cd5bebbf3f2be554932931324ce,0x2df1c51e09aecf9cacb7bc98cb1742757f163df7,5.0,deposit,1
477148805,2026-06-25T09:23:38Z,1782379418000,0x9175c255c9453aeea012a5d1448dbfcde29110068263fe989a07121d66fb71b5,0,0x8c07e1a5f20196765817fc95b4eac0269b856457,0x2df1c51e09aecf9cacb7bc98cb1742757f163df7,20.0,deposit,1
477148939,2026-06-25T09:24:12Z,1782379452000,0x6c6e772c5b9dede7f15feaf05c2734f72324af78b7aec4b9ef47d91de5a0fbf6,3,0x5383d48480b0955195126466301cdf57e2936144,0x2df1c51e09aecf9cacb7bc98cb1742757f163df7,99.0,deposit,1
477148942,2026-06-25T09:24:12Z,1782379452000,0x6e6f0279d87a8fdd991e12c5e2dc3b179f83898e63ee0a600e0476c14629921a,9,0xc9f5d25d035c5a20ce5258537e655234c4b042cc,0x2df1c51e09aecf9cacb7bc98cb1742757f163df7,60.0,deposit,1
477148945,2026-06-25T09:24:13Z,1782379453000,0x469e8100c499344192c86aac2c207a17c996cf408468b1e236085b6255ef2fe6,8,0xa34b4c7b69442066badf41c8cb7551a8b47db9b5,0x2df1c51e09aecf9cacb7bc98cb1742757f163df7,30.0,deposit,1
477148979,2026-06-25T09:24:22Z,1782379462000,0x8e80ac77e9e49375752f4be6e24b430d5dc45e655b347b3b1bdb6713e8b8d91c,8,0x2df1c51e09aecf9cacb7bc98cb1742757f163df7,0x210403cf2a076dad192e01982a26855bfad762d2,2579.03,withdraw,1
477149030,2026-06-25T09:24:34Z,1782379474000,0x24c045b5f3fd69a81dbac5e7c25501c1814ac4299a15e1bbad6836c645882a58,1,0xdc4a1f17e405f1188176c1544abfc5b88220e2e7,0x2df1c51e09aecf9cacb7bc98cb1742757f163df7,6.254168,deposit,1
477149079,2026-06-25T09:24:47Z,1782379487000,0x2b20af0c84d585da5a175d64f8d974529e712259cc797266e0d728a7154651cc,2,0x210403cf2a076dad192e01982a26855bfad762d2,0x2df1c51e09aecf9cacb7bc98cb1742757f163df7,2579.03,deposit,1
477149203,2026-06-25T09:25:18Z,1782379518000,0xb5516d6d889369ee5759eceb4930dd928fcc7f73fce87a70c635a9de563e17df,18,0x1c427f404874f9d5c46f66d8de739a3881e3e9e6,0x2df1c51e09aecf9cacb7bc98cb1742757f163df7,40.0,deposit,1
477149217,2026-06-25T09:25:21Z,1782379521000,0x2d970444826093d84655886f29535be7bbd45127c1e85460fc639a28dee8b455,1,0xfb573f0994974ccaef34db99635c3873018a099d,0x2df1c51e09aecf9cacb7bc98cb1742757f163df7,9988.577298,deposit,1
477149263,2026-06-25T09:25:33Z,1782379533000,0xc1dc7c369483adbb78a94868670f0cc71adbfd293aafd241cd827297e47598ef,4,0x404ca2035b37bf2e83505134ebcf8d03babb5f03,0x2df1c51e09aecf9cacb7bc98cb1742757f163df7,16372.8,deposit,1
477149507,2026-06-25T09:26:34Z,1782379594000,0xf1e04a9b06476a61b74f6c7a4dcce12a4233b87301abf7e479008100b78004bf,4,0xe7393b881338552bb48d74d3aff51e9904098e0d,0x2df1c51e09aecf9cacb7bc98cb1742757f163df7,245.081,deposit,1
477149525,2026-06-25T09:26:38Z,1782379598000,0x29d60877cd383bc260c767d7bd34ff14e67d59808baa4b7fc56b8f629d2dc747,4,0x237939fdaf51a00e6758094fc6a793a605a2194b,0x2df1c51e09aecf9cacb7bc98cb1742757f163df7,15.0,deposit,1
477149579,2026-06-25T09:26:52Z,1782379612000,0xea5fd2ca60ed0cdf4950ae5f7f31558c8c7b6f6606c7437c688eae770c1a1068,1,0xfb9001e510770275ad5d94456f75d579e2e3751f,0x2df1c51e09aecf9cacb7bc98cb1742757f163df7,674.43,deposit,1
477149699,2026-06-25T09:27:21Z,1782379641000,0x8ad5bbb1b01e763e6f8e4baac80c50698e3e29f454529adeadac36be3b38ee79,3,0x2df1c51e09aecf9cacb7bc98cb1742757f163df7,0x9fd4ffe87187b8d43c5e5cdba5c038961774241d,505.0,withdraw,1
477149787,2026-06-25T09:27:43Z,1782379663000,0xd5d763bdd5701d24273f3085994cded1f78618c10cf03bc05d65780740a3ba6a,11,0x2df1c51e09aecf9cacb7bc98cb1742757f163df7,0x9fd4ffe87187b8d43c5e5cdba5c038961774241d,822.0,withdraw,1
477149822,2026-06-25T09:27:52Z,1782379672000,0xafe01aef78b715a54c63c1c076f5bf9137798095f706355addfa942cba8d43ef,8,0xb070b853e3ecbdcb23b7504341b98466058a142b,0x2df1c51e09aecf9cacb7bc98cb1742757f163df7,479.8,deposit,1
477150023,2026-06-25T09:28:42Z,1782379722000,0x3f6250ffe39d8e01db1fcf5c00393298890f7d705ba056d138f9ac8144ad5231,3,0x2df1c51e09aecf9cacb7bc98cb1742757f163df7,0x8c8534b7cef0756bb8c894a445b898e10191f2a8,2669.836528,withdraw,1
477150081,2026-06-25T09:28:57Z,1782379737000,0xdc084bd3e9fe4b61b015f5c685c25a3d81109368d6bda85825e84aec62f01203,4,0x64e9ba577afa50e125efb753ae8b9307ab474025,0x2df1c51e09aecf9cacb7bc98cb1742757f163df7,999.8,deposit,1
477150170,2026-06-25T09:29:19Z,1782379759000,0x396f78fefb62a3d257f9bae765d0bc1bb6bd61c94948795ce68d9947c38c5a9a,86,0x2df1c51e09aecf9cacb7bc98cb1742757f163df7,0x9fd4ffe87187b8d43c5e5cdba5c038961774241d,242.0,withdraw,1
477150228,2026-06-25T09:29:33Z,1782379773000,0x2fd5b1ff59dd341338a7424c63d187f83fcbb01801967f1e6b730a24886de44a,23,0x1456ecc58b92c3fb7877cd8a2458123b4581aae2,0x2df1c51e09aecf9cacb7bc98cb1742757f163df7,4241.699612,deposit,1
477150334,2026-06-25T09:30:00Z,1782379800000,0x760a2d157258c09ac8370546c5f7a19c991bf2204d2d30bfb87ee0aab32b6352,2,0x2df1c51e09aecf9cacb7bc98cb1742757f163df7,0x1a4850eb7e1b7cb28a4f42d44c26ef2b64333d13,300.66,withdraw,1
477150365,2026-06-25T09:30:08Z,1782379808000,0x13be678148d767d99455350c01930e67e4ca07fae40362994b9030b87cc6e134,11,0x1c427f404874f9d5c46f66d8de739a3881e3e9e6,0x2df1c51e09aecf9cacb7bc98cb1742757f163df7,60.0,deposit,1
477150393,2026-06-25T09:30:15Z,1782379815000,0xe4e1c51190f07f100c63a81bc8eb300ddfbb71001f5238a187bdab6ddc244880,28,0xf032648dfd22c4d81588bd83e09ab89cfe816705,0x2df1c51e09aecf9cacb7bc98cb1742757f163df7,240.271409,deposit,1
477150442,2026-06-25T09:30:27Z,1782379827000,0x60af651c5dd3dd16d2841ceae08e90344d424d7d6f6760bb1d2fb72e046aab43,0,0x54bd828de9ce87401b4882e22fbcc118579e3d6e,0x2df1c51e09aecf9cacb7bc98cb1742757f163df7,5.5,deposit,1
477150483,2026-06-25T09:30:37Z,1782379837000,0xf098d7f9e53be7dec6a8f2f00fd14520c89623d06b23b132721b2c914e61ea60,72,0x41709ec3ed01f9d1d74a6b7b51843f1314496ffa,0x2df1c51e09aecf9cacb7bc98cb1742757f163df7,24.14,deposit,1
477150539,2026-06-25T09:30:51Z,1782379851000,0x51ab6d14d5663d19dd099645f6a23dca13c0dc61876cfc829a77151f9cd9bf35,4,0x2df1c51e09aecf9cacb7bc98cb1742757f163df7,0xdf904552a005936b10fba8413883e8d031e5413d,6.45,withdraw,1
477150647,2026-06-25T09:31:18Z,1782379878000,0xfe26b32c2a5e1df855067883fde94504f638bdafe93de55d555607def21728a3,4,0x2df1c51e09aecf9cacb7bc98cb1742757f163df7,0x95fa3da4608bbcd17a4c4970e8f03ca2a10c241e,4.0,withdraw,1
477150655,2026-06-25T09:31:20Z,1782379880000,0x04818f50e4bc33e86b2098f3d1c33489f78dd19c6d4927099275c5b78a98de1e,11,0x98c08e303aae8b7f9204cf4e5c1cb36d555c2896,0x2df1c51e09aecf9cacb7bc98cb1742757f163df7,19955.0,deposit,1
477150692,2026-06-25T09:31:30Z,1782379890000,0x02fb5fe71c8410125445ef6bad48a7ba1f9f6bc6d1bb0edebf1e05b4d8a266a9,15,0xbf6fa1d4446917e93d0faec5d3a7515bdf5ef67c,0x2df1c51e09aecf9cacb7bc98cb1742757f163df7,10000.0,deposit,1
477150820,2026-06-25T09:32:02Z,1782379922000,0x1e07c903dbe6f5ff071f5da89a9441048d9f500e0fd754aa7e1b15b97db3bd78,36,0x2df1c51e09aecf9cacb7bc98cb1742757f163df7,0x9fd4ffe87187b8d43c5e5cdba5c038961774241d,795.0,withdraw,1
477151256,2026-06-25T09:33:49Z,1782380029000,0x87f064486ba2fc5e0a5f996885dbe1d5b9a41a5be88af4f51b68ab6a6e56601f,30,0x521b9db6d78504609b8f6150a29fb242bc4d0939,0x2df1c51e09aecf9cacb7bc98cb1742757f163df7,2482.883585,deposit,1
477151274,2026-06-25T09:33:54Z,1782380034000,0x236c1cbd6402ef78b36587fae9e7a50502493c07f477ab647c46de05667cc110,13,0x2df1c51e09aecf9cacb7bc98cb1742757f163df7,0xee845948e6806d12e966137caa07d49bbe632fe3,100999.0,withdraw,1
477151378,2026-06-25T09:34:20Z,1782380060000,0xcfb2c1b264fbf2b89705da6e017cbe753856fdb1110bf7cd948b76b51e21a602,6,0x2df1c51e09aecf9cacb7bc98cb1742757f163df7,0xb59adf84ba50f3098bc63e3a19c742e2dcbe1769,3077.0,withdraw,1
477151438,2026-06-25T09:34:35Z,1782380075000,0xc62af45e262c315a20f736086cb09a0edf223586f3c1e831cbd0b4bfc8b4e6d0,20,0x64e9ba577afa50e125efb753ae8b9307ab474025,0x2df1c51e09aecf9cacb7bc98cb1742757f163df7,4821.502435,deposit,1
477151473,2026-06-25T09:34:44Z,1782380084000,0xad443b7d357376f46a27dfecc3bd8891813d0634b306be9aee8ea5d8b6cdead6,12,0xe6edfd66748e1970074917c0d5c68e59ab75a919,0x2df1c51e09aecf9cacb7bc98cb1742757f163df7,656.505674,deposit,1
477151660,2026-06-25T09:35:30Z,1782380130000,0x0928688a1caf1d33fcf5803d4847eb1b863985d9981c86c0e68e9b44f2532efa,2,0x2df1c51e09aecf9cacb7bc98cb1742757f163df7,0x53c92fa8efb0194813fa9bc1798391587af80f04,12.04,withdraw,1
477151669,2026-06-25T09:35:33Z,1782380133000,0xc3963767438509c51c5e7ad6d2bc89a35cc3f9a445f44c0734eebd51c8b42ebf,11,0xf032648dfd22c4d81588bd83e09ab89cfe816705,0x2df1c51e09aecf9cacb7bc98cb1742757f163df7,325.429942,deposit,1
477151795,2026-06-25T09:36:04Z,1782380164000,0x46e772005f4c08b2109faec7420c7c8dce846f5dc902b6060887406d77cef79f,23,0x0b303a6f76be917efa336a2884350e0dba921f47,0x2df1c51e09aecf9cacb7bc98cb1742757f163df7,6.39,deposit,1
477152156,2026-06-25T09:37:35Z,1782380255000,0xf22553d4a62d0166d5f1079223d06596db11a343e89249332b6b29dd27721884,13,0x2df1c51e09aecf9cacb7bc98cb1742757f163df7,0x64501ab89ad0f866b0c613a7807a024b3d4132d1,100.0,withdraw,1
477152344,2026-06-25T09:38:22Z,1782380302000,0xdd225ab74b745d53430d75b60146915a53a1f86c3025e842b6c251e0df714add,1,0x2df1c51e09aecf9cacb7bc98cb1742757f163df7,0x9fd4ffe87187b8d43c5e5cdba5c038961774241d,335.0,withdraw,1
477152458,2026-06-25T09:38:50Z,1782380330000,0x66df66173db77254837a2f414da14b552b434de20822f2004afcddc55e734896,4,0x2df1c51e09aecf9cacb7bc98cb1742757f163df7,0x0eed7c2eea57a83b46bfc1ba7ad63005eb2fc197,9.0,withdraw,1
477152573,2026-06-25T09:39:19Z,1782380359000,0x0d48a2b3e805f5e2eeeb0b69edca3ece61edc5fff4c58b6bad2eafef00ec5b51,126,0xe8ee7a7f2871c1635ccbdc8e2011430b408c9e92,0x2df1c51e09aecf9cacb7bc98cb1742757f163df7,10.972501,deposit,1
477152625,2026-06-25T09:39:32Z,1782380372000,0xdc27e60e2541991c87931318a30f839b5c603b44a94a1e2f36b341405b4979b0,9,0x2df1c51e09aecf9cacb7bc98cb1742757f163df7,0x5216598a12d000a2ff9a420536e2b38f9832eb97,495.5,withdraw,1
477152625,2026-06-25T09:39:32Z,1782380372000,0xdc27e60e2541991c87931318a30f839b5c603b44a94a1e2f36b341405b4979b0,11,0x2df1c51e09aecf9cacb7bc98cb1742757f163df7,0xb46a0f71fded6ceb00b1c9278e0ac7e22c242df5,159999.0,withdraw,1
477152636,2026-06-25T09:39:35Z,1782380375000,0x14d5d9e64059bb9b48a3d8bab07fa93f0da02fa781bb7ca316342a52d0ab8759,17,0x5383d48480b0955195126466301cdf57e2936144,0x2df1c51e09aecf9cacb7bc98cb1742757f163df7,49902.214311,deposit,1
477152736,2026-06-25T09:39:59Z,1782380399000,0x5279a2955233b880dd8232e0c010971afa8d1263dc4f86ead44a53663cc8b744,11,0x2df1c51e09aecf9cacb7bc98cb1742757f163df7,0x9fd4ffe87187b8d43c5e5cdba5c038961774241d,461.0,withdraw,1
477152736,2026-06-25T09:39:59Z,1782380399000,0x5279a2955233b880dd8232e0c010971afa8d1263dc4f86ead44a53663cc8b744,13,0x2df1c51e09aecf9cacb7bc98cb1742757f163df7,0xacd9a974065de9c7a19873f95af7595e1d632167,4.5,withdraw,1
477153169,2026-06-25T09:41:47Z,1782380507000,0x209a5b7a4d08decf7050453c0e0aa3510edf267e65756e95fd0191c38aa79f6c,67,0xeca770d629f20cd5bebbf3f2be554932931324ce,0x2df1c51e09aecf9cacb7bc98cb1742757f163df7,5.0,deposit,1
477153302,2026-06-25T09:42:21Z,1782380541000,0xc5af830af180d4860dd014bc71a445424e2c3fe6c4dedeb3fefb1e00957643cc,41,0x2df1c51e09aecf9cacb7bc98cb1742757f163df7,0xe41f94413cefb768fd0536433ac9fa6323a8b618,339.0,withdraw,1
477153407,2026-06-25T09:42:47Z,1782380567000,0xc5b54a2ec16f9ac4b907e739a862687ab644cbd9fc750e3855b855cfef5a685d,8,0x023a3d058020fb76cca98f01b3c48c8938a22355,0x2df1c51e09aecf9cacb7bc98cb1742757f163df7,252843.02,deposit,1
477154008,2026-06-25T09:45:18Z,1782380718000,0x18e9975d75e78198bf43fd06afd51833a17c4d14ce87ff3845fd598dbbbd9466,25,0xf032648dfd22c4d81588bd83e09ab89cfe816705,0x2df1c51e09aecf9cacb7bc98cb1742757f163df7,28.719265,deposit,1
477154227,2026-06-25T09:46:12Z,1782380772000,0xd85107c26e2597a5e3d45fc7ba5246d9242def9f2730202bf6ee249981983baf,2,0x6ebe0c8d1cf7c47a7f81b165fa8c0276940b9f46,0x2df1c51e09aecf9cacb7bc98cb1742757f163df7,10.0,deposit,1
477154292,2026-06-25T09:46:27Z,1782380787000,0x81bb556f15b839b0273580e0887f82fd7a1dfc1fbda648363fa232abd9830295,1,0x2a316cca1b61f04c61dbf3eb036b259c6aeac6f7,0x2df1c51e09aecf9cacb7bc98cb1742757f163df7,16.57,deposit,1
477154655,2026-06-25T09:47:58Z,1782380878000,0x45b1e217e17ef7912b8888d5d4a79d390ac127f826ad9810a70a562d637f7b1a,0,0x2df1c51e09aecf9cacb7bc98cb1742757f163df7,0x2efb928acaf50164f6c232067e0eaacb573532e8,114.0,withdraw,1
477154698,2026-06-25T09:48:09Z,1782380889000,0xcb5fb10b8c54ca4aaa42d2ae298583c75470c1219086f82a08de82f50c8ea81e,6,0x2c6ae3280b57d327f139a3b961cb48013919ca30,0x2df1c51e09aecf9cacb7bc98cb1742757f163df7,275.970067,deposit,1
477154829,2026-06-25T09:48:42Z,1782380922000,0x442b773c0ef16931c8dc2410d0fd056e6b3a0daca29bd81e687e7f661a4e494a,10,0x2df1c51e09aecf9cacb7bc98cb1742757f163df7,0xb409e6d01d135a15cca96daa170f12e5d29eaead,4954.613161,withdraw,1
477154986,2026-06-25T09:49:21Z,1782380961000,0xbdb8e58262333f30cd2f3bc443833edfc0a03b519f94ad40210bbaa5d00722a0,2,0x3246cd5ccd6ab39c9ac28229c4584de82f12bd9e,0x2df1c51e09aecf9cacb7bc98cb1742757f163df7,410.23668,deposit,1
477155022,2026-06-25T09:49:30Z,1782380970000,0x04547ad68c513f419e872f758c798e01b7c1b1fb5aea0b4889db869c2b72d93a,1,0x2df1c51e09aecf9cacb7bc98cb1742757f163df7,0x379992d2a6148126e8484f17174d5edf95cf6183,1.0,withdraw,1
477155172,2026-06-25T09:50:08Z,1782381008000,0xc2eee56e9cca850ff644ba22437647befb11de82b6e26cd2d8cb942eee756676,17,0xf032648dfd22c4d81588bd83e09ab89cfe816705,0x2df1c51e09aecf9cacb7bc98cb1742757f163df7,242.532842,deposit,1
477155247,2026-06-25T09:50:27Z,1782381027000,0xd74f460a31cb6ea39c7c5e5fc789646fa4b40b9c31d91f831b0bbd23cfd07b1f,8,0x5504d096ec967ac1b881f17339e44ab408c12610,0x2df1c51e09aecf9cacb7bc98cb1742757f163df7,406.0,deposit,1
477155486,2026-06-25T09:51:27Z,1782381087000,0x73f306349588685f00c7b4c24d053ab5e5fb6bfe56a07bdb7d22e6a930764c46,16,0xa0dcf260b3231b4d23465ae01469698748dbbe6b,0x2df1c51e09aecf9cacb7bc98cb1742757f163df7,11172.9967,deposit,1
477155577,2026-06-25T09:51:49Z,1782381109000,0x8967df0fc50210eb516b8089ba70a90c4ef326fe8ccd97ab67206c2f346035bc,9,0xeca770d629f20cd5bebbf3f2be554932931324ce,0x2df1c51e09aecf9cacb7bc98cb1742757f163df7,5.0,deposit,1
477155922,2026-06-25T09:53:15Z,1782381195000,0x0874f6c008cde4a2520f14b7eacdf9a03dde58f55048410cbc6c95cd866f537e,12,0xc74654744469f3f4f26652b720f3ce516109f2b7,0x2df1c51e09aecf9cacb7bc98cb1742757f163df7,9.8,deposit,1
477156553,2026-06-25T09:55:53Z,1782381353000,0x6f3cd438eaa2378e21253e19a34c080a1365c203a8c18f583ba264d986f9d3a2,249,0x2df1c51e09aecf9cacb7bc98cb1742757f163df7,0x5d268481a2c5c72b5e84ee9c03e938801c53cf32,99.0,withdraw,1
477156553,2026-06-25T09:55:53Z,1782381353000,0x6f3cd438eaa2378e21253e19a34c080a1365c203a8c18f583ba264d986f9d3a2,251,0x2df1c51e09aecf9cacb7bc98cb1742757f163df7,0x258f091fbd451b1019c3251d6dd4a1e2791253f1,399.0,withdraw,1
477156682,2026-06-25T09:56:25Z,1782381385000,0x0946a0e418d18bf1a33eb610aca9f157acafa938ffcad27a2a6f77f01171bb31,12,0x1111008900e26617a7d091e7b1809d01f6c01111,0x2df1c51e09aecf9cacb7bc98cb1742757f163df7,496.591337,deposit,1
477156893,2026-06-25T09:57:18Z,1782381438000,0x3b3efd8626a19081e45fbeec5c019d7b5c3c5ffe1cf8f9efb928490d71b943ba,4,0x2df1c51e09aecf9cacb7bc98cb1742757f163df7,0x60c4178ee470d6af8fffd6fe072b11cac798c7b4,16.43,withdraw,1
477156954,2026-06-25T09:57:33Z,1782381453000,0x4643f5f43980b6a0c058f45f54fc4582f0e9810237d4703a14274efe9fbb1580,1,0x60c4178ee470d6af8fffd6fe072b11cac798c7b4,0x2df1c51e09aecf9cacb7bc98cb1742757f163df7,16.43,deposit,1
477157017,2026-06-25T09:57:49Z,1782381469000,0x011406b44e5b81d66bd6294483022bca046aad0cb2b73feff869e91a672f6f29,2,0x21ed8665dabe127dba334147de0a73c2978f6995,0x2df1c51e09aecf9cacb7bc98cb1742757f163df7,566.424594,deposit,1
477157423,2026-06-25T09:59:29Z,1782381569000,0xf263d7b0b58b3b4097f4e74b5f82419548fd3694a30fb1c68004775e7079bdac,1,0x2df1c51e09aecf9cacb7bc98cb1742757f163df7,0xf238d3743fb599b80904f4f4082fc5b67e0d647a,1574.55,withdraw,1
477157434,2026-06-25T09:59:32Z,1782381572000,0x9fa583b4a0807759eab5a0d5f5493df3f58ac8e17636a9d70453d97adcf93381,2,0xeca770d629f20cd5bebbf3f2be554932931324ce,0x2df1c51e09aecf9cacb7bc98cb1742757f163df7,5.0,deposit,1
477157521,2026-06-25T09:59:54Z,1782381594000,0xe0a3a4b4f57b8336a0eb2ae7a99dca20dab562fe978e4c24d92c1ea8951ec843,31,0x2df1c51e09aecf9cacb7bc98cb1742757f163df7,0x5e4f8394eac9a5c0da8802e1d8bbcdaba1b3ca28,115.42,withdraw,1
477157624,2026-06-25T10:00:19Z,1782381619000,0x08d5d34619aa3acb7c20f5ee91535c76238cbf4732041f489231d4420ce30db3,20,0x2df1c51e09aecf9cacb7bc98cb1742757f163df7,0x9fd4ffe87187b8d43c5e5cdba5c038961774241d,308.0,withdraw,1
477157630,2026-06-25T10:00:21Z,1782381621000,0x45c7cf5cb3bcf045d2220300b106b1bf54d0e42071e196a8fc07509ba1252c8e,20,0xf032648dfd22c4d81588bd83e09ab89cfe816705,0x2df1c51e09aecf9cacb7bc98cb1742757f163df7,572.99256,deposit,1
477157754,2026-06-25T10:00:52Z,1782381652000,0x13157cf18b17e867dc401f29a512745b33d3e7e674614a16c0c80222155ea450,16,0x2df1c51e09aecf9cacb7bc98cb1742757f163df7,0xe2c972787379035de7b5a635a0c54390bc115169,45.019638,withdraw,1
477157754,2026-06-25T10:00:52Z,1782381652000,0x13157cf18b17e867dc401f29a512745b33d3e7e674614a16c0c80222155ea450,18,0x2df1c51e09aecf9cacb7bc98cb1742757f163df7,0x56d99173d15e57fa547fb86fa126c83dd8828605,6.0,withdraw,1
477157827,2026-06-25T10:01:10Z,1782381670000,0xadc021765112b0fcbf12fbb25387ddbf1906c4eda271558b465a59478bd708c5,3,0x21ed8665dabe127dba334147de0a73c2978f6995,0x2df1c51e09aecf9cacb7bc98cb1742757f163df7,225.748645,deposit,1
477158197,2026-06-25T10:02:43Z,1782381763000,0xaeecb22cc57d7d3efedd34e0be7f17ea1e605c9de8f224dd964e724a244b8005,5,0xc2a41150912120441d27a102c6ce1891974cb55f,0x2df1c51e09aecf9cacb7bc98cb1742757f163df7,698.016594,deposit,1
477158200,2026-06-25T10:02:44Z,1782381764000,0x1289c67585cac63391dad92e614e176d191b1ef903a941c5da2d1ade9714bbd2,0,0x2df1c51e09aecf9cacb7bc98cb1742757f163df7,0x0eed7c2eea57a83b46bfc1ba7ad63005eb2fc197,1020.0,withdraw,1
477158592,2026-06-25T10:04:22Z,1782381862000,0x14653f49b66cdec1e641cc7e8a5dd1758c9de60c6077907208d1ce6fdcf5cdf9,4,0x2df1c51e09aecf9cacb7bc98cb1742757f163df7,0x02135c45d5b30ceb652eb11d27e5c4af89831110,137.35,withdraw,1
477158671,2026-06-25T10:04:42Z,1782381882000,0x10b7bdacdd7084c1cac252c1d9ca1a5fca6da6d5b55bdc4d6c7a90663310f87d,2,0x2df1c51e09aecf9cacb7bc98cb1742757f163df7,0xdd52be5f3163e788eb2d2af8131bce7d6da22ef2,83.46,withdraw,1
477158903,2026-06-25T10:05:39Z,1782381939000,0x14bb2f3b40e8f0ae17d89cefd0e3b5a4f7884ba27dcbace275c1de6a5fbd9c67,5,0x51d6d563484cb38633ab5c61057aa45998b711d6,0x2df1c51e09aecf9cacb7bc98cb1742757f163df7,1633.40897,deposit,1
477159132,2026-06-25T10:06:36Z,1782381996000,0xa48d261189d0165e8adfbfd90677269651323629da2b70dc148b67c2ae267941,2,0x2df1c51e09aecf9cacb7bc98cb1742757f163df7,0x0798dd3ef2f74eabadb366b6f00baed95b6c9c8b,49.0,withdraw,1
477159221,2026-06-25T10:06:58Z,1782382018000,0xea8d51a4285cd3d04fcfc17df99eb7d279e04fb289e0334934a038d1da5c2a40,7,0xbeda4b071bd6ef9fbc44c1337193fd5bc6a831c2,0x2df1c51e09aecf9cacb7bc98cb1742757f163df7,289.8,deposit,1
477159354,2026-06-25T10:07:32Z,1782382052000,0x059cab2c4468d86839245e3143a188b442e5c1ff3c268625ae8a61e870a375a0,7,0x0bf5d01c2bf1697a44af7b1f7af745835319a411,0x2df1c51e09aecf9cacb7bc98cb1742757f163df7,5.5,deposit,1
477159449,2026-06-25T10:07:55Z,1782382075000,0xc03c18903dad96b8402c6552bd706f22e0ef8c7c87426b8ec9e7948740c638e7,4,0x2df1c51e09aecf9cacb7bc98cb1742757f163df7,0xeca770d629f20cd5bebbf3f2be554932931324ce,40.0,withdraw,1
477159559,2026-06-25T10:08:23Z,1782382103000,0x6e2b9a3c16ec2e72f3d4b00a38239793685f9f9d112d582a5b147a18c47864d4,13,0x2df1c51e09aecf9cacb7bc98cb1742757f163df7,0xa9601cb7afb057ed60a0e9177c7068933ff739ac,101.976611,withdraw,1
477159732,2026-06-25T10:09:06Z,1782382146000,0x13112e88f08c727bbbe3547fd1e7214c12f3fb58495046f2cf4ae42421ad8b95,15,0x2df1c51e09aecf9cacb7bc98cb1742757f163df7,0x7ca3d5337fc2ae8a32abaee2369c042a0ce3d18c,9805.22,withdraw,1
477159928,2026-06-25T10:09:55Z,1782382195000,0x2dfdac7279ac788f18c61385297c852792511739a2c67da5bbcd87b8e7bae0cf,27,0x17ee7f5eea11d9bc24cbd121d2d0268073b6bdd6,0x2df1c51e09aecf9cacb7bc98cb1742757f163df7,100.0,deposit,1
477159990,2026-06-25T10:10:11Z,1782382211000,0x1367b141ecc69a80dd387ce71d3b263a1c753a5666b2dc50f0348191c3fb0597,16,0x9777464705193f4e166ea0e2856987630fc2c635,0x2df1c51e09aecf9cacb7bc98cb1742757f163df7,122.249798,deposit,1
477160004,2026-06-25T10:10:15Z,1782382215000,0x301ffbdd1fe39e9008a3f377fd401637b2bb91ccd1a59788582125256f0c3a54,4,0xeca770d629f20cd5bebbf3f2be554932931324ce,0x2df1c51e09aecf9cacb7bc98cb1742757f163df7,5.0,deposit,1
477160122,2026-06-25T10:10:44Z,1782382244000,0xe7affdfce2f242eb99a77b461253d2e9d909999fed94d074e553c6037984c15b,25,0x2df1c51e09aecf9cacb7bc98cb1742757f163df7,0x3a2c94591292840c80f16eaeb925f01a9b11f34c,28.55,withdraw,1
477160222,2026-06-25T10:11:09Z,1782382269000,0x5121d573dab14a02bb002d65f8ab10691d769856ea420677545721fbb05dc817,5,0x2df1c51e09aecf9cacb7bc98cb1742757f163df7,0x9fd4ffe87187b8d43c5e5cdba5c038961774241d,811.0,withdraw,1
477160282,2026-06-25T10:11:24Z,1782382284000,0x934137ff791286c0938d5b1cfb9e8286c97c804ded6306629cac1832612819be,0,0x0d5d73f6b9eb76c9447f7925464ef61c1fbccd20,0x2df1c51e09aecf9cacb7bc98cb1742757f163df7,54.997702,deposit,1
477160324,2026-06-25T10:11:35Z,1782382295000,0x55734df0801281b1c040919ecce95fc1b4834dfba90182d2580a7feb93ce2342,13,0x2df1c51e09aecf9cacb7bc98cb1742757f163df7,0x9fd4ffe87187b8d43c5e5cdba5c038961774241d,1397.0,withdraw,1
477160324,2026-06-25T10:11:35Z,1782382295000,0x55734df0801281b1c040919ecce95fc1b4834dfba90182d2580a7feb93ce2342,15,0x2df1c51e09aecf9cacb7bc98cb1742757f163df7,0x023a3d058020fb76cca98f01b3c48c8938a22355,415724.87,withdraw,1
477160399,2026-06-25T10:11:53Z,1782382313000,0xd26facc3e2a59db90bcf8d187a3ff1186f6110708c3c0e46ce6b43b264f18c91,48,0x2df1c51e09aecf9cacb7bc98cb1742757f163df7,0x9fd4ffe87187b8d43c5e5cdba5c038961774241d,404.0,withdraw,1
477160447,2026-06-25T10:12:05Z,1782382325000,0x71e8d754af2c38a98a3c2fda9032cdad6dd898a816356659b7b308dc9ed49b74,20,0xb24a3bc55efed305e5f87ffd074c9224c0710dc9,0x2df1c51e09aecf9cacb7bc98cb1742757f163df7,19976.999418,deposit,1
477160510,2026-06-25T10:12:20Z,1782382340000,0xa74df0dc4a22e8315b6d912e9b3c7af1ea0d064672da6f7036ba22701cba4796,0,0xeca770d629f20cd5bebbf3f2be554932931324ce,0x2df1c51e09aecf9cacb7bc98cb1742757f163df7,5.0,deposit,1
477160513,2026-06-25T10:12:21Z,1782382341000,0x23d288a362235ab1972c8e54bb9de80dd0ef177b05e9bb55dceb0eb84ccf3dc5,2,0x2df1c51e09aecf9cacb7bc98cb1742757f163df7,0x47f8435780dc410e772deea6afb52205fee34978,15622.160106,withdraw,1
477160750,2026-06-25T10:13:20Z,1782382400000,0x16f580d33dfb8d9824844ab2b0b09d2daa6c3d20e08c70859292ab50e8cc37d7,2,0x19f16ae12b8cebc5d1bd5696ff1ec82b082dae54,0x2df1c51e09aecf9cacb7bc98cb1742757f163df7,100000.0,deposit,1
477160808,2026-06-25T10:13:35Z,1782382415000,0xa7201d58c8d686759aa929d2acb135d3882e936519a35b6e8fc9591dc692fd4b,7,0x2df1c51e09aecf9cacb7bc98cb1742757f163df7,0x1f405eb733405cfb1367d382357b1d4bbe9f53be,4.0,withdraw,1
477161038,2026-06-25T10:14:33Z,1782382473000,0x9563f15a3caaf61a0d0510e0e30f14e885650363496934a9c20961131ead4512,4,0x1a5ca00bb748dd3f2ee0872c934df7d842328e78,0x2df1c51e09aecf9cacb7bc98cb1742757f163df7,1043.356017,deposit,1
477161148,2026-06-25T10:15:00Z,1782382500000,0x0285b0db6fbdf20e8b27816d779eec0acb0df36dd1f0a79cb9d98bd3172921ca,21,0xf5e819463873afd092e5d9505bb137cc4aabaa87,0x2df1c51e09aecf9cacb7bc98cb1742757f163df7,5.0,deposit,1
477161296,2026-06-25T10:15:37Z,1782382537000,0xf3c598e2c4776b004d1902c8ee38fdc30134f65a5abb7ab274d15b068203355a,4,0x1587c39f4705c8a8dcb0404c4f6f87f993d8f81b,0x2df1c51e09aecf9cacb7bc98cb1742757f163df7,199.315802,deposit,1
477161342,2026-06-25T10:15:49Z,1782382549000,0xcf223c289e8aeaaffec04e0fcc7b56e0ef683078c840fcf9252b13ab6bbe3ddb,0,0x2df1c51e09aecf9cacb7bc98cb1742757f163df7,0x18ad1a33a3261fd0ba32ce519e111d62c0b3fafd,196.15,withdraw,1
477161451,2026-06-25T10:16:16Z,1782382576000,0xc07353f9a28733fb1e0cae958c849d4c7a2314c0caaebe135e7a48e74e2eb0a1,5,0xf5e819463873afd092e5d9505bb137cc4aabaa87,0x2df1c51e09aecf9cacb7bc98cb1742757f163df7,67.944877,deposit,1
477161721,2026-06-25T10:17:24Z,1782382644000,0x5bd268921ecd2c1b5f1a2d7be647b235255101c1cbd886f9359d225470c24c34,4,0x2df1c51e09aecf9cacb7bc98cb1742757f163df7,0x41cf18fdcf460a4dc45aa0872c945c59408d74fc,989.114669,withdraw,1
477161833,2026-06-25T10:17:52Z,1782382672000,0xf2479c961b29cc44ec3e2b84a6984181b6f833e09338ca78aa6cc10cf29337ae,2,0x2df1c51e09aecf9cacb7bc98cb1742757f163df7,0xf6dfde5cc94b1f596e3822cc151284ec04b4fab8,11729.651228,withdraw,1
477161833,2026-06-25T10:17:52Z,1782382672000,0xf2479c961b29cc44ec3e2b84a6984181b6f833e09338ca78aa6cc10cf29337ae,4,0x2df1c51e09aecf9cacb7bc98cb1742757f163df7,0x9fd4ffe87187b8d43c5e5cdba5c038961774241d,310.0,withdraw,1
477161893,2026-06-25T10:18:07Z,1782382687000,0x871b55739564b633ea987ceb392846fba8c00c68a4877cf9b464352773020467,1,0x9c7a8c68082b5c349d4f9b703b4784b7d44c8ba8,0x2df1c51e09aecf9cacb7bc98cb1742757f163df7,48.9,deposit,1
477162011,2026-06-25T10:18:35Z,1782382715000,0x60ba494e6e5b11ac725f421351e55f187234fc7905dd83cea3f7663ab4ec7f5e,0,0x2df1c51e09aecf9cacb7bc98cb1742757f163df7,0x61fd8fcb6a196ce60c02ed5b49e2197e58003444,6.76,withdraw,1
477162212,2026-06-25T10:19:26Z,1782382766000,0x888116c82d89c4ea3b287a3e162bee090f1570e7dcdebcdd02cfbb5f2cae0122,10,0x2df1c51e09aecf9cacb7bc98cb1742757f163df7,0xc031ce3b54d5a23209637c2ce10992ed4374416c,7.5,withdraw,1
477162296,2026-06-25T10:19:47Z,1782382787000,0x41cb6157efd74b6b04c1d3c9b43841f682942aa2f789d144cd93a26c93fe54d5,53,0x18ad1a33a3261fd0ba32ce519e111d62c0b3fafd,0x2df1c51e09aecf9cacb7bc98cb1742757f163df7,196.15,deposit,1
477162321,2026-06-25T10:19:53Z,1782382793000,0x90aec23a5ccf8a22a47cfcbc94201a24535bffcfb978e7996c447deb7238181e,11,0x2df1c51e09aecf9cacb7bc98cb1742757f163df7,0xc252b35e96f8623f78d18faced77518acc68b185,916.04,withdraw,1
477162321,2026-06-25T10:19:53Z,1782382793000,0x90aec23a5ccf8a22a47cfcbc94201a24535bffcfb978e7996c447deb7238181e,13,0x2df1c51e09aecf9cacb7bc98cb1742757f163df7,0x2b13ab3f997c2e3bfa7637088733c35724690588,7.35,withdraw,1
477162321,2026-06-25T10:19:53Z,1782382793000,0x90aec23a5ccf8a22a47cfcbc94201a24535bffcfb978e7996c447deb7238181e,15,0x2df1c51e09aecf9cacb7bc98cb1742757f163df7,0xfaa90f6f20bf9169b01827679ec72b3383929d93,17.33,withdraw,1
477162487,2026-06-25T10:20:35Z,1782382835000,0x8f490ccc742f6e775f926df1c36ead1b6406365831b540239fde4570326bc75c,17,0x29d06776f2804e0c128f17e2eab1e6f9ee4b887b,0x2df1c51e09aecf9cacb7bc98cb1742757f163df7,185.611158,deposit,1
477162522,2026-06-25T10:20:43Z,1782382843000,0x354e94deb6c301a9f500ccdf82775b87d70496fbbaf01a33dce74c0f3ec72cd4,9,0x2df1c51e09aecf9cacb7bc98cb1742757f163df7,0x75c463a6254af2d94bb90562f88a2c4aa5c2855f,74.4,withdraw,1
477162572,2026-06-25T10:20:56Z,1782382856000,0x4e4f86ba90eaab5493c92a543ea9bcc3987bb56fd58d30184ad369eea4d7f053,3,0xfc6591e9c310844abb2f92880e3d59192680fa95,0x2df1c51e09aecf9cacb7bc98cb1742757f163df7,1200.0,deposit,1
477162579,2026-06-25T10:20:58Z,1782382858000,0xd88ef0022bb9dbf3e1839cd8038469e4d1a95779e9702316c8bfca6ac0bb2529,6,0x126a811f89138443ee0ae83ed41c984f54cd7f9c,0x2df1c51e09aecf9cacb7bc98cb1742757f163df7,5.110733,deposit,1
477162615,2026-06-25T10:21:07Z,1782382867000,0x9ca3a398e194a5016f0147c9f2d0d078b8fb2c647d3b963592bcfe7012f723c3,2,0xf5e819463873afd092e5d9505bb137cc4aabaa87,0x2df1c51e09aecf9cacb7bc98cb1742757f163df7,283.653548,deposit,1
477162700,2026-06-25T10:21:28Z,1782382888000,0x20b5c8358ad6a0f710eb289752be4fa2ee2cb5c786eb906ec90793583d09be98,0,0x2df1c51e09aecf9cacb7bc98cb1742757f163df7,0x9fd4ffe87187b8d43c5e5cdba5c038961774241d,785.0,withdraw,1
477162700,2026-06-25T10:21:28Z,1782382888000,0x20b5c8358ad6a0f710eb289752be4fa2ee2cb5c786eb906ec90793583d09be98,2,0x2df1c51e09aecf9cacb7bc98cb1742757f163df7,0x9fd4ffe87187b8d43c5e5cdba5c038961774241d,258.0,withdraw,1
477162767,2026-06-25T10:21:45Z,1782382905000,0xa3d02ca836a73814ba1243ef7a52aca0ca2290edd96018b5de6cca9e89e7822f,23,0x08cbbfd46f38881733898ba73e8abc044c97cade,0x2df1c51e09aecf9cacb7bc98cb1742757f163df7,20.920368,deposit,1
477162816,2026-06-25T10:21:57Z,1782382917000,0x2f3742d09537888091a8fccf61ca2feb7497ed388cba73a47107618044fadc86,8,0x2df1c51e09aecf9cacb7bc98cb1742757f163df7,0x47484a34d0325b972c96a8f9c359fd6003ddf846,999.0,withdraw,1
477162845,2026-06-25T10:22:04Z,1782382924000,0x0eebb4e829af67c8f4c89590f9a602479ba6dd4098f6c387c71ab0dbac5e0e7a,1,0xa062b2e11889f4b7d61098b20ac1c54d088a1d59,0x2df1c51e09aecf9cacb7bc98cb1742757f163df7,845.798437,deposit,1
477162854,2026-06-25T10:22:07Z,1782382927000,0xdb0493354a7acb429ddea3de423567fc4ae75525af06e3c2c574216055d6989f,29,0xf356788528d0deff262791718cd9ea99c4f6559f,0x2df1c51e09aecf9cacb7bc98cb1742757f163df7,19.776861,deposit,1
477162919,2026-06-25T10:22:23Z,1782382943000,0xb0801bf0ff01328daaf82e6270f4e86ee4454228f93ae4b5ca8a71e240884644,6,0x1f405eb733405cfb1367d382357b1d4bbe9f53be,0x2df1c51e09aecf9cacb7bc98cb1742757f163df7,10.0,deposit,1
477162996,2026-06-25T10:22:42Z,1782382962000,0x38d605105d53fbb15363cfdf153db3eb545924dbcbdfc82d306a4aefff7bf440,4,0x2df1c51e09aecf9cacb7bc98cb1742757f163df7,0x2e007ab897e0a0750bbbec00ce100b05b25f4419,61.73,withdraw,1
477163021,2026-06-25T10:22:48Z,1782382968000,0x3575b0c5b02d5fc20fb1fa6b439e05ee358fec77fe90a2afea81daa8f6b44352,25,0x126a811f89138443ee0ae83ed41c984f54cd7f9c,0x2df1c51e09aecf9cacb7bc98cb1742757f163df7,113.571834,deposit,1
477163414,2026-06-25T10:24:27Z,1782383067000,0xda93ced3c8ab193e7b0770e381713bc1fc1e3572b64b6532c270eb6c2c91ad38,0,0x2df1c51e09aecf9cacb7bc98cb1742757f163df7,0x8cce72754dbc9eb05c81a387e1ec8d172b42117a,20.57,withdraw,1
477163623,2026-06-25T10:25:18Z,1782383118000,0x1f9354b3b6819c9886338db8d9f6781cf68ee2f915e24d841e0df25406013641,25,0x2df1c51e09aecf9cacb7bc98cb1742757f163df7,0x9fd4ffe87187b8d43c5e5cdba5c038961774241d,181.0,withdraw,1
477163623,2026-06-25T10:25:18Z,1782383118000,0x1f9354b3b6819c9886338db8d9f6781cf68ee2f915e24d841e0df25406013641,27,0x2df1c51e09aecf9cacb7bc98cb1742757f163df7,0x9fd4ffe87187b8d43c5e5cdba5c038961774241d,907.0,withdraw,1
477163794,2026-06-25T10:26:01Z,1782383161000,0xd9ec05b335ce85b45a725a9fee46d148ae5469ae8b97c0e5656854888c2e6fd4,0,0x480608565caf0141e6785d390093c0e49981ee12,0x2df1c51e09aecf9cacb7bc98cb1742757f163df7,250.000025,deposit,1
477163822,2026-06-25T10:26:08Z,1782383168000,0x723576dac8181cd2b878acf222d3c514e1b4d814bea044342785af2246251a9f,19,0x6caa9632482bede8f66e6b675a603f7890dcde18,0x2df1c51e09aecf9cacb7bc98cb1742757f163df7,1008.58,deposit,1
477163856,2026-06-25T10:26:16Z,1782383176000,0xa693dd7cd9e797f0a81c91068518ec16c3e9526e39d1717f6d38fb7708a2c8df,9,0xf39687cc40cee5d879cbb27b64626042f6a4d691,0x2df1c51e09aecf9cacb7bc98cb1742757f163df7,12.0,deposit,1
477163911,2026-06-25T10:26:30Z,1782383190000,0x8ad5ec90b36057c4592990100f80e4274b1fbdfdfab37aae68ae528a4ec3b927,4,0x2df1c51e09aecf9cacb7bc98cb1742757f163df7,0x12f01df0f6d8460cd96370471ceb6b101c96df0d,155.37,withdraw,1
477163997,2026-06-25T10:26:52Z,1782383212000,0x8ba59097664ff732a41ae3d5c1afeff82457c58afb00cfb825c5c6b7406024c8,7,0x126a811f89138443ee0ae83ed41c984f54cd7f9c,0x2df1c51e09aecf9cacb7bc98cb1742757f163df7,170.367426,deposit,1
477164110,2026-06-25T10:27:20Z,1782383240000,0xa15b653158b9ee951f5dc917bf336928192a0cdbb606f96cfcbc8a8736057702,1,0x5e2c3ecc4d2dd430ad446ca3abf289cb4f0f153e,0x2df1c51e09aecf9cacb7bc98cb1742757f163df7,212.809156,deposit,1
477164117,2026-06-25T10:27:22Z,1782383242000,0xcda18fb73757356929ad6becc253f4271950fb234ead0f7477947bc61de40d3c,7,0x2df1c51e09aecf9cacb7bc98cb1742757f163df7,0x9fd4ffe87187b8d43c5e5cdba5c038961774241d,2681.0,withdraw,1
477164117,2026-06-25T10:27:22Z,1782383242000,0xcda18fb73757356929ad6becc253f4271950fb234ead0f7477947bc61de40d3c,9,0x2df1c51e09aecf9cacb7bc98cb1742757f163df7,0x5d268481a2c5c72b5e84ee9c03e938801c53cf32,9.0,withdraw,1
477164117,2026-06-25T10:27:22Z,1782383242000,0xcda18fb73757356929ad6becc253f4271950fb234ead0f7477947bc61de40d3c,11,0x2df1c51e09aecf9cacb7bc98cb1742757f163df7,0x5d268481a2c5c72b5e84ee9c03e938801c53cf32,99.0,withdraw,1
477164197,2026-06-25T10:27:42Z,1782383262000,0xe74cf5d3093f3d60d36e15883a60c9aee4d997803549ddfb7a95abe2b349b0d5,23,0x2df1c51e09aecf9cacb7bc98cb1742757f163df7,0xac89e080b7aff490a6756fa320ebd55417415de8,2710.03,withdraw,1
477164299,2026-06-25T10:28:07Z,1782383287000,0x3d0aa0d2dfe702db02fe2be1a34f8cfc789edf2aff2838831f5e3f9235183c52,3,0x2df1c51e09aecf9cacb7bc98cb1742757f163df7,0x1f405eb733405cfb1367d382357b1d4bbe9f53be,4.0,withdraw,1
477164369,2026-06-25T10:28:25Z,1782383305000,0xc8aabbea0678fcd978dfc3201cba38eba908b1d75bdc63696183997103b5aaae,5,0x126a811f89138443ee0ae83ed41c984f54cd7f9c,0x2df1c51e09aecf9cacb7bc98cb1742757f163df7,227.156568,deposit,1
477164405,2026-06-25T10:28:34Z,1782383314000,0x60be16279b6d778b4a75149956f5dd06905797a2a3e167b743d37f402db39941,7,0x9bb5147ce3ad8e4e2cb0811ca31c194ccc545e7b,0x2df1c51e09aecf9cacb7bc98cb1742757f163df7,13.933525,deposit,1
477164412,2026-06-25T10:28:36Z,1782383316000,0x80795d4e73f40b1b0b3d6fca71931269757fcb88419245b7bdb30b02e98d5e9a,7,0x2df1c51e09aecf9cacb7bc98cb1742757f163df7,0xc15e1f2f700b42985f59272c2d6616d82285c0c4,31402.08,withdraw,1
477164520,2026-06-25T10:29:03Z,1782383343000,0x1826bafaac4ced85645045e443312ff0781706e22579558bb9c48bbd38e0bf51,5,0x023a3d058020fb76cca98f01b3c48c8938a22355,0x2df1c51e09aecf9cacb7bc98cb1742757f163df7,99999.96,deposit,1
477164521,2026-06-25T10:29:03Z,1782383343000,0xce4280d5cf577cc74cad29117a359c32d327fe539cb8d983422dddabab245e7f,20,0x023a3d058020fb76cca98f01b3c48c8938a22355,0x2df1c51e09aecf9cacb7bc98cb1742757f163df7,99999.96,deposit,1
477164524,2026-06-25T10:29:04Z,1782383344000,0xb9243854bbd4b21c0c04e4af3fb806e6fac217464c5ce4272272bff6f2914c5e,17,0x023a3d058020fb76cca98f01b3c48c8938a22355,0x2df1c51e09aecf9cacb7bc98cb1742757f163df7,99999.96,deposit,1
477164525,2026-06-25T10:29:04Z,1782383344000,0x661065fd384633245ea4f4125be1aacb6a6243daf84d247cfd6d054c5278f997,12,0x023a3d058020fb76cca98f01b3c48c8938a22355,0x2df1c51e09aecf9cacb7bc98cb1742757f163df7,99999.96,deposit,1
477164527,2026-06-25T10:29:04Z,1782383344000,0xf5f31d151faff82787a1102d007d35bfbf7045fe33bd4dc496c24a7234a1bc42,9,0x023a3d058020fb76cca98f01b3c48c8938a22355,0x2df1c51e09aecf9cacb7bc98cb1742757f163df7,99999.96,deposit,1
477164693,2026-06-25T10:29:46Z,1782383386000,0x2cad3660787da12ee650ce29853baafa1f8e4e733857d2fda73777704d64f040,4,0x18b6ab29856b34e88fe9cac746451b7d90eab050,0x2df1c51e09aecf9cacb7bc98cb1742757f163df7,500.0,deposit,1
477164708,2026-06-25T10:29:50Z,1782383390000,0x98fb1aa2a60837b1dc8386501c228d7caafe66554f21b05fe00126ed85d1b0ab,0,0x29d06776f2804e0c128f17e2eab1e6f9ee4b887b,0x2df1c51e09aecf9cacb7bc98cb1742757f163df7,124.409161,deposit,1
477164755,2026-06-25T10:30:02Z,1782383402000,0x56bd5bb0f0000c63cb5720f0102f8648227e09f8ede1e5f9dfd3af9f22a43369,13,0x126a811f89138443ee0ae83ed41c984f54cd7f9c,0x2df1c51e09aecf9cacb7bc98cb1742757f163df7,253.250809,deposit,1
477164978,2026-06-25T10:30:56Z,1782383456000,0x9c4bf7acd29f0a1ba3936add52d6f6c8351fc5955b80d343b691d337887335de,16,0x2df1c51e09aecf9cacb7bc98cb1742757f163df7,0xa68ff989859108343f4272b3baab5b6857638ae5,11.7,withdraw,1
477165019,2026-06-25T10:31:06Z,1782383466000,0x43f637e6ba97cf67ed76ea0a7ae7614410ba9b902e5562c7bbe791117e61737e,19,0x126a811f89138443ee0ae83ed41c984f54cd7f9c,0x2df1c51e09aecf9cacb7bc98cb1742757f163df7,254.56832,deposit,1
477165019,2026-06-25T10:31:06Z,1782383466000,0x43f637e6ba97cf67ed76ea0a7ae7614410ba9b902e5562c7bbe791117e61737e,21,0xbcadf6e4531e34a75ed97963138d90f6609db6f3,0x2df1c51e09aecf9cacb7bc98cb1742757f163df7,2268.107259,deposit,1
477165087,2026-06-25T10:31:23Z,1782383483000,0x19d15baf4e995597c6e2dd642f111159c5e0c4ba5861917e7ca1ff10e6fecfc0,10,0x2df1c51e09aecf9cacb7bc98cb1742757f163df7,0xf516e22c27fc1018632bac70906345b34a36e3ea,11.17,withdraw,1
477165277,2026-06-25T10:32:11Z,1782383531000,0xb9faa20188ae137bc81d2ebe15687a0dcc75d29406d7020fbaba51bd34d22716,6,0x2df1c51e09aecf9cacb7bc98cb1742757f163df7,0x9bc8e04d1afc85301ef31ed06ed9894b29f016e3,7.11,withdraw,1
477165280,2026-06-25T10:32:12Z,1782383532000,0x171ef1c3ad2dc41fb2dcf1e1a02b63687ed699843a2a0de69f779de20c779e8d,1,0x18b6ab29856b34e88fe9cac746451b7d90eab050,0x2df1c51e09aecf9cacb7bc98cb1742757f163df7,8902.76,deposit,1
477165483,2026-06-25T10:33:02Z,1782383582000,0xbd16ae852024f052ebb697a232e0030e642303c536048e566e570bc5d03409af,4,0x142e6e98664a94473614ef5e0d68579355639b56,0x2df1c51e09aecf9cacb7bc98cb1742757f163df7,10.0,deposit,1
477165743,2026-06-25T10:34:08Z,1782383648000,0xafc7892deeb490ffdb86efd7f052dec6f4df7c825a5294f05970f3a47f62814e,17,0x2df1c51e09aecf9cacb7bc98cb1742757f163df7,0xac02887505d1ad7e00197a0a81acc22f21d05194,27.53,withdraw,1
477165743,2026-06-25T10:34:08Z,1782383648000,0xafc7892deeb490ffdb86efd7f052dec6f4df7c825a5294f05970f3a47f62814e,19,0x2df1c51e09aecf9cacb7bc98cb1742757f163df7,0xac02887505d1ad7e00197a0a81acc22f21d05194,91.0,withdraw,1
477165750,2026-06-25T10:34:09Z,1782383649000,0xcf502cf7cbdd78071fde29ed393f44b3509a99881cc69f63a953c2eb23573f47,0,0x17671b895e04d058c18fb4672ca4c3a361aa7970,0x2df1c51e09aecf9cacb7bc98cb1742757f163df7,8.701475,deposit,1
477165750,2026-06-25T10:34:09Z,1782383649000,0x3548a8edff8f817814de682e0990f725896b6a465b1de4692dd3f974d4a18971,6,0x621fce16d9b2a585fbad5ec66c04dae994866532,0x2df1c51e09aecf9cacb7bc98cb1742757f163df7,300.399,deposit,1
477165819,2026-06-25T10:34:27Z,1782383667000,0x3db2ce780e4227c4fb50e5ba768fd84027211ba632eed6a7402f2c7aefbbdb5b,6,0x302e2832f6df7ef66c049c6a0568e4ae6d25d5b7,0x2df1c51e09aecf9cacb7bc98cb1742757f163df7,58.74,deposit,1
477165984,2026-06-25T10:35:08Z,1782383708000,0x2e9861e2c6222ddb23e18b20295ee3cf5d8449f1a0e87608c01e251d2923f0b2,0,0xfbec3225a4c7a322cfe38032663290a3fe779fab,0x2df1c51e09aecf9cacb7bc98cb1742757f163df7,23.396383,deposit,1
477166027,2026-06-25T10:35:19Z,1782383719000,0x02bd6b359156178ede57d2485b2b6d911745e0ea143f45c293f4a67aaf395bc3,29,0x209b2cbd68fbf801fabcaf06b9b4d417c3782cdc,0x2df1c51e09aecf9cacb7bc98cb1742757f163df7,1500.000088,deposit,1
477166180,2026-06-25T10:35:57Z,1782383757000,0xdc3b89c3c74f65ff04e958fe27c8fef646a381f42335fd3640acabdba0a7aa2c,10,0x142e6e98664a94473614ef5e0d68579355639b56,0x2df1c51e09aecf9cacb7bc98cb1742757f163df7,219.875858,deposit,1
477166333,2026-06-25T10:36:35Z,1782383795000,0x9443fc5ff53a2f8fc40c8298ea73bdeb89d30a25db5ca8d2a9753dd832648912,14,0x2df1c51e09aecf9cacb7bc98cb1742757f163df7,0xc47185fbfa311a20b12a7f36c8240e2330370c3b,51.53,withdraw,1
477166365,2026-06-25T10:36:43Z,1782383803000,0xac962b0534269d5a177f7f4b9c36611324315550a7fcb9894d119fb773e41ee6,0,0x66db17593d33354f61c673b3d5e1b7e5b7a7e3f5,0x2df1c51e09aecf9cacb7bc98cb1742757f163df7,69.863802,deposit,1
477166387,2026-06-25T10:36:49Z,1782383809000,0x4b4d63fc785e1dce83c689abd1e315bb606da20ec4d11c814269aba3fe04931c,463,0xeb124e10258fdf138a65fc9272d99a36e54fe05a,0x2df1c51e09aecf9cacb7bc98cb1742757f163df7,9.9,deposit,1
477166550,2026-06-25T10:37:29Z,1782383849000,0x421bba7c462d99f27ac0566e261b6184eafb6817792c622c544f5c5a6d53efcf,51,0x45139157214b0bf2a405322985b886d0cfaa2e0d,0x2df1c51e09aecf9cacb7bc98cb1742757f163df7,5.8,deposit,1
477166622,2026-06-25T10:37:47Z,1782383867000,0x5bb0d03085872ec2a73579751b28387ba6c6dbfa8d19e02c005394385fc85d3d,8,0xf7bed63e60cb8ad48247a4f9fec0051d21500947,0x2df1c51e09aecf9cacb7bc98cb1742757f163df7,5600.0,deposit,1
477166641,2026-06-25T10:37:51Z,1782383871000,0xae10118864fda094177c299321f8e95039c19bf72984a703fce92cf82192ec82,14,0x2df1c51e09aecf9cacb7bc98cb1742757f163df7,0x2b93d1492c53e6c29306cbbd72a6a77d4bea0cf8,2591.09,withdraw,1
477166717,2026-06-25T10:38:10Z,1782383890000,0x9229a5386b4083899caa7abdf7aac19c1708a13c967a7b5c282ede9220afaed3,179,0x108fca88e37743c3a76b0f0eec40dc042ed5109a,0x2df1c51e09aecf9cacb7bc98cb1742757f163df7,14.0,deposit,1
477166758,2026-06-25T10:38:21Z,1782383901000,0x0ddccdd55bb552826ded5cef20a384aa28b42b87f5f17a5e9c3348d5e9fd8d78,6,0x2df1c51e09aecf9cacb7bc98cb1742757f163df7,0x526d5ab8e1f05fb4434d69dc2356031b5ce34969,4.0,withdraw,1
477166758,2026-06-25T10:38:21Z,1782383901000,0x0ddccdd55bb552826ded5cef20a384aa28b42b87f5f17a5e9c3348d5e9fd8d78,8,0x2df1c51e09aecf9cacb7bc98cb1742757f163df7,0x4bf1a9574540de3b3f488f57566e0d7b69067c18,5.13,withdraw,1
477166877,2026-06-25T10:38:50Z,1782383930000,0xacbd89289fe860b71453cd00316f5f9e3f2f6d838b70c24fda464537a9db31c9,0,0x2df1c51e09aecf9cacb7bc98cb1742757f163df7,0x5d268481a2c5c72b5e84ee9c03e938801c53cf32,4.0,withdraw,1
477166992,2026-06-25T10:39:19Z,1782383959000,0xc6fd577135c7980cc7dff202fed5aa86c736dddea9d75da9e357724a09e1cc3a,18,0x768fb57bac2c2af2fffd5762298d9e8c813f416d,0x2df1c51e09aecf9cacb7bc98cb1742757f163df7,88.0,deposit,1
477167179,2026-06-25T10:40:06Z,1782384006000,0x0f3150d58e9fbc4ddaa20b41e8b45cb54642e1db35d88c4479e78be93556b06e,5,0x126bdf513de92c6e1faa41bda8322316ee9cd33e,0x2df1c51e09aecf9cacb7bc98cb1742757f163df7,17.888651,deposit,1
477167190,2026-06-25T10:40:09Z,1782384009000,0x92bf676c97977dbcd1a2ff70288decb3e5e3367d819d81877a6a393315a60525,13,0x0b303a6f76be917efa336a2884350e0dba921f47,0x2df1c51e09aecf9cacb7bc98cb1742757f163df7,5.0,deposit,1
477167331,2026-06-25T10:40:44Z,1782384044000,0xdebc90f2b98b6518debaf25bb1295bc416c9fa7949a962b4634879aeb05d4861,4,0xf70da97812cb96acdf810712aa562db8dfa3dbef,0x2df1c51e09aecf9cacb7bc98cb1742757f163df7,236608.105839,deposit,1
477167427,2026-06-25T10:41:08Z,1782384068000,0x4a60f3428eeff9a7f2373d7f5e838a0729c673727b524640d9b99e194dab3216,1,0x2df1c51e09aecf9cacb7bc98cb1742757f163df7,0x28c70df736d20c6a834b5f4f3a2768e00ff02e45,5.13,withdraw,1
477167591,2026-06-25T10:41:49Z,1782384109000,0x2cea11ab73e87061f73bce8e51f61f9d438c32d7843de7b6c67dff2c879142ea,210,0x6e02c2d2f757435690a25d49175d2db0730fdf20,0x2df1c51e09aecf9cacb7bc98cb1742757f163df7,122.16983,deposit,1
477167690,2026-06-25T10:42:14Z,1782384134000,0x621bcd1668ba83da56ce60632253a3b04aa8d7bf9b6f52e2d0371b9e4df6f3d0,6,0x2df1c51e09aecf9cacb7bc98cb1742757f163df7,0x1f405eb733405cfb1367d382357b1d4bbe9f53be,4.0,withdraw,1
477167876,2026-06-25T10:43:01Z,1782384181000,0x6fd0633da3b8feb1656ba6d457c60b50dc38fa2ae937d7e957cf8022eee1ba41,23,0x2df1c51e09aecf9cacb7bc98cb1742757f163df7,0x22be29494cc4825d6f373c626029a3e8727788b3,0.53,withdraw,1
477167906,2026-06-25T10:43:08Z,1782384188000,0x4456ea11fe965712bbcc92bd37dda7d2b73058789631d42396f46c471f58ddc8,14,0xe62c9b5a101ed92c2c59fee814e3a47a374b3901,0x2df1c51e09aecf9cacb7bc98cb1742757f163df7,50.0,deposit,1
477168115,2026-06-25T10:43:59Z,1782384239000,0x09667c7253f6f6ce92bfa6670b20a3ec80045a865200ac65148948840eecea03,2,0xeb124e10258fdf138a65fc9272d99a36e54fe05a,0x2df1c51e09aecf9cacb7bc98cb1742757f163df7,131.696131,deposit,1
477168168,2026-06-25T10:44:13Z,1782384253000,0x266e4b5b4fc3024023716eeb38762b8fe5e30bd7cfe4c1baa683ec7a9cf6ff0a,10,0x2df1c51e09aecf9cacb7bc98cb1742757f163df7,0x9ced3bdc0e6ff65c3f072b0b5527184843ed4eaf,105.55,withdraw,1
477168168,2026-06-25T10:44:13Z,1782384253000,0x266e4b5b4fc3024023716eeb38762b8fe5e30bd7cfe4c1baa683ec7a9cf6ff0a,12,0x2df1c51e09aecf9cacb7bc98cb1742757f163df7,0x8716b5bd75028d56391f12be885620506f2a8488,47.75,withdraw,1
477168168,2026-06-25T10:44:13Z,1782384253000,0x266e4b5b4fc3024023716eeb38762b8fe5e30bd7cfe4c1baa683ec7a9cf6ff0a,14,0x2df1c51e09aecf9cacb7bc98cb1742757f163df7,0x862820ed1e7c29f1a2be680645b77d579aa98c46,36.0,withdraw,1
477168224,2026-06-25T10:44:27Z,1782384267000,0x7af48251753e26df6f30ac06cbba9518ce96419352e7994e6002f3cde0643d17,3,0x023a05733852cc3dfb0384a382628c46177768f5,0x2df1c51e09aecf9cacb7bc98cb1742757f163df7,998.810029,deposit,1
477168553,2026-06-25T10:45:49Z,1782384349000,0x0424746df1414b28370d47c8eca3a6e86d03ad7610c657965c26c93c3404063a,222,0x15a3ce94201fa3de08accef6210ac6b65acc0a7c,0x2df1c51e09aecf9cacb7bc98cb1742757f163df7,21.221145,deposit,1
477168702,2026-06-25T10:46:26Z,1782384386000,0x653cce498404c28caf8155a3b9f596afae8387a14d24a53cfbc0761ed4072035,15,0x93dede92849f6e50e399a0e506169c4be47dd1ac,0x2df1c51e09aecf9cacb7bc98cb1742757f163df7,9.6,deposit,1
477168736,2026-06-25T10:46:35Z,1782384395000,0x5fc69b64471be34df0d94acc914f607acb470cc2e662b80af447798e6ca1cf2f,18,0x0d87560cb058b41241e0db8971426aa40157ac67,0x2df1c51e09aecf9cacb7bc98cb1742757f163df7,19977.700079,deposit,1
477168912,2026-06-25T10:47:19Z,1782384439000,0x70e969f652b7a8a050c3ba02706ce46de5caa18d1dcc51838ea4f910568fd176,3,0x023a3d058020fb76cca98f01b3c48c8938a22355,0x2df1c51e09aecf9cacb7bc98cb1742757f163df7,359413.14,deposit,1
477169106,2026-06-25T10:48:08Z,1782384488000,0x3df5807490c867ea6b9a9f0861ec8a66ddbaefb89d0497b20e94c6532f74d482,15,0x2df1c51e09aecf9cacb7bc98cb1742757f163df7,0xe1b8ebfc9196fa4341d564b9d8b8df81f9e9d0ed,1299.0,withdraw,1
477169410,2026-06-25T10:49:24Z,1782384564000,0x9ff7c04740d358ba164065984563cfd5b669893486c42fd6b27ac88189cc7a49,9,0x240a05e0c715d274557e57fb0e68baf21bbe1414,0x2df1c51e09aecf9cacb7bc98cb1742757f163df7,33.583868,deposit,1
477169781,2026-06-25T10:50:56Z,1782384656000,0xb7f317e8a5287b093e7dec24e3abde213099589c2dd59eb2ef05f039bd4773e6,5,0x3adc3ba8d560c26c4f4ee7584570eafd35fc3cfd,0x2df1c51e09aecf9cacb7bc98cb1742757f163df7,1457.569004,deposit,1
477169928,2026-06-25T10:51:32Z,1782384692000,0xb46000bef9e37b844eeb356ca9d6b5afb2db4472203fb269c460aaafbc74cf46,12,0x93dede92849f6e50e399a0e506169c4be47dd1ac,0x2df1c51e09aecf9cacb7bc98cb1742757f163df7,989.316707,deposit,1
477170095,2026-06-25T10:52:14Z,1782384734000,0x271a650c0709d493b75335cc39d394e131b95f15b4431703bbb38abf0b6c90bb,6,0x3fc45f823e425dc19a5edbd93a2bdb9d3e04dba0,0x2df1c51e09aecf9cacb7bc98cb1742757f163df7,342.76,deposit,1
477170108,2026-06-25T10:52:18Z,1782384738000,0x57c8d8c6a6b06890227bd16a13401f7acedd88a8f4028a6d42ade44943bc7f8b,3,0xfe254e2b1d467bb8fa6781ec0c9b7fcd87b17246,0x2df1c51e09aecf9cacb7bc98cb1742757f163df7,10.0,deposit,1
477170257,2026-06-25T10:52:55Z,1782384775000,0x766ff113b971820158cd3d7d60895b8a8fb38e392982fa8b6ab33d294fed55c2,0,0x97bc05cadd2bb124cf78e474e240b1452de4d6b4,0x2df1c51e09aecf9cacb7bc98cb1742757f163df7,47.885609,deposit,1
477170872,2026-06-25T10:55:29Z,1782384929000,0x4ad759d0fb607a40d169de1b8d4ab42edbda3960bee35dc12e1cb260fe6b5605,51,0x2df1c51e09aecf9cacb7bc98cb1742757f163df7,0x63e3c07fdbcfa7dcee53cb880897f370169c44a1,1313.72,withdraw,1
477170922,2026-06-25T10:55:41Z,1782384941000,0x6378b010916ad27b79013f1734a842d7c2e5d56d832b90fb618c76f6192e40af,1,0x1784bd1e7c66fadf0637784b17b9eb3121953cce,0x2df1c51e09aecf9cacb7bc98cb1742757f163df7,30.0,deposit,1
477171100,2026-06-25T10:56:26Z,1782384986000,0x0ff76f7b932e84b6fd565e09485f3ac7c05ffad20acc30b868e3bc9a40fa927c,10,0x9017a34c7e7eb88259bc38e1940c60c5875f95ae,0x2df1c51e09aecf9cacb7bc98cb1742757f163df7,155.8134,deposit,1
477171267,2026-06-25T10:57:06Z,1782385026000,0x884d1977970387db360a58941150b95d9a19933a3f2775f8410a48e04c8a129c,23,0x505838efed7cc1b7d77f69a6204de5511918b910,0x2df1c51e09aecf9cacb7bc98cb1742757f163df7,600.0,deposit,1
477171272,2026-06-25T10:57:08Z,1782385028000,0xf5fb67dad9d1d4a6a671a1be63fd6b49a53a982c6a4d0cb887b99df947d454f1,9,0x1ac22338530e1b3fd79b1fe0098c0a064caa61ad,0x2df1c51e09aecf9cacb7bc98cb1742757f163df7,5.778519,deposit,1
477171312,2026-06-25T10:57:18Z,1782385038000,0xe6cee209de420d0a2cc0bcd8307561a6b7f5d692270211c2efd1bfde7b76fbdf,5,0x6f539d134b64f706daf5eca6c00086078a893215,0x2df1c51e09aecf9cacb7bc98cb1742757f163df7,124.883377,deposit,1
477172075,2026-06-25T11:00:29Z,1782385229000,0xc9dfad7a4c8d6bf643c54537d808a8672fcb4e448a7bed9c368e4463502df9ee,24,0x56ccdd84452c30a67c304f08aa6d31e3c09834b6,0x2df1c51e09aecf9cacb7bc98cb1742757f163df7,249.163802,deposit,1
477172258,2026-06-25T11:01:15Z,1782385275000,0xd5663c32af6002ac42965dc83df69b646b065e6619888b18d084986bdc7490bf,17,0x6f6384384d588a93376d90af481badd7b9e6d228,0x2df1c51e09aecf9cacb7bc98cb1742757f163df7,590.0,deposit,1
477172640,2026-06-25T11:02:50Z,1782385370000,0xac196639f1aff1e058f359f2dc51799d2a77457d2f66fde89615069842c0fd4b,14,0xf1ef9bb70eba733ee815f12e1b13516f8938d70d,0x2df1c51e09aecf9cacb7bc98cb1742757f163df7,100.599,deposit,1
477172881,2026-06-25T11:03:49Z,1782385429000,0x2e3ace0d49f0082ffb6c02a3fbb1b7ae5582d25c651a8b6cda7ffb5a7e1bd3c4,1,0x2df1c51e09aecf9cacb7bc98cb1742757f163df7,0x612528c759dc1f110a5d4c6d325454ad8b93d829,28039.536054,withdraw,1
477172940,2026-06-25T11:04:04Z,1782385444000,0x330e197feac41990a2df92212102c3bc551013ecc4e34266edf0b1489ec5cb20,22,0xf5e8af711209df102346f7cbaae1eea2e241a2d3,0x2df1c51e09aecf9cacb7bc98cb1742757f163df7,26.065015,deposit,1
477173044,2026-06-25T11:04:30Z,1782385470000,0xbc3e090771a420123862beafd009b5e1fcc23b33a37a87334061621b35be78ae,4,0x2df1c51e09aecf9cacb7bc98cb1742757f163df7,0x4b1805acd559f37c60bdfdefc3b761fc4eb303e4,99.0,withdraw,1
477173350,2026-06-25T11:05:47Z,1782385547000,0x2b9aab7b2a467e00a62b8343b58fe65b9b9bcd6a9af191eab59f6d1e25a7de0c,6,0x238f12bb715f3744e4afbcbf855022c4a1716fa5,0x2df1c51e09aecf9cacb7bc98cb1742757f163df7,199.0,deposit,1
477173363,2026-06-25T11:05:50Z,1782385550000,0x13c981af6ea4caf136aacf7aa7db3d6a10d4bf64e2744a4e134be96a1f094e7c,5,0x60d2f50321ffd9111b2ed7ce1e6f06b403f4a700,0x2df1c51e09aecf9cacb7bc98cb1742757f163df7,11.981767,deposit,1
477173430,2026-06-25T11:06:07Z,1782385567000,0x0ab75b6dac669f7d2fe4338f06d83d695976ac58088bbb1fcc6a0fa8ffed32bb,19,0x2df1c51e09aecf9cacb7bc98cb1742757f163df7,0x28b5fed8bb7dc59b0e083786f2ef596d0a357acb,126.0,withdraw,1
477173530,2026-06-25T11:06:32Z,1782385592000,0x62ea9f4c6c898a9ade308e048625eecdb8bd8c3abe246a1e08d04030431eea26,18,0x2df1c51e09aecf9cacb7bc98cb1742757f163df7,0x5d268481a2c5c72b5e84ee9c03e938801c53cf32,499.0,withdraw,1
477173579,2026-06-25T11:06:44Z,1782385604000,0x492d78f61f406d271b258c4365c028d21e0c32eb1af25e7cac7cb998a9344bc6,25,0x47ec77dcb080c0bf4e6d2acfdf92236b6d824f62,0x2df1c51e09aecf9cacb7bc98cb1742757f163df7,10.986392,deposit,1
477173621,2026-06-25T11:06:55Z,1782385615000,0xd5ce95dcc19542e64c03b7e020af2a9e68ac37fe46557eef303bf4aa141001ed,0,0x2df1c51e09aecf9cacb7bc98cb1742757f163df7,0x028de357763c37367047ccb1af499cd7489082ca,654.0035,withdraw,1
477173668,2026-06-25T11:07:06Z,1782385626000,0xc91a4a1d619605f4733729ba86442aef88954a2fe931340c10d268602a02bc73,75,0x028de357763c37367047ccb1af499cd7489082ca,0x2df1c51e09aecf9cacb7bc98cb1742757f163df7,654.0035,deposit,1
477173716,2026-06-25T11:07:18Z,1782385638000,0xfe3789bbcb86853ecb40249f398bc00e11a67b36a05c33f98d40db0cc55c0d00,20,0x3adc3ba8d560c26c4f4ee7584570eafd35fc3cfd,0x2df1c51e09aecf9cacb7bc98cb1742757f163df7,2298.797692,deposit,1
477174012,2026-06-25T11:08:33Z,1782385713000,0xd2860650792abd91e65934d1a6542383235b898e6d28c6cb36e189c89bd46d0c,16,0x2df1c51e09aecf9cacb7bc98cb1742757f163df7,0x8ba225e82e559951057e7d9d947ff2b9822defe2,14.0,withdraw,1
477174012,2026-06-25T11:08:33Z,1782385713000,0xd2860650792abd91e65934d1a6542383235b898e6d28c6cb36e189c89bd46d0c,18,0x2df1c51e09aecf9cacb7bc98cb1742757f163df7,0x080548f746b65c4cd2e2e4dff9614d695d8ea9d4,66.1537,withdraw,1
477174207,2026-06-25T11:09:21Z,1782385761000,0x53d6214eb68867e438430da4404819cfcf862ff5b7251a601ef1bb411a709fb5,2,0x1f405eb733405cfb1367d382357b1d4bbe9f53be,0x2df1c51e09aecf9cacb7bc98cb1742757f163df7,9.86,deposit,1
477174232,2026-06-25T11:09:27Z,1782385767000,0x9f04669904b11d3362eac29000eb391f40bebd4ea1ad6a37ff692fb00cad58b2,26,0xfb7eb0594f334260d260a11bdead372bc1a1cac6,0x2df1c51e09aecf9cacb7bc98cb1742757f163df7,993.3681,deposit,1
477174272,2026-06-25T11:09:37Z,1782385777000,0x53f1d7c8a71bcb0b389c5f56358554dd70605534d88da3021c90a473af3c637e,15,0x07706544267d60a6d5493b6cad8dfd742ad18f3c,0x2df1c51e09aecf9cacb7bc98cb1742757f163df7,110.159101,deposit,1
477174417,2026-06-25T11:10:13Z,1782385813000,0xfa9b1ec5d0d01ffb7a12fd50d9ce71e25514b79293746e3c38bbe1f586bee544,1,0x832d70450d8b6b5fe6af49d4ef84fde71323d964,0x2df1c51e09aecf9cacb7bc98cb1742757f163df7,9999.9967,deposit,1
477174458,2026-06-25T11:10:23Z,1782385823000,0xd35c40e7b300b228845b95c6cc920a665398c989ca8142ef7987f9ec94998e8d,10,0xcd5941e40c07bd283b19fa5a41f6173f7cbfbb1c,0x2df1c51e09aecf9cacb7bc98cb1742757f163df7,5.0,deposit,1
477174489,2026-06-25T11:10:31Z,1782385831000,0xb143604cceffa03fded1bd8932f112d89c8d51987b1b0e509cda92779569861d,30,0x2df1c51e09aecf9cacb7bc98cb1742757f163df7,0x96ed0b21d024b82a430386a3a1477324f25f0143,4.0,withdraw,1
477174513,2026-06-25T11:10:37Z,1782385837000,0x0f9a259d18ce0d1c1cdfb708899b0d8b16cfd2db1d9e3f7c8c444ccfbb982f8a,32,0xedbcc97f9ff150796a11314b4ff4ecac70b0e2cb,0x2df1c51e09aecf9cacb7bc98cb1742757f163df7,28.1,deposit,1
477174678,2026-06-25T11:11:18Z,1782385878000,0xd6ed6e4831cd6daa272dd63f3280c52ec229c21d681d489398361b9e2b9963a3,14,0x8c33618fc854c126e457ccba2eeab4ab80998916,0x2df1c51e09aecf9cacb7bc98cb1742757f163df7,10.0,deposit,1
477174770,2026-06-25T11:11:42Z,1782385902000,0x77083fcc18270306d5ef463d8d78b499c4fbbb49d77d1b661918ba623a841e5a,2,0xd769dd4a2ae14d7d992c96a9888865fc504b0867,0x2df1c51e09aecf9cacb7bc98cb1742757f163df7,2000.0,deposit,1
477174883,2026-06-25T11:12:10Z,1782385930000,0xbfcc2f4162dd39425ebb9cb403e49b90ee7ada016848b7a9ceba901dd1cf736a,2,0x64673e15a03d7af4bac3ecd2a1caca501d23dda1,0x2df1c51e09aecf9cacb7bc98cb1742757f163df7,9.949542,deposit,1
477174967,2026-06-25T11:12:31Z,1782385951000,0x69217ee5129b1abc74dceac6d41cda2d85ecebda9b10508dbe4d7ec3589d82ce,18,0xf16cec395c724c3fb00f188d36e0e0a1ed475c3f,0x2df1c51e09aecf9cacb7bc98cb1742757f163df7,14.864949,deposit,1
477175072,2026-06-25T11:12:57Z,1782385977000,0x8960c682a881a732db60fbba5cdcb01c29ee08425d525e2632238e6d588ca288,29,0x0dddb03b4ceb7b5e03dfd09b0d83e8bc3769ac4e,0x2df1c51e09aecf9cacb7bc98cb1742757f163df7,8.0,deposit,1
477175225,2026-06-25T11:13:36Z,1782386016000,0xec68c6b01e91c05b67ef471c278b62de0ff7f84f3467f31dffd9fadab8f5d651,6,0x8c33618fc854c126e457ccba2eeab4ab80998916,0x2df1c51e09aecf9cacb7bc98cb1742757f163df7,637.0,deposit,1
477175293,2026-06-25T11:13:53Z,1782386033000,0xc0bc0b343ade13a69173fafccfbc18bde5908de366729a15aea892fb6b3985e2,13,0x137bad057833e7b28c733e84962cab4247431fda,0x2df1c51e09aecf9cacb7bc98cb1742757f163df7,19.883911,deposit,1
477175417,2026-06-25T11:14:24Z,1782386064000,0x96d622791b567c31c3dbc0eab184e12e78a432ed7b7df68d01dbc15e130d838a,3,0x2df1c51e09aecf9cacb7bc98cb1742757f163df7,0x60bce92a6f6685a8e7cc721ed025c7b848dd52c2,12925.0,withdraw,1
477175525,2026-06-25T11:14:51Z,1782386091000,0x51e161d04fa327562761c3ac8079d9aa71db1e5b034f5942b892364f1630e33e,13,0x2df1c51e09aecf9cacb7bc98cb1742757f163df7,0x1f405eb733405cfb1367d382357b1d4bbe9f53be,3.0,withdraw,1
477175651,2026-06-25T11:15:22Z,1782386122000,0x0078e95b70c5fb40c5b487fddb85578e76a2932c542eb48635e97a42c7916545,9,0xf54c1be95caefe49e340fc1111a72507216b3069,0x2df1c51e09aecf9cacb7bc98cb1742757f163df7,5.001653,deposit,1
477175722,2026-06-25T11:15:40Z,1782386140000,0xd509b092714d5d40a52264db62d5e250fed305da44db15d9cd053146f9348e7d,6,0xf97d584938a4435b8de1c930a90708c5f5abddc0,0x2df1c51e09aecf9cacb7bc98cb1742757f163df7,13.988802,deposit,1
477175781,2026-06-25T11:15:55Z,1782386155000,0x68577b8b3042a06370f744547c1e1e9cdbba6f774ecb9cb6839a67520bc933ad,23,0x424ba013a8ad514206b2ca9127db9e1c0eee013e,0x2df1c51e09aecf9cacb7bc98cb1742757f163df7,150.0,deposit,1
477175861,2026-06-25T11:16:13Z,1782386173000,0x666b6be68bc2dbdfe0d6f0034cd5df608c58c5b8665eda7d3860f993044b7a94,19,0x56e61f1029a6f345b138c3c13ec9392cb26bae25,0x2df1c51e09aecf9cacb7bc98cb1742757f163df7,6282.124983,deposit,1
477175929,2026-06-25T11:16:30Z,1782386190000,0x97831bcda109c1d53f3cbbd980b23637fcd7445d48d589ad3e584ed79fdcbe4e,22,0xb09fd1865e1ece9a52bcf3915b73c7c7b81822bb,0x2df1c51e09aecf9cacb7bc98cb1742757f163df7,10000.0,deposit,1
477175967,2026-06-25T11:16:40Z,1782386200000,0x365e83d22a6b94d514ef1fcbda1c11cf5b57e4e720be787e5cced82132910087,15,0xf97d584938a4435b8de1c930a90708c5f5abddc0,0x2df1c51e09aecf9cacb7bc98cb1742757f163df7,2847.720456,deposit,1
477176010,2026-06-25T11:16:50Z,1782386210000,0x8e88a5855339a5e1717e9a64ab11682bddb7872d3d1333fb738c7142c0aa480d,34,0x2df1c51e09aecf9cacb7bc98cb1742757f163df7,0xcd50fbe5eeecd7da20d8265c12d3cbb893b133ee,35.8,withdraw,1
477176187,2026-06-25T11:17:35Z,1782386255000,0x3231bf080582f0811c9fd059a8bb8d18c0f4db553c8414905051095ad87c8c96,18,0x2df1c51e09aecf9cacb7bc98cb1742757f163df7,0x4b1c09fa8322548360a76a3747e32a60a864bc38,29210.0,withdraw,1
477176266,2026-06-25T11:17:55Z,1782386275000,0x1d68af1542bec28474036dd90f7df542e02fa22d39c89f69309cc559ae274015,23,0x0e14751f192ef1d57bd5ed97bafd371517b84526,0x2df1c51e09aecf9cacb7bc98cb1742757f163df7,338.682976,deposit,1
477176295,2026-06-25T11:18:02Z,1782386282000,0xe16c1ed36c05f8f4fba57ccf8a8fcbcbd8bd86cbdd2415dfef4331171831e64a,0,0x2df1c51e09aecf9cacb7bc98cb1742757f163df7,0x0dddb03b4ceb7b5e03dfd09b0d83e8bc3769ac4e,10.217075,withdraw,1
477176375,2026-06-25T11:18:22Z,1782386302000,0x9ebf3413be68e868040c28e8ab3eba07369b7e65f51a62d30119a0060ec6b112,1,0xabf957a9efba80dd08b2cf722403f189a39a6ac5,0x2df1c51e09aecf9cacb7bc98cb1742757f163df7,2999.996886,deposit,1
477176437,2026-06-25T11:18:37Z,1782386317000,0xffd9d5a319263221720bfdf364e8af0796a74114951daf996001c07a0c81713e,3,0x93e55598b423efee673f97773c8df8d311dec39c,0x2df1c51e09aecf9cacb7bc98cb1742757f163df7,299.860484,deposit,1
477176697,2026-06-25T11:19:43Z,1782386383000,0x66be865049607f9d893b4abc096d32464c24fb78a4702e939ec9fca4926065a4,7,0x21ed8665dabe127dba334147de0a73c2978f6995,0x2df1c51e09aecf9cacb7bc98cb1742757f163df7,1133.086854,deposit,1
477176844,2026-06-25T11:20:19Z,1782386419000,0x1a26ee69bc279553ff68d4ecaa35dfc710c892909a7ee7d057bc912b157782dc,20,0x07af36ab43ab156af5d32aa8be568fe202132cba,0x2df1c51e09aecf9cacb7bc98cb1742757f163df7,120.0,deposit,1
477176879,2026-06-25T11:20:28Z,1782386428000,0x876f572cdeebe5e4fadb1929234e575b19226887493b3e48e1115156b00dfe68,3,0x46d7c42ff31579f4dec7bb860c8f8ab6449590ce,0x2df1c51e09aecf9cacb7bc98cb1742757f163df7,20.427731,deposit,1
477176909,2026-06-25T11:20:36Z,1782386436000,0x989b17f1d9f635e38560d62dc8de1dde4839ae9c38cf32055ad5fe8573a6cb21,12,0x2df1c51e09aecf9cacb7bc98cb1742757f163df7,0x4a9efe9491df6ba3f6352ab0a474afb09614a3ec,271.33,withdraw,1
477176909,2026-06-25T11:20:36Z,1782386436000,0x989b17f1d9f635e38560d62dc8de1dde4839ae9c38cf32055ad5fe8573a6cb21,14,0x2df1c51e09aecf9cacb7bc98cb1742757f163df7,0x137bad057833e7b28c733e84962cab4247431fda,18.866486,withdraw,1
477176945,2026-06-25T11:20:45Z,1782386445000,0xd58532c0d6521e5eb9b126db1fd1380d9feff3ebcfba136fb5d0ba0b5ea2075e,26,0xcdd47f87aed167d67389f0dac2a53f2c064b2ced,0x2df1c51e09aecf9cacb7bc98cb1742757f163df7,22.697345,deposit,1
