block_number,block_timestamp_utc,block_timestamp_ms,tx_hash,log_index,event,topic0,user,amount_usdc,nonce,window_id
473126673,2026-06-13T16:54:57Z,1781369697000,0xa2367c59d5a66b27f4660e256a6dee07ef0d97349654de04e943379ed19b8bfa,29,FinalizedWithdrawal,0xe5c7fe3a4ffca1590f26d74c8ba8b0db69557f7f4607a2a43f82e93041611978,0xce196fdce30d967a21b309151bf39af6a81c5eae,12.651081,1781369458513000,7
473126673,2026-06-13T16:54:57Z,1781369697000,0xa2367c59d5a66b27f4660e256a6dee07ef0d97349654de04e943379ed19b8bfa,31,FinalizedWithdrawal,0xe5c7fe3a4ffca1590f26d74c8ba8b0db69557f7f4607a2a43f82e93041611978,0x10628b22e03030a6c1638790a9eef493d9bfe608,25.422375,1781369457869000,7
473126673,2026-06-13T16:54:57Z,1781369697000,0xa2367c59d5a66b27f4660e256a6dee07ef0d97349654de04e943379ed19b8bfa,33,FinalizedWithdrawal,0xe5c7fe3a4ffca1590f26d74c8ba8b0db69557f7f4607a2a43f82e93041611978,0xe430c40439dda86d14e08831805b2e663166b80f,21.826139,1781369458353000,7
473126673,2026-06-13T16:54:57Z,1781369697000,0xa2367c59d5a66b27f4660e256a6dee07ef0d97349654de04e943379ed19b8bfa,35,FinalizedWithdrawal,0xe5c7fe3a4ffca1590f26d74c8ba8b0db69557f7f4607a2a43f82e93041611978,0x3b7b8a2aa9d0e309d7dcddd48ef6359a80543dc7,21.108837,1781369458033000,7
473126673,2026-06-13T16:54:57Z,1781369697000,0xa2367c59d5a66b27f4660e256a6dee07ef0d97349654de04e943379ed19b8bfa,37,FinalizedWithdrawal,0xe5c7fe3a4ffca1590f26d74c8ba8b0db69557f7f4607a2a43f82e93041611978,0x8e17b38ae0943fa84c3d5a836a74471d651f77c4,15.763996,1781369458194000,7
473126777,2026-06-13T16:55:22Z,1781369722000,0x60e787fe2c835929edfcc9ae0164f7243f06a660f6cc2b702f4560290900ff62,4,RequestedWithdrawal,0xcc10abf54af5c0718b10b0156dfe1e369ce3eee72423e9e86936a0082e9c5d1b,0x14c7ffeeaf06c15c98aef41d598e9069fac74fd9,148.065056,1781369698423000,7
473126982,2026-06-13T16:56:13Z,1781369773000,0xe412c9969000f74e035cf1be7939045586541a0889a7de0a9d852599b45e4afd,57,FinalizedWithdrawal,0xe5c7fe3a4ffca1590f26d74c8ba8b0db69557f7f4607a2a43f82e93041611978,0x260ab86369c910121277541276a6dd2901de8a5b,49.0,1781369432155000,7
473127092,2026-06-13T16:56:41Z,1781369801000,0x20f99f972b9dbbaa966ec1f4e3bdb023ac1c457562616b81266a28b800601745,120,RequestedWithdrawal,0xcc10abf54af5c0718b10b0156dfe1e369ce3eee72423e9e86936a0082e9c5d1b,0x525a7956b65dc84af05f7dfc69ede9a62e620c6e,17.19,1781369791707000,7
473127099,2026-06-13T16:56:43Z,1781369803000,0x37e08cf495a2888dcb319e6fdfe42e11d07e4cb5a8792af727e87a0bf592426d,38,FinalizedWithdrawal,0xe5c7fe3a4ffca1590f26d74c8ba8b0db69557f7f4607a2a43f82e93041611978,0x707a207c5fa4551850c8f001b4299279741d3c83,126.77,1781369499978000,7
473127099,2026-06-13T16:56:43Z,1781369803000,0x37e08cf495a2888dcb319e6fdfe42e11d07e4cb5a8792af727e87a0bf592426d,40,FinalizedWithdrawal,0xe5c7fe3a4ffca1590f26d74c8ba8b0db69557f7f4607a2a43f82e93041611978,0xe1bc1d4ef5e4db9c26a5a6c074ec35aece0e3c49,24.25,1781369566960000,7
473127180,2026-06-13T16:57:03Z,1781369823000,0x57b871d3a747dcdb052dc63746301757ae9f5d45246dfc8e102be9eab2d27e0e,16,RequestedWithdrawal,0xcc10abf54af5c0718b10b0156dfe1e369ce3eee72423e9e86936a0082e9c5d1b,0x33e665dc37833c47b866b6b72800b4cc8d841c8c,22.27,1781369803367000,7
473127281,2026-06-13T16:57:28Z,1781369848000,0xc7d4b444cccc748ee93a866a6cdf29c2e6e6c1800f84bedd39930b14f3f0b756,0,RequestedWithdrawal,0xcc10abf54af5c0718b10b0156dfe1e369ce3eee72423e9e86936a0082e9c5d1b,0x7dd57240534dd82fa83235eee4fe5d14481dc303,201.976364,1781369832693000,7
473127663,2026-06-13T16:59:05Z,1781369945000,0xcfb418f6ef524680b09a54c45e2b27dfb978e5055a39bd4035a70128cf4d3487,4,FinalizedWithdrawal,0xe5c7fe3a4ffca1590f26d74c8ba8b0db69557f7f4607a2a43f82e93041611978,0x14c7ffeeaf06c15c98aef41d598e9069fac74fd9,148.065056,1781369698423000,7
473128014,2026-06-13T17:00:34Z,1781370034000,0xb208e1fa52a1e6e4746a358d9b85ec267b521a0345355a6fa71a5b2f8b8bcd43,0,RequestedWithdrawal,0xcc10abf54af5c0718b10b0156dfe1e369ce3eee72423e9e86936a0082e9c5d1b,0xefd564b47e43d64a0a4e4fc8fd24d7db33e1e96a,2075.970074,1781369522677000,7
473128098,2026-06-13T17:00:55Z,1781370055000,0x3871e644e4bb7bc0d22790dd6a5f8be748b81c9dfb9bbb839b82379ca9d4f5d6,1,FinalizedWithdrawal,0xe5c7fe3a4ffca1590f26d74c8ba8b0db69557f7f4607a2a43f82e93041611978,0x7dd57240534dd82fa83235eee4fe5d14481dc303,201.976364,1781369832693000,7
473128205,2026-06-13T17:01:22Z,1781370082000,0xe23cea443b757ebeda3ad3eeb25e24649b9fc60b2dfa6c83f8807984ea91469b,6,RequestedWithdrawal,0xcc10abf54af5c0718b10b0156dfe1e369ce3eee72423e9e86936a0082e9c5d1b,0xbdafc4514e551c00cf023cc2eecf49fcc9301e08,199.0,1781370064680000,7
473128551,2026-06-13T17:02:48Z,1781370168000,0x351fb0deb268cb07ce4f3784cf84f64bf5995c39a0af7994c662ed57a3bf6ac4,3,RequestedWithdrawal,0xcc10abf54af5c0718b10b0156dfe1e369ce3eee72423e9e86936a0082e9c5d1b,0x167274c9a0c20ab7673b1788e0f309ddad44fbe7,12.24,1781370104240000,7
473128551,2026-06-13T17:02:48Z,1781370168000,0x351fb0deb268cb07ce4f3784cf84f64bf5995c39a0af7994c662ed57a3bf6ac4,4,RequestedWithdrawal,0xcc10abf54af5c0718b10b0156dfe1e369ce3eee72423e9e86936a0082e9c5d1b,0x98af8e1be62ba31184899116136a07be3544b34e,11126.67,1781370142670000,7
473128669,2026-06-13T17:03:17Z,1781370197000,0x99450c9c99a15b74f4385dc1ab3a4ba22c0c9da99fb829910b6fbdee0561d2b7,1,FinalizedWithdrawal,0xe5c7fe3a4ffca1590f26d74c8ba8b0db69557f7f4607a2a43f82e93041611978,0x33e665dc37833c47b866b6b72800b4cc8d841c8c,22.27,1781369803367000,7
473128669,2026-06-13T17:03:17Z,1781370197000,0x99450c9c99a15b74f4385dc1ab3a4ba22c0c9da99fb829910b6fbdee0561d2b7,3,FinalizedWithdrawal,0xe5c7fe3a4ffca1590f26d74c8ba8b0db69557f7f4607a2a43f82e93041611978,0x525a7956b65dc84af05f7dfc69ede9a62e620c6e,17.19,1781369791707000,7
473128831,2026-06-13T17:03:59Z,1781370239000,0x3852d43f14689677333dec09e52675885079696000fdd5edcc8456aaee8b2d4e,0,RequestedWithdrawal,0xcc10abf54af5c0718b10b0156dfe1e369ce3eee72423e9e86936a0082e9c5d1b,0x72b8079ca05e65ddf9bd5b09b1a3be40e067b4ad,37.52,1781370231155000,7
473128837,2026-06-13T17:04:01Z,1781370241000,0x702a6592a36d8f73fc1573c47fda7e9cbe369c5f36fe4624e2e20b6a8f412b97,1,FinalizedWithdrawal,0xe5c7fe3a4ffca1590f26d74c8ba8b0db69557f7f4607a2a43f82e93041611978,0xefd564b47e43d64a0a4e4fc8fd24d7db33e1e96a,2075.970074,1781369522677000,7
473129018,2026-06-13T17:04:46Z,1781370286000,0x70a0d77b867919eeaa5bbf7bfa92fd1552fdc4f4d424894383f419bc06105f21,206,RequestedWithdrawal,0xcc10abf54af5c0718b10b0156dfe1e369ce3eee72423e9e86936a0082e9c5d1b,0x791c33845cbe058596f788b1d3bdbdb0f7e66e60,1.32,1781370174707000,7
473129322,2026-06-13T17:06:03Z,1781370363000,0x0286ae0ce9bebfe191aa654f1e5f7c03e2d9e6b502466a968fbd498c8172f625,36,FinalizedWithdrawal,0xe5c7fe3a4ffca1590f26d74c8ba8b0db69557f7f4607a2a43f82e93041611978,0xbdafc4514e551c00cf023cc2eecf49fcc9301e08,199.0,1781370064680000,7
473129591,2026-06-13T17:07:10Z,1781370430000,0x3460ec345a5654e7d068ecab4857ac90078d1353faef5714350dc337ecfc3f22,1,RequestedWithdrawal,0xcc10abf54af5c0718b10b0156dfe1e369ce3eee72423e9e86936a0082e9c5d1b,0x1d4677ceb74b3a3c1e5b937ab99609a91a8dc069,55.0,1781370343729000,7
473129591,2026-06-13T17:07:10Z,1781370430000,0x3460ec345a5654e7d068ecab4857ac90078d1353faef5714350dc337ecfc3f22,2,RequestedWithdrawal,0xcc10abf54af5c0718b10b0156dfe1e369ce3eee72423e9e86936a0082e9c5d1b,0x4810f61d8e849cc51bff61a7587bd9dffca4b666,3587.99858,1781370351688000,7
473129887,2026-06-13T17:08:24Z,1781370504000,0x4d206ca7e1301806c362462a54f79100fb894929d85262724391a679d621a58f,6,FinalizedWithdrawal,0xe5c7fe3a4ffca1590f26d74c8ba8b0db69557f7f4607a2a43f82e93041611978,0x791c33845cbe058596f788b1d3bdbdb0f7e66e60,1.32,1781370174707000,7
473130174,2026-06-13T17:09:36Z,1781370576000,0x048014840e13cebbd50389a6a68d9c81111d74d2dddeed95136a3604d209a9a8,6,RequestedWithdrawal,0xcc10abf54af5c0718b10b0156dfe1e369ce3eee72423e9e86936a0082e9c5d1b,0xbca5642b62be54630186b687bbb06d18afaaf5ba,99.0,1781370565239000,7
473130174,2026-06-13T17:09:36Z,1781370576000,0x048014840e13cebbd50389a6a68d9c81111d74d2dddeed95136a3604d209a9a8,7,RequestedWithdrawal,0xcc10abf54af5c0718b10b0156dfe1e369ce3eee72423e9e86936a0082e9c5d1b,0xe6d7ca320d6130845f14c7a606eff6bd8b6edf55,13.756247,1781370552482000,7
473130289,2026-06-13T17:10:05Z,1781370605000,0xb8c6bb5ead4fea093b16f59a335460ea0c99c9c061caaf039a452a3f4d3618bd,5,FinalizedWithdrawal,0xe5c7fe3a4ffca1590f26d74c8ba8b0db69557f7f4607a2a43f82e93041611978,0x98af8e1be62ba31184899116136a07be3544b34e,11126.67,1781370142670000,7
473130289,2026-06-13T17:10:05Z,1781370605000,0xb8c6bb5ead4fea093b16f59a335460ea0c99c9c061caaf039a452a3f4d3618bd,7,FinalizedWithdrawal,0xe5c7fe3a4ffca1590f26d74c8ba8b0db69557f7f4607a2a43f82e93041611978,0x72b8079ca05e65ddf9bd5b09b1a3be40e067b4ad,37.52,1781370231155000,7
473130289,2026-06-13T17:10:05Z,1781370605000,0xb8c6bb5ead4fea093b16f59a335460ea0c99c9c061caaf039a452a3f4d3618bd,9,FinalizedWithdrawal,0xe5c7fe3a4ffca1590f26d74c8ba8b0db69557f7f4607a2a43f82e93041611978,0x167274c9a0c20ab7673b1788e0f309ddad44fbe7,12.24,1781370104240000,7
473130477,2026-06-13T17:10:52Z,1781370652000,0xe6b42f4c1f47ce85665d09a57f6619b50b27a75fce83b40a66760e2e35b2ba0e,86,FinalizedWithdrawal,0xe5c7fe3a4ffca1590f26d74c8ba8b0db69557f7f4607a2a43f82e93041611978,0x4810f61d8e849cc51bff61a7587bd9dffca4b666,3587.99858,1781370351688000,7
473130477,2026-06-13T17:10:52Z,1781370652000,0xe6b42f4c1f47ce85665d09a57f6619b50b27a75fce83b40a66760e2e35b2ba0e,88,FinalizedWithdrawal,0xe5c7fe3a4ffca1590f26d74c8ba8b0db69557f7f4607a2a43f82e93041611978,0x1d4677ceb74b3a3c1e5b937ab99609a91a8dc069,55.0,1781370343729000,7
473130562,2026-06-13T17:11:13Z,1781370673000,0x0ef4d57109bb28cf273f9fc9eafb5414f0f58342bf263e424dac27935b58826b,5,RequestedWithdrawal,0xcc10abf54af5c0718b10b0156dfe1e369ce3eee72423e9e86936a0082e9c5d1b,0x3926690821d0cff8d1bb489f0039a1b274f4cebf,3367.94,1781370657073000,7
473130562,2026-06-13T17:11:13Z,1781370673000,0x0ef4d57109bb28cf273f9fc9eafb5414f0f58342bf263e424dac27935b58826b,6,RequestedWithdrawal,0xcc10abf54af5c0718b10b0156dfe1e369ce3eee72423e9e86936a0082e9c5d1b,0xac12cc33dc77cd83a3ece484ba0a8d817a44ce4d,900.046069,1781370570074000,7
473131089,2026-06-13T17:13:26Z,1781370806000,0x9871b61e15c70973f13c0f8cf02e07f69cfd35ad05a500e0cdf8c4871f0c6a8f,1,FinalizedWithdrawal,0xe5c7fe3a4ffca1590f26d74c8ba8b0db69557f7f4607a2a43f82e93041611978,0xe6d7ca320d6130845f14c7a606eff6bd8b6edf55,13.756247,1781370552482000,7
473131089,2026-06-13T17:13:26Z,1781370806000,0x9871b61e15c70973f13c0f8cf02e07f69cfd35ad05a500e0cdf8c4871f0c6a8f,3,FinalizedWithdrawal,0xe5c7fe3a4ffca1590f26d74c8ba8b0db69557f7f4607a2a43f82e93041611978,0xbca5642b62be54630186b687bbb06d18afaaf5ba,99.0,1781370565239000,7
473131672,2026-06-13T17:15:52Z,1781370952000,0x1b9cb552956f9c9054e10aa6d5d799798f147c213568217ea5cfd690af752350,34,FinalizedWithdrawal,0xe5c7fe3a4ffca1590f26d74c8ba8b0db69557f7f4607a2a43f82e93041611978,0x3926690821d0cff8d1bb489f0039a1b274f4cebf,3367.94,1781370657073000,7
473131672,2026-06-13T17:15:52Z,1781370952000,0x1b9cb552956f9c9054e10aa6d5d799798f147c213568217ea5cfd690af752350,36,FinalizedWithdrawal,0xe5c7fe3a4ffca1590f26d74c8ba8b0db69557f7f4607a2a43f82e93041611978,0xac12cc33dc77cd83a3ece484ba0a8d817a44ce4d,900.046069,1781370570074000,7
473132331,2026-06-13T17:18:38Z,1781371118000,0x1504c130ef96a63581a0d94a7fb5ef15071e5abb80c1a63de0ce25666d7321be,0,RequestedWithdrawal,0xcc10abf54af5c0718b10b0156dfe1e369ce3eee72423e9e86936a0082e9c5d1b,0x11b6a5fe2906f3354145613db0d99ceb51f604c9,286.5,1781371019083000,7
473132331,2026-06-13T17:18:38Z,1781371118000,0x1504c130ef96a63581a0d94a7fb5ef15071e5abb80c1a63de0ce25666d7321be,1,RequestedWithdrawal,0xcc10abf54af5c0718b10b0156dfe1e369ce3eee72423e9e86936a0082e9c5d1b,0x3144cc0e46bfe904ecd161de6347f8294990d388,4.0,1781370891473000,7
473132331,2026-06-13T17:18:38Z,1781371118000,0x1504c130ef96a63581a0d94a7fb5ef15071e5abb80c1a63de0ce25666d7321be,2,RequestedWithdrawal,0xcc10abf54af5c0718b10b0156dfe1e369ce3eee72423e9e86936a0082e9c5d1b,0x9660b7ce0f3deed7842711c82aee1a5feeefe383,199.0,1781370859087000,7
473132331,2026-06-13T17:18:38Z,1781371118000,0x1504c130ef96a63581a0d94a7fb5ef15071e5abb80c1a63de0ce25666d7321be,3,RequestedWithdrawal,0xcc10abf54af5c0718b10b0156dfe1e369ce3eee72423e9e86936a0082e9c5d1b,0x9e422766b1508e9b4de4ec82f696f65e49468c8d,99.0,1781370859916000,7
473132331,2026-06-13T17:18:38Z,1781371118000,0x1504c130ef96a63581a0d94a7fb5ef15071e5abb80c1a63de0ce25666d7321be,4,RequestedWithdrawal,0xcc10abf54af5c0718b10b0156dfe1e369ce3eee72423e9e86936a0082e9c5d1b,0xed967e7ceed3b38e3e6dd06e88c25fabdd3e0d2c,2199.0,1781370851802000,7
473132951,2026-06-13T17:21:13Z,1781371273000,0x73a23aa4b5d60fa73c113b7e5e95f299af7e1f8cfb4c6968e2f33c2ecb10b4a0,0,RequestedWithdrawal,0xcc10abf54af5c0718b10b0156dfe1e369ce3eee72423e9e86936a0082e9c5d1b,0x70b5fac2e52f3d999b5fcf359d8421076a080a61,9.0,1781371248730000,7
473132951,2026-06-13T17:21:13Z,1781371273000,0x73a23aa4b5d60fa73c113b7e5e95f299af7e1f8cfb4c6968e2f33c2ecb10b4a0,1,RequestedWithdrawal,0xcc10abf54af5c0718b10b0156dfe1e369ce3eee72423e9e86936a0082e9c5d1b,0x8daf06fc19d63d64c706b8cdb9a5b91c4791443c,120.52,1781371247093000,7
473133213,2026-06-13T17:22:19Z,1781371339000,0x6321be56bbd9a1489dede227bb69bad587053436f71e43427c8f1cfb81521553,2,FinalizedWithdrawal,0xe5c7fe3a4ffca1590f26d74c8ba8b0db69557f7f4607a2a43f82e93041611978,0x9e422766b1508e9b4de4ec82f696f65e49468c8d,99.0,1781370859916000,7
473133213,2026-06-13T17:22:19Z,1781371339000,0x6321be56bbd9a1489dede227bb69bad587053436f71e43427c8f1cfb81521553,4,FinalizedWithdrawal,0xe5c7fe3a4ffca1590f26d74c8ba8b0db69557f7f4607a2a43f82e93041611978,0x3144cc0e46bfe904ecd161de6347f8294990d388,4.0,1781370891473000,7
473133213,2026-06-13T17:22:19Z,1781371339000,0x6321be56bbd9a1489dede227bb69bad587053436f71e43427c8f1cfb81521553,6,FinalizedWithdrawal,0xe5c7fe3a4ffca1590f26d74c8ba8b0db69557f7f4607a2a43f82e93041611978,0xed967e7ceed3b38e3e6dd06e88c25fabdd3e0d2c,2199.0,1781370851802000,7
473133213,2026-06-13T17:22:19Z,1781371339000,0x6321be56bbd9a1489dede227bb69bad587053436f71e43427c8f1cfb81521553,8,FinalizedWithdrawal,0xe5c7fe3a4ffca1590f26d74c8ba8b0db69557f7f4607a2a43f82e93041611978,0x11b6a5fe2906f3354145613db0d99ceb51f604c9,286.5,1781371019083000,7
473133213,2026-06-13T17:22:19Z,1781371339000,0x6321be56bbd9a1489dede227bb69bad587053436f71e43427c8f1cfb81521553,10,FinalizedWithdrawal,0xe5c7fe3a4ffca1590f26d74c8ba8b0db69557f7f4607a2a43f82e93041611978,0x9660b7ce0f3deed7842711c82aee1a5feeefe383,199.0,1781370859087000,7
473133288,2026-06-13T17:22:38Z,1781371358000,0xee024812c78ef83e1119afb56f46e42ca3730ff53653b85ee4c65c905e40d01b,0,RequestedWithdrawal,0xcc10abf54af5c0718b10b0156dfe1e369ce3eee72423e9e86936a0082e9c5d1b,0xab48377f0e59141f00252b7af36ab686a18d427b,75.751752,1781371338652000,7
473133466,2026-06-13T17:23:23Z,1781371403000,0x4c2f311b4960a8611468971aa36f731c854faeefe011c64540da4213c3bb6196,0,RequestedWithdrawal,0xcc10abf54af5c0718b10b0156dfe1e369ce3eee72423e9e86936a0082e9c5d1b,0x998ed5f23b34195bbce46a75c547db3156b960cd,14.26,1781371397843000,7
473133669,2026-06-13T17:24:14Z,1781371454000,0x558c23fde39886653cf4b02e4a27c6ef419258d69105c5ceaa323c9fad350b48,2,RequestedWithdrawal,0xcc10abf54af5c0718b10b0156dfe1e369ce3eee72423e9e86936a0082e9c5d1b,0x5b6dbe7cbcfe8f2968572cc0d8abd9441b023371,99.0,1781371436122000,7
473134018,2026-06-13T17:25:42Z,1781371542000,0x9cda2310ef4ae9665798f9c2ec8717a62641e9a635abc03d2ec601e1f1132478,1,FinalizedWithdrawal,0xe5c7fe3a4ffca1590f26d74c8ba8b0db69557f7f4607a2a43f82e93041611978,0x70b5fac2e52f3d999b5fcf359d8421076a080a61,9.0,1781371248730000,7
473134018,2026-06-13T17:25:42Z,1781371542000,0x9cda2310ef4ae9665798f9c2ec8717a62641e9a635abc03d2ec601e1f1132478,3,FinalizedWithdrawal,0xe5c7fe3a4ffca1590f26d74c8ba8b0db69557f7f4607a2a43f82e93041611978,0x8daf06fc19d63d64c706b8cdb9a5b91c4791443c,120.52,1781371247093000,7
473134117,2026-06-13T17:26:07Z,1781371567000,0xbd5870c6c6e9c5f37db030b352751395203ee87029a9159c6c6531bd8ff024b9,13,FinalizedWithdrawal,0xe5c7fe3a4ffca1590f26d74c8ba8b0db69557f7f4607a2a43f82e93041611978,0xab48377f0e59141f00252b7af36ab686a18d427b,75.751752,1781371338652000,7
473134305,2026-06-13T17:26:55Z,1781371615000,0x132cdf4901e5fd9d9f978116b04e1a34915e0f427fdf75357d221881384d4f57,1,FinalizedWithdrawal,0xe5c7fe3a4ffca1590f26d74c8ba8b0db69557f7f4607a2a43f82e93041611978,0x998ed5f23b34195bbce46a75c547db3156b960cd,14.26,1781371397843000,7
473134603,2026-06-13T17:28:09Z,1781371689000,0xcc04d3f128b0687f490b6a22fa5455c587543dfd20d247c1ac9f4f17b763f0ee,41,RequestedWithdrawal,0xcc10abf54af5c0718b10b0156dfe1e369ce3eee72423e9e86936a0082e9c5d1b,0x9fc02ce1d5b5963bde6f1601b9d2a8efc721032f,99.0,1781371656587000,7
473134699,2026-06-13T17:28:33Z,1781371713000,0xf04f892290e3a1eb2a0b39208f851a861c8ff59050fe17d34fd3cae3cec74b63,3,RequestedWithdrawal,0xcc10abf54af5c0718b10b0156dfe1e369ce3eee72423e9e86936a0082e9c5d1b,0x1d73e95d13f9a740698898288fc5be2c07f08528,39.06,1781371695582000,7
473135083,2026-06-13T17:30:09Z,1781371809000,0x417e3f4dc0e54412d023af50818776b0dc4a2abf07f06bec7db0b8d4f1a4957f,2,FinalizedWithdrawal,0xe5c7fe3a4ffca1590f26d74c8ba8b0db69557f7f4607a2a43f82e93041611978,0x5b6dbe7cbcfe8f2968572cc0d8abd9441b023371,99.0,1781371436122000,7
473135283,2026-06-13T17:30:59Z,1781371859000,0x977477f9276c6199a8b1bc214c0e39061de5da3e5b82b7a99d8a42e575635db2,1,RequestedWithdrawal,0xcc10abf54af5c0718b10b0156dfe1e369ce3eee72423e9e86936a0082e9c5d1b,0x5b6dbe7cbcfe8f2968572cc0d8abd9441b023371,4.0,1781371776042000,7
473135582,2026-06-13T17:32:15Z,1781371935000,0x1e9add662234d4efe096ed01cc651617756d53e5ea07f7dea1c829a1e3f845da,12,RequestedWithdrawal,0xcc10abf54af5c0718b10b0156dfe1e369ce3eee72423e9e86936a0082e9c5d1b,0xb30f8aa57166da878add656d5290de2d6b2b04c8,486.402665,1781371907888000,7
473135756,2026-06-13T17:32:59Z,1781371979000,0x4b4f59ca4e34e8cab77892bae9d25d097dde66c8f62a0ac9c83064ef9f47c74f,31,FinalizedWithdrawal,0xe5c7fe3a4ffca1590f26d74c8ba8b0db69557f7f4607a2a43f82e93041611978,0x9fc02ce1d5b5963bde6f1601b9d2a8efc721032f,99.0,1781371656587000,7
473135972,2026-06-13T17:33:52Z,1781372032000,0xbb47e3161f72c0b25d2f83aa947d0541200d710f89e5ee70afa08cba4d206139,0,RequestedWithdrawal,0xcc10abf54af5c0718b10b0156dfe1e369ce3eee72423e9e86936a0082e9c5d1b,0x4189780aea07b1b1ccb2576809ed56ffc057e34a,1.0,1781371932005000,7
473135972,2026-06-13T17:33:52Z,1781372032000,0xbb47e3161f72c0b25d2f83aa947d0541200d710f89e5ee70afa08cba4d206139,1,RequestedWithdrawal,0xcc10abf54af5c0718b10b0156dfe1e369ce3eee72423e9e86936a0082e9c5d1b,0x4189780aea07b1b1ccb2576809ed56ffc057e34a,96.92,1781371944809000,7
473135972,2026-06-13T17:33:52Z,1781372032000,0xbb47e3161f72c0b25d2f83aa947d0541200d710f89e5ee70afa08cba4d206139,2,RequestedWithdrawal,0xcc10abf54af5c0718b10b0156dfe1e369ce3eee72423e9e86936a0082e9c5d1b,0x5e6946c2c2c6ed163ba0e1b546298849de22f1a0,30.34,1781371902142000,7
473136085,2026-06-13T17:34:21Z,1781372061000,0x8d58726e5dcd45cc0955ab65e70863986710d48c6b7fc16a7d8fba99f12c8761,9,FinalizedWithdrawal,0xe5c7fe3a4ffca1590f26d74c8ba8b0db69557f7f4607a2a43f82e93041611978,0x5b6dbe7cbcfe8f2968572cc0d8abd9441b023371,4.0,1781371776042000,7
473136191,2026-06-13T17:34:47Z,1781372087000,0xc52ac3a0615c8dbabcfbf40529f19c7f3ee66e46bad8e7de9308587a7a493e26,10,FinalizedWithdrawal,0xe5c7fe3a4ffca1590f26d74c8ba8b0db69557f7f4607a2a43f82e93041611978,0x1d73e95d13f9a740698898288fc5be2c07f08528,39.06,1781371695582000,7
473136400,2026-06-13T17:35:39Z,1781372139000,0x616815c4ca62b8acb77a785e2d1db4e3f10deb6bbda51644cfb69106eb59aba4,0,RequestedWithdrawal,0xcc10abf54af5c0718b10b0156dfe1e369ce3eee72423e9e86936a0082e9c5d1b,0xc5643d526045124c8a241f91c92f2fb36842f1f2,19999.0,1781372129037000,7
473136692,2026-06-13T17:36:53Z,1781372213000,0xee49e878cefc726815c52bbe056377d20d1474b62d42a5592d44d2c997745fe3,1,FinalizedWithdrawal,0xe5c7fe3a4ffca1590f26d74c8ba8b0db69557f7f4607a2a43f82e93041611978,0xb30f8aa57166da878add656d5290de2d6b2b04c8,486.402665,1781371907888000,7
473136790,2026-06-13T17:37:17Z,1781372237000,0x2aa86a9a64282c48077cb9931bb645d5985ca4d4405521171e0eecdb682ad1d4,1,FinalizedWithdrawal,0xe5c7fe3a4ffca1590f26d74c8ba8b0db69557f7f4607a2a43f82e93041611978,0x5e6946c2c2c6ed163ba0e1b546298849de22f1a0,30.34,1781371902142000,7
473136790,2026-06-13T17:37:17Z,1781372237000,0x2aa86a9a64282c48077cb9931bb645d5985ca4d4405521171e0eecdb682ad1d4,3,FinalizedWithdrawal,0xe5c7fe3a4ffca1590f26d74c8ba8b0db69557f7f4607a2a43f82e93041611978,0x4189780aea07b1b1ccb2576809ed56ffc057e34a,1.0,1781371932005000,7
473136790,2026-06-13T17:37:17Z,1781372237000,0x2aa86a9a64282c48077cb9931bb645d5985ca4d4405521171e0eecdb682ad1d4,5,FinalizedWithdrawal,0xe5c7fe3a4ffca1590f26d74c8ba8b0db69557f7f4607a2a43f82e93041611978,0x4189780aea07b1b1ccb2576809ed56ffc057e34a,96.92,1781371944809000,7
473136989,2026-06-13T17:38:07Z,1781372287000,0x40b21b1ee810443ab64bafa378172a782efe88a1c158b77212b9ecd5fffbc978,0,RequestedWithdrawal,0xcc10abf54af5c0718b10b0156dfe1e369ce3eee72423e9e86936a0082e9c5d1b,0x5bba19a69ff8d2e2387c6fd6751d79f62820f641,656.542284,1781372252963000,7
473137176,2026-06-13T17:38:54Z,1781372334000,0x6902e88fc0538411048e9f79e790dfa9aea4894e328d0fb037308c2b48b59a9f,0,RequestedWithdrawal,0xcc10abf54af5c0718b10b0156dfe1e369ce3eee72423e9e86936a0082e9c5d1b,0x9d40d2f376820cabecadddcc54114173f4c0e349,0.01,1781372326433000,7
473137282,2026-06-13T17:39:21Z,1781372361000,0x4d5327b04c74f0b20b5ec9ea089e3210f9fbecfcf32b0ca89e3f3f299a7a5edb,2,FinalizedWithdrawal,0xe5c7fe3a4ffca1590f26d74c8ba8b0db69557f7f4607a2a43f82e93041611978,0xc5643d526045124c8a241f91c92f2fb36842f1f2,19999.0,1781372129037000,7
473137856,2026-06-13T17:41:44Z,1781372504000,0xc9c6f1255666e1bf0024a3d3eb650a1731537aab5806d35c18ebbc97d6d20642,4,FinalizedWithdrawal,0xe5c7fe3a4ffca1590f26d74c8ba8b0db69557f7f4607a2a43f82e93041611978,0x5bba19a69ff8d2e2387c6fd6751d79f62820f641,656.542284,1781372252963000,7
473138094,2026-06-13T17:42:44Z,1781372564000,0x465337e48f4a9d1d8b5b48fa2eb017d28261ae6eb885468664d37901f49a4d7e,4,FinalizedWithdrawal,0xe5c7fe3a4ffca1590f26d74c8ba8b0db69557f7f4607a2a43f82e93041611978,0x9d40d2f376820cabecadddcc54114173f4c0e349,0.01,1781372326433000,7
473138351,2026-06-13T17:43:48Z,1781372628000,0x42843e5ba38ee4d52fe25c499bd1cfc6fd5cfbf6f67a247dcc053a3ca4f2c567,0,RequestedWithdrawal,0xcc10abf54af5c0718b10b0156dfe1e369ce3eee72423e9e86936a0082e9c5d1b,0xdb701167787e0a0b47aac94721f9547059e5794b,113.75,1781372624245000,7
473138559,2026-06-13T17:44:40Z,1781372680000,0x75024e7c83938c5665d9879fd358e6055d958a32f4d9e29101defc79cf2d0796,54,RequestedWithdrawal,0xcc10abf54af5c0718b10b0156dfe1e369ce3eee72423e9e86936a0082e9c5d1b,0x997da720ed7e605530b1b80732d4326c2cd7950a,19.94,1781372667701000,7
473139243,2026-06-13T17:47:31Z,1781372851000,0x921c31be4de31abe31f415ed06f5bcb0c22e5e9090d30a8403cec2a941773abb,20,FinalizedWithdrawal,0xe5c7fe3a4ffca1590f26d74c8ba8b0db69557f7f4607a2a43f82e93041611978,0xdb701167787e0a0b47aac94721f9547059e5794b,113.75,1781372624245000,7
473139734,2026-06-13T17:49:34Z,1781372974000,0x70b5e3168cb2ab3d019c3dcdded31eed8c2cca66236575c596ccd0a281b3dd5b,6,FinalizedWithdrawal,0xe5c7fe3a4ffca1590f26d74c8ba8b0db69557f7f4607a2a43f82e93041611978,0x997da720ed7e605530b1b80732d4326c2cd7950a,19.94,1781372667701000,7
473139815,2026-06-13T17:49:55Z,1781372995000,0x07b4724e56474ddaaa173211205c05f2b895e7702723e830a42069a7bccdc590,3,RequestedWithdrawal,0xcc10abf54af5c0718b10b0156dfe1e369ce3eee72423e9e86936a0082e9c5d1b,0x4382788bfdaf241a2a2095eba6867ebf848e5226,279.01,1781372982332000,7
473139919,2026-06-13T17:50:21Z,1781373021000,0xcb7ac06f8a6e8b81f13913f4621b4d06d845643b544caeff7d72955938db9dd4,0,RequestedWithdrawal,0xcc10abf54af5c0718b10b0156dfe1e369ce3eee72423e9e86936a0082e9c5d1b,0xdc2724db51987a86a7ce800ae54acfa1aa5338fb,9.0,1781373013852000,7
473140151,2026-06-13T17:51:19Z,1781373079000,0x850c42f9b25c6ac22e447abb8f8c3c32c737f12c712cac2847f2a6ea8d70292c,6,FailedPermitDeposit,0xa2dc875d1f90a167d873c30143e7631eb311ea851e74c8c4e9b92c80efeba489,,,,7
473140402,2026-06-13T17:52:22Z,1781373142000,0x00207cb8b19d26ff363286d37703436e1e294e93c441945d17c19e246aa2d089,21,RequestedWithdrawal,0xcc10abf54af5c0718b10b0156dfe1e369ce3eee72423e9e86936a0082e9c5d1b,0xf10a1a36f579a8db4d07abc62de98d0cbbe372c5,37.41,1781373117389000,7
473140618,2026-06-13T17:53:16Z,1781373196000,0xb7e43f49b3c74a65d1287bd3633768fec1a532a88c3b6097732d51ef1881aa8a,0,RequestedWithdrawal,0xcc10abf54af5c0718b10b0156dfe1e369ce3eee72423e9e86936a0082e9c5d1b,0xe01faf5cb4a720668704e16f707828fd672375a3,154.63,1781373174074000,7
473140623,2026-06-13T17:53:17Z,1781373197000,0x60f7122cd842cc9e67a0d1844399dbefe491ff55afca8d60d6c65ddedfbce3d8,95,FinalizedWithdrawal,0xe5c7fe3a4ffca1590f26d74c8ba8b0db69557f7f4607a2a43f82e93041611978,0x4382788bfdaf241a2a2095eba6867ebf848e5226,279.01,1781372982332000,7
473140695,2026-06-13T17:53:35Z,1781373215000,0x82db904a48bc8e9a69e62554f6a71f7719709658ca11e83ff35f581aabaf6df0,0,RequestedWithdrawal,0xcc10abf54af5c0718b10b0156dfe1e369ce3eee72423e9e86936a0082e9c5d1b,0x5fe7788a53b3854d1b49de4dbaae97f61b3468f8,49.0,1781373212110000,7
473141191,2026-06-13T17:55:39Z,1781373339000,0xd8c6cc2888ab245699914b97becba6ab33ac050a22d01bd02c9fcd09b4719c39,159,FinalizedWithdrawal,0xe5c7fe3a4ffca1590f26d74c8ba8b0db69557f7f4607a2a43f82e93041611978,0xdc2724db51987a86a7ce800ae54acfa1aa5338fb,9.0,1781373013852000,7
473141357,2026-06-13T17:56:21Z,1781373381000,0x45a93da7818463d977eea16b3896cf875a71e2cba79048432f058fcde5e5fd69,2,RequestedWithdrawal,0xcc10abf54af5c0718b10b0156dfe1e369ce3eee72423e9e86936a0082e9c5d1b,0x7725a7f2bb0e1c448d6fe361d53c840486ec6557,1883.0,1781373350393000,7
473141357,2026-06-13T17:56:21Z,1781373381000,0x45a93da7818463d977eea16b3896cf875a71e2cba79048432f058fcde5e5fd69,3,RequestedWithdrawal,0xcc10abf54af5c0718b10b0156dfe1e369ce3eee72423e9e86936a0082e9c5d1b,0x77b22b5fedbe429e5921809566def7869a1dd596,297.7,1781373270647000,7
473141666,2026-06-13T17:57:39Z,1781373459000,0xaebb2fe05accfaff907bd5f6823c32c10cfacab01d8746eef91e8841cab55dae,0,RequestedWithdrawal,0xcc10abf54af5c0718b10b0156dfe1e369ce3eee72423e9e86936a0082e9c5d1b,0xa4598a5cd281980c431894873b355fc2110e2558,10371.64,1781373327419000,7
473141666,2026-06-13T17:57:39Z,1781373459000,0xaebb2fe05accfaff907bd5f6823c32c10cfacab01d8746eef91e8841cab55dae,1,RequestedWithdrawal,0xcc10abf54af5c0718b10b0156dfe1e369ce3eee72423e9e86936a0082e9c5d1b,0xade514d9b120fafb19462466575b81e38d4e33b0,20.0,1781373328776000,7
473141868,2026-06-13T17:58:29Z,1781373509000,0x8be153d43de79e8fdede9d871b4c973ba46b42d5ee6b5c6157c57b555d5f5e6e,65,RequestedWithdrawal,0xcc10abf54af5c0718b10b0156dfe1e369ce3eee72423e9e86936a0082e9c5d1b,0xad8e019c320dba3ba3ab0861649395eeb5d52b11,20.74,1781373500529000,7
473141885,2026-06-13T17:58:34Z,1781373514000,0x84fcf377dc77c7e60bf57251930a9f4f38c591d4608cbc2bfc7d3ea9a4902516,1,FinalizedWithdrawal,0xe5c7fe3a4ffca1590f26d74c8ba8b0db69557f7f4607a2a43f82e93041611978,0xf10a1a36f579a8db4d07abc62de98d0cbbe372c5,37.41,1781373117389000,7
473141885,2026-06-13T17:58:34Z,1781373514000,0x84fcf377dc77c7e60bf57251930a9f4f38c591d4608cbc2bfc7d3ea9a4902516,3,FinalizedWithdrawal,0xe5c7fe3a4ffca1590f26d74c8ba8b0db69557f7f4607a2a43f82e93041611978,0x5fe7788a53b3854d1b49de4dbaae97f61b3468f8,49.0,1781373212110000,7
473142068,2026-06-13T17:59:19Z,1781373559000,0x0c7568dc6d4021147c8f297657d87c6fa5538d7dd411e85dc95fc5f827b584b6,35,FinalizedWithdrawal,0xe5c7fe3a4ffca1590f26d74c8ba8b0db69557f7f4607a2a43f82e93041611978,0xe01faf5cb4a720668704e16f707828fd672375a3,154.63,1781373174074000,7
473142168,2026-06-13T17:59:44Z,1781373584000,0x04138fe35ba0eeddd9e3851a56d17e9bc5a08ba91f231ff51944366d033d6be9,1,FinalizedWithdrawal,0xe5c7fe3a4ffca1590f26d74c8ba8b0db69557f7f4607a2a43f82e93041611978,0x77b22b5fedbe429e5921809566def7869a1dd596,297.7,1781373270647000,7
473142168,2026-06-13T17:59:44Z,1781373584000,0x04138fe35ba0eeddd9e3851a56d17e9bc5a08ba91f231ff51944366d033d6be9,3,FinalizedWithdrawal,0xe5c7fe3a4ffca1590f26d74c8ba8b0db69557f7f4607a2a43f82e93041611978,0x7725a7f2bb0e1c448d6fe361d53c840486ec6557,1883.0,1781373350393000,7
473142265,2026-06-13T18:00:09Z,1781373609000,0x99250ea130d4e4d41e9fa97e896feff7f6d559ea5a36c1628e26295f58bd17d7,1,RequestedWithdrawal,0xcc10abf54af5c0718b10b0156dfe1e369ce3eee72423e9e86936a0082e9c5d1b,0xf032648dfd22c4d81588bd83e09ab89cfe816705,2354.314557,1781373594068000,7
473142544,2026-06-13T18:01:19Z,1781373679000,0xf4d3135c2fad518928b34928f0aa7d64632f6d0c96c4584f3e6a28c1a947acb6,4,RequestedWithdrawal,0xcc10abf54af5c0718b10b0156dfe1e369ce3eee72423e9e86936a0082e9c5d1b,0x6bc8ac99c38aad1717fefba419c0bc87fa049a1f,293.3,1781373661653000,7
473142647,2026-06-13T18:01:45Z,1781373705000,0xd136145cc30a68d1177c57952617879dd56f7878a1605fe4f1e0b8b6d2239692,0,RequestedWithdrawal,0xcc10abf54af5c0718b10b0156dfe1e369ce3eee72423e9e86936a0082e9c5d1b,0x5fe7788a53b3854d1b49de4dbaae97f61b3468f8,233.29,1781373618058000,7
473142647,2026-06-13T18:01:45Z,1781373705000,0xd136145cc30a68d1177c57952617879dd56f7878a1605fe4f1e0b8b6d2239692,1,RequestedWithdrawal,0xcc10abf54af5c0718b10b0156dfe1e369ce3eee72423e9e86936a0082e9c5d1b,0x7f1f60beb5a2f7d397601aa585e722c7dd70c583,19.0,1781373699362000,7
473142757,2026-06-13T18:02:13Z,1781373733000,0x46f16a4c1f8446886b8343881974f3307b82bd719f8f916686b67147b48a8843,2,FinalizedWithdrawal,0xe5c7fe3a4ffca1590f26d74c8ba8b0db69557f7f4607a2a43f82e93041611978,0xad8e019c320dba3ba3ab0861649395eeb5d52b11,20.74,1781373500529000,7
473142757,2026-06-13T18:02:13Z,1781373733000,0x46f16a4c1f8446886b8343881974f3307b82bd719f8f916686b67147b48a8843,4,FinalizedWithdrawal,0xe5c7fe3a4ffca1590f26d74c8ba8b0db69557f7f4607a2a43f82e93041611978,0xa4598a5cd281980c431894873b355fc2110e2558,10371.64,1781373327419000,7
473142757,2026-06-13T18:02:13Z,1781373733000,0x46f16a4c1f8446886b8343881974f3307b82bd719f8f916686b67147b48a8843,6,FinalizedWithdrawal,0xe5c7fe3a4ffca1590f26d74c8ba8b0db69557f7f4607a2a43f82e93041611978,0xade514d9b120fafb19462466575b81e38d4e33b0,20.0,1781373328776000,7
473142837,2026-06-13T18:02:33Z,1781373753000,0xf2953dc4981188cd6817466d977f9641b5b44bdf4678cd6b23cd379004e600b6,0,RequestedWithdrawal,0xcc10abf54af5c0718b10b0156dfe1e369ce3eee72423e9e86936a0082e9c5d1b,0x5c31405046549257b033facf4938e426f6f7043a,552.403299,1781373632413000,7
473143140,2026-06-13T18:03:50Z,1781373830000,0xe10ee40931736f3f9242c71eb8910a04cad3340783d74bf0a1d80e144ff306a8,1,FinalizedWithdrawal,0xe5c7fe3a4ffca1590f26d74c8ba8b0db69557f7f4607a2a43f82e93041611978,0xf032648dfd22c4d81588bd83e09ab89cfe816705,2354.314557,1781373594068000,7
473143501,2026-06-13T18:05:22Z,1781373922000,0xc30b2b68ed0a2f098e21d56b0015f0aacf94f44d02d90f28b9f6df613aba7200,2,FinalizedWithdrawal,0xe5c7fe3a4ffca1590f26d74c8ba8b0db69557f7f4607a2a43f82e93041611978,0x5fe7788a53b3854d1b49de4dbaae97f61b3468f8,233.29,1781373618058000,7
473143501,2026-06-13T18:05:22Z,1781373922000,0xc30b2b68ed0a2f098e21d56b0015f0aacf94f44d02d90f28b9f6df613aba7200,4,FinalizedWithdrawal,0xe5c7fe3a4ffca1590f26d74c8ba8b0db69557f7f4607a2a43f82e93041611978,0x7f1f60beb5a2f7d397601aa585e722c7dd70c583,19.0,1781373699362000,7
473143610,2026-06-13T18:05:48Z,1781373948000,0x96c03896309162f4e6dfcdf5120ff01d3448f687425a27d67862052a0749aa2e,0,RequestedWithdrawal,0xcc10abf54af5c0718b10b0156dfe1e369ce3eee72423e9e86936a0082e9c5d1b,0x90adbee30c0468bc1d0b3fb17125ed1b57444566,59.0,1781373935157000,7
473143610,2026-06-13T18:05:48Z,1781373948000,0x96c03896309162f4e6dfcdf5120ff01d3448f687425a27d67862052a0749aa2e,1,RequestedWithdrawal,0xcc10abf54af5c0718b10b0156dfe1e369ce3eee72423e9e86936a0082e9c5d1b,0xc6fee72e2dfb27d75c282747f268738c7bc179b1,19994.494821,1781373921666000,7
473143800,2026-06-13T18:06:36Z,1781373996000,0x9262bf8c4a0c3cc35c770e255e0078c23aadccd011be871c279f23fdfa9fae2a,0,RequestedWithdrawal,0xcc10abf54af5c0718b10b0156dfe1e369ce3eee72423e9e86936a0082e9c5d1b,0x542bbc16c0d07f954ae3fa5f1d5e4bcf5d4c8f6c,59257.602041,1781373982488000,7
473143800,2026-06-13T18:06:36Z,1781373996000,0x9262bf8c4a0c3cc35c770e255e0078c23aadccd011be871c279f23fdfa9fae2a,1,RequestedWithdrawal,0xcc10abf54af5c0718b10b0156dfe1e369ce3eee72423e9e86936a0082e9c5d1b,0xdc2724db51987a86a7ce800ae54acfa1aa5338fb,9.0,1781373969768000,7
473144076,2026-06-13T18:07:46Z,1781374066000,0x3ea1fc70dfb7880faf47bfb2be93b9146c0b18114d2af3360826a05b9fdcb116,15,RequestedWithdrawal,0xcc10abf54af5c0718b10b0156dfe1e369ce3eee72423e9e86936a0082e9c5d1b,0x16c8cd648612fb474fdb62c45714605edaadfc99,1480.904061,1781374058829000,7
473144083,2026-06-13T18:07:47Z,1781374067000,0xdd72f1b6cbd659b9515f20750fa22e861df423856aedf8b3a3c34398c5d672c0,1,FinalizedWithdrawal,0xe5c7fe3a4ffca1590f26d74c8ba8b0db69557f7f4607a2a43f82e93041611978,0x5c31405046549257b033facf4938e426f6f7043a,552.403299,1781373632413000,7
473144083,2026-06-13T18:07:47Z,1781374067000,0xdd72f1b6cbd659b9515f20750fa22e861df423856aedf8b3a3c34398c5d672c0,3,FinalizedWithdrawal,0xe5c7fe3a4ffca1590f26d74c8ba8b0db69557f7f4607a2a43f82e93041611978,0x6bc8ac99c38aad1717fefba419c0bc87fa049a1f,293.3,1781373661653000,7
473144201,2026-06-13T18:08:17Z,1781374097000,0x61ec16ac0e212f9ce02d041be77445b459c1b37c07e6778041db972546ec6a71,1,RequestedWithdrawal,0xcc10abf54af5c0718b10b0156dfe1e369ce3eee72423e9e86936a0082e9c5d1b,0x6239fbae9d15c031aac8a9ff0f9e9803a3b9016c,104.571736,1781374065593000,7
473144201,2026-06-13T18:08:17Z,1781374097000,0x61ec16ac0e212f9ce02d041be77445b459c1b37c07e6778041db972546ec6a71,2,RequestedWithdrawal,0xcc10abf54af5c0718b10b0156dfe1e369ce3eee72423e9e86936a0082e9c5d1b,0xb77faf001c7e2b70a81d0abaf20e79279841383d,38.0,1781374062190000,7
473144289,2026-06-13T18:08:39Z,1781374119000,0x921d58712e28e5f2cc5259ebcb285bc3b6fa190f0fffda24a0aef5bf641b710d,0,RequestedWithdrawal,0xcc10abf54af5c0718b10b0156dfe1e369ce3eee72423e9e86936a0082e9c5d1b,0xb5ef613772362cb0290a432a14a31b9d8af7f6e9,151.99,1781374097160000,7
473144289,2026-06-13T18:08:39Z,1781374119000,0x921d58712e28e5f2cc5259ebcb285bc3b6fa190f0fffda24a0aef5bf641b710d,1,RequestedWithdrawal,0xcc10abf54af5c0718b10b0156dfe1e369ce3eee72423e9e86936a0082e9c5d1b,0xc7041ae8ff2edc2547013b17ec021f8142594b37,7044.998602,1781374112320000,7
473144488,2026-06-13T18:09:30Z,1781374170000,0x492681f843e95b3a89dd78210623f64553a0def34284ff4237e13e3aedcfca7b,25,FinalizedWithdrawal,0xe5c7fe3a4ffca1590f26d74c8ba8b0db69557f7f4607a2a43f82e93041611978,0x90adbee30c0468bc1d0b3fb17125ed1b57444566,59.0,1781373935157000,7
473144488,2026-06-13T18:09:30Z,1781374170000,0x492681f843e95b3a89dd78210623f64553a0def34284ff4237e13e3aedcfca7b,27,FinalizedWithdrawal,0xe5c7fe3a4ffca1590f26d74c8ba8b0db69557f7f4607a2a43f82e93041611978,0xc6fee72e2dfb27d75c282747f268738c7bc179b1,19994.494821,1781373921666000,7
473144667,2026-06-13T18:10:16Z,1781374216000,0x97af7b54b042d32238297a088ef418d672be9acd077a2f9bdc0f3bd69bc1ca75,7,RequestedWithdrawal,0xcc10abf54af5c0718b10b0156dfe1e369ce3eee72423e9e86936a0082e9c5d1b,0xbacd24e22b792c0102b96090b2d6af42752bf4e1,157.312468,1781374187176000,7
473144766,2026-06-13T18:10:41Z,1781374241000,0x2464d7ca5bab2a757581e898b2a42b4c886c99b0a81c05e52056ff1b44501440,16,RequestedWithdrawal,0xcc10abf54af5c0718b10b0156dfe1e369ce3eee72423e9e86936a0082e9c5d1b,0xd14ac65df67f36a9272d7047162f3e9b90eb11f5,18.98,1781374153121000,7
473144965,2026-06-13T18:11:31Z,1781374291000,0x5eadbeb3897bab7814b7c2973861b9a99ec2a33379ac875ed60284eff30fc0fa,2,RequestedWithdrawal,0xcc10abf54af5c0718b10b0156dfe1e369ce3eee72423e9e86936a0082e9c5d1b,0xf9461cc24ab6b79d7bca758ee0688c3090df47e3,107.97,1781374285068000,7
473144974,2026-06-13T18:11:33Z,1781374293000,0x11ea6537534e00d7657071cb70fea40746ee67ef24ba730de6c89b9ac0ea1150,1,FinalizedWithdrawal,0xe5c7fe3a4ffca1590f26d74c8ba8b0db69557f7f4607a2a43f82e93041611978,0xdc2724db51987a86a7ce800ae54acfa1aa5338fb,9.0,1781373969768000,7
473144974,2026-06-13T18:11:33Z,1781374293000,0x11ea6537534e00d7657071cb70fea40746ee67ef24ba730de6c89b9ac0ea1150,3,FinalizedWithdrawal,0xe5c7fe3a4ffca1590f26d74c8ba8b0db69557f7f4607a2a43f82e93041611978,0x542bbc16c0d07f954ae3fa5f1d5e4bcf5d4c8f6c,59257.602041,1781373982488000,7
473144974,2026-06-13T18:11:33Z,1781374293000,0x11ea6537534e00d7657071cb70fea40746ee67ef24ba730de6c89b9ac0ea1150,5,FinalizedWithdrawal,0xe5c7fe3a4ffca1590f26d74c8ba8b0db69557f7f4607a2a43f82e93041611978,0x16c8cd648612fb474fdb62c45714605edaadfc99,1480.904061,1781374058829000,7
473145050,2026-06-13T18:11:53Z,1781374313000,0x1cbf8ad4b121a080b25a51d82edcda6ede6af75fced1eb147f45f4d968f7361e,1,FinalizedWithdrawal,0xe5c7fe3a4ffca1590f26d74c8ba8b0db69557f7f4607a2a43f82e93041611978,0xb77faf001c7e2b70a81d0abaf20e79279841383d,38.0,1781374062190000,7
473145050,2026-06-13T18:11:53Z,1781374313000,0x1cbf8ad4b121a080b25a51d82edcda6ede6af75fced1eb147f45f4d968f7361e,3,FinalizedWithdrawal,0xe5c7fe3a4ffca1590f26d74c8ba8b0db69557f7f4607a2a43f82e93041611978,0x6239fbae9d15c031aac8a9ff0f9e9803a3b9016c,104.571736,1781374065593000,7
473145165,2026-06-13T18:12:21Z,1781374341000,0xd2567a93dacf53c5b521d67c46dd6c637f8bfcdedfc92c481c61ea6c6620ee64,15,FinalizedWithdrawal,0xe5c7fe3a4ffca1590f26d74c8ba8b0db69557f7f4607a2a43f82e93041611978,0xc7041ae8ff2edc2547013b17ec021f8142594b37,7044.998602,1781374112320000,7
473145165,2026-06-13T18:12:21Z,1781374341000,0xd2567a93dacf53c5b521d67c46dd6c637f8bfcdedfc92c481c61ea6c6620ee64,17,FinalizedWithdrawal,0xe5c7fe3a4ffca1590f26d74c8ba8b0db69557f7f4607a2a43f82e93041611978,0xb5ef613772362cb0290a432a14a31b9d8af7f6e9,151.99,1781374097160000,7
473145273,2026-06-13T18:12:48Z,1781374368000,0x17edfcc845f37887cbf52c83110b23c2e32da1e7d665b1f679d23d08734ee5c5,19,RequestedWithdrawal,0xcc10abf54af5c0718b10b0156dfe1e369ce3eee72423e9e86936a0082e9c5d1b,0xc11e9027fdcaaf2f49f4ce4fcb703d11ebaece14,162.64,1781374337764000,7
473145473,2026-06-13T18:13:39Z,1781374419000,0xe8daa394e0b1095bb19419391514bd6de36b38c0b3fc22f53edac15a812fd8e5,1,FinalizedWithdrawal,0xe5c7fe3a4ffca1590f26d74c8ba8b0db69557f7f4607a2a43f82e93041611978,0xbacd24e22b792c0102b96090b2d6af42752bf4e1,157.312468,1781374187176000,7
473145570,2026-06-13T18:14:04Z,1781374444000,0x7ce97f5b52ad013fd2942623011328974eabcbc30f8763829eb61a7caf4231bf,3,RequestedWithdrawal,0xcc10abf54af5c0718b10b0156dfe1e369ce3eee72423e9e86936a0082e9c5d1b,0xcdb31ea7e1437612473f98d8f2eefccb7031c5a6,18.71,1781374422751000,7
473145662,2026-06-13T18:14:28Z,1781374468000,0xb5487c76f4dd5c4f7199c3dea64e22ea7edb8c3a5fa41e5be935905d26f0b4e2,0,RequestedWithdrawal,0xcc10abf54af5c0718b10b0156dfe1e369ce3eee72423e9e86936a0082e9c5d1b,0x52071681f3f00ea5435d0f5041e2f6c90a71cc58,2514.0,1781374452346000,7
473145846,2026-06-13T18:15:16Z,1781374516000,0x9f830e27082c809b118e11434e9ad37ae7eb7af56890daa87d05b5d6cd9db7cc,1,FinalizedWithdrawal,0xe5c7fe3a4ffca1590f26d74c8ba8b0db69557f7f4607a2a43f82e93041611978,0xf9461cc24ab6b79d7bca758ee0688c3090df47e3,107.97,1781374285068000,7
473145846,2026-06-13T18:15:16Z,1781374516000,0x9f830e27082c809b118e11434e9ad37ae7eb7af56890daa87d05b5d6cd9db7cc,3,FinalizedWithdrawal,0xe5c7fe3a4ffca1590f26d74c8ba8b0db69557f7f4607a2a43f82e93041611978,0xd14ac65df67f36a9272d7047162f3e9b90eb11f5,18.98,1781374153121000,7
473146145,2026-06-13T18:16:31Z,1781374591000,0xa0b77cf196622d3c586d735eab88cf771b0c368f0b1dba3f2aea31e618c95fc7,0,RequestedWithdrawal,0xcc10abf54af5c0718b10b0156dfe1e369ce3eee72423e9e86936a0082e9c5d1b,0x28956c5b7a9140f2da240cb82c6cc377a025034f,119.0,1781374565388000,7
473146145,2026-06-13T18:16:31Z,1781374591000,0xa0b77cf196622d3c586d735eab88cf771b0c368f0b1dba3f2aea31e618c95fc7,1,RequestedWithdrawal,0xcc10abf54af5c0718b10b0156dfe1e369ce3eee72423e9e86936a0082e9c5d1b,0x74377fa4144cdfcd3d18ab49422b2046b6b6ae50,165.26,1781374578108000,7
473146425,2026-06-13T18:17:46Z,1781374666000,0x9c8f2ef1b03d732f066ac3e71b7f86ec8a269b4ba1a50ab2e98b99a892546196,4,FinalizedWithdrawal,0xe5c7fe3a4ffca1590f26d74c8ba8b0db69557f7f4607a2a43f82e93041611978,0xcdb31ea7e1437612473f98d8f2eefccb7031c5a6,18.71,1781374422751000,7
473146425,2026-06-13T18:17:46Z,1781374666000,0x9c8f2ef1b03d732f066ac3e71b7f86ec8a269b4ba1a50ab2e98b99a892546196,6,FinalizedWithdrawal,0xe5c7fe3a4ffca1590f26d74c8ba8b0db69557f7f4607a2a43f82e93041611978,0xc11e9027fdcaaf2f49f4ce4fcb703d11ebaece14,162.64,1781374337764000,7
473146541,2026-06-13T18:18:14Z,1781374694000,0x7c3bac2d2b2119a7cfd5b949e6d97287be7b340660b69ddbfb9d086209e0bf88,1,FinalizedWithdrawal,0xe5c7fe3a4ffca1590f26d74c8ba8b0db69557f7f4607a2a43f82e93041611978,0x52071681f3f00ea5435d0f5041e2f6c90a71cc58,2514.0,1781374452346000,7
473146752,2026-06-13T18:19:09Z,1781374749000,0xeb7f37332b6536ce2bd460ea31a4185761d1962e1645bbf6e2d5e82560c8179b,2,RequestedWithdrawal,0xcc10abf54af5c0718b10b0156dfe1e369ce3eee72423e9e86936a0082e9c5d1b,0x59d2446670b52c8f597004fd99f6a8ffaaa97775,964.53,1781374650386000,7
473146752,2026-06-13T18:19:09Z,1781374749000,0xeb7f37332b6536ce2bd460ea31a4185761d1962e1645bbf6e2d5e82560c8179b,3,RequestedWithdrawal,0xcc10abf54af5c0718b10b0156dfe1e369ce3eee72423e9e86936a0082e9c5d1b,0x7f1f60beb5a2f7d397601aa585e722c7dd70c583,19.0,1781374740130000,7
473146937,2026-06-13T18:19:56Z,1781374796000,0xe187d056988c0d279bbbf4fe789abd702689b39fa9a68bfa5439f66548d4ffcb,2,FinalizedWithdrawal,0xe5c7fe3a4ffca1590f26d74c8ba8b0db69557f7f4607a2a43f82e93041611978,0x74377fa4144cdfcd3d18ab49422b2046b6b6ae50,165.26,1781374578108000,7
473146937,2026-06-13T18:19:56Z,1781374796000,0xe187d056988c0d279bbbf4fe789abd702689b39fa9a68bfa5439f66548d4ffcb,4,FinalizedWithdrawal,0xe5c7fe3a4ffca1590f26d74c8ba8b0db69557f7f4607a2a43f82e93041611978,0x28956c5b7a9140f2da240cb82c6cc377a025034f,119.0,1781374565388000,7
473147312,2026-06-13T18:21:32Z,1781374892000,0x4091af6b3cbc7919be238f755c64cffeccf831821a2282afec3095c60226dc4a,0,RequestedWithdrawal,0xcc10abf54af5c0718b10b0156dfe1e369ce3eee72423e9e86936a0082e9c5d1b,0x1b7a20374ba506083c0eaaff867e42d72b1eff9a,9.0,1781374887230000,7
473148177,2026-06-13T18:25:11Z,1781375111000,0x47b9e4d537c4717ca272afb3af94a971bb420325507d20d5ba525cfa250b905e,4,FinalizedWithdrawal,0xe5c7fe3a4ffca1590f26d74c8ba8b0db69557f7f4607a2a43f82e93041611978,0x7f1f60beb5a2f7d397601aa585e722c7dd70c583,19.0,1781374740130000,7
473148177,2026-06-13T18:25:11Z,1781375111000,0x47b9e4d537c4717ca272afb3af94a971bb420325507d20d5ba525cfa250b905e,6,FinalizedWithdrawal,0xe5c7fe3a4ffca1590f26d74c8ba8b0db69557f7f4607a2a43f82e93041611978,0x59d2446670b52c8f597004fd99f6a8ffaaa97775,964.53,1781374650386000,7
473148177,2026-06-13T18:25:11Z,1781375111000,0x47b9e4d537c4717ca272afb3af94a971bb420325507d20d5ba525cfa250b905e,8,FinalizedWithdrawal,0xe5c7fe3a4ffca1590f26d74c8ba8b0db69557f7f4607a2a43f82e93041611978,0x1b7a20374ba506083c0eaaff867e42d72b1eff9a,9.0,1781374887230000,7
473148553,2026-06-13T18:26:46Z,1781375206000,0x67fba694dc98339d91629c33798f3fc1baf17747f65b50a60e30681852f01b0c,0,RequestedWithdrawal,0xcc10abf54af5c0718b10b0156dfe1e369ce3eee72423e9e86936a0082e9c5d1b,0x574e5e2a373e0ce66040f4a4c0b9654d2d8ff80d,1999.0,1781375176925000,7
473148553,2026-06-13T18:26:46Z,1781375206000,0x67fba694dc98339d91629c33798f3fc1baf17747f65b50a60e30681852f01b0c,1,RequestedWithdrawal,0xcc10abf54af5c0718b10b0156dfe1e369ce3eee72423e9e86936a0082e9c5d1b,0xe922f518827422436b4dfa3c4798e8f248523f32,830.7,1781375179934000,7
473148753,2026-06-13T18:27:37Z,1781375257000,0xc0d21740de06ec30d2f190c11f7d30730ed8ae303a3e7c38c6e7507e1c66faa3,1,RequestedWithdrawal,0xcc10abf54af5c0718b10b0156dfe1e369ce3eee72423e9e86936a0082e9c5d1b,0x9faf6e876eb71728930d11117e0c2f424dc9c58c,4999.0,1781375209144000,7
473149223,2026-06-13T18:29:36Z,1781375376000,0x479f242093f9c6275e9f95ddcf4c98e4aa86143f53fadf32fa365be9fad3d0fd,0,RequestedWithdrawal,0xcc10abf54af5c0718b10b0156dfe1e369ce3eee72423e9e86936a0082e9c5d1b,0x90adbee30c0468bc1d0b3fb17125ed1b57444566,4.0,1781375363327000,7
473149434,2026-06-13T18:30:30Z,1781375430000,0x1928cbf3f6bb33a789682b2de6b026a94c711b99d1e50f6a68228a4053ea234e,22,FinalizedWithdrawal,0xe5c7fe3a4ffca1590f26d74c8ba8b0db69557f7f4607a2a43f82e93041611978,0x574e5e2a373e0ce66040f4a4c0b9654d2d8ff80d,1999.0,1781375176925000,7
473149434,2026-06-13T18:30:30Z,1781375430000,0x1928cbf3f6bb33a789682b2de6b026a94c711b99d1e50f6a68228a4053ea234e,24,FinalizedWithdrawal,0xe5c7fe3a4ffca1590f26d74c8ba8b0db69557f7f4607a2a43f82e93041611978,0xe922f518827422436b4dfa3c4798e8f248523f32,830.7,1781375179934000,7
473149543,2026-06-13T18:30:57Z,1781375457000,0x546a314119b8acf6457654acf4fe4f193735b10e35b29e2e945814622f49e9a7,0,RequestedWithdrawal,0xcc10abf54af5c0718b10b0156dfe1e369ce3eee72423e9e86936a0082e9c5d1b,0x7f7be5ce581b7fd59058373654bc6355e037c3e2,18.0,1781375445259000,7
473149652,2026-06-13T18:31:25Z,1781375485000,0x464e0d76e10271286c8c529cfb9c5b800e0ae212113b9e4ffd24d8ec830de57f,0,RequestedWithdrawal,0xcc10abf54af5c0718b10b0156dfe1e369ce3eee72423e9e86936a0082e9c5d1b,0x2710ba878614659338bf510421a3fe92af21ffbf,136.643703,1781375462773000,7
473149850,2026-06-13T18:32:16Z,1781375536000,0x1b4db6f28c2e69ab63845df0a40d2ee0667eb16654094d45540054d123398f3a,1,FinalizedWithdrawal,0xe5c7fe3a4ffca1590f26d74c8ba8b0db69557f7f4607a2a43f82e93041611978,0x9faf6e876eb71728930d11117e0c2f424dc9c58c,4999.0,1781375209144000,7
473150040,2026-06-13T18:33:04Z,1781375584000,0x7cdb5a33a27e9b2da08db570d9019dc195664c44f6726017791d88a4c3961d8c,9,FinalizedWithdrawal,0xe5c7fe3a4ffca1590f26d74c8ba8b0db69557f7f4607a2a43f82e93041611978,0x90adbee30c0468bc1d0b3fb17125ed1b57444566,4.0,1781375363327000,7
473150412,2026-06-13T18:34:38Z,1781375678000,0x13c6e7bdcd0574e0a23cb987ceed5f214745149cb464df606bf18cf98309d2c0,1,FinalizedWithdrawal,0xe5c7fe3a4ffca1590f26d74c8ba8b0db69557f7f4607a2a43f82e93041611978,0x7f7be5ce581b7fd59058373654bc6355e037c3e2,18.0,1781375445259000,7
473150756,2026-06-13T18:36:07Z,1781375767000,0x254e1a0dfb8d1888f52a9d454de2955fdb47502d486a38ac12623fc6e81f6ff9,1,FinalizedWithdrawal,0xe5c7fe3a4ffca1590f26d74c8ba8b0db69557f7f4607a2a43f82e93041611978,0x2710ba878614659338bf510421a3fe92af21ffbf,136.643703,1781375462773000,7
473151078,2026-06-13T18:37:28Z,1781375848000,0xb0972009027c13a2da2fb5cc6d21847f37a487a8ef447848b6c08f32dda819b8,0,RequestedWithdrawal,0xcc10abf54af5c0718b10b0156dfe1e369ce3eee72423e9e86936a0082e9c5d1b,0x3cb6ea9e2acbdb8c51047720a851bde007d289af,499.37,1781375823818000,7
473151078,2026-06-13T18:37:28Z,1781375848000,0xb0972009027c13a2da2fb5cc6d21847f37a487a8ef447848b6c08f32dda819b8,1,RequestedWithdrawal,0xcc10abf54af5c0718b10b0156dfe1e369ce3eee72423e9e86936a0082e9c5d1b,0xf71c853a55ee857c234e5bfd052eda29761861b0,13558.51,1781375732133000,7
473151401,2026-06-13T18:38:52Z,1781375932000,0x059d4303e2b3d59e7add22d50e84f4f176112b9fc094d98163bf5de5e0cd1ef0,0,RequestedWithdrawal,0xcc10abf54af5c0718b10b0156dfe1e369ce3eee72423e9e86936a0082e9c5d1b,0xe3f21c7ed1a5fde9c16a8c23e4f69fe2efd18d82,13870.78,1781375911969000,7
473151877,2026-06-13T18:40:53Z,1781376053000,0x34b1f547df98ad2b20d0fe12d9ea11ec09cb7c63e5d49e66757692555ce5ce39,1,FinalizedWithdrawal,0xe5c7fe3a4ffca1590f26d74c8ba8b0db69557f7f4607a2a43f82e93041611978,0x3cb6ea9e2acbdb8c51047720a851bde007d289af,499.37,1781375823818000,7
473151877,2026-06-13T18:40:53Z,1781376053000,0x34b1f547df98ad2b20d0fe12d9ea11ec09cb7c63e5d49e66757692555ce5ce39,3,FinalizedWithdrawal,0xe5c7fe3a4ffca1590f26d74c8ba8b0db69557f7f4607a2a43f82e93041611978,0xf71c853a55ee857c234e5bfd052eda29761861b0,13558.51,1781375732133000,7
473152246,2026-06-13T18:42:27Z,1781376147000,0xf20b2e1ce119715d13ef02341a8b0fc2e3f0aaba0e87de7807552fb4f1523e08,1,RequestedWithdrawal,0xcc10abf54af5c0718b10b0156dfe1e369ce3eee72423e9e86936a0082e9c5d1b,0xede92d0fc0aa6d52e41e36211bfbdf5dd2399e27,19.0,1781376128528000,7
473152250,2026-06-13T18:42:28Z,1781376148000,0xed7c2ea6f8ae10509db759be873b95a39d9378b083f413409d22ef02cc37b45a,1,FinalizedWithdrawal,0xe5c7fe3a4ffca1590f26d74c8ba8b0db69557f7f4607a2a43f82e93041611978,0xe3f21c7ed1a5fde9c16a8c23e4f69fe2efd18d82,13870.78,1781375911969000,7
473152348,2026-06-13T18:42:54Z,1781376174000,0xc36913e96860a1c8047ac0f0852e48aa3597557086363324515d6298a201fda7,0,RequestedWithdrawal,0xcc10abf54af5c0718b10b0156dfe1e369ce3eee72423e9e86936a0082e9c5d1b,0x0d4070da40b950779f61e7867f52537113124ce5,22.91,1781376147198000,7
473152348,2026-06-13T18:42:54Z,1781376174000,0xc36913e96860a1c8047ac0f0852e48aa3597557086363324515d6298a201fda7,1,RequestedWithdrawal,0xcc10abf54af5c0718b10b0156dfe1e369ce3eee72423e9e86936a0082e9c5d1b,0xc1d41266a989ad4470f17ac653b3d8c67a858bf4,19.0,1781376159291000,7
473152717,2026-06-13T18:44:28Z,1781376268000,0xa60f8f7ebae66ed56226297f20aafb1b99395fb3c3ca0c652819760837c7b04f,0,RequestedWithdrawal,0xcc10abf54af5c0718b10b0156dfe1e369ce3eee72423e9e86936a0082e9c5d1b,0xc2fa554c96051717aa32930833bac68747112e68,39.0,1781376239314000,7
473152911,2026-06-13T18:45:18Z,1781376318000,0x8b1024f695f374ae752324cb77e97b9627ddb3bc01adf68350033a82bd3ccd5f,0,RequestedWithdrawal,0xcc10abf54af5c0718b10b0156dfe1e369ce3eee72423e9e86936a0082e9c5d1b,0x8ede0eeb8c03a45886836a1badec03cdb08cdfb2,49.0,1781376301108000,7
473153210,2026-06-13T18:46:34Z,1781376394000,0xffa25a34e7af2a0b43df34ef84d2c6109ddac0c2765b5e854d794d311c75ec1a,1,FinalizedWithdrawal,0xe5c7fe3a4ffca1590f26d74c8ba8b0db69557f7f4607a2a43f82e93041611978,0x0d4070da40b950779f61e7867f52537113124ce5,22.91,1781376147198000,7
473153210,2026-06-13T18:46:34Z,1781376394000,0xffa25a34e7af2a0b43df34ef84d2c6109ddac0c2765b5e854d794d311c75ec1a,3,FinalizedWithdrawal,0xe5c7fe3a4ffca1590f26d74c8ba8b0db69557f7f4607a2a43f82e93041611978,0xc1d41266a989ad4470f17ac653b3d8c67a858bf4,19.0,1781376159291000,7
473153399,2026-06-13T18:47:23Z,1781376443000,0x5d7138cadfa9309de02cf35fc2bec2db25f9f879f870d7d1a2c2cf53f9a87311,2,RequestedWithdrawal,0xcc10abf54af5c0718b10b0156dfe1e369ce3eee72423e9e86936a0082e9c5d1b,0x1ddb96dff4893efedda5634a68ab646cf99284ee,22.33,1781376354178000,7
473153405,2026-06-13T18:47:24Z,1781376444000,0xfb650db6be8334f29c0a8c5ae4e65c38b92dd5d36b87d8c4a0f5dd919375f14a,1,FinalizedWithdrawal,0xe5c7fe3a4ffca1590f26d74c8ba8b0db69557f7f4607a2a43f82e93041611978,0xede92d0fc0aa6d52e41e36211bfbdf5dd2399e27,19.0,1781376128528000,7
473153499,2026-06-13T18:47:49Z,1781376469000,0x8ff6ac38afc3f4c1b791f4fb158aa3fd7659d56eaf76715eb6e8b7a63d9bfcb0,0,RequestedWithdrawal,0xcc10abf54af5c0718b10b0156dfe1e369ce3eee72423e9e86936a0082e9c5d1b,0xa106eb4fdac16d6bcc0d44cfbef2d0f88ddf273b,19.0,1781376461733000,7
473153504,2026-06-13T18:47:50Z,1781376470000,0xcbba2f1c036b9784f9052402a6c4883d5daa07355b169c4c0cf6d0c86d5890c6,1,FinalizedWithdrawal,0xe5c7fe3a4ffca1590f26d74c8ba8b0db69557f7f4607a2a43f82e93041611978,0xc2fa554c96051717aa32930833bac68747112e68,39.0,1781376239314000,7
473153769,2026-06-13T18:48:58Z,1781376538000,0x1d4a0b28e374cf7e93fde89546f58b92373e08995ad9e77d3054db766dbdb8d6,7,FinalizedWithdrawal,0xe5c7fe3a4ffca1590f26d74c8ba8b0db69557f7f4607a2a43f82e93041611978,0x8ede0eeb8c03a45886836a1badec03cdb08cdfb2,49.0,1781376301108000,7
473153859,2026-06-13T18:49:21Z,1781376561000,0x8c5e32eb1db45335e63a081ee841fded2582dc7641798dd047142ad58e7a6b43,14,RequestedWithdrawal,0xcc10abf54af5c0718b10b0156dfe1e369ce3eee72423e9e86936a0082e9c5d1b,0x1b5cdadf1d83e5d4092f9c6ff0d027a3aa727fea,12.51,1781376542799000,7
473153859,2026-06-13T18:49:21Z,1781376561000,0x8c5e32eb1db45335e63a081ee841fded2582dc7641798dd047142ad58e7a6b43,15,RequestedWithdrawal,0xcc10abf54af5c0718b10b0156dfe1e369ce3eee72423e9e86936a0082e9c5d1b,0x5a235de139882e0792c69d923e3473e726c3b01a,73.62,1781376537901000,7
473154227,2026-06-13T18:50:53Z,1781376653000,0x5fccc320bd3e89579367354e8d52932573010c7ed906c716fc2b3e7357dfa04a,1,FinalizedWithdrawal,0xe5c7fe3a4ffca1590f26d74c8ba8b0db69557f7f4607a2a43f82e93041611978,0x1ddb96dff4893efedda5634a68ab646cf99284ee,22.33,1781376354178000,7
473154335,2026-06-13T18:51:20Z,1781376680000,0xb8bd0474b1f7dc8b65d4b39762cafa989895a69ac22c629a297681ea585d5ce6,0,RequestedWithdrawal,0xcc10abf54af5c0718b10b0156dfe1e369ce3eee72423e9e86936a0082e9c5d1b,0x6c54288b298da3ddd1f7b9a8fca42e884bf34cbc,13.554219,1781376653645000,7
473154342,2026-06-13T18:51:22Z,1781376682000,0x185ec7ae1113a50d3216be9471127cff85a0bd28f3978bc9ec7d9a0358cc9846,21,FinalizedWithdrawal,0xe5c7fe3a4ffca1590f26d74c8ba8b0db69557f7f4607a2a43f82e93041611978,0xa106eb4fdac16d6bcc0d44cfbef2d0f88ddf273b,19.0,1781376461733000,7
473154417,2026-06-13T18:51:41Z,1781376701000,0x43c8ae49b12aef7768889cd5403edb09a6fe96a7022fc08974c54e7d525a0a36,1,RequestedWithdrawal,0xcc10abf54af5c0718b10b0156dfe1e369ce3eee72423e9e86936a0082e9c5d1b,0x1b6c30f766876bebe15b3ea65e62120e89d28d8a,132.72,1781376696482000,7
473154681,2026-06-13T18:52:49Z,1781376769000,0xe166a992ab668b8bdf0a6c1fc7ea70330ad87f23de137db1ab1c8eb5d1b23439,3,FinalizedWithdrawal,0xe5c7fe3a4ffca1590f26d74c8ba8b0db69557f7f4607a2a43f82e93041611978,0x1b5cdadf1d83e5d4092f9c6ff0d027a3aa727fea,12.51,1781376542799000,7
473154681,2026-06-13T18:52:49Z,1781376769000,0xe166a992ab668b8bdf0a6c1fc7ea70330ad87f23de137db1ab1c8eb5d1b23439,5,FinalizedWithdrawal,0xe5c7fe3a4ffca1590f26d74c8ba8b0db69557f7f4607a2a43f82e93041611978,0x5a235de139882e0792c69d923e3473e726c3b01a,73.62,1781376537901000,7
473155140,2026-06-13T18:54:49Z,1781376889000,0x8e5f0cad9ecf5df33c0705c5cb150075a75f099a6f81adbcb29ad10b7d040454,1,FinalizedWithdrawal,0xe5c7fe3a4ffca1590f26d74c8ba8b0db69557f7f4607a2a43f82e93041611978,0x6c54288b298da3ddd1f7b9a8fca42e884bf34cbc,13.554219,1781376653645000,7
473155210,2026-06-13T18:55:09Z,1781376909000,0xf58558f602dcc52e9d7903657ba80b11d92916b0617aaad79472de31a557cd51,63,RequestedWithdrawal,0xcc10abf54af5c0718b10b0156dfe1e369ce3eee72423e9e86936a0082e9c5d1b,0xe391d2bc065d88eda0615989f5d563ff870ab2e8,130.0,1781376901399000,7
473155210,2026-06-13T18:55:09Z,1781376909000,0xf58558f602dcc52e9d7903657ba80b11d92916b0617aaad79472de31a557cd51,64,RequestedWithdrawal,0xcc10abf54af5c0718b10b0156dfe1e369ce3eee72423e9e86936a0082e9c5d1b,0xf032648dfd22c4d81588bd83e09ab89cfe816705,2032.497077,1781376900270000,7
473155217,2026-06-13T18:55:10Z,1781376910000,0x2d33a2af8be6bfb4138818bee22d39ee0dbe066fa724be5a93c6be08e3cc1c81,11,FinalizedWithdrawal,0xe5c7fe3a4ffca1590f26d74c8ba8b0db69557f7f4607a2a43f82e93041611978,0x1b6c30f766876bebe15b3ea65e62120e89d28d8a,132.72,1781376696482000,7
473155590,2026-06-13T18:56:44Z,1781377004000,0xc32d974c2229e49c09ece290a30a8542f1afff9ae8c7ebc70e3fdb954c434f3d,0,RequestedWithdrawal,0xcc10abf54af5c0718b10b0156dfe1e369ce3eee72423e9e86936a0082e9c5d1b,0xab0772405f28e39803f01cb5574562c4e0d82ee4,4.947984,1781376993158000,7
473155590,2026-06-13T18:56:44Z,1781377004000,0xc32d974c2229e49c09ece290a30a8542f1afff9ae8c7ebc70e3fdb954c434f3d,1,RequestedWithdrawal,0xcc10abf54af5c0718b10b0156dfe1e369ce3eee72423e9e86936a0082e9c5d1b,0xc74aeae2852f0269bbe334b4f58137574d8b6845,19.0,1781376976969000,7
473156051,2026-06-13T18:58:42Z,1781377122000,0x697c722695afafdd0c0f9907ca953f7283ad78d2ab75e330aa6893a52cb790e7,1,FinalizedWithdrawal,0xe5c7fe3a4ffca1590f26d74c8ba8b0db69557f7f4607a2a43f82e93041611978,0xe391d2bc065d88eda0615989f5d563ff870ab2e8,130.0,1781376901399000,7
473156051,2026-06-13T18:58:42Z,1781377122000,0x697c722695afafdd0c0f9907ca953f7283ad78d2ab75e330aa6893a52cb790e7,3,FinalizedWithdrawal,0xe5c7fe3a4ffca1590f26d74c8ba8b0db69557f7f4607a2a43f82e93041611978,0xf032648dfd22c4d81588bd83e09ab89cfe816705,2032.497077,1781376900270000,7
473156300,2026-06-13T18:59:46Z,1781377186000,0x424f3317b08a914e499eda23cfd5a33ed920c1f5a72016ed2831f27154c407ec,0,RequestedWithdrawal,0xcc10abf54af5c0718b10b0156dfe1e369ce3eee72423e9e86936a0082e9c5d1b,0x2cca3341de55975ff94d17b6f9714bcaf5f7a97a,3.556397,1781377100223000,7
473156501,2026-06-13T19:00:36Z,1781377236000,0x084f2b31d65c41be53464fca273c9937926ca524fe18bd48805d2895e230a847,0,RequestedWithdrawal,0xcc10abf54af5c0718b10b0156dfe1e369ce3eee72423e9e86936a0082e9c5d1b,0x1b7a20374ba506083c0eaaff867e42d72b1eff9a,9.0,1781377231887000,7
473156506,2026-06-13T19:00:38Z,1781377238000,0x63fd3627ee99976c246f7afd53df53a75f1426a988f082ece0f13ad8d4182969,19,FinalizedWithdrawal,0xe5c7fe3a4ffca1590f26d74c8ba8b0db69557f7f4607a2a43f82e93041611978,0xab0772405f28e39803f01cb5574562c4e0d82ee4,4.947984,1781376993158000,7
473156506,2026-06-13T19:00:38Z,1781377238000,0x63fd3627ee99976c246f7afd53df53a75f1426a988f082ece0f13ad8d4182969,21,FinalizedWithdrawal,0xe5c7fe3a4ffca1590f26d74c8ba8b0db69557f7f4607a2a43f82e93041611978,0xc74aeae2852f0269bbe334b4f58137574d8b6845,19.0,1781376976969000,7
473156968,2026-06-13T19:02:37Z,1781377357000,0xa7b2ab993c69ba9ba78723f1054c9aa60c6826c36c6824713f6dd51beaa95146,3,RequestedWithdrawal,0xcc10abf54af5c0718b10b0156dfe1e369ce3eee72423e9e86936a0082e9c5d1b,0x4beed227ed4f7d14441c2641329a166064704381,59.263174,1781377234657000,7
473157067,2026-06-13T19:03:02Z,1781377382000,0xc7b57de3551e87b53c15e6f13cb258d2d736be6f05120d5573639d213f5d2b4a,2,RequestedWithdrawal,0xcc10abf54af5c0718b10b0156dfe1e369ce3eee72423e9e86936a0082e9c5d1b,0xb28c200776fec15d5522ec3edfc0e3074c002b42,380.154625,1781377377334000,7
473157175,2026-06-13T19:03:29Z,1781377409000,0x01728b02cdaef3a36dde22b60b17b05a799cdf4fbcf197f6bacf24934fb8dcf2,1,RequestedWithdrawal,0xcc10abf54af5c0718b10b0156dfe1e369ce3eee72423e9e86936a0082e9c5d1b,0x96c459975eca995d66c07b3f1f51727ac4e5e8b3,4.0,1781377394850000,7
473157362,2026-06-13T19:04:17Z,1781377457000,0x447575fe5c563ac0e111d91a73f4299887418cb197721d7eb55614d48eb4dfe3,2,FinalizedWithdrawal,0xe5c7fe3a4ffca1590f26d74c8ba8b0db69557f7f4607a2a43f82e93041611978,0x1b7a20374ba506083c0eaaff867e42d72b1eff9a,9.0,1781377231887000,7
473157463,2026-06-13T19:04:42Z,1781377482000,0x123e04e3697f266a16e19844ddcf4781f1d9ab80ad639e0841006b338619456d,12,FinalizedWithdrawal,0xe5c7fe3a4ffca1590f26d74c8ba8b0db69557f7f4607a2a43f82e93041611978,0x2cca3341de55975ff94d17b6f9714bcaf5f7a97a,3.556397,1781377100223000,7
473157744,2026-06-13T19:05:54Z,1781377554000,0x88418f608a678c1841dc5fb0e155055e7a068a5acd97222273f04b607cf9cc7b,6,RequestedWithdrawal,0xcc10abf54af5c0718b10b0156dfe1e369ce3eee72423e9e86936a0082e9c5d1b,0x96c459975eca995d66c07b3f1f51727ac4e5e8b3,4.0,1781377524367000,7
473157920,2026-06-13T19:06:39Z,1781377599000,0xb76e6e39f18556d9f3c0fd443c19940b461a30c6679d7af9e8b90871563663bd,0,RequestedWithdrawal,0xcc10abf54af5c0718b10b0156dfe1e369ce3eee72423e9e86936a0082e9c5d1b,0x241e9e296e5e784179a6616f5ca01fb404870b49,161.0,1781377589754000,7
473157925,2026-06-13T19:06:41Z,1781377601000,0xc9e5c47ec50033b7a3003d37081e3cce1ee3113d5985cfda6cb358c6ce80a2b2,52,FinalizedWithdrawal,0xe5c7fe3a4ffca1590f26d74c8ba8b0db69557f7f4607a2a43f82e93041611978,0xb28c200776fec15d5522ec3edfc0e3074c002b42,380.154625,1781377377334000,7
473158102,2026-06-13T19:07:26Z,1781377646000,0xb0d647e57bf9e62e5a95d7471a2a458680c406b1c97aeca3a96d37ea0ff5f82a,1,FinalizedWithdrawal,0xe5c7fe3a4ffca1590f26d74c8ba8b0db69557f7f4607a2a43f82e93041611978,0x4beed227ed4f7d14441c2641329a166064704381,59.263174,1781377234657000,7
473158298,2026-06-13T19:08:17Z,1781377697000,0x05e12631444aaf9aa6f2c0db2ed0407ebde27d04b7d0515d77f0ca1ce4233353,1,FinalizedWithdrawal,0xe5c7fe3a4ffca1590f26d74c8ba8b0db69557f7f4607a2a43f82e93041611978,0x96c459975eca995d66c07b3f1f51727ac4e5e8b3,4.0,1781377394850000,7
473158524,2026-06-13T19:09:17Z,1781377757000,0x85adce558915d9bc0b5f3872249d1bb4346e51dee4f683d53f069230bc5d0d70,0,RequestedWithdrawal,0xcc10abf54af5c0718b10b0156dfe1e369ce3eee72423e9e86936a0082e9c5d1b,0xaedbcefff83344ca5ccadc63ef8671df43a29811,13.786043,1781377716344000,7
473158530,2026-06-13T19:09:19Z,1781377759000,0x23e85b97a0448de9235ff164d6e860d7e94a4f6a012fc339353db8fd71929607,1,FinalizedWithdrawal,0xe5c7fe3a4ffca1590f26d74c8ba8b0db69557f7f4607a2a43f82e93041611978,0x96c459975eca995d66c07b3f1f51727ac4e5e8b3,4.0,1781377524367000,7
473158717,2026-06-13T19:10:05Z,1781377805000,0xdbb7c662ff117b8fffea0daa5ee0003dafa3dc16f080ab5c5cf2259dd49286f2,1,FinalizedWithdrawal,0xe5c7fe3a4ffca1590f26d74c8ba8b0db69557f7f4607a2a43f82e93041611978,0x241e9e296e5e784179a6616f5ca01fb404870b49,161.0,1781377589754000,7
473159679,2026-06-13T19:14:08Z,1781378048000,0x6c4c1b84cec2c984cb8a835d009565d469d08040b4fbd1b26cc0cd008bcf01e9,10,FinalizedWithdrawal,0xe5c7fe3a4ffca1590f26d74c8ba8b0db69557f7f4607a2a43f82e93041611978,0xaedbcefff83344ca5ccadc63ef8671df43a29811,13.786043,1781377716344000,7
473160652,2026-06-13T19:18:17Z,1781378297000,0x6ef3c8fc6bb7e129fc34bb99ccbcd87f3bb84aa6701fd5836d5dd4f08fb0edbb,2,RequestedWithdrawal,0xcc10abf54af5c0718b10b0156dfe1e369ce3eee72423e9e86936a0082e9c5d1b,0x1d5cf5556d0195906aa74f6edead1059458ea28f,346.557912,1781378195851000,7
473160752,2026-06-13T19:18:43Z,1781378323000,0x6bf17625b2c857da4ae4516c9adc9b867ef34cd14671d8df48b78bb037acefc2,0,RequestedWithdrawal,0xcc10abf54af5c0718b10b0156dfe1e369ce3eee72423e9e86936a0082e9c5d1b,0x1b7a20374ba506083c0eaaff867e42d72b1eff9a,9.0,1781378314427000,7
473160752,2026-06-13T19:18:43Z,1781378323000,0x6bf17625b2c857da4ae4516c9adc9b867ef34cd14671d8df48b78bb037acefc2,1,RequestedWithdrawal,0xcc10abf54af5c0718b10b0156dfe1e369ce3eee72423e9e86936a0082e9c5d1b,0x3753a2101608d179385bfa40b9444726fb1dd229,17.57,1781378229740000,7
473160752,2026-06-13T19:18:43Z,1781378323000,0x6bf17625b2c857da4ae4516c9adc9b867ef34cd14671d8df48b78bb037acefc2,2,RequestedWithdrawal,0xcc10abf54af5c0718b10b0156dfe1e369ce3eee72423e9e86936a0082e9c5d1b,0x6ce9020b599ffe0f55308d6c3760b57f8a1c11b4,440.22,1781378315133000,7
473161389,2026-06-13T19:21:23Z,1781378483000,0x474b71d124b57b158caa1e2a06f01122a4666d06964c1cdc48b6ec31f12ae3fc,0,RequestedWithdrawal,0xcc10abf54af5c0718b10b0156dfe1e369ce3eee72423e9e86936a0082e9c5d1b,0x44eb49a763ad2be93779b6f4dae8a155c2ac47d7,9.0,1781378479565000,7
473161500,2026-06-13T19:21:51Z,1781378511000,0x0ac36844298d61fdbbc60aff8332e36b3e7e41735c4ca2ae94d94cdbd1274dd9,6,FinalizedWithdrawal,0xe5c7fe3a4ffca1590f26d74c8ba8b0db69557f7f4607a2a43f82e93041611978,0x1d5cf5556d0195906aa74f6edead1059458ea28f,346.557912,1781378195851000,7
473161611,2026-06-13T19:22:19Z,1781378539000,0x24a063a78d2762dcf849e6289ba22d3cf8bb2f6b914dfae03af327e161d37c2e,2,FinalizedWithdrawal,0xe5c7fe3a4ffca1590f26d74c8ba8b0db69557f7f4607a2a43f82e93041611978,0x1b7a20374ba506083c0eaaff867e42d72b1eff9a,9.0,1781378314427000,7
473161611,2026-06-13T19:22:19Z,1781378539000,0x24a063a78d2762dcf849e6289ba22d3cf8bb2f6b914dfae03af327e161d37c2e,4,FinalizedWithdrawal,0xe5c7fe3a4ffca1590f26d74c8ba8b0db69557f7f4607a2a43f82e93041611978,0x6ce9020b599ffe0f55308d6c3760b57f8a1c11b4,440.22,1781378315133000,7
473161611,2026-06-13T19:22:19Z,1781378539000,0x24a063a78d2762dcf849e6289ba22d3cf8bb2f6b914dfae03af327e161d37c2e,6,FinalizedWithdrawal,0xe5c7fe3a4ffca1590f26d74c8ba8b0db69557f7f4607a2a43f82e93041611978,0x3753a2101608d179385bfa40b9444726fb1dd229,17.57,1781378229740000,7
473162551,2026-06-13T19:26:16Z,1781378776000,0x5ce9211eb57360f6fc2bd11f2c66d33e10653df9f215340ff0d536504e1d8c63,1,FinalizedWithdrawal,0xe5c7fe3a4ffca1590f26d74c8ba8b0db69557f7f4607a2a43f82e93041611978,0x44eb49a763ad2be93779b6f4dae8a155c2ac47d7,9.0,1781378479565000,7
473162857,2026-06-13T19:27:33Z,1781378853000,0x446e2d5b254c3f2f55de889cee5ab9367e6eee5890e2760bada2469a925e7661,1,RequestedWithdrawal,0xcc10abf54af5c0718b10b0156dfe1e369ce3eee72423e9e86936a0082e9c5d1b,0x7ba890fc5157c7f1b5efc2c64398032ad6587e70,149.0,1781378836965000,7
473162959,2026-06-13T19:27:58Z,1781378878000,0xf036717d5472b3243c7b2139796fa7cffcb95d78eb035ec55c6ea153431f0938,0,RequestedWithdrawal,0xcc10abf54af5c0718b10b0156dfe1e369ce3eee72423e9e86936a0082e9c5d1b,0x5f131f33a190e33f1e1dc5cf1dc2c8b7553d6120,29.28,1781378865702000,7
473163066,2026-06-13T19:28:25Z,1781378905000,0x6acf25a713846046667e31d32f76ba3ac61adc99dfa4140c89ab487cd188f52c,5,RequestedWithdrawal,0xcc10abf54af5c0718b10b0156dfe1e369ce3eee72423e9e86936a0082e9c5d1b,0x95f4d32a250d698e29ea33145b61f6c934009d75,107.72,1781378880524000,7
473163172,2026-06-13T19:28:51Z,1781378931000,0x3a24bbaa21b3e3fc9c75d1ffbf4e43dc1cc91e7dca70ec70ed41a0fc2011045d,4,RequestedWithdrawal,0xcc10abf54af5c0718b10b0156dfe1e369ce3eee72423e9e86936a0082e9c5d1b,0x9adf1dfb16821d28aef33efb96f9871b0a43158f,82.0,1781378908886000,7
473163371,2026-06-13T19:29:41Z,1781378981000,0xdb45389a4ad1d384e4ace4b3a6774a9a0ba90f483b6568f0d0ad4634967eaa29,0,RequestedWithdrawal,0xcc10abf54af5c0718b10b0156dfe1e369ce3eee72423e9e86936a0082e9c5d1b,0x8f9e2d6ee28d3e11ec4c5a31de1c12ff71f009f3,33.16,1781378960819000,7
473163842,2026-06-13T19:31:39Z,1781379099000,0x028a0c092a929777dcba0b9cd760315b2a06bbe8952cc5f910967d365ba2fd76,1,FinalizedWithdrawal,0xe5c7fe3a4ffca1590f26d74c8ba8b0db69557f7f4607a2a43f82e93041611978,0x5f131f33a190e33f1e1dc5cf1dc2c8b7553d6120,29.28,1781378865702000,7
473164019,2026-06-13T19:32:24Z,1781379144000,0x6a2a409ffc6ae0f837294a88b103d4d5febdceb168d48dcbc77de026f5995709,11,RequestedWithdrawal,0xcc10abf54af5c0718b10b0156dfe1e369ce3eee72423e9e86936a0082e9c5d1b,0x0c2d71b53fbf8ca7ff293eb075463a4d19dfe686,59.65,1781379057819000,7
473164209,2026-06-13T19:33:12Z,1781379192000,0x07c98432756e979e7141249f1354b5e72ce0a853d36e41c23a9c9b131fec1edd,2,RequestedWithdrawal,0xcc10abf54af5c0718b10b0156dfe1e369ce3eee72423e9e86936a0082e9c5d1b,0x3b8d23a7cfc6eb0a419735ea3fc033e58083b608,581.92553,1781379112664000,7
473164217,2026-06-13T19:33:14Z,1781379194000,0x4bba457eaea4087083f9383a730ccbbb57b049038e6011e73e2fb24d414d4116,1,FinalizedWithdrawal,0xe5c7fe3a4ffca1590f26d74c8ba8b0db69557f7f4607a2a43f82e93041611978,0x95f4d32a250d698e29ea33145b61f6c934009d75,107.72,1781378880524000,7
473164217,2026-06-13T19:33:14Z,1781379194000,0x4bba457eaea4087083f9383a730ccbbb57b049038e6011e73e2fb24d414d4116,3,FinalizedWithdrawal,0xe5c7fe3a4ffca1590f26d74c8ba8b0db69557f7f4607a2a43f82e93041611978,0x8f9e2d6ee28d3e11ec4c5a31de1c12ff71f009f3,33.16,1781378960819000,7
473164339,2026-06-13T19:33:45Z,1781379225000,0x6a347e847af4ee4494ff1746aaf47e2828da79510fa38564d91cb6a2245b563f,2,FinalizedWithdrawal,0xe5c7fe3a4ffca1590f26d74c8ba8b0db69557f7f4607a2a43f82e93041611978,0x7ba890fc5157c7f1b5efc2c64398032ad6587e70,149.0,1781378836965000,7
473164339,2026-06-13T19:33:45Z,1781379225000,0x6a347e847af4ee4494ff1746aaf47e2828da79510fa38564d91cb6a2245b563f,4,FinalizedWithdrawal,0xe5c7fe3a4ffca1590f26d74c8ba8b0db69557f7f4607a2a43f82e93041611978,0x9adf1dfb16821d28aef33efb96f9871b0a43158f,82.0,1781378908886000,7
473164569,2026-06-13T19:34:44Z,1781379284000,0x5b5502a4883bebb510ae261a6c859d62a842427abeb6c0cb6aa10a39f02319f6,0,RequestedWithdrawal,0xcc10abf54af5c0718b10b0156dfe1e369ce3eee72423e9e86936a0082e9c5d1b,0xd3d790f6a58d46ad2d0f1d7af385c5f6c7b6ea72,19.0,1781379189899000,7
473164853,2026-06-13T19:35:55Z,1781379355000,0xffb3a89a2650c003308af24ba7145bf789a500f14389263e3fae926be09432d9,2,FinalizedWithdrawal,0xe5c7fe3a4ffca1590f26d74c8ba8b0db69557f7f4607a2a43f82e93041611978,0x0c2d71b53fbf8ca7ff293eb075463a4d19dfe686,59.65,1781379057819000,7
473165308,2026-06-13T19:37:51Z,1781379471000,0xa56cf8bc85764e0b689f5e10d1718346b4cbe625589c284f2758ed2bbcaca65c,1,FinalizedWithdrawal,0xe5c7fe3a4ffca1590f26d74c8ba8b0db69557f7f4607a2a43f82e93041611978,0x3b8d23a7cfc6eb0a419735ea3fc033e58083b608,581.92553,1781379112664000,7
473165421,2026-06-13T19:38:20Z,1781379500000,0x0d66ca3b8511ef13728579ade764a6f8523ea82b587d3a8e8dc0e109a60e9eaf,29,FinalizedWithdrawal,0xe5c7fe3a4ffca1590f26d74c8ba8b0db69557f7f4607a2a43f82e93041611978,0xd3d790f6a58d46ad2d0f1d7af385c5f6c7b6ea72,19.0,1781379189899000,7
473165488,2026-06-13T19:38:36Z,1781379516000,0xb85394ebce783271d52f1457ad5805defbde534f95e151fa1532a6d969d24a04,0,RequestedWithdrawal,0xcc10abf54af5c0718b10b0156dfe1e369ce3eee72423e9e86936a0082e9c5d1b,0x0b6cf2b48ad84416f1f149e324feec89dd7e4aef,97.448934,1781379497859000,7
473165589,2026-06-13T19:39:03Z,1781379543000,0xa4cf85a27d8232e486c8ecfef5b6203167a6d551a243c7726f2e7d7734e1b501,6,RequestedWithdrawal,0xcc10abf54af5c0718b10b0156dfe1e369ce3eee72423e9e86936a0082e9c5d1b,0xcc6522f3fe6e73bbc5c0945ad928fafa87d7dca3,6.87,1781379536339000,7
473165693,2026-06-13T19:39:30Z,1781379570000,0xb68f61c379dd310ac71287d2532691dc537a71f457641674796e20ddfa2ffab3,0,RequestedWithdrawal,0xcc10abf54af5c0718b10b0156dfe1e369ce3eee72423e9e86936a0082e9c5d1b,0x28e7084a210749561347f342cefd9985dc91a8eb,48.94,1781379538393000,7
473165693,2026-06-13T19:39:30Z,1781379570000,0xb68f61c379dd310ac71287d2532691dc537a71f457641674796e20ddfa2ffab3,1,RequestedWithdrawal,0xcc10abf54af5c0718b10b0156dfe1e369ce3eee72423e9e86936a0082e9c5d1b,0xd3d790f6a58d46ad2d0f1d7af385c5f6c7b6ea72,699.0,1781379563063000,7
473166368,2026-06-13T19:42:19Z,1781379739000,0x21263460374103eb99628a4942b82913e7654505e8f86d292c63b4db2926843e,2,FinalizedWithdrawal,0xe5c7fe3a4ffca1590f26d74c8ba8b0db69557f7f4607a2a43f82e93041611978,0x0b6cf2b48ad84416f1f149e324feec89dd7e4aef,97.448934,1781379497859000,7
473166463,2026-06-13T19:42:44Z,1781379764000,0x7f90ac9cde741beec84ca5ee57ec88e89f029708027a8af4e32317a22d8436ab,1,FinalizedWithdrawal,0xe5c7fe3a4ffca1590f26d74c8ba8b0db69557f7f4607a2a43f82e93041611978,0xcc6522f3fe6e73bbc5c0945ad928fafa87d7dca3,6.87,1781379536339000,7
473166565,2026-06-13T19:43:10Z,1781379790000,0xeb061a956ac83ffaf9d6af56e2d72e66bbd65d7c72743758f1e8990d6429ca16,10,FinalizedWithdrawal,0xe5c7fe3a4ffca1590f26d74c8ba8b0db69557f7f4607a2a43f82e93041611978,0x28e7084a210749561347f342cefd9985dc91a8eb,48.94,1781379538393000,7
473166565,2026-06-13T19:43:10Z,1781379790000,0xeb061a956ac83ffaf9d6af56e2d72e66bbd65d7c72743758f1e8990d6429ca16,12,FinalizedWithdrawal,0xe5c7fe3a4ffca1590f26d74c8ba8b0db69557f7f4607a2a43f82e93041611978,0xd3d790f6a58d46ad2d0f1d7af385c5f6c7b6ea72,699.0,1781379563063000,7
473167032,2026-06-13T19:45:10Z,1781379910000,0xf78b0e76c6ffb93bd02003a4cd70b039646b48e7a1cd70dcccc63b358636411e,5,RequestedWithdrawal,0xcc10abf54af5c0718b10b0156dfe1e369ce3eee72423e9e86936a0082e9c5d1b,0x16017800aa9c9d6dcb0b864cd3f7446a611fbffc,9.620261,1781379874750000,7
473167298,2026-06-13T19:46:18Z,1781379978000,0x55c05b13ba8657671f67d31dfc0c21d0771563266aac4b4622fd1f77c9606a5d,0,RequestedWithdrawal,0xcc10abf54af5c0718b10b0156dfe1e369ce3eee72423e9e86936a0082e9c5d1b,0xd9bc76156ccfee0b0aece95c86e4ac877d86b7c3,6.0,1781379974328000,7
473167582,2026-06-13T19:47:30Z,1781380050000,0x29db6955bfe28017b0c8f431d3669c108de4efaab73e877c25d33491506b7e42,0,RequestedWithdrawal,0xcc10abf54af5c0718b10b0156dfe1e369ce3eee72423e9e86936a0082e9c5d1b,0x1a45791dbace814775117200e4a765da4583079f,29.0,1781380028160000,7
473167884,2026-06-13T19:48:45Z,1781380125000,0x4dbdbfa8011d2785826008b92cd1ccfa7cc35b3a1ee2dd4816f05173fbd414bc,1,FinalizedWithdrawal,0xe5c7fe3a4ffca1590f26d74c8ba8b0db69557f7f4607a2a43f82e93041611978,0x16017800aa9c9d6dcb0b864cd3f7446a611fbffc,9.620261,1781379874750000,7
473168136,2026-06-13T19:49:50Z,1781380190000,0xa86fb24eb398510917a8d84edd4d64f9a78524dd2696296a55f6c1cd6f442169,1,FinalizedWithdrawal,0xe5c7fe3a4ffca1590f26d74c8ba8b0db69557f7f4607a2a43f82e93041611978,0xd9bc76156ccfee0b0aece95c86e4ac877d86b7c3,6.0,1781379974328000,7
473168429,2026-06-13T19:51:05Z,1781380265000,0xee4ed16a530c560ecb3a171547033b0ee354e42d8a5fe5bb44761467226509a1,1,FinalizedWithdrawal,0xe5c7fe3a4ffca1590f26d74c8ba8b0db69557f7f4607a2a43f82e93041611978,0x1a45791dbace814775117200e4a765da4583079f,29.0,1781380028160000,7
473168815,2026-06-13T19:52:43Z,1781380363000,0xfac13522e3720c76fa5b0fd05ab36abcd4116b8bdb1718abef8c5beebac2ba7b,0,RequestedWithdrawal,0xcc10abf54af5c0718b10b0156dfe1e369ce3eee72423e9e86936a0082e9c5d1b,0x0b6cf2b48ad84416f1f149e324feec89dd7e4aef,98.449978,1781380354919000,7
473169681,2026-06-13T19:56:25Z,1781380585000,0x6f0dd2b634c7148277dce9c0706f7436237123d1e84e6da315327aba052a7a88,1,FinalizedWithdrawal,0xe5c7fe3a4ffca1590f26d74c8ba8b0db69557f7f4607a2a43f82e93041611978,0x0b6cf2b48ad84416f1f149e324feec89dd7e4aef,98.449978,1781380354919000,7
473169761,2026-06-13T19:56:45Z,1781380605000,0xa1ca2504b81dd644cce03f9939571d248a348602861004ca48f7a9a2fd3be49d,0,RequestedWithdrawal,0xcc10abf54af5c0718b10b0156dfe1e369ce3eee72423e9e86936a0082e9c5d1b,0x96940b319adec6d9548ac91730685605ed0bc7b4,40.29,1781380587881000,7
473170155,2026-06-13T19:58:27Z,1781380707000,0x6b9217227dcd94f29e9ae5ffd6f12147b4bd5ce91c0c7dae0a57b09ad09dbec6,0,RequestedWithdrawal,0xcc10abf54af5c0718b10b0156dfe1e369ce3eee72423e9e86936a0082e9c5d1b,0x5d63931a7a5f218fcb281174b12239d99020a27a,10.930877,1781380690743000,7
473170155,2026-06-13T19:58:27Z,1781380707000,0x6b9217227dcd94f29e9ae5ffd6f12147b4bd5ce91c0c7dae0a57b09ad09dbec6,1,RequestedWithdrawal,0xcc10abf54af5c0718b10b0156dfe1e369ce3eee72423e9e86936a0082e9c5d1b,0xd3d790f6a58d46ad2d0f1d7af385c5f6c7b6ea72,19.0,1781380701068000,7
473170433,2026-06-13T19:59:40Z,1781380780000,0xbb3832e0a063a0a5ea34a1d7ccf8e82bd7344864dfe028b09b6ede04283a7d32,73,RequestedWithdrawal,0xcc10abf54af5c0718b10b0156dfe1e369ce3eee72423e9e86936a0082e9c5d1b,0x49475d8c58d281f304592e5d17d3057e8a616f9e,24.0,1781380752797000,7
473170527,2026-06-13T20:00:05Z,1781380805000,0xd496ee41d876fba000a279722c89f75627ec96f6bcf45b9e71239bc247f652fd,0,RequestedWithdrawal,0xcc10abf54af5c0718b10b0156dfe1e369ce3eee72423e9e86936a0082e9c5d1b,0xe1ef12094362b134534f8ae1e0d48a13ac11f1c6,151.83,1781380780142000,7
473170623,2026-06-13T20:00:29Z,1781380829000,0x596ddfd5038ae20e6d4c0e7b14f8cf6775ed2a3d8594616ea93158db188fc749,3,RequestedWithdrawal,0xcc10abf54af5c0718b10b0156dfe1e369ce3eee72423e9e86936a0082e9c5d1b,0xf032648dfd22c4d81588bd83e09ab89cfe816705,2624.770104,1781380809033000,7
473170629,2026-06-13T20:00:30Z,1781380830000,0xe476a81f22f0aee0ba14030ed0760bfa4d744abca9809dd73264282d4e0ab4dc,4,FinalizedWithdrawal,0xe5c7fe3a4ffca1590f26d74c8ba8b0db69557f7f4607a2a43f82e93041611978,0x96940b319adec6d9548ac91730685605ed0bc7b4,40.29,1781380587881000,7
473170937,2026-06-13T20:01:49Z,1781380909000,0x9e9e931bc9f6ffd0099dad51e06d206cb312c2c651f629a0c010ac7bf449cac7,1,FinalizedWithdrawal,0xe5c7fe3a4ffca1590f26d74c8ba8b0db69557f7f4607a2a43f82e93041611978,0x5d63931a7a5f218fcb281174b12239d99020a27a,10.930877,1781380690743000,7
473170937,2026-06-13T20:01:49Z,1781380909000,0x9e9e931bc9f6ffd0099dad51e06d206cb312c2c651f629a0c010ac7bf449cac7,3,FinalizedWithdrawal,0xe5c7fe3a4ffca1590f26d74c8ba8b0db69557f7f4607a2a43f82e93041611978,0xd3d790f6a58d46ad2d0f1d7af385c5f6c7b6ea72,19.0,1781380701068000,7
473171294,2026-06-13T20:03:20Z,1781381000000,0x1b6300465fb2c42e49bd8be4c7a983996408526c4092360a028346247fc927a3,18,RequestedWithdrawal,0xcc10abf54af5c0718b10b0156dfe1e369ce3eee72423e9e86936a0082e9c5d1b,0x39374faf29eb1cf4594346e5e594e7c79ef50bce,6194.29,1781380920840000,7
473171301,2026-06-13T20:03:22Z,1781381002000,0xb708fca4c325226de7e6e9b384411877a50d8cc143512473ec9e31e2700346e9,1,FinalizedWithdrawal,0xe5c7fe3a4ffca1590f26d74c8ba8b0db69557f7f4607a2a43f82e93041611978,0x49475d8c58d281f304592e5d17d3057e8a616f9e,24.0,1781380752797000,7
473171405,2026-06-13T20:03:49Z,1781381029000,0x6aba6cbd7372b1db7dae2c28e93bfab13a54b8429b8635067dbb3ffe56bad008,6,FinalizedWithdrawal,0xe5c7fe3a4ffca1590f26d74c8ba8b0db69557f7f4607a2a43f82e93041611978,0xe1ef12094362b134534f8ae1e0d48a13ac11f1c6,151.83,1781380780142000,7
473171600,2026-06-13T20:04:39Z,1781381079000,0x813ba5eb63e0d984bebcf529de15fc752417473f068d36eec2e6fc532d225123,1,FinalizedWithdrawal,0xe5c7fe3a4ffca1590f26d74c8ba8b0db69557f7f4607a2a43f82e93041611978,0xf032648dfd22c4d81588bd83e09ab89cfe816705,2624.770104,1781380809033000,7
473172371,2026-06-13T20:07:58Z,1781381278000,0x0d966e39f5219c23194dd89872bf67ebd33ad71c8d7fa2dcb789dd81dfc85dcd,1,FinalizedWithdrawal,0xe5c7fe3a4ffca1590f26d74c8ba8b0db69557f7f4607a2a43f82e93041611978,0x39374faf29eb1cf4594346e5e594e7c79ef50bce,6194.29,1781380920840000,7
473172474,2026-06-13T20:08:24Z,1781381304000,0x0926bd46472d352ecb76212ae2fe7f90d21fcbd0009f939fe8b183c8a98c196f,0,RequestedWithdrawal,0xcc10abf54af5c0718b10b0156dfe1e369ce3eee72423e9e86936a0082e9c5d1b,0x00b3e8d16bae58535fceef8d898347a40263f309,21.97,1781381281602000,7
473172630,2026-06-13T20:09:06Z,1781381346000,0x22d746b29ad53419e70aaf0dfd1b28718f9143daae33603dceef3015e907edde,0,RequestedWithdrawal,0xcc10abf54af5c0718b10b0156dfe1e369ce3eee72423e9e86936a0082e9c5d1b,0x834b5f58e0cd540f381ca2d86614d6fbd673a0d3,58.777508,1781381252659000,7
473173288,2026-06-13T20:11:54Z,1781381514000,0x2faf0a904aeae2dc49a5c7b203f3b89d885517934be42c18cdeab903044ba7ac,9,FinalizedWithdrawal,0xe5c7fe3a4ffca1590f26d74c8ba8b0db69557f7f4607a2a43f82e93041611978,0x00b3e8d16bae58535fceef8d898347a40263f309,21.97,1781381281602000,7
473173390,2026-06-13T20:12:20Z,1781381540000,0xc3620edf2b04acdb84368e6cb01a8c7e0cce8b2094c332800a8103a5f6fba51b,10,RequestedWithdrawal,0xcc10abf54af5c0718b10b0156dfe1e369ce3eee72423e9e86936a0082e9c5d1b,0x66601462e1e18044942404c5605b4559c6fde45b,15.390953,1781381517604000,7
473173592,2026-06-13T20:13:10Z,1781381590000,0xab23349b6c95d8d0d3f9120c0d9b635b6723de2cd49daaf196f5d3d0233bb578,12,FinalizedWithdrawal,0xe5c7fe3a4ffca1590f26d74c8ba8b0db69557f7f4607a2a43f82e93041611978,0x834b5f58e0cd540f381ca2d86614d6fbd673a0d3,58.777508,1781381252659000,7
473174155,2026-06-13T20:15:34Z,1781381734000,0x7667940989340ecf5a566196b385836d7dcb4dbb3fea8f9546dfadd8de4af5d5,0,RequestedWithdrawal,0xcc10abf54af5c0718b10b0156dfe1e369ce3eee72423e9e86936a0082e9c5d1b,0x5b6442c3a75f6b0ebbcd188d0befd45bc8bdcf3d,21.32,1781381724410000,7
473174253,2026-06-13T20:15:59Z,1781381759000,0xe49bcb259dd33751ab40a81154ad12c58d8b87452d01b93d0cab534c53854e98,1,FinalizedWithdrawal,0xe5c7fe3a4ffca1590f26d74c8ba8b0db69557f7f4607a2a43f82e93041611978,0x66601462e1e18044942404c5605b4559c6fde45b,15.390953,1781381517604000,7
473175035,2026-06-13T20:19:18Z,1781381958000,0x3f30a73202ecaa26a26f41d262e4842f83d65c806ff2424ef026df475a525be2,11,FinalizedWithdrawal,0xe5c7fe3a4ffca1590f26d74c8ba8b0db69557f7f4607a2a43f82e93041611978,0x5b6442c3a75f6b0ebbcd188d0befd45bc8bdcf3d,21.32,1781381724410000,7
473175240,2026-06-13T20:20:09Z,1781382009000,0x17f2841dc359540f30af68c1d3aeac1db42634be4bf245e61e2ea7f3823c441a,2,RequestedWithdrawal,0xcc10abf54af5c0718b10b0156dfe1e369ce3eee72423e9e86936a0082e9c5d1b,0x5e30a8ab996fc82ccf75c5748945b61393774cf9,28.8,1781382005325000,7
473175339,2026-06-13T20:20:34Z,1781382034000,0x9af18a1e28409a27c94696c667d8f64eee0bae3daf71d4366386d2c0659158bd,3,RequestedWithdrawal,0xcc10abf54af5c0718b10b0156dfe1e369ce3eee72423e9e86936a0082e9c5d1b,0x97113f6010503f0f487d8aaccdb323e2ce91fe5f,4999.0,1781381987636000,7
473175443,2026-06-13T20:21:00Z,1781382060000,0x27194d674424aae0437c1fed143c0aa104140c3d99848fc332bd40c336b53440,0,RequestedWithdrawal,0xcc10abf54af5c0718b10b0156dfe1e369ce3eee72423e9e86936a0082e9c5d1b,0xc1d41266a989ad4470f17ac653b3d8c67a858bf4,12.0,1781382039657000,7
473176098,2026-06-13T20:23:46Z,1781382226000,0x3febdbaaa5264021d6b478cb11b850b7beb41559d27582288d135c7a6f5d69e6,1,FinalizedWithdrawal,0xe5c7fe3a4ffca1590f26d74c8ba8b0db69557f7f4607a2a43f82e93041611978,0x5e30a8ab996fc82ccf75c5748945b61393774cf9,28.8,1781382005325000,7
473176201,2026-06-13T20:24:12Z,1781382252000,0x316dbc7c14b8a028eab443e59caaaf181df6372a656d3c4ef39f8c0991d92447,2,FinalizedWithdrawal,0xe5c7fe3a4ffca1590f26d74c8ba8b0db69557f7f4607a2a43f82e93041611978,0x97113f6010503f0f487d8aaccdb323e2ce91fe5f,4999.0,1781381987636000,7
473176300,2026-06-13T20:24:37Z,1781382277000,0x0ac5c82f46e95de81460d44a11f9d15c731893cc6b7ffe417001a322a32ccffc,1,FinalizedWithdrawal,0xe5c7fe3a4ffca1590f26d74c8ba8b0db69557f7f4607a2a43f82e93041611978,0xc1d41266a989ad4470f17ac653b3d8c67a858bf4,12.0,1781382039657000,7
473811554,2026-06-15T16:54:20Z,1781542460000,0x1efbc57693d34d3c71f50e836e31a712088794d912357a50500843a550563152,0,RequestedWithdrawal,0xcc10abf54af5c0718b10b0156dfe1e369ce3eee72423e9e86936a0082e9c5d1b,0x058589ed65f03c86ec562937f9059faeb8ce0292,299.0,1781542443928000,6
473811554,2026-06-15T16:54:20Z,1781542460000,0x1efbc57693d34d3c71f50e836e31a712088794d912357a50500843a550563152,1,RequestedWithdrawal,0xcc10abf54af5c0718b10b0156dfe1e369ce3eee72423e9e86936a0082e9c5d1b,0x9116029f91b6e1e51c28b2b0c8a676164669b40e,208.91,1781542418366000,6
473811560,2026-06-15T16:54:22Z,1781542462000,0x1b4fd7a887a4f3d5f96c002262bfcb583423080052e09886c6ba74f024a735dc,3,FinalizedWithdrawal,0xe5c7fe3a4ffca1590f26d74c8ba8b0db69557f7f4607a2a43f82e93041611978,0x45aefe0f12a80b46f507f25089665d0cccba96b7,0.02,1781542235190000,6
473811840,2026-06-15T16:55:31Z,1781542531000,0xe6d1a25e3196d6ec90791e1d11757b65f55f1a80da85991beb912e0ee087330e,2,FinalizedWithdrawal,0xe5c7fe3a4ffca1590f26d74c8ba8b0db69557f7f4607a2a43f82e93041611978,0x65624bdd5183a50c243e268f172c6d0acda0fda0,9476.01,1781542281444000,6
473811947,2026-06-15T16:55:58Z,1781542558000,0x580b0a312fd86dbf038f46574da4a96b7a0b5a4cd4ae042eb75197ed3f9b8292,1,FinalizedWithdrawal,0xe5c7fe3a4ffca1590f26d74c8ba8b0db69557f7f4607a2a43f82e93041611978,0x8a0d72e9be50db66969b9f112aff419cbd2bb4f4,4822.4,1781542321855000,6
473812045,2026-06-15T16:56:22Z,1781542582000,0x97caddf7dba3058ee495bfcf27ad2c449e8eb1d2daea34bef8979dd64810ce0c,7,RequestedWithdrawal,0xcc10abf54af5c0718b10b0156dfe1e369ce3eee72423e9e86936a0082e9c5d1b,0x3f9703c3205b65a8db7fca33f96e717037422842,58.99,1781542569248000,6
473812045,2026-06-15T16:56:22Z,1781542582000,0x97caddf7dba3058ee495bfcf27ad2c449e8eb1d2daea34bef8979dd64810ce0c,8,RequestedWithdrawal,0xcc10abf54af5c0718b10b0156dfe1e369ce3eee72423e9e86936a0082e9c5d1b,0xb8859e089408208b9f02858497cd061c5018f821,82342.921566,1781542567799000,6
473812145,2026-06-15T16:56:47Z,1781542607000,0x3a1347c4f89e5bb5240105cb9e61b7e3336803b9639d19ebb10cbbbd706c619e,0,RequestedWithdrawal,0xcc10abf54af5c0718b10b0156dfe1e369ce3eee72423e9e86936a0082e9c5d1b,0x1a44a6bc450d233049d629c27792c5309d9ca12d,172140.8,1781542600986000,6
473812145,2026-06-15T16:56:47Z,1781542607000,0x3a1347c4f89e5bb5240105cb9e61b7e3336803b9639d19ebb10cbbbd706c619e,1,RequestedWithdrawal,0xcc10abf54af5c0718b10b0156dfe1e369ce3eee72423e9e86936a0082e9c5d1b,0x51f63885534cb494f4592a0311551f369bff2b39,36503.0,1781542587737000,6
473812247,2026-06-15T16:57:13Z,1781542633000,0xe3a277c1472058b90c954e8778e7d69f5392d1aaf8e296bdd888df99855aa718,0,RequestedWithdrawal,0xcc10abf54af5c0718b10b0156dfe1e369ce3eee72423e9e86936a0082e9c5d1b,0x34ea5330cf05ebba12342e19ef25608f94148041,49.0,1781542620063000,6
473812254,2026-06-15T16:57:15Z,1781542635000,0x6826ca801205a6c003dc0936fc4249eb5777dfb18502312699f0a3df9f5c2b33,1,FinalizedWithdrawal,0xe5c7fe3a4ffca1590f26d74c8ba8b0db69557f7f4607a2a43f82e93041611978,0x2407ae4297d548cffd44b34048bd835f486f5135,999.0,1781542373081000,6
473812445,2026-06-15T16:58:02Z,1781542682000,0x0ed794c3ea820e72ccae3c7f2255a67c4e3b9dbec3fee8c68209df53bd4de42b,7,RequestedWithdrawal,0xcc10abf54af5c0718b10b0156dfe1e369ce3eee72423e9e86936a0082e9c5d1b,0x0d55e1ef589ac3a01f88361463b70d495255007d,10.001301,1781542665085000,6
473812445,2026-06-15T16:58:02Z,1781542682000,0x0ed794c3ea820e72ccae3c7f2255a67c4e3b9dbec3fee8c68209df53bd4de42b,8,RequestedWithdrawal,0xcc10abf54af5c0718b10b0156dfe1e369ce3eee72423e9e86936a0082e9c5d1b,0x58565219df5bcbae5a8734f25bdbebe4c31bbccc,16.7,1781542674233000,6
473812459,2026-06-15T16:58:06Z,1781542686000,0x255f1544c1cad805d6a7cbb8b9f9327a039850f506b61c211c72b572e1d7b477,10,FinalizedWithdrawal,0xe5c7fe3a4ffca1590f26d74c8ba8b0db69557f7f4607a2a43f82e93041611978,0x058589ed65f03c86ec562937f9059faeb8ce0292,299.0,1781542443928000,6
473812459,2026-06-15T16:58:06Z,1781542686000,0x255f1544c1cad805d6a7cbb8b9f9327a039850f506b61c211c72b572e1d7b477,12,FinalizedWithdrawal,0xe5c7fe3a4ffca1590f26d74c8ba8b0db69557f7f4607a2a43f82e93041611978,0x9116029f91b6e1e51c28b2b0c8a676164669b40e,208.91,1781542418366000,6
473812647,2026-06-15T16:58:53Z,1781542733000,0xc07ec75d91ccc42e0a5ddfe217c57ee34aac6f691028c12fb510a66ed699a47d,0,RequestedWithdrawal,0xcc10abf54af5c0718b10b0156dfe1e369ce3eee72423e9e86936a0082e9c5d1b,0x4e77b72e161b465c44319dd683ac46736d4ba829,71.71,1781542701552000,6
473812647,2026-06-15T16:58:53Z,1781542733000,0xc07ec75d91ccc42e0a5ddfe217c57ee34aac6f691028c12fb510a66ed699a47d,1,RequestedWithdrawal,0xcc10abf54af5c0718b10b0156dfe1e369ce3eee72423e9e86936a0082e9c5d1b,0x577bbfb71dcf4a21bd81950bd03cbf3bed1c6029,15.47,1781542712702000,6
473812927,2026-06-15T17:00:04Z,1781542804000,0x3a1141e0b5190d3838a659bae5b07c32ef06ab66ff8a2657fe3ec8a66f12295b,9,FinalizedWithdrawal,0xe5c7fe3a4ffca1590f26d74c8ba8b0db69557f7f4607a2a43f82e93041611978,0x3f9703c3205b65a8db7fca33f96e717037422842,58.99,1781542569248000,6
473812927,2026-06-15T17:00:04Z,1781542804000,0x3a1141e0b5190d3838a659bae5b07c32ef06ab66ff8a2657fe3ec8a66f12295b,11,FinalizedWithdrawal,0xe5c7fe3a4ffca1590f26d74c8ba8b0db69557f7f4607a2a43f82e93041611978,0xb8859e089408208b9f02858497cd061c5018f821,82342.921566,1781542567799000,6
473813006,2026-06-15T17:00:23Z,1781542823000,0x1b9ba2ecd2e23f57d2f2b489a5799661d5580179634b6ea84853f1f6ce36bae7,1,FinalizedWithdrawal,0xe5c7fe3a4ffca1590f26d74c8ba8b0db69557f7f4607a2a43f82e93041611978,0x1a44a6bc450d233049d629c27792c5309d9ca12d,172140.8,1781542600986000,6
473813006,2026-06-15T17:00:23Z,1781542823000,0x1b9ba2ecd2e23f57d2f2b489a5799661d5580179634b6ea84853f1f6ce36bae7,3,FinalizedWithdrawal,0xe5c7fe3a4ffca1590f26d74c8ba8b0db69557f7f4607a2a43f82e93041611978,0x51f63885534cb494f4592a0311551f369bff2b39,36503.0,1781542587737000,6
473813115,2026-06-15T17:00:51Z,1781542851000,0x112e6eb082617b3dff6664455270a3142c7082946bb4869a6c2ad21baf63c690,1,RequestedWithdrawal,0xcc10abf54af5c0718b10b0156dfe1e369ce3eee72423e9e86936a0082e9c5d1b,0x2bdb5b36e61ddb46e64619518e0da4a293411ebf,110.382773,1781542839745000,6
473813115,2026-06-15T17:00:51Z,1781542851000,0x112e6eb082617b3dff6664455270a3142c7082946bb4869a6c2ad21baf63c690,2,RequestedWithdrawal,0xcc10abf54af5c0718b10b0156dfe1e369ce3eee72423e9e86936a0082e9c5d1b,0xd9545c36ced9f0ef85a55841735fceeec4405dd4,147.22,1781542839875000,6
473813121,2026-06-15T17:00:52Z,1781542852000,0xb6eb3a561df66931463f0c5f4832d0f5e7ff0a5ff091fe69ec3829f928a4db25,23,FinalizedWithdrawal,0xe5c7fe3a4ffca1590f26d74c8ba8b0db69557f7f4607a2a43f82e93041611978,0x34ea5330cf05ebba12342e19ef25608f94148041,49.0,1781542620063000,6
473813341,2026-06-15T17:01:46Z,1781542906000,0xa6b9be7b9e2d612fac3bfd87f6a2c773086162eae8b5eacd1db5eb588b627ee6,15,FinalizedWithdrawal,0xe5c7fe3a4ffca1590f26d74c8ba8b0db69557f7f4607a2a43f82e93041611978,0x0d55e1ef589ac3a01f88361463b70d495255007d,10.001301,1781542665085000,6
473813341,2026-06-15T17:01:46Z,1781542906000,0xa6b9be7b9e2d612fac3bfd87f6a2c773086162eae8b5eacd1db5eb588b627ee6,17,FinalizedWithdrawal,0xe5c7fe3a4ffca1590f26d74c8ba8b0db69557f7f4607a2a43f82e93041611978,0x58565219df5bcbae5a8734f25bdbebe4c31bbccc,16.7,1781542674233000,6
473813527,2026-06-15T17:02:33Z,1781542953000,0x1c02a6dc77180ce3787a17c9209b9ad57f11535251f5e99e816c648883b7b16a,9,FinalizedWithdrawal,0xe5c7fe3a4ffca1590f26d74c8ba8b0db69557f7f4607a2a43f82e93041611978,0x577bbfb71dcf4a21bd81950bd03cbf3bed1c6029,15.47,1781542712702000,6
473813527,2026-06-15T17:02:33Z,1781542953000,0x1c02a6dc77180ce3787a17c9209b9ad57f11535251f5e99e816c648883b7b16a,11,FinalizedWithdrawal,0xe5c7fe3a4ffca1590f26d74c8ba8b0db69557f7f4607a2a43f82e93041611978,0x4e77b72e161b465c44319dd683ac46736d4ba829,71.71,1781542701552000,6
473813637,2026-06-15T17:03:01Z,1781542981000,0x9c3a6aee8332662557df441cf2ac18e88fbba981a04aafe483e2bff499c6d8e9,4,RequestedWithdrawal,0xcc10abf54af5c0718b10b0156dfe1e369ce3eee72423e9e86936a0082e9c5d1b,0x69f1f6307f0fcbb12fb522d1827224f18a80eb3b,227.57,1781542962644000,6
473813637,2026-06-15T17:03:01Z,1781542981000,0x9c3a6aee8332662557df441cf2ac18e88fbba981a04aafe483e2bff499c6d8e9,5,RequestedWithdrawal,0xcc10abf54af5c0718b10b0156dfe1e369ce3eee72423e9e86936a0082e9c5d1b,0x7725a7f2bb0e1c448d6fe361d53c840486ec6557,151.0,1781542960416000,6
473813861,2026-06-15T17:03:57Z,1781543037000,0xfdc5ba09af8f0208d8f9b2e09cb5100150ea2ada97d4ad6a0567d506bb900a51,0,RequestedWithdrawal,0xcc10abf54af5c0718b10b0156dfe1e369ce3eee72423e9e86936a0082e9c5d1b,0xecb63caa47c7c4e77f60f1ce858cf28dc2b82b00,3671696.0,1781543022799000,6
473813964,2026-06-15T17:04:23Z,1781543063000,0x5e073eb757d00dfa2899e599ff6a7641667b51b5335c93a98411b78d16fe9f35,37,RequestedWithdrawal,0xcc10abf54af5c0718b10b0156dfe1e369ce3eee72423e9e86936a0082e9c5d1b,0xabd2e440f9a32354a79824001cc540fede2cf419,600.104656,1781543048068000,6
473813969,2026-06-15T17:04:24Z,1781543064000,0x0176e4d48b6331b56d02d76acb48a4e4ac2718e6e49c520697e22ab961c73891,1,FinalizedWithdrawal,0xe5c7fe3a4ffca1590f26d74c8ba8b0db69557f7f4607a2a43f82e93041611978,0xd9545c36ced9f0ef85a55841735fceeec4405dd4,147.22,1781542839875000,6
473813969,2026-06-15T17:04:24Z,1781543064000,0x0176e4d48b6331b56d02d76acb48a4e4ac2718e6e49c520697e22ab961c73891,3,FinalizedWithdrawal,0xe5c7fe3a4ffca1590f26d74c8ba8b0db69557f7f4607a2a43f82e93041611978,0x2bdb5b36e61ddb46e64619518e0da4a293411ebf,110.382773,1781542839745000,6
473814039,2026-06-15T17:04:41Z,1781543081000,0xd6097d620a3b9df062723a165be8641ce4ba0e381b896b34e2b8efe4adddc116,1,RequestedWithdrawal,0xcc10abf54af5c0718b10b0156dfe1e369ce3eee72423e9e86936a0082e9c5d1b,0x513643eb1a82e38e7879108381df20be5afa6a75,8.9,1781543059702000,6
473814265,2026-06-15T17:05:38Z,1781543138000,0xf5eba5f28cdf3d57bc66e0fcbf4117fc966af1c7a4c813a43671cce7c9e74f57,34,RequestedWithdrawal,0xcc10abf54af5c0718b10b0156dfe1e369ce3eee72423e9e86936a0082e9c5d1b,0xf032648dfd22c4d81588bd83e09ab89cfe816705,4093.59023,1781543111129000,6
473814460,2026-06-15T17:06:27Z,1781543187000,0x1517b83a660616e9ad2810af3eef06bfbc85508c00d04e2204f6dd535affce5b,11,RequestedWithdrawal,0xcc10abf54af5c0718b10b0156dfe1e369ce3eee72423e9e86936a0082e9c5d1b,0x005e1ecfafe45d0887428b8f6c5db978ec72296a,129999.0,1781543168435000,6
473814460,2026-06-15T17:06:27Z,1781543187000,0x1517b83a660616e9ad2810af3eef06bfbc85508c00d04e2204f6dd535affce5b,12,RequestedWithdrawal,0xcc10abf54af5c0718b10b0156dfe1e369ce3eee72423e9e86936a0082e9c5d1b,0x3264fea55a40f50cf629b7d3e645de4ba6df22db,341.0,1781543163783000,6
473814460,2026-06-15T17:06:27Z,1781543187000,0x1517b83a660616e9ad2810af3eef06bfbc85508c00d04e2204f6dd535affce5b,13,RequestedWithdrawal,0xcc10abf54af5c0718b10b0156dfe1e369ce3eee72423e9e86936a0082e9c5d1b,0xc4259c691ad57f541ac92693fa811d189f11104a,2.7,1781543172414000,6
473814466,2026-06-15T17:06:28Z,1781543188000,0x606892b2ee904527161f474b2ece48889c678ecc11a7c4875c9238d627921469,5,FinalizedWithdrawal,0xe5c7fe3a4ffca1590f26d74c8ba8b0db69557f7f4607a2a43f82e93041611978,0x7725a7f2bb0e1c448d6fe361d53c840486ec6557,151.0,1781542960416000,6
473814466,2026-06-15T17:06:28Z,1781543188000,0x606892b2ee904527161f474b2ece48889c678ecc11a7c4875c9238d627921469,7,FinalizedWithdrawal,0xe5c7fe3a4ffca1590f26d74c8ba8b0db69557f7f4607a2a43f82e93041611978,0x69f1f6307f0fcbb12fb522d1827224f18a80eb3b,227.57,1781542962644000,6
473814667,2026-06-15T17:07:19Z,1781543239000,0x58ec0174c81bee99f496323c1331aac0db17bccd98649fc5ee16bf82fe5c47e2,50,RequestedWithdrawal,0xcc10abf54af5c0718b10b0156dfe1e369ce3eee72423e9e86936a0082e9c5d1b,0xf370c2c7fbf3ff5ba46378fc9203cb05af87866f,37.93,1781543215465000,6
473814674,2026-06-15T17:07:21Z,1781543241000,0xad27a85b4c556e295eeeb8c02ee75697e31dfb4102049491a966c1e80086bdf8,1,FinalizedWithdrawal,0xe5c7fe3a4ffca1590f26d74c8ba8b0db69557f7f4607a2a43f82e93041611978,0xecb63caa47c7c4e77f60f1ce858cf28dc2b82b00,3671696.0,1781543022799000,6
473814747,2026-06-15T17:07:39Z,1781543259000,0xabd72a006eefdecc309c98d3e385c7aa9986e9fa643a7b9c445c402b3be88b1d,28,RequestedWithdrawal,0xcc10abf54af5c0718b10b0156dfe1e369ce3eee72423e9e86936a0082e9c5d1b,0x8cbaf87ab38529516789eb457235a6e56b2f470a,1999.0,1781543244916000,6
473814835,2026-06-15T17:08:00Z,1781543280000,0x13e1ae67ca9fc909d26fb1d3f5feea7c8800779f46c1c2e342b62736139eccc6,4,FinalizedWithdrawal,0xe5c7fe3a4ffca1590f26d74c8ba8b0db69557f7f4607a2a43f82e93041611978,0xabd2e440f9a32354a79824001cc540fede2cf419,600.104656,1781543048068000,6
473814944,2026-06-15T17:08:27Z,1781543307000,0x6dffc4091ebafa17afb9a6142bcd883ad2bda7bfb41dd7dac18515691855c34a,0,RequestedWithdrawal,0xcc10abf54af5c0718b10b0156dfe1e369ce3eee72423e9e86936a0082e9c5d1b,0xe0618d44e68a80ec7ae79d5a5236df4a8586e03b,49.12,1781543285211000,6
473814948,2026-06-15T17:08:28Z,1781543308000,0xbb53fefe954a247acba68122879ba7a18da2ec05f63d5298abb9df8d30f65dfd,4,FinalizedWithdrawal,0xe5c7fe3a4ffca1590f26d74c8ba8b0db69557f7f4607a2a43f82e93041611978,0x513643eb1a82e38e7879108381df20be5afa6a75,8.9,1781543059702000,6
473815029,2026-06-15T17:08:49Z,1781543329000,0xa9e4b8e748ff8210bc727f5da7b7a4b1b17755e25b80213762f21e67b56f9397,1,RequestedWithdrawal,0xcc10abf54af5c0718b10b0156dfe1e369ce3eee72423e9e86936a0082e9c5d1b,0x7725a7f2bb0e1c448d6fe361d53c840486ec6557,34097.0,1781543295661000,6
473815129,2026-06-15T17:09:14Z,1781543354000,0x695216c948303ad4c14aa3b7dccc901fdb07aafca3adb2eb0c56e58866268fe8,17,FinalizedWithdrawal,0xe5c7fe3a4ffca1590f26d74c8ba8b0db69557f7f4607a2a43f82e93041611978,0xf032648dfd22c4d81588bd83e09ab89cfe816705,4093.59023,1781543111129000,6
473815350,2026-06-15T17:10:09Z,1781543409000,0x2848d77140e6292523223193beca605e5dbdae725fba4ec5aef686f00d4f4094,2,FinalizedWithdrawal,0xe5c7fe3a4ffca1590f26d74c8ba8b0db69557f7f4607a2a43f82e93041611978,0x005e1ecfafe45d0887428b8f6c5db978ec72296a,129999.0,1781543168435000,6
473815350,2026-06-15T17:10:09Z,1781543409000,0x2848d77140e6292523223193beca605e5dbdae725fba4ec5aef686f00d4f4094,4,FinalizedWithdrawal,0xe5c7fe3a4ffca1590f26d74c8ba8b0db69557f7f4607a2a43f82e93041611978,0xc4259c691ad57f541ac92693fa811d189f11104a,2.7,1781543172414000,6
473815350,2026-06-15T17:10:09Z,1781543409000,0x2848d77140e6292523223193beca605e5dbdae725fba4ec5aef686f00d4f4094,6,FinalizedWithdrawal,0xe5c7fe3a4ffca1590f26d74c8ba8b0db69557f7f4607a2a43f82e93041611978,0x3264fea55a40f50cf629b7d3e645de4ba6df22db,341.0,1781543163783000,6
473815436,2026-06-15T17:10:31Z,1781543431000,0x27540ae17698d9ec3bd7fcf5f4304c5eb5e210da47ad4de9539993cbaafbc303,4,RequestedWithdrawal,0xcc10abf54af5c0718b10b0156dfe1e369ce3eee72423e9e86936a0082e9c5d1b,0x0504a234086f1d9013cc25f43a6d3ac202b30c71,147967.35414,1781543413852000,6
473815550,2026-06-15T17:10:59Z,1781543459000,0xe1275f25c937f4cd3adab533eff6514b7fa6b07cea416da1f8fdf6557095ce89,1,FinalizedWithdrawal,0xe5c7fe3a4ffca1590f26d74c8ba8b0db69557f7f4607a2a43f82e93041611978,0xf370c2c7fbf3ff5ba46378fc9203cb05af87866f,37.93,1781543215465000,6
473815651,2026-06-15T17:11:25Z,1781543485000,0x4dc794e6be267a19db49fe273f513a33b8cff96bc83f70d4070683fa288092e8,2,FinalizedWithdrawal,0xe5c7fe3a4ffca1590f26d74c8ba8b0db69557f7f4607a2a43f82e93041611978,0x8cbaf87ab38529516789eb457235a6e56b2f470a,1999.0,1781543244916000,6
473815767,2026-06-15T17:11:54Z,1781543514000,0x5807d819de3bb28680e1c68fcd2858840386a356f0cbe12f4855a8fdeec02994,4,RequestedWithdrawal,0xcc10abf54af5c0718b10b0156dfe1e369ce3eee72423e9e86936a0082e9c5d1b,0x3b78ffb7a31476e82b08512fb217ca41f5db0125,16.8,1781543495514000,6
473815767,2026-06-15T17:11:54Z,1781543514000,0x5807d819de3bb28680e1c68fcd2858840386a356f0cbe12f4855a8fdeec02994,5,RequestedWithdrawal,0xcc10abf54af5c0718b10b0156dfe1e369ce3eee72423e9e86936a0082e9c5d1b,0x8d7460e51bcf4ed26877cb77e56f3ce7e9f5eb8f,4.0,1781543503319000,6
473815771,2026-06-15T17:11:55Z,1781543515000,0xf90971035a7adf68b7e1f0855a9fe140d1be32903065cacfcd98c6cd097edf55,1,FinalizedWithdrawal,0xe5c7fe3a4ffca1590f26d74c8ba8b0db69557f7f4607a2a43f82e93041611978,0xe0618d44e68a80ec7ae79d5a5236df4a8586e03b,49.12,1781543285211000,6
473815856,2026-06-15T17:12:17Z,1781543537000,0x8b5b002ac9a27d6f9fb2410f107b857eeb2d6454ad8342908534a390473cf921,15,FinalizedWithdrawal,0xe5c7fe3a4ffca1590f26d74c8ba8b0db69557f7f4607a2a43f82e93041611978,0x7725a7f2bb0e1c448d6fe361d53c840486ec6557,34097.0,1781543295661000,6
473816296,2026-06-15T17:14:08Z,1781543648000,0x8dbd9dd7fbb002efeb807a12108fd82bafd66f5ebc963c67d4870d2a43b0ba9b,1,FinalizedWithdrawal,0xe5c7fe3a4ffca1590f26d74c8ba8b0db69557f7f4607a2a43f82e93041611978,0x0504a234086f1d9013cc25f43a6d3ac202b30c71,147967.35414,1781543413852000,6
473816379,2026-06-15T17:14:27Z,1781543667000,0xab6e55729d371612e1bcceff4c37d70f9ea7cf891c2a6f94d01028863884c096,0,RequestedWithdrawal,0xcc10abf54af5c0718b10b0156dfe1e369ce3eee72423e9e86936a0082e9c5d1b,0x0df0ddb576398e16535c2fa7aeb5cc54bd573c51,785.57,1781543654174000,6
473816479,2026-06-15T17:14:52Z,1781543692000,0x15d03092553860c4817a30ba9e5a31da7c0febfde8c77c846bd599995419ac31,0,RequestedWithdrawal,0xcc10abf54af5c0718b10b0156dfe1e369ce3eee72423e9e86936a0082e9c5d1b,0x3b33dee36a5693ff5b78bcfeebd4a6214d7446fd,27.0,1781543684531000,6
473816479,2026-06-15T17:14:52Z,1781543692000,0x15d03092553860c4817a30ba9e5a31da7c0febfde8c77c846bd599995419ac31,1,RequestedWithdrawal,0xcc10abf54af5c0718b10b0156dfe1e369ce3eee72423e9e86936a0082e9c5d1b,0xdbeeae908c54971a7f020b9915220b5c21584a61,54.0,1781543678669000,6
473816591,2026-06-15T17:15:20Z,1781543720000,0x92d788c0fde2dd0b0285f1e25b6e9b62b0b734acdef7f3864e8483e8d1f6db74,9,RequestedWithdrawal,0xcc10abf54af5c0718b10b0156dfe1e369ce3eee72423e9e86936a0082e9c5d1b,0x7799fbe74f964ca4ba36849679343aa2510fa86d,18.2,1781543712815000,6
473816595,2026-06-15T17:15:21Z,1781543721000,0x0fcdbff36f35c5c98bb4371930737969c1af81e45ce35a48e676aea055604a90,3,FinalizedWithdrawal,0xe5c7fe3a4ffca1590f26d74c8ba8b0db69557f7f4607a2a43f82e93041611978,0x8d7460e51bcf4ed26877cb77e56f3ce7e9f5eb8f,4.0,1781543503319000,6
473816595,2026-06-15T17:15:21Z,1781543721000,0x0fcdbff36f35c5c98bb4371930737969c1af81e45ce35a48e676aea055604a90,5,FinalizedWithdrawal,0xe5c7fe3a4ffca1590f26d74c8ba8b0db69557f7f4607a2a43f82e93041611978,0x3b78ffb7a31476e82b08512fb217ca41f5db0125,16.8,1781543495514000,6
473816783,2026-06-15T17:16:09Z,1781543769000,0xc797c69ef7bc026e3afba80e554bc61d07eb76a903880e45aadfae40bd744c0a,3,RequestedWithdrawal,0xcc10abf54af5c0718b10b0156dfe1e369ce3eee72423e9e86936a0082e9c5d1b,0x4e901dd38c8fd034f448dbeb038a466c59609d1d,59.55,1781543748266000,6
473816783,2026-06-15T17:16:09Z,1781543769000,0xc797c69ef7bc026e3afba80e554bc61d07eb76a903880e45aadfae40bd744c0a,4,RequestedWithdrawal,0xcc10abf54af5c0718b10b0156dfe1e369ce3eee72423e9e86936a0082e9c5d1b,0x61b5ab49ad77a069dda2a730c43b7a2dcd0d5ffa,99.0,1781543749013000,6
473816890,2026-06-15T17:16:35Z,1781543795000,0xb0731ef6ee8d6029aa9016c62896f2cef2c1105a477eb81a8f4750b94f6f9a47,0,RequestedWithdrawal,0xcc10abf54af5c0718b10b0156dfe1e369ce3eee72423e9e86936a0082e9c5d1b,0x5ea71d048a4b2676f01b561e87d37d255a774add,1428.0,1781543782940000,6
473817080,2026-06-15T17:17:23Z,1781543843000,0x873fc0448c919ce1edf1bd624b72025d00aca12f8807b39abb18d69344ef748f,6,RequestedWithdrawal,0xcc10abf54af5c0718b10b0156dfe1e369ce3eee72423e9e86936a0082e9c5d1b,0xff11f86612076f0553208d521ed39afd3aea083b,62.0,1781543818143000,6
473817194,2026-06-15T17:17:52Z,1781543872000,0xd87480d8e1e07faae98650519aace8dbcf10624913e255e7a0e37e439b9d8158,1,FinalizedWithdrawal,0xe5c7fe3a4ffca1590f26d74c8ba8b0db69557f7f4607a2a43f82e93041611978,0x0df0ddb576398e16535c2fa7aeb5cc54bd573c51,785.57,1781543654174000,6
473817301,2026-06-15T17:18:18Z,1781543898000,0x7820f46ce606f926665afadfe60d56bfa002e6f5de98f9a031a965d9d2204e09,1,FinalizedWithdrawal,0xe5c7fe3a4ffca1590f26d74c8ba8b0db69557f7f4607a2a43f82e93041611978,0xdbeeae908c54971a7f020b9915220b5c21584a61,54.0,1781543678669000,6
473817301,2026-06-15T17:18:18Z,1781543898000,0x7820f46ce606f926665afadfe60d56bfa002e6f5de98f9a031a965d9d2204e09,3,FinalizedWithdrawal,0xe5c7fe3a4ffca1590f26d74c8ba8b0db69557f7f4607a2a43f82e93041611978,0x3b33dee36a5693ff5b78bcfeebd4a6214d7446fd,27.0,1781543684531000,6
473817482,2026-06-15T17:19:04Z,1781543944000,0x36f9a08eb8ca3d3d8b324d228bb3400c77e707afc7bec87d77e072e763ab554e,130,FinalizedWithdrawal,0xe5c7fe3a4ffca1590f26d74c8ba8b0db69557f7f4607a2a43f82e93041611978,0x7799fbe74f964ca4ba36849679343aa2510fa86d,18.2,1781543712815000,6
473817639,2026-06-15T17:19:43Z,1781543983000,0x72c9c60ffa68bbedd61c48f192b93ff85abf28ad6befca76240f59666badafd2,1,FinalizedWithdrawal,0xe5c7fe3a4ffca1590f26d74c8ba8b0db69557f7f4607a2a43f82e93041611978,0x4e901dd38c8fd034f448dbeb038a466c59609d1d,59.55,1781543748266000,6
473817639,2026-06-15T17:19:43Z,1781543983000,0x72c9c60ffa68bbedd61c48f192b93ff85abf28ad6befca76240f59666badafd2,3,FinalizedWithdrawal,0xe5c7fe3a4ffca1590f26d74c8ba8b0db69557f7f4607a2a43f82e93041611978,0x61b5ab49ad77a069dda2a730c43b7a2dcd0d5ffa,99.0,1781543749013000,6
473817787,2026-06-15T17:20:21Z,1781544021000,0xbb09cfc63d1c475ebb02846d2bf59e6dad743987557b96addcaf7acb0817e4ed,0,RequestedWithdrawal,0xcc10abf54af5c0718b10b0156dfe1e369ce3eee72423e9e86936a0082e9c5d1b,0x17f6948ca7c55cc891ec99584daab80540fb33d9,27.0,1781544002234000,6
473817792,2026-06-15T17:20:22Z,1781544022000,0xfb32f2a2f547c68bc035534add247bc19d4cdc1ca3706ece5ed4f79a31d698da,1,FinalizedWithdrawal,0xe5c7fe3a4ffca1590f26d74c8ba8b0db69557f7f4607a2a43f82e93041611978,0x5ea71d048a4b2676f01b561e87d37d255a774add,1428.0,1781543782940000,6
473817870,2026-06-15T17:20:42Z,1781544042000,0x2b5b3bed7ded75b42293ae78bed3265e3b50f78ecd79f268bcd485e6159c2c30,0,RequestedWithdrawal,0xcc10abf54af5c0718b10b0156dfe1e369ce3eee72423e9e86936a0082e9c5d1b,0x7725a7f2bb0e1c448d6fe361d53c840486ec6557,893.0,1781544019333000,6
473817870,2026-06-15T17:20:42Z,1781544042000,0x2b5b3bed7ded75b42293ae78bed3265e3b50f78ecd79f268bcd485e6159c2c30,1,RequestedWithdrawal,0xcc10abf54af5c0718b10b0156dfe1e369ce3eee72423e9e86936a0082e9c5d1b,0xebdcc542ea47c82f38b6de0be7693adddf188c12,17.2,1781543952323000,6
473817975,2026-06-15T17:21:07Z,1781544067000,0x6849cc34f7c48f6cb9a5f50f9161a25b5fdf89fac3cf8d452ae581b9d33fb349,1,FinalizedWithdrawal,0xe5c7fe3a4ffca1590f26d74c8ba8b0db69557f7f4607a2a43f82e93041611978,0xff11f86612076f0553208d521ed39afd3aea083b,62.0,1781543818143000,6
473818270,2026-06-15T17:22:21Z,1781544141000,0xd514e4c43265d1d44e1d958be010db3b668ddea37dc898a441f0c8115d1102b6,11,RequestedWithdrawal,0xcc10abf54af5c0718b10b0156dfe1e369ce3eee72423e9e86936a0082e9c5d1b,0x5039321fb7a7cc47424476fd2e54dc1a9cddc5fc,130.2,1781544136381000,6
473818270,2026-06-15T17:22:21Z,1781544141000,0xd514e4c43265d1d44e1d958be010db3b668ddea37dc898a441f0c8115d1102b6,12,RequestedWithdrawal,0xcc10abf54af5c0718b10b0156dfe1e369ce3eee72423e9e86936a0082e9c5d1b,0xb23758421576a1da4a7ae3c8640cb934a6c3d53f,106.86,1781544125863000,6
473818270,2026-06-15T17:22:21Z,1781544141000,0xd514e4c43265d1d44e1d958be010db3b668ddea37dc898a441f0c8115d1102b6,13,RequestedWithdrawal,0xcc10abf54af5c0718b10b0156dfe1e369ce3eee72423e9e86936a0082e9c5d1b,0xe84dbf50af55807618e01d291669cffcfb8e5280,99.0,1781544131130000,6
473818388,2026-06-15T17:22:51Z,1781544171000,0xbccb5325a574878f8f7e6610636b4d4b19068f65a470b12837e552bf73d8fd94,9,RequestedWithdrawal,0xcc10abf54af5c0718b10b0156dfe1e369ce3eee72423e9e86936a0082e9c5d1b,0x20664cedb7f77bc0b243e9fd7ffc9166c45c206c,52.61,1781544165018000,6
473818388,2026-06-15T17:22:51Z,1781544171000,0xbccb5325a574878f8f7e6610636b4d4b19068f65a470b12837e552bf73d8fd94,10,RequestedWithdrawal,0xcc10abf54af5c0718b10b0156dfe1e369ce3eee72423e9e86936a0082e9c5d1b,0xc98deef74ccdf5090bf1e6aa144ff16b737cd2d0,98.47,1781544155999000,6
473818388,2026-06-15T17:22:51Z,1781544171000,0xbccb5325a574878f8f7e6610636b4d4b19068f65a470b12837e552bf73d8fd94,11,RequestedWithdrawal,0xcc10abf54af5c0718b10b0156dfe1e369ce3eee72423e9e86936a0082e9c5d1b,0xf38ccbf5c1a5b14aec1aa5c4a1a4f00446017e74,25.8,1781544164676000,6
473818388,2026-06-15T17:22:51Z,1781544171000,0xbccb5325a574878f8f7e6610636b4d4b19068f65a470b12837e552bf73d8fd94,12,RequestedWithdrawal,0xcc10abf54af5c0718b10b0156dfe1e369ce3eee72423e9e86936a0082e9c5d1b,0xf4a04f850b4a29c933701a85d5261b6d2fc59db5,32.73,1781544144771000,6
473818495,2026-06-15T17:23:18Z,1781544198000,0x513572484adde22ca5148ec377a209ca212bc8289c7676a08265a5ad7330cd6d,4,RequestedWithdrawal,0xcc10abf54af5c0718b10b0156dfe1e369ce3eee72423e9e86936a0082e9c5d1b,0x69853f1eef57d47dc3abd1651b5e7f38561cad4c,32.37,1781544177653000,6
473818495,2026-06-15T17:23:18Z,1781544198000,0x513572484adde22ca5148ec377a209ca212bc8289c7676a08265a5ad7330cd6d,5,RequestedWithdrawal,0xcc10abf54af5c0718b10b0156dfe1e369ce3eee72423e9e86936a0082e9c5d1b,0x6ada38a601b0a0ba9a20175d81b9896670962ff4,1.0,1781544190431000,6
473818616,2026-06-15T17:23:48Z,1781544228000,0xefc01f1e4c6aecda78d399f829cfcafa0595c06e271dcdfe49943f54a4c7ab6d,1,FinalizedWithdrawal,0xe5c7fe3a4ffca1590f26d74c8ba8b0db69557f7f4607a2a43f82e93041611978,0x17f6948ca7c55cc891ec99584daab80540fb33d9,27.0,1781544002234000,6
473818697,2026-06-15T17:24:08Z,1781544248000,0x5b1fe058872158f63c2c4c5727bf4b36982b7c98d93efd300fc0cf404fe64bc9,0,RequestedWithdrawal,0xcc10abf54af5c0718b10b0156dfe1e369ce3eee72423e9e86936a0082e9c5d1b,0x4e80c3cf7641a17df8eb8db5d925b5efbcc6dc30,1.0,1781544243621000,6
473818697,2026-06-15T17:24:08Z,1781544248000,0x5b1fe058872158f63c2c4c5727bf4b36982b7c98d93efd300fc0cf404fe64bc9,1,RequestedWithdrawal,0xcc10abf54af5c0718b10b0156dfe1e369ce3eee72423e9e86936a0082e9c5d1b,0xb8a310341e7c35bf5840ade1cf965c935e5ba7d7,3.66,1781544238471000,6
473818697,2026-06-15T17:24:08Z,1781544248000,0x5b1fe058872158f63c2c4c5727bf4b36982b7c98d93efd300fc0cf404fe64bc9,2,RequestedWithdrawal,0xcc10abf54af5c0718b10b0156dfe1e369ce3eee72423e9e86936a0082e9c5d1b,0xd3d98ee59b66708d018b41037a19e73f1590b4fa,2299.0,1781544236914000,6
473818697,2026-06-15T17:24:08Z,1781544248000,0x5b1fe058872158f63c2c4c5727bf4b36982b7c98d93efd300fc0cf404fe64bc9,3,RequestedWithdrawal,0xcc10abf54af5c0718b10b0156dfe1e369ce3eee72423e9e86936a0082e9c5d1b,0xfe7caad1cb5442e2a3c72022d5bb7ef7f1182c3e,28.0,1781544218900000,6
473818703,2026-06-15T17:24:10Z,1781544250000,0x041aa3bd08c4f1a0c70ce2d7a8c82269a79758e1819e29742e2734231ecb152e,5,FinalizedWithdrawal,0xe5c7fe3a4ffca1590f26d74c8ba8b0db69557f7f4607a2a43f82e93041611978,0xebdcc542ea47c82f38b6de0be7693adddf188c12,17.2,1781543952323000,6
473818703,2026-06-15T17:24:10Z,1781544250000,0x041aa3bd08c4f1a0c70ce2d7a8c82269a79758e1819e29742e2734231ecb152e,7,FinalizedWithdrawal,0xe5c7fe3a4ffca1590f26d74c8ba8b0db69557f7f4607a2a43f82e93041611978,0x7725a7f2bb0e1c448d6fe361d53c840486ec6557,893.0,1781544019333000,6
473818786,2026-06-15T17:24:31Z,1781544271000,0x933249a5855f5cc8d97b6d9501718188d7fbe085326a4bd6b9ed0656cd56a097,8,RequestedWithdrawal,0xcc10abf54af5c0718b10b0156dfe1e369ce3eee72423e9e86936a0082e9c5d1b,0x8964b9b043c0a8b475ad1d43c93c504c99c94a48,99.0,1781544261015000,6
473818968,2026-06-15T17:25:16Z,1781544316000,0x15a75a81e977b18d085e1a78be85c6e9188e68bfb1b4105d1388a54a3e4a6a25,0,RequestedWithdrawal,0xcc10abf54af5c0718b10b0156dfe1e369ce3eee72423e9e86936a0082e9c5d1b,0xb57d48a6ecdbaa70a022d8235b67de4399501c99,1.0,1781544307485000,6
473819072,2026-06-15T17:25:42Z,1781544342000,0xc338d4a600aebfc4bbd728f7a76a281b722209a46a06650c5cd68570e1c06274,3,RequestedWithdrawal,0xcc10abf54af5c0718b10b0156dfe1e369ce3eee72423e9e86936a0082e9c5d1b,0xf958541eca4c6e72ec9966e650ff09e95c590128,246.94,1781544326153000,6
473819077,2026-06-15T17:25:43Z,1781544343000,0xc96d3921e24147c56e8057f120356d2228fed026dcba0ddd77944754a730c806,1,FinalizedWithdrawal,0xe5c7fe3a4ffca1590f26d74c8ba8b0db69557f7f4607a2a43f82e93041611978,0x5039321fb7a7cc47424476fd2e54dc1a9cddc5fc,130.2,1781544136381000,6
473819077,2026-06-15T17:25:43Z,1781544343000,0xc96d3921e24147c56e8057f120356d2228fed026dcba0ddd77944754a730c806,3,FinalizedWithdrawal,0xe5c7fe3a4ffca1590f26d74c8ba8b0db69557f7f4607a2a43f82e93041611978,0xe84dbf50af55807618e01d291669cffcfb8e5280,99.0,1781544131130000,6
473819077,2026-06-15T17:25:43Z,1781544343000,0xc96d3921e24147c56e8057f120356d2228fed026dcba0ddd77944754a730c806,5,FinalizedWithdrawal,0xe5c7fe3a4ffca1590f26d74c8ba8b0db69557f7f4607a2a43f82e93041611978,0xb23758421576a1da4a7ae3c8640cb934a6c3d53f,106.86,1781544125863000,6
473819277,2026-06-15T17:26:34Z,1781544394000,0x5e6c1e1a2338b263df107d10a3bd577d21afe6d1e1051ed4d1883536c96be775,3,RequestedWithdrawal,0xcc10abf54af5c0718b10b0156dfe1e369ce3eee72423e9e86936a0082e9c5d1b,0x0bcff5c81ae8b0fef66aa64d429a43a8181dc858,2.0,1781544372098000,6
473819286,2026-06-15T17:26:36Z,1781544396000,0xefe203f1e2dc07a3336ee3181fc245af05aa65fbdc5f5a099a5ec2245bdd24f1,5,FinalizedWithdrawal,0xe5c7fe3a4ffca1590f26d74c8ba8b0db69557f7f4607a2a43f82e93041611978,0xf4a04f850b4a29c933701a85d5261b6d2fc59db5,32.73,1781544144771000,6
473819286,2026-06-15T17:26:36Z,1781544396000,0xefe203f1e2dc07a3336ee3181fc245af05aa65fbdc5f5a099a5ec2245bdd24f1,7,FinalizedWithdrawal,0xe5c7fe3a4ffca1590f26d74c8ba8b0db69557f7f4607a2a43f82e93041611978,0xc98deef74ccdf5090bf1e6aa144ff16b737cd2d0,98.47,1781544155999000,6
473819286,2026-06-15T17:26:36Z,1781544396000,0xefe203f1e2dc07a3336ee3181fc245af05aa65fbdc5f5a099a5ec2245bdd24f1,9,FinalizedWithdrawal,0xe5c7fe3a4ffca1590f26d74c8ba8b0db69557f7f4607a2a43f82e93041611978,0x20664cedb7f77bc0b243e9fd7ffc9166c45c206c,52.61,1781544165018000,6
473819286,2026-06-15T17:26:36Z,1781544396000,0xefe203f1e2dc07a3336ee3181fc245af05aa65fbdc5f5a099a5ec2245bdd24f1,11,FinalizedWithdrawal,0xe5c7fe3a4ffca1590f26d74c8ba8b0db69557f7f4607a2a43f82e93041611978,0xf38ccbf5c1a5b14aec1aa5c4a1a4f00446017e74,25.8,1781544164676000,6
473819361,2026-06-15T17:26:55Z,1781544415000,0x6fa6ed25925227ef1dbb9bd603756a597f56eb387259f9adbd51b2b4ba6ab940,0,RequestedWithdrawal,0xcc10abf54af5c0718b10b0156dfe1e369ce3eee72423e9e86936a0082e9c5d1b,0x49c3b25675897c592f2afa72125381daea979a68,15.8,1781544373001000,6
473819361,2026-06-15T17:26:55Z,1781544415000,0x6fa6ed25925227ef1dbb9bd603756a597f56eb387259f9adbd51b2b4ba6ab940,1,RequestedWithdrawal,0xcc10abf54af5c0718b10b0156dfe1e369ce3eee72423e9e86936a0082e9c5d1b,0xe28d446e085aa45bf09c8cf75a6d8f5cce921457,6895.16,1781544394239000,6
473819366,2026-06-15T17:26:56Z,1781544416000,0xbf5ff8da91edccf8519aa16f6fc35ae76f2f20267a8e48bd09ecd5f08ee09928,4,FinalizedWithdrawal,0xe5c7fe3a4ffca1590f26d74c8ba8b0db69557f7f4607a2a43f82e93041611978,0x69853f1eef57d47dc3abd1651b5e7f38561cad4c,32.37,1781544177653000,6
473819366,2026-06-15T17:26:56Z,1781544416000,0xbf5ff8da91edccf8519aa16f6fc35ae76f2f20267a8e48bd09ecd5f08ee09928,6,FinalizedWithdrawal,0xe5c7fe3a4ffca1590f26d74c8ba8b0db69557f7f4607a2a43f82e93041611978,0x6ada38a601b0a0ba9a20175d81b9896670962ff4,1.0,1781544190431000,6
473819555,2026-06-15T17:27:42Z,1781544462000,0x9700f067b4d303f5c296fcb8e704bfb56c52f9a39fbaac0cd0b39157aac95035,0,RequestedWithdrawal,0xcc10abf54af5c0718b10b0156dfe1e369ce3eee72423e9e86936a0082e9c5d1b,0xaa52aa514056f4e8c810f9b76d5a9e6b22da01b7,8.66,1781544447455000,6
473819581,2026-06-15T17:27:48Z,1781544468000,0x59f651830d03d7c0a8b8fa145b109ed495c74437e891a93100409daa7bc995d4,1,FinalizedWithdrawal,0xe5c7fe3a4ffca1590f26d74c8ba8b0db69557f7f4607a2a43f82e93041611978,0x4e80c3cf7641a17df8eb8db5d925b5efbcc6dc30,1.0,1781544243621000,6
473819581,2026-06-15T17:27:48Z,1781544468000,0x59f651830d03d7c0a8b8fa145b109ed495c74437e891a93100409daa7bc995d4,3,FinalizedWithdrawal,0xe5c7fe3a4ffca1590f26d74c8ba8b0db69557f7f4607a2a43f82e93041611978,0xd3d98ee59b66708d018b41037a19e73f1590b4fa,2299.0,1781544236914000,6
473819581,2026-06-15T17:27:48Z,1781544468000,0x59f651830d03d7c0a8b8fa145b109ed495c74437e891a93100409daa7bc995d4,5,FinalizedWithdrawal,0xe5c7fe3a4ffca1590f26d74c8ba8b0db69557f7f4607a2a43f82e93041611978,0xfe7caad1cb5442e2a3c72022d5bb7ef7f1182c3e,28.0,1781544218900000,6
473819581,2026-06-15T17:27:48Z,1781544468000,0x59f651830d03d7c0a8b8fa145b109ed495c74437e891a93100409daa7bc995d4,7,FinalizedWithdrawal,0xe5c7fe3a4ffca1590f26d74c8ba8b0db69557f7f4607a2a43f82e93041611978,0xb8a310341e7c35bf5840ade1cf965c935e5ba7d7,3.66,1781544238471000,6
473819641,2026-06-15T17:28:03Z,1781544483000,0x4f0d2720d0727339384bcd7d692eeb5440a73c5d5c02b66cf0f38ee4527db4eb,3,FinalizedWithdrawal,0xe5c7fe3a4ffca1590f26d74c8ba8b0db69557f7f4607a2a43f82e93041611978,0x8964b9b043c0a8b475ad1d43c93c504c99c94a48,99.0,1781544261015000,6
473819828,2026-06-15T17:28:51Z,1781544531000,0x6e2b20cd27933a07b73787146ff24a596e504fff95b8ab8b66cf14b625141cc6,15,RequestedWithdrawal,0xcc10abf54af5c0718b10b0156dfe1e369ce3eee72423e9e86936a0082e9c5d1b,0x8ca90ce202fa2456fbfd9225c0850c633944ba59,670.43,1781544514533000,6
473819833,2026-06-15T17:28:52Z,1781544532000,0x2153c7990673f3c888899be8b8e6624419fd89f841b23d5bd1700ca60522aeaf,4,FinalizedWithdrawal,0xe5c7fe3a4ffca1590f26d74c8ba8b0db69557f7f4607a2a43f82e93041611978,0xb57d48a6ecdbaa70a022d8235b67de4399501c99,1.0,1781544307485000,6
473819941,2026-06-15T17:29:19Z,1781544559000,0x189dfb23a2b0d4ecd5f87868180337387d67e0b50cef1a16eaa9aa6c7d5b7657,0,RequestedWithdrawal,0xcc10abf54af5c0718b10b0156dfe1e369ce3eee72423e9e86936a0082e9c5d1b,0xa750439e1dc246f1a3910c808e8ca45c71eb7c93,20.96,1781544510176000,6
473819941,2026-06-15T17:29:19Z,1781544559000,0x189dfb23a2b0d4ecd5f87868180337387d67e0b50cef1a16eaa9aa6c7d5b7657,1,RequestedWithdrawal,0xcc10abf54af5c0718b10b0156dfe1e369ce3eee72423e9e86936a0082e9c5d1b,0xc2fa554c96051717aa32930833bac68747112e68,948.33,1781544532173000,6
473819948,2026-06-15T17:29:21Z,1781544561000,0xa5a6cf728faaaa0aed5f52ec396258b54000f63f05be85da50abcd766da37b55,5,FinalizedWithdrawal,0xe5c7fe3a4ffca1590f26d74c8ba8b0db69557f7f4607a2a43f82e93041611978,0xf958541eca4c6e72ec9966e650ff09e95c590128,246.94,1781544326153000,6
473820030,2026-06-15T17:29:41Z,1781544581000,0xed6199666024ff5ddd6a3b8a77af0a1eac62fc86f6bbd33c9f46539c57ee9b04,2,RequestedWithdrawal,0xcc10abf54af5c0718b10b0156dfe1e369ce3eee72423e9e86936a0082e9c5d1b,0xb76e1bf22e41d7e1b2692adef66fa70e16e322ca,816.78687,1781544559652000,6
473820133,2026-06-15T17:30:07Z,1781544607000,0x4258fd66c6a7cfc8b4bd6aecc93b5182e37dd816d2c39cd149b03895704e5e5b,1,FinalizedWithdrawal,0xe5c7fe3a4ffca1590f26d74c8ba8b0db69557f7f4607a2a43f82e93041611978,0x0bcff5c81ae8b0fef66aa64d429a43a8181dc858,2.0,1781544372098000,6
473820217,2026-06-15T17:30:28Z,1781544628000,0xfbfe77dfa475cbaffe025e9ffbb81df9aea0a2f52106bd90f7163278cf83d047,5,FinalizedWithdrawal,0xe5c7fe3a4ffca1590f26d74c8ba8b0db69557f7f4607a2a43f82e93041611978,0x49c3b25675897c592f2afa72125381daea979a68,15.8,1781544373001000,6
473820217,2026-06-15T17:30:28Z,1781544628000,0xfbfe77dfa475cbaffe025e9ffbb81df9aea0a2f52106bd90f7163278cf83d047,7,FinalizedWithdrawal,0xe5c7fe3a4ffca1590f26d74c8ba8b0db69557f7f4607a2a43f82e93041611978,0xe28d446e085aa45bf09c8cf75a6d8f5cce921457,6895.16,1781544394239000,6
473820390,2026-06-15T17:31:12Z,1781544672000,0x7b293c8f6f916cea11a9ac9f2397ba06e2cf41b7150e754b1055d570e4c6a69b,0,RequestedWithdrawal,0xcc10abf54af5c0718b10b0156dfe1e369ce3eee72423e9e86936a0082e9c5d1b,0x21716a168b41c2c500208bc04f6493bb4d11d971,8.01,1781544659130000,6
473820399,2026-06-15T17:31:14Z,1781544674000,0xe966050af52d459cbcf93440ebbb44e43a29737f9c25b7a9d50dc33fd88fbc09,1,FinalizedWithdrawal,0xe5c7fe3a4ffca1590f26d74c8ba8b0db69557f7f4607a2a43f82e93041611978,0xaa52aa514056f4e8c810f9b76d5a9e6b22da01b7,8.66,1781544447455000,6
473820495,2026-06-15T17:31:38Z,1781544698000,0x28d17186e52819ec2acb498eea8d156844da300c3866e31fc28f23c9f49c8e77,0,RequestedWithdrawal,0xcc10abf54af5c0718b10b0156dfe1e369ce3eee72423e9e86936a0082e9c5d1b,0x7725a7f2bb0e1c448d6fe361d53c840486ec6557,1759.0,1781544682626000,6
473820697,2026-06-15T17:32:29Z,1781544749000,0xb7d5400b27e643d981cd777ebb1e5e0b4a29ab4ac0403a8e4ebf051a5f90d594,0,RequestedWithdrawal,0xcc10abf54af5c0718b10b0156dfe1e369ce3eee72423e9e86936a0082e9c5d1b,0xe84dbf50af55807618e01d291669cffcfb8e5280,99.0,1781544738998000,6
473820704,2026-06-15T17:32:31Z,1781544751000,0x1ede912371a861fe95f53e2a0f8722af7f22fd73cdab6098857bddd0dfaa28fa,1,FinalizedWithdrawal,0xe5c7fe3a4ffca1590f26d74c8ba8b0db69557f7f4607a2a43f82e93041611978,0x8ca90ce202fa2456fbfd9225c0850c633944ba59,670.43,1781544514533000,6
473820783,2026-06-15T17:32:51Z,1781544771000,0x8b5c1cd3de440770b4b67f1c9bc9f1bde3edd31aed2c32370dcc071676633117,4,FinalizedWithdrawal,0xe5c7fe3a4ffca1590f26d74c8ba8b0db69557f7f4607a2a43f82e93041611978,0xc2fa554c96051717aa32930833bac68747112e68,948.33,1781544532173000,6
473820783,2026-06-15T17:32:51Z,1781544771000,0x8b5c1cd3de440770b4b67f1c9bc9f1bde3edd31aed2c32370dcc071676633117,6,FinalizedWithdrawal,0xe5c7fe3a4ffca1590f26d74c8ba8b0db69557f7f4607a2a43f82e93041611978,0xa750439e1dc246f1a3910c808e8ca45c71eb7c93,20.96,1781544510176000,6
473820892,2026-06-15T17:33:18Z,1781544798000,0x4e3e62bc9854a5d9b091facdd6dffc057bec02df6aa55287f32e764a926f16ac,5,RequestedWithdrawal,0xcc10abf54af5c0718b10b0156dfe1e369ce3eee72423e9e86936a0082e9c5d1b,0x18c7dd5e8fd87b40611a553163873ef4edae2bb2,329.69,1781544778504000,6
473820897,2026-06-15T17:33:19Z,1781544799000,0x66d9ed892b7a0be49bcda323250ab32119b7b64c65b49e0cdaa9ffb3fbc86125,1,FinalizedWithdrawal,0xe5c7fe3a4ffca1590f26d74c8ba8b0db69557f7f4607a2a43f82e93041611978,0xb76e1bf22e41d7e1b2692adef66fa70e16e322ca,816.78687,1781544559652000,6
473820979,2026-06-15T17:33:39Z,1781544819000,0xe50c052b9dfa06b4efce353bca52a5f1c6738db61ea9e86206407966f4c37253,0,RequestedWithdrawal,0xcc10abf54af5c0718b10b0156dfe1e369ce3eee72423e9e86936a0082e9c5d1b,0xa0986eed70ce5d2c7c88de4c16696f2cd753a9c1,9.32,1781544808558000,6
473821081,2026-06-15T17:34:05Z,1781544845000,0xbaf34c65009fbf553c075b9f99c3a8564acdc5a96979fbe8a56f2fd722a55aa5,0,RequestedWithdrawal,0xcc10abf54af5c0718b10b0156dfe1e369ce3eee72423e9e86936a0082e9c5d1b,0x8172d0c12e93e80ce3391e3b089a80b0e7eddad1,775.011913,1781544826556000,6
473821263,2026-06-15T17:34:50Z,1781544890000,0xf664cafa675259d1f45afc8392e44ba57ce9eeead7251f0643debb6a7a40a44f,8,RequestedWithdrawal,0xcc10abf54af5c0718b10b0156dfe1e369ce3eee72423e9e86936a0082e9c5d1b,0x4b13a2ff69e39e8b0b40048fc8d4cdfdcb23d140,4.0,1781544870815000,6
473821267,2026-06-15T17:34:51Z,1781544891000,0xe42e380d7189ba036937cb0222a6099c8a5336e565485d9da9e5a446e1910303,1,FinalizedWithdrawal,0xe5c7fe3a4ffca1590f26d74c8ba8b0db69557f7f4607a2a43f82e93041611978,0x21716a168b41c2c500208bc04f6493bb4d11d971,8.01,1781544659130000,6
473821373,2026-06-15T17:35:18Z,1781544918000,0x7755a917c1eacbab126250414e61ea5c913c3746ec92e3467609ee51ad3c41b7,1,FinalizedWithdrawal,0xe5c7fe3a4ffca1590f26d74c8ba8b0db69557f7f4607a2a43f82e93041611978,0x7725a7f2bb0e1c448d6fe361d53c840486ec6557,1759.0,1781544682626000,6
473821580,2026-06-15T17:36:10Z,1781544970000,0xc2ba255468040fbe907afb113a766b02fff318b38f410c424f689f96bda73a1c,1,FinalizedWithdrawal,0xe5c7fe3a4ffca1590f26d74c8ba8b0db69557f7f4607a2a43f82e93041611978,0xe84dbf50af55807618e01d291669cffcfb8e5280,99.0,1781544738998000,6
473821784,2026-06-15T17:37:01Z,1781545021000,0x38629ddabdc6892b779c778ee65a64d4bcd3e160f4f755018aaa303363d2d46e,1,FinalizedWithdrawal,0xe5c7fe3a4ffca1590f26d74c8ba8b0db69557f7f4607a2a43f82e93041611978,0xa0986eed70ce5d2c7c88de4c16696f2cd753a9c1,9.32,1781544808558000,6
473821784,2026-06-15T17:37:01Z,1781545021000,0x38629ddabdc6892b779c778ee65a64d4bcd3e160f4f755018aaa303363d2d46e,3,FinalizedWithdrawal,0xe5c7fe3a4ffca1590f26d74c8ba8b0db69557f7f4607a2a43f82e93041611978,0x18c7dd5e8fd87b40611a553163873ef4edae2bb2,329.69,1781544778504000,6
473821867,2026-06-15T17:37:22Z,1781545042000,0x291cdba0e867a6901b7d75fb23bf0acf8cc5d2b435f726aab246fbdd3a8ddaea,1,RequestedWithdrawal,0xcc10abf54af5c0718b10b0156dfe1e369ce3eee72423e9e86936a0082e9c5d1b,0x4b13a2ff69e39e8b0b40048fc8d4cdfdcb23d140,55.75,1781545014681000,6
473821975,2026-06-15T17:37:49Z,1781545069000,0x7713ac59a8e4f7f47741c46ea10d5fcd117500c9ff854d08ffc614be7f472789,8,RequestedWithdrawal,0xcc10abf54af5c0718b10b0156dfe1e369ce3eee72423e9e86936a0082e9c5d1b,0x7725a7f2bb0e1c448d6fe361d53c840486ec6557,3136.0,1781545033844000,6
473821983,2026-06-15T17:37:51Z,1781545071000,0xa8797bd6a23add7c727ee7b04a67d59fdd1645b9a1ed3506846a6d07b5c97c0f,1,FinalizedWithdrawal,0xe5c7fe3a4ffca1590f26d74c8ba8b0db69557f7f4607a2a43f82e93041611978,0x8172d0c12e93e80ce3391e3b089a80b0e7eddad1,775.011913,1781544826556000,6
473822078,2026-06-15T17:38:14Z,1781545094000,0xc8d2037453ec93e6ca0768a5fe2c9622e9d4cc1a13ce6e8c12c03cf1ef7e34cb,6,FinalizedWithdrawal,0xe5c7fe3a4ffca1590f26d74c8ba8b0db69557f7f4607a2a43f82e93041611978,0x4b13a2ff69e39e8b0b40048fc8d4cdfdcb23d140,4.0,1781544870815000,6
473822729,2026-06-15T17:40:58Z,1781545258000,0xb74f92a57c351e685f090b956160d0726b4dc6630f5d8ab237d0a48cc136fdbe,0,RequestedWithdrawal,0xcc10abf54af5c0718b10b0156dfe1e369ce3eee72423e9e86936a0082e9c5d1b,0xceaa5648000224eaa9f1d137e70f0eb58149ba01,13.28,1781545250441000,6
473822734,2026-06-15T17:41:00Z,1781545260000,0x9f87304c7504941fafce0e1f2ea7341ea633d09309b697b5c8b4949a7354b85a,1,FinalizedWithdrawal,0xe5c7fe3a4ffca1590f26d74c8ba8b0db69557f7f4607a2a43f82e93041611978,0x4b13a2ff69e39e8b0b40048fc8d4cdfdcb23d140,55.75,1781545014681000,6
473822838,2026-06-15T17:41:26Z,1781545286000,0x153ce51be1fcf5504a22a12671283a2f0334dae292c16b9f0057ac85bf196b9c,2,FinalizedWithdrawal,0xe5c7fe3a4ffca1590f26d74c8ba8b0db69557f7f4607a2a43f82e93041611978,0x7725a7f2bb0e1c448d6fe361d53c840486ec6557,3136.0,1781545033844000,6
473822927,2026-06-15T17:41:48Z,1781545308000,0x44a44ffaca6e4ba18125f06f7e88172e64d5714d22a83806d6ec1d8370c70161,38,RequestedWithdrawal,0xcc10abf54af5c0718b10b0156dfe1e369ce3eee72423e9e86936a0082e9c5d1b,0x4e80c3cf7641a17df8eb8db5d925b5efbcc6dc30,92.0,1781545284497000,6
473823304,2026-06-15T17:43:23Z,1781545403000,0x35b13e3722fca72dcf889747cf8f18a9ef2ae253e556e73fec39441e15110271,4,RequestedWithdrawal,0xcc10abf54af5c0718b10b0156dfe1e369ce3eee72423e9e86936a0082e9c5d1b,0xe65cd4002ea7cbe5a5eec7a7bdfe9a302dc60070,461.208216,1781545396836000,6
473823416,2026-06-15T17:43:51Z,1781545431000,0x3cc8fc40ab6da670ed57b4bd7d048d491c009ab8dc0c7eaacfa36aab8e9d3131,20,RequestedWithdrawal,0xcc10abf54af5c0718b10b0156dfe1e369ce3eee72423e9e86936a0082e9c5d1b,0x8feee00f1d8c355086b4667f153c744688b7f6b0,100.76,1781545413784000,6
473823613,2026-06-15T17:44:41Z,1781545481000,0x6c9dc50d052669804b157917948559acc50e96080ad57d6744068544dac97523,3,FinalizedWithdrawal,0xe5c7fe3a4ffca1590f26d74c8ba8b0db69557f7f4607a2a43f82e93041611978,0xceaa5648000224eaa9f1d137e70f0eb58149ba01,13.28,1781545250441000,6
473823799,2026-06-15T17:45:27Z,1781545527000,0x2d7abfb15965c13f070c6d66f70b86d45d176fe2b0b12ffcace279a1e04934df,2,FinalizedWithdrawal,0xe5c7fe3a4ffca1590f26d74c8ba8b0db69557f7f4607a2a43f82e93041611978,0x4e80c3cf7641a17df8eb8db5d925b5efbcc6dc30,92.0,1781545284497000,6
473823881,2026-06-15T17:45:48Z,1781545548000,0x72bb7f8957e76c957195e5b1801b1447f0eac7e19051d222fe53e1a137dd7652,21,RequestedWithdrawal,0xcc10abf54af5c0718b10b0156dfe1e369ce3eee72423e9e86936a0082e9c5d1b,0x0dfac4fd82123414e788d20f5a7486986c43bbef,360.583134,1781545480522000,6
473824170,2026-06-15T17:47:00Z,1781545620000,0xf878b494bd8db430f70f79fdca01d9f49caa061eb0cb8e803eb85a2cabd4fee1,7,FinalizedWithdrawal,0xe5c7fe3a4ffca1590f26d74c8ba8b0db69557f7f4607a2a43f82e93041611978,0xe65cd4002ea7cbe5a5eec7a7bdfe9a302dc60070,461.208216,1781545396836000,6
473824271,2026-06-15T17:47:25Z,1781545645000,0x9a7eba60f342cb3d6265e2eae6d0ad730756a5b55f4e25eaafe2bd3751e1bb57,1,FinalizedWithdrawal,0xe5c7fe3a4ffca1590f26d74c8ba8b0db69557f7f4607a2a43f82e93041611978,0x8feee00f1d8c355086b4667f153c744688b7f6b0,100.76,1781545413784000,6
473824557,2026-06-15T17:48:37Z,1781545717000,0x4d9df54a563807063f90b7390500d2a4f7bb680ffa59e664e45f571dbeef245c,0,RequestedWithdrawal,0xcc10abf54af5c0718b10b0156dfe1e369ce3eee72423e9e86936a0082e9c5d1b,0x56cf22ce5c643a401cfc9d4d15cd23177ce32cf5,54.662181,1781545695495000,6
473824636,2026-06-15T17:48:57Z,1781545737000,0xd3a9e088ca668d4638669fece79765f8c172b7ece9803941512d1d4956ebddcb,0,RequestedWithdrawal,0xcc10abf54af5c0718b10b0156dfe1e369ce3eee72423e9e86936a0082e9c5d1b,0xf8b6b1a1b47f5442a29bfe0d96dc5f47fbe8aad7,2.46,1781545723224000,6
473824744,2026-06-15T17:49:24Z,1781545764000,0x2c74e4555ae2cbf41d8f2868f566f495a71b79310d7539b65c89f564c821692c,1,FinalizedWithdrawal,0xe5c7fe3a4ffca1590f26d74c8ba8b0db69557f7f4607a2a43f82e93041611978,0x0dfac4fd82123414e788d20f5a7486986c43bbef,360.583134,1781545480522000,6
473824859,2026-06-15T17:49:53Z,1781545793000,0x4f96c220ab4e8e734dc123b2ba110feea69f66d7e1b10f77e3dbae8ab01ba467,6,RequestedWithdrawal,0xcc10abf54af5c0718b10b0156dfe1e369ce3eee72423e9e86936a0082e9c5d1b,0x92d900835e27e5e0427a1b2e63fc8aacbc3ac9ec,64.0,1781545769170000,6
473825127,2026-06-15T17:51:00Z,1781545860000,0xb50da56d33d1a75f14df3a9d3f8a3c7444d29a2f0ad6e35c5f1c7cc4a4a887e0,5,RequestedWithdrawal,0xcc10abf54af5c0718b10b0156dfe1e369ce3eee72423e9e86936a0082e9c5d1b,0x29c1bc7c79decd5cd89621f959e75fe448fad935,102.42,1781545776611000,6
473825429,2026-06-15T17:52:16Z,1781545936000,0xd917a5ea96c2531a84e5b1f303d3ab865c415c446542e1852d94b993de05da59,34,RequestedWithdrawal,0xcc10abf54af5c0718b10b0156dfe1e369ce3eee72423e9e86936a0082e9c5d1b,0xbf51ba76604e64d1e32e48a914240cdd1e4454a8,31.01,1781545918822000,6
473825441,2026-06-15T17:52:19Z,1781545939000,0x9c81bd216a8a90d68c1f92fe368a5165f8472a1a4933c5926c98d1842bafdd8e,2,FinalizedWithdrawal,0xe5c7fe3a4ffca1590f26d74c8ba8b0db69557f7f4607a2a43f82e93041611978,0x56cf22ce5c643a401cfc9d4d15cd23177ce32cf5,54.662181,1781545695495000,6
473825508,2026-06-15T17:52:36Z,1781545956000,0xa4e77419869cbbd958e96f03ca62cedbcb646104c7438c39d4cec2e5b97340ff,5,FinalizedWithdrawal,0xe5c7fe3a4ffca1590f26d74c8ba8b0db69557f7f4607a2a43f82e93041611978,0xf8b6b1a1b47f5442a29bfe0d96dc5f47fbe8aad7,2.46,1781545723224000,6
473825714,2026-06-15T17:53:27Z,1781546007000,0xb42ccb533ee72b4df67e45661e22d458b48ca1863b70809db12a5d259a567e68,1,FinalizedWithdrawal,0xe5c7fe3a4ffca1590f26d74c8ba8b0db69557f7f4607a2a43f82e93041611978,0x92d900835e27e5e0427a1b2e63fc8aacbc3ac9ec,64.0,1781545769170000,6
473825821,2026-06-15T17:53:54Z,1781546034000,0xbaef797b0603596f65f214acd692d296204ac970abee7804204ef98407081d3d,1,RequestedWithdrawal,0xcc10abf54af5c0718b10b0156dfe1e369ce3eee72423e9e86936a0082e9c5d1b,0x51f63885534cb494f4592a0311551f369bff2b39,43786.0,1781546012710000,6
473825931,2026-06-15T17:54:21Z,1781546061000,0xc18c8292124179e44678898e44e5edc1fd14b791a74014e91de41d93e3e824c2,0,RequestedWithdrawal,0xcc10abf54af5c0718b10b0156dfe1e369ce3eee72423e9e86936a0082e9c5d1b,0xe2ca93136a2f8b434533093c6aa9b7c5736a86f8,997.998424,1781546050124000,6
473825936,2026-06-15T17:54:23Z,1781546063000,0xfd10545ab656f3a14f32110d29e976e49349dce9c2b2021b2701d373b8c7b3ee,19,FinalizedWithdrawal,0xe5c7fe3a4ffca1590f26d74c8ba8b0db69557f7f4607a2a43f82e93041611978,0x29c1bc7c79decd5cd89621f959e75fe448fad935,102.42,1781545776611000,6
473826036,2026-06-15T17:54:48Z,1781546088000,0x1942b98110aa2d41d4f3bff2914cfb42b4042608b5d2a46ab91c99e5b6e511ca,0,RequestedWithdrawal,0xcc10abf54af5c0718b10b0156dfe1e369ce3eee72423e9e86936a0082e9c5d1b,0xfcafdc420e4ec0d43e3f8a7ad9ef2748b3d9f7d6,4.0,1781546081560000,6
473826314,2026-06-15T17:55:58Z,1781546158000,0xf2bf15b8278daa7678fd99e366458a43e598f75589c947daca55987efb605859,0,RequestedWithdrawal,0xcc10abf54af5c0718b10b0156dfe1e369ce3eee72423e9e86936a0082e9c5d1b,0x7725a7f2bb0e1c448d6fe361d53c840486ec6557,437.0,1781546139609000,6
473826320,2026-06-15T17:55:59Z,1781546159000,0xeec89bfd13c2d755b8d7400c7cf358504028c11f4fec2fefb15155cb200f7e7e,9,FinalizedWithdrawal,0xe5c7fe3a4ffca1590f26d74c8ba8b0db69557f7f4607a2a43f82e93041611978,0xbf51ba76604e64d1e32e48a914240cdd1e4454a8,31.01,1781545918822000,6
473826601,2026-06-15T17:57:10Z,1781546230000,0x1b26875c1f052ca1f2d90f18096ebbfb57f50b7e5cc8227a4b934022ad2088e4,8,RequestedWithdrawal,0xcc10abf54af5c0718b10b0156dfe1e369ce3eee72423e9e86936a0082e9c5d1b,0x08b6e89f4cd1f8cc62835d2aaa954bcc05030ef7,67.23,1781546217511000,6
473826701,2026-06-15T17:57:35Z,1781546255000,0xe420d52e951c5fe5e60fa51d0850307a659407d87fa90ba216c585e7b24f9b42,8,FinalizedWithdrawal,0xe5c7fe3a4ffca1590f26d74c8ba8b0db69557f7f4607a2a43f82e93041611978,0x51f63885534cb494f4592a0311551f369bff2b39,43786.0,1781546012710000,6
473826804,2026-06-15T17:58:01Z,1781546281000,0xb7e55aea7f16eeea36f23eb29f09f51279a06f2d90d3576d57f73b7373682ead,0,RequestedWithdrawal,0xcc10abf54af5c0718b10b0156dfe1e369ce3eee72423e9e86936a0082e9c5d1b,0xf8e85452fa6197c2923fac7239d5d52f297e150b,2.0,1781546254266000,6
473826808,2026-06-15T17:58:02Z,1781546282000,0x8c9134b4a60cc4a75f5303f085fb9bee1a8aff2f7f3c1cfa966b67715318d709,5,FinalizedWithdrawal,0xe5c7fe3a4ffca1590f26d74c8ba8b0db69557f7f4607a2a43f82e93041611978,0xe2ca93136a2f8b434533093c6aa9b7c5736a86f8,997.998424,1781546050124000,6
473826909,2026-06-15T17:58:27Z,1781546307000,0x008bea358aa1c6a81237432f1bbd7e7fb78e48650d773b17541abcb436bc8e3d,2,FinalizedWithdrawal,0xe5c7fe3a4ffca1590f26d74c8ba8b0db69557f7f4607a2a43f82e93041611978,0xfcafdc420e4ec0d43e3f8a7ad9ef2748b3d9f7d6,4.0,1781546081560000,6
473827128,2026-06-15T17:59:21Z,1781546361000,0x2a0123c4f445b6b471dc8a841d1037c962eeb9e60a626e79c27893680257a817,0,RequestedWithdrawal,0xcc10abf54af5c0718b10b0156dfe1e369ce3eee72423e9e86936a0082e9c5d1b,0xf3dd7e11fda8c3d8afe149dfe338df42778b1ca4,4039.0,1781546340939000,6
473827136,2026-06-15T17:59:23Z,1781546363000,0xab4c9e2382aa11847e3efd4adbb5aa102ed55c4d64bf4675143eb7295dd85fc2,2,FinalizedWithdrawal,0xe5c7fe3a4ffca1590f26d74c8ba8b0db69557f7f4607a2a43f82e93041611978,0x7725a7f2bb0e1c448d6fe361d53c840486ec6557,437.0,1781546139609000,6
473827231,2026-06-15T17:59:47Z,1781546387000,0xbfea75a48026e8882e6e65e873495b385fd4b5bc9cfa65d26b97b18a1c4fbd46,0,RequestedWithdrawal,0xcc10abf54af5c0718b10b0156dfe1e369ce3eee72423e9e86936a0082e9c5d1b,0x257d1df0115dedc2d95abf454c75a32d64be4f37,13.73,1781546364052000,6
473827311,2026-06-15T18:00:07Z,1781546407000,0x4abebf67a8b2a09ef57a73dd786aa52b1d8ba152993eca550b6b022cecc4f4a3,3,RequestedWithdrawal,0xcc10abf54af5c0718b10b0156dfe1e369ce3eee72423e9e86936a0082e9c5d1b,0x170f6131a759e30a5e834dc65872ac33420c7f25,2971.142606,1781546400159000,6
473827311,2026-06-15T18:00:07Z,1781546407000,0x4abebf67a8b2a09ef57a73dd786aa52b1d8ba152993eca550b6b022cecc4f4a3,4,RequestedWithdrawal,0xcc10abf54af5c0718b10b0156dfe1e369ce3eee72423e9e86936a0082e9c5d1b,0xa6e046c474462f4abd076050ab182cbb25557b23,2.327799,1781546399114000,6
473827410,2026-06-15T18:00:32Z,1781546432000,0x4e2d2b30f85cb3a1149e9e31241c9f71cfb22f48e78175f8c6c8fca4baefc905,11,FinalizedWithdrawal,0xe5c7fe3a4ffca1590f26d74c8ba8b0db69557f7f4607a2a43f82e93041611978,0x08b6e89f4cd1f8cc62835d2aaa954bcc05030ef7,67.23,1781546217511000,6
473827518,2026-06-15T18:00:59Z,1781546459000,0xc29646cc978c62f832da9addc7907478e588b787b1fcc471eb0efd142c712212,1,RequestedWithdrawal,0xcc10abf54af5c0718b10b0156dfe1e369ce3eee72423e9e86936a0082e9c5d1b,0xe9216679541c2bd729d835f96265a62fc65021e1,9.17,1781546450185000,6
473827597,2026-06-15T18:01:19Z,1781546479000,0xfcff6871776a8a25f3c573cc9c3a15e67c271932777fef1d744686fb37d5f017,124,RequestedWithdrawal,0xcc10abf54af5c0718b10b0156dfe1e369ce3eee72423e9e86936a0082e9c5d1b,0x87004ad0d2b94450170d56a09ffb20cde6bd2fcf,237238.378795,1781546466629000,6
473827680,2026-06-15T18:01:40Z,1781546500000,0x5813f16f70d4bc710cb1d11eae22c99729bded64d771c818c00ca487ab247e87,2,FinalizedWithdrawal,0xe5c7fe3a4ffca1590f26d74c8ba8b0db69557f7f4607a2a43f82e93041611978,0xf8e85452fa6197c2923fac7239d5d52f297e150b,2.0,1781546254266000,6
473827784,2026-06-15T18:02:06Z,1781546526000,0x7bbb8d4b2e55a841d1997f8a389810aac1a859aed0d0ea74e6d99fb180f936da,3,RequestedWithdrawal,0xcc10abf54af5c0718b10b0156dfe1e369ce3eee72423e9e86936a0082e9c5d1b,0x7725a7f2bb0e1c448d6fe361d53c840486ec6557,205.0,1781546509525000,6
473827798,2026-06-15T18:02:10Z,1781546530000,0xcde49448c02df40102c7e599224b342d9bb2e48156f788bc0c0348d773b342e6,19,FailedWithdrawal,0x686cb4bac974cd11b0f8a75fc7c7764ed12cc46faaec53110f807aa802a7acb4,,,,6
473827966,2026-06-15T18:02:52Z,1781546572000,0xdc38ca2db2455d76a105b5926390c30ae479a072b2ba2c4591893ad5d2519bc0,10,FinalizedWithdrawal,0xe5c7fe3a4ffca1590f26d74c8ba8b0db69557f7f4607a2a43f82e93041611978,0xf3dd7e11fda8c3d8afe149dfe338df42778b1ca4,4039.0,1781546340939000,6
473828035,2026-06-15T18:03:09Z,1781546589000,0x15d55a96e9b085a354fc6922733de210e5f9556d2f0bd7a06482fce15dfdd0da,20,FinalizedWithdrawal,0xe5c7fe3a4ffca1590f26d74c8ba8b0db69557f7f4607a2a43f82e93041611978,0x257d1df0115dedc2d95abf454c75a32d64be4f37,13.73,1781546364052000,6
473828144,2026-06-15T18:03:37Z,1781546617000,0x32341354f85e9c98c3569620453120a88bf144b7c840367bb1b15871ef110b1d,1,FinalizedWithdrawal,0xe5c7fe3a4ffca1590f26d74c8ba8b0db69557f7f4607a2a43f82e93041611978,0xa6e046c474462f4abd076050ab182cbb25557b23,2.327799,1781546399114000,6
473828144,2026-06-15T18:03:37Z,1781546617000,0x32341354f85e9c98c3569620453120a88bf144b7c840367bb1b15871ef110b1d,3,FinalizedWithdrawal,0xe5c7fe3a4ffca1590f26d74c8ba8b0db69557f7f4607a2a43f82e93041611978,0x170f6131a759e30a5e834dc65872ac33420c7f25,2971.142606,1781546400159000,6
473828233,2026-06-15T18:03:59Z,1781546639000,0x07ba8aec12275827f0a0630baef24b4ef95be36e03264cdef053b2fa253b4aaf,0,RequestedWithdrawal,0xcc10abf54af5c0718b10b0156dfe1e369ce3eee72423e9e86936a0082e9c5d1b,0xa6e046c474462f4abd076050ab182cbb25557b23,22.392014,1781546620411000,6
473828339,2026-06-15T18:04:25Z,1781546665000,0x63eefd6218fa2a70b2b5a449a6a05ce327fcbe4e4a794447199d2fd566d1221c,4,FinalizedWithdrawal,0xe5c7fe3a4ffca1590f26d74c8ba8b0db69557f7f4607a2a43f82e93041611978,0xe9216679541c2bd729d835f96265a62fc65021e1,9.17,1781546450185000,6
473828439,2026-06-15T18:04:51Z,1781546691000,0xc02627491c6cd895d1ddd090e9d6efca8d6d8899286629bd4cd939268b9b8322,1,FinalizedWithdrawal,0xe5c7fe3a4ffca1590f26d74c8ba8b0db69557f7f4607a2a43f82e93041611978,0x87004ad0d2b94450170d56a09ffb20cde6bd2fcf,237238.378795,1781546466629000,6
473828638,2026-06-15T18:05:40Z,1781546740000,0xf1e5d1062a0f76cdcbc878539cc57a9169eeeb157dc6a1f6613dabbc9dbfe358,0,RequestedWithdrawal,0xcc10abf54af5c0718b10b0156dfe1e369ce3eee72423e9e86936a0082e9c5d1b,0x2081d586d3ca419f55e5a028d1a7c14164a296d0,15.44,1781546728376000,6
473828645,2026-06-15T18:05:42Z,1781546742000,0x803f2c6fc5d96ff9ccca36b6118f420d4f2a8abb473b50679415363825d41303,2,FinalizedWithdrawal,0xe5c7fe3a4ffca1590f26d74c8ba8b0db69557f7f4607a2a43f82e93041611978,0x7725a7f2bb0e1c448d6fe361d53c840486ec6557,205.0,1781546509525000,6
473828957,2026-06-15T18:07:00Z,1781546820000,0x57053d8a14543c5f4091b484811dd4817e25463389feeea67e6a3ffc7dc1cef7,25,RequestedWithdrawal,0xcc10abf54af5c0718b10b0156dfe1e369ce3eee72423e9e86936a0082e9c5d1b,0xa4274a690ee871f2c65bf1551b765df1bf02e218,222.27,1781546796503000,6
473829054,2026-06-15T18:07:25Z,1781546845000,0x85c696ceda9ff855d4c4e0b443bc3ba3d7676c132fb894a55af9ea43f4dd9ea9,1,FinalizedWithdrawal,0xe5c7fe3a4ffca1590f26d74c8ba8b0db69557f7f4607a2a43f82e93041611978,0xa6e046c474462f4abd076050ab182cbb25557b23,22.392014,1781546620411000,6
473829163,2026-06-15T18:07:52Z,1781546872000,0x6a815c355834feeae30f2dc545e1830427809741868f1696bd437a525c7c2078,0,RequestedWithdrawal,0xcc10abf54af5c0718b10b0156dfe1e369ce3eee72423e9e86936a0082e9c5d1b,0xfcafdc420e4ec0d43e3f8a7ad9ef2748b3d9f7d6,25.007791,1781546867993000,6
473829275,2026-06-15T18:08:20Z,1781546900000,0xa0af1bf180a56cf668923b1bfbcba69e9f7ccfef5b4c75f35b20ae83a96c9753,1,RequestedWithdrawal,0xcc10abf54af5c0718b10b0156dfe1e369ce3eee72423e9e86936a0082e9c5d1b,0x6f52fe8de023b5e8cbcd4ba954a96126b1e9ca93,93.0,1781546868467000,6
473829352,2026-06-15T18:08:40Z,1781546920000,0x2f004b946c931f2535f6d0fe42cdc28d3983eee0b274373bfe6588597b489f24,5,RequestedWithdrawal,0xcc10abf54af5c0718b10b0156dfe1e369ce3eee72423e9e86936a0082e9c5d1b,0x22c0cc9e78143c98462b60e10e006a541525b02e,31.544868,1781546910401000,6
473829466,2026-06-15T18:09:09Z,1781546949000,0x3ed4d238a8d17b7e9fca5dce2d1c318db8afdb9f6cab301e1662c6e4e4b0f56a,5,RequestedWithdrawal,0xcc10abf54af5c0718b10b0156dfe1e369ce3eee72423e9e86936a0082e9c5d1b,0xf9d7ff083b5d1b76a6d7bdfa870d5e1e40c908a0,10.84,1781546927927000,6
473829476,2026-06-15T18:09:12Z,1781546952000,0xaa77c04644d1507980808b47687b4a0c6bc42f485c48d77b41c4a167714057eb,1,FinalizedWithdrawal,0xe5c7fe3a4ffca1590f26d74c8ba8b0db69557f7f4607a2a43f82e93041611978,0x2081d586d3ca419f55e5a028d1a7c14164a296d0,15.44,1781546728376000,6
473829844,2026-06-15T18:10:44Z,1781547044000,0x100c4bed8c0f5125c0103f9490ae0243e10bea8c34fdcfb8a127a0dac5809996,0,RequestedWithdrawal,0xcc10abf54af5c0718b10b0156dfe1e369ce3eee72423e9e86936a0082e9c5d1b,0x7725a7f2bb0e1c448d6fe361d53c840486ec6557,1344.0,1781547012999000,6
473829851,2026-06-15T18:10:46Z,1781547046000,0x7be5f09b3c1a8274fe534bee8f79e586efd9b9b9598d5f815a1174adda2051d2,1,FinalizedWithdrawal,0xe5c7fe3a4ffca1590f26d74c8ba8b0db69557f7f4607a2a43f82e93041611978,0xa4274a690ee871f2c65bf1551b765df1bf02e218,222.27,1781546796503000,6
473830028,2026-06-15T18:11:30Z,1781547090000,0x3117ecfb8d3aab46fa2306bc5794864dffca2291bc153b7238a248e69527d3a7,0,RequestedWithdrawal,0xcc10abf54af5c0718b10b0156dfe1e369ce3eee72423e9e86936a0082e9c5d1b,0x30911927dd5113056d425772fcc3b75a4f3acf45,84.540402,1781547066966000,6
473830034,2026-06-15T18:11:31Z,1781547091000,0xd575be91805c799ab9b8a2831df07b1b4fa6d9f89e43a2e778092444a9e259bb,26,FinalizedWithdrawal,0xe5c7fe3a4ffca1590f26d74c8ba8b0db69557f7f4607a2a43f82e93041611978,0xfcafdc420e4ec0d43e3f8a7ad9ef2748b3d9f7d6,25.007791,1781546867993000,6
473830132,2026-06-15T18:11:56Z,1781547116000,0xba15633b66761fe0640d2dd718cfb3ba0972c69815bcbdbfa64326c1db49d7f5,0,RequestedWithdrawal,0xcc10abf54af5c0718b10b0156dfe1e369ce3eee72423e9e86936a0082e9c5d1b,0x33bd483698103fa660ffef303505f69afa924711,6020.472412,1781547017600000,6
473830138,2026-06-15T18:11:58Z,1781547118000,0x3a0c28bfef6d5c033686e3ee6ada4ad9a14753b5b46706bafe680da11744752a,1,FinalizedWithdrawal,0xe5c7fe3a4ffca1590f26d74c8ba8b0db69557f7f4607a2a43f82e93041611978,0x6f52fe8de023b5e8cbcd4ba954a96126b1e9ca93,93.0,1781546868467000,6
473830234,2026-06-15T18:12:21Z,1781547141000,0xe936a1bb4c3fcc6b2b630b1cbddd8324d4d422e7bd6800b3d096c948d42fca48,1,FinalizedWithdrawal,0xe5c7fe3a4ffca1590f26d74c8ba8b0db69557f7f4607a2a43f82e93041611978,0x22c0cc9e78143c98462b60e10e006a541525b02e,31.544868,1781546910401000,6
473830316,2026-06-15T18:12:41Z,1781547161000,0x6eb6b772d1e7f8656fafab7cfdba510634b2f03411016f989e745519870b1de0,1,FinalizedWithdrawal,0xe5c7fe3a4ffca1590f26d74c8ba8b0db69557f7f4607a2a43f82e93041611978,0xf9d7ff083b5d1b76a6d7bdfa870d5e1e40c908a0,10.84,1781546927927000,6
473830593,2026-06-15T18:13:51Z,1781547231000,0x6dead74cdeb360e53f212e95f41dd93d3a88cfc87cc7365c74d1c165e9ae82f7,0,RequestedWithdrawal,0xcc10abf54af5c0718b10b0156dfe1e369ce3eee72423e9e86936a0082e9c5d1b,0x168a57d7916245068a36ea26313e00984ad87347,19.66,1781547210118000,6
473830691,2026-06-15T18:14:16Z,1781547256000,0xd83110f6c6f94b9cf01204f4e115f12fc2acaa16e8c7ee23c8647b544e2d11f8,1,FinalizedWithdrawal,0xe5c7fe3a4ffca1590f26d74c8ba8b0db69557f7f4607a2a43f82e93041611978,0x7725a7f2bb0e1c448d6fe361d53c840486ec6557,1344.0,1781547012999000,6
473830794,2026-06-15T18:14:42Z,1781547282000,0xe1b8120947684381a6b5327733c9bd02f150acdd5cbf91871c1bcc0af9ce60d1,11,RequestedWithdrawal,0xcc10abf54af5c0718b10b0156dfe1e369ce3eee72423e9e86936a0082e9c5d1b,0x048e46dfbb507d57dcf36f1a0d75ef3fb1b3aa37,199798.847906,1781547253418000,6
473830794,2026-06-15T18:14:42Z,1781547282000,0xe1b8120947684381a6b5327733c9bd02f150acdd5cbf91871c1bcc0af9ce60d1,12,RequestedWithdrawal,0xcc10abf54af5c0718b10b0156dfe1e369ce3eee72423e9e86936a0082e9c5d1b,0x3264fea55a40f50cf629b7d3e645de4ba6df22db,92.361332,1781547193306000,6
473830884,2026-06-15T18:15:04Z,1781547304000,0x87c1ea199a2af623d090b8c408f497b26d3ab9dc400cde01be30f7441255258d,19,FinalizedWithdrawal,0xe5c7fe3a4ffca1590f26d74c8ba8b0db69557f7f4607a2a43f82e93041611978,0x30911927dd5113056d425772fcc3b75a4f3acf45,84.540402,1781547066966000,6
473830989,2026-06-15T18:15:31Z,1781547331000,0x1cfe39ae6bb2d80fe691ba4ae72051542fba8664b8e2a4b55358f4f19b288264,2,FinalizedWithdrawal,0xe5c7fe3a4ffca1590f26d74c8ba8b0db69557f7f4607a2a43f82e93041611978,0x33bd483698103fa660ffef303505f69afa924711,6020.472412,1781547017600000,6
473831457,2026-06-15T18:17:30Z,1781547450000,0xd0cf3742a76af13a7eb00b34e22d499a2298b2e29d90e4a1914c87f9e8df2863,0,RequestedWithdrawal,0xcc10abf54af5c0718b10b0156dfe1e369ce3eee72423e9e86936a0082e9c5d1b,0xad7e535ac61ac26d2267afbb081426e2dfad361a,20.53,1781547434995000,6
473831462,2026-06-15T18:17:31Z,1781547451000,0x03b119e9b9a349479ad5d68efa8a8d36bebc05cbb3ec5a4c00a620abf5f8ca81,1,FinalizedWithdrawal,0xe5c7fe3a4ffca1590f26d74c8ba8b0db69557f7f4607a2a43f82e93041611978,0x168a57d7916245068a36ea26313e00984ad87347,19.66,1781547210118000,6
473831564,2026-06-15T18:17:57Z,1781547477000,0x7276cd637e98758dd512f3ccc8abd2052d81fc8f830e04dd8a4bd5548b743d57,0,RequestedWithdrawal,0xcc10abf54af5c0718b10b0156dfe1e369ce3eee72423e9e86936a0082e9c5d1b,0x7725a7f2bb0e1c448d6fe361d53c840486ec6557,66.0,1781547438270000,6
473831650,2026-06-15T18:18:18Z,1781547498000,0xe5e7ee313eb8605c8c554e3479ac5b93525bd437c9f4453434161cf80a2e88bc,1,RequestedWithdrawal,0xcc10abf54af5c0718b10b0156dfe1e369ce3eee72423e9e86936a0082e9c5d1b,0xd12d23dd4cd40f9628fb52810b4ffce18c1b5712,6.87,1781547443024000,6
473831650,2026-06-15T18:18:18Z,1781547498000,0xe5e7ee313eb8605c8c554e3479ac5b93525bd437c9f4453434161cf80a2e88bc,2,RequestedWithdrawal,0xcc10abf54af5c0718b10b0156dfe1e369ce3eee72423e9e86936a0082e9c5d1b,0xf63e8c4feb4991a12dc4bee7307694b973c24aee,13993.25,1781547484372000,6
473831663,2026-06-15T18:18:21Z,1781547501000,0x27407840aaf34326d3054d82a8a98419508f398b5e4fa37520e45b42faec3581,1,FinalizedWithdrawal,0xe5c7fe3a4ffca1590f26d74c8ba8b0db69557f7f4607a2a43f82e93041611978,0x3264fea55a40f50cf629b7d3e645de4ba6df22db,92.361332,1781547193306000,6
473831663,2026-06-15T18:18:21Z,1781547501000,0x27407840aaf34326d3054d82a8a98419508f398b5e4fa37520e45b42faec3581,3,FinalizedWithdrawal,0xe5c7fe3a4ffca1590f26d74c8ba8b0db69557f7f4607a2a43f82e93041611978,0x048e46dfbb507d57dcf36f1a0d75ef3fb1b3aa37,199798.847906,1781547253418000,6
473831823,2026-06-15T18:19:01Z,1781547541000,0xcb4e8405caf4cf776ac218ce1767ae5eabf46f15b2d99a8a46fca7c3d7a77d2e,1,RequestedWithdrawal,0xcc10abf54af5c0718b10b0156dfe1e369ce3eee72423e9e86936a0082e9c5d1b,0xd23852eebb8be57de0235481279e2883e1a0aeff,23.33,1781547521167000,6
473831930,2026-06-15T18:19:28Z,1781547568000,0x246213eec779abba7eb90c9715555990e903893d0a7726a96560ec33babff301,2,RequestedWithdrawal,0xcc10abf54af5c0718b10b0156dfe1e369ce3eee72423e9e86936a0082e9c5d1b,0xf3fbb2c0a711529ef9b81fe59a5ef5b8f1e0eb27,103.78,1781547553293000,6
473832130,2026-06-15T18:20:18Z,1781547618000,0xbdea861534a38fe3df1b2be2c1ec2dd4f93ab08178c5a9d37f007e641dd3ab13,5,RequestedWithdrawal,0xcc10abf54af5c0718b10b0156dfe1e369ce3eee72423e9e86936a0082e9c5d1b,0x8e7a4aebaf374f970261bdd38aed3cd1bb5987b8,750.45,1781547597301000,6
473832306,2026-06-15T18:21:02Z,1781547662000,0xf267ed28b1f460680f7168219e4e213b31195964447c2d0de9bcc43f15fd8b48,4,FinalizedWithdrawal,0xe5c7fe3a4ffca1590f26d74c8ba8b0db69557f7f4607a2a43f82e93041611978,0xad7e535ac61ac26d2267afbb081426e2dfad361a,20.53,1781547434995000,6
473832390,2026-06-15T18:21:23Z,1781547683000,0x0ccbc2bfe9ad306c8f2cc15e90d76dd61325bf1bd6b3a50f9132c0db93f04dfc,4,RequestedWithdrawal,0xcc10abf54af5c0718b10b0156dfe1e369ce3eee72423e9e86936a0082e9c5d1b,0x99d2f094610f497e23cf62cb11bcee2ac851f8c9,4.0,1781547677475000,6
473832394,2026-06-15T18:21:24Z,1781547684000,0xa1808fd8afcc2d1ce47c6703332daac7639f624f628cc0526a1783ebfe30bc5e,1,FinalizedWithdrawal,0xe5c7fe3a4ffca1590f26d74c8ba8b0db69557f7f4607a2a43f82e93041611978,0x7725a7f2bb0e1c448d6fe361d53c840486ec6557,66.0,1781547438270000,6
473832503,2026-06-15T18:21:52Z,1781547712000,0x67f5de74dbf7323c4439589c13a9f53d50c11c5ab59ea0348c6704589277dded,1,FinalizedWithdrawal,0xe5c7fe3a4ffca1590f26d74c8ba8b0db69557f7f4607a2a43f82e93041611978,0xd12d23dd4cd40f9628fb52810b4ffce18c1b5712,6.87,1781547443024000,6
473832503,2026-06-15T18:21:52Z,1781547712000,0x67f5de74dbf7323c4439589c13a9f53d50c11c5ab59ea0348c6704589277dded,3,FinalizedWithdrawal,0xe5c7fe3a4ffca1590f26d74c8ba8b0db69557f7f4607a2a43f82e93041611978,0xf63e8c4feb4991a12dc4bee7307694b973c24aee,13993.25,1781547484372000,6
473832703,2026-06-15T18:22:43Z,1781547763000,0x53e230d00977430360b16e770d9f63690aedbe5ebaf4033a677d5f07de055b07,1,FinalizedWithdrawal,0xe5c7fe3a4ffca1590f26d74c8ba8b0db69557f7f4607a2a43f82e93041611978,0xd23852eebb8be57de0235481279e2883e1a0aeff,23.33,1781547521167000,6
473832800,2026-06-15T18:23:07Z,1781547787000,0x0d6c1372e69dbd8c5e702eaf5fc6e7703d167df008bf55f70280edd2646d2a6a,2,FinalizedWithdrawal,0xe5c7fe3a4ffca1590f26d74c8ba8b0db69557f7f4607a2a43f82e93041611978,0xf3fbb2c0a711529ef9b81fe59a5ef5b8f1e0eb27,103.78,1781547553293000,6
473832976,2026-06-15T18:23:52Z,1781547832000,0xab7408e481da20f24ef276a4b78c274639194c8dcfd161a194d3eca88600378f,1,FinalizedWithdrawal,0xe5c7fe3a4ffca1590f26d74c8ba8b0db69557f7f4607a2a43f82e93041611978,0x8e7a4aebaf374f970261bdd38aed3cd1bb5987b8,750.45,1781547597301000,6
473833078,2026-06-15T18:24:18Z,1781547858000,0xa81e054bef892667bb7d668737a5a5810fbb10fc1eaeaba8c5a50f03076f6beb,12,RequestedWithdrawal,0xcc10abf54af5c0718b10b0156dfe1e369ce3eee72423e9e86936a0082e9c5d1b,0xa2e5b88538d9c9c5651a26946a059412b5339206,36.29,1781547851635000,6
473833281,2026-06-15T18:25:08Z,1781547908000,0xf821782f7905db1a9905df26f94732a4e8acfa2625a1a192256b7ba01681d101,2,FinalizedWithdrawal,0xe5c7fe3a4ffca1590f26d74c8ba8b0db69557f7f4607a2a43f82e93041611978,0x99d2f094610f497e23cf62cb11bcee2ac851f8c9,4.0,1781547677475000,6
473833934,2026-06-15T18:27:52Z,1781548072000,0x041348154bca28db12238f31d0fab2b47b77d9e6f6e066bf68e9037bc7a8bb2e,0,RequestedWithdrawal,0xcc10abf54af5c0718b10b0156dfe1e369ce3eee72423e9e86936a0082e9c5d1b,0xd4a27d49e5d8828a3791214b0d25772bac99247c,2.5,1781548056829000,6
473833934,2026-06-15T18:27:52Z,1781548072000,0x041348154bca28db12238f31d0fab2b47b77d9e6f6e066bf68e9037bc7a8bb2e,1,RequestedWithdrawal,0xcc10abf54af5c0718b10b0156dfe1e369ce3eee72423e9e86936a0082e9c5d1b,0xf9fc8acef9923a04764dfc0ed6a4f94df0f71ea3,445.260379,1781548061359000,6
473833938,2026-06-15T18:27:53Z,1781548073000,0x43ff6f1fad8112205b9a9f90450cafab7340d11f17c0ed1a16afd1aeb0dc1bde,10,FinalizedWithdrawal,0xe5c7fe3a4ffca1590f26d74c8ba8b0db69557f7f4607a2a43f82e93041611978,0xa2e5b88538d9c9c5651a26946a059412b5339206,36.29,1781547851635000,6
473834012,2026-06-15T18:28:11Z,1781548091000,0x299140f173657d436cc576029e7ab57dea87e2bd3ca2d76e6e43d0cee0c2c1db,1,RequestedWithdrawal,0xcc10abf54af5c0718b10b0156dfe1e369ce3eee72423e9e86936a0082e9c5d1b,0x8a5254b574c82026a4f8ec0c51a103ac385d05a7,383.0,1781548080281000,6
473834012,2026-06-15T18:28:11Z,1781548091000,0x299140f173657d436cc576029e7ab57dea87e2bd3ca2d76e6e43d0cee0c2c1db,2,RequestedWithdrawal,0xcc10abf54af5c0718b10b0156dfe1e369ce3eee72423e9e86936a0082e9c5d1b,0xdd638d1c078ca0b6d1c21f6e66cb65d5d59d5ed6,41.56,1781548074586000,6
473834128,2026-06-15T18:28:41Z,1781548121000,0x74907e1ce3636f4c52cf00ec8c0d14888cd3da7ae693ea15261a076327b1481b,0,RequestedWithdrawal,0xcc10abf54af5c0718b10b0156dfe1e369ce3eee72423e9e86936a0082e9c5d1b,0x7725a7f2bb0e1c448d6fe361d53c840486ec6557,529.0,1781548096772000,6
473834514,2026-06-15T18:30:17Z,1781548217000,0xf9bf8ea1263d7ebeb210019ff884b318dfbfacd684e7aaa0ccd03d29d1db80ad,0,RequestedWithdrawal,0xcc10abf54af5c0718b10b0156dfe1e369ce3eee72423e9e86936a0082e9c5d1b,0x170f6131a759e30a5e834dc65872ac33420c7f25,1415.05535,1781548200825000,6
473834514,2026-06-15T18:30:17Z,1781548217000,0xf9bf8ea1263d7ebeb210019ff884b318dfbfacd684e7aaa0ccd03d29d1db80ad,1,RequestedWithdrawal,0xcc10abf54af5c0718b10b0156dfe1e369ce3eee72423e9e86936a0082e9c5d1b,0xe522ae22e1b87c44aaa4c4d5d2befb5ea03486d0,49.0,1781548207102000,6
473834615,2026-06-15T18:30:43Z,1781548243000,0x73d653fad67e56d14577442015fcfc9d5e1caf740e1eb4a80f6224f9eb762183,0,RequestedWithdrawal,0xcc10abf54af5c0718b10b0156dfe1e369ce3eee72423e9e86936a0082e9c5d1b,0xbd736f569f6ee90d40b72015650364f7b0cc3d2f,18.91,1781548229298000,6
473834730,2026-06-15T18:31:10Z,1781548270000,0xf9dc238dfb1f3f6c83435efc5fcddb7ae621662b59005dea02c6f61d868e64ed,0,RequestedWithdrawal,0xcc10abf54af5c0718b10b0156dfe1e369ce3eee72423e9e86936a0082e9c5d1b,0xa0986eed70ce5d2c7c88de4c16696f2cd753a9c1,53.730091,1781548264440000,6
473834730,2026-06-15T18:31:10Z,1781548270000,0xf9dc238dfb1f3f6c83435efc5fcddb7ae621662b59005dea02c6f61d868e64ed,1,RequestedWithdrawal,0xcc10abf54af5c0718b10b0156dfe1e369ce3eee72423e9e86936a0082e9c5d1b,0xd49add129eb7baab731af43b9764e18588a1559b,40.27,1781548250212000,6
473834746,2026-06-15T18:31:14Z,1781548274000,0x08e8b8ed1fd9d57a5a1aed2a4c86906ebde9f45155bd5a0749d9cc6355d21354,10,FinalizedWithdrawal,0xe5c7fe3a4ffca1590f26d74c8ba8b0db69557f7f4607a2a43f82e93041611978,0xd4a27d49e5d8828a3791214b0d25772bac99247c,2.5,1781548056829000,6
473834746,2026-06-15T18:31:14Z,1781548274000,0x08e8b8ed1fd9d57a5a1aed2a4c86906ebde9f45155bd5a0749d9cc6355d21354,12,FinalizedWithdrawal,0xe5c7fe3a4ffca1590f26d74c8ba8b0db69557f7f4607a2a43f82e93041611978,0xf9fc8acef9923a04764dfc0ed6a4f94df0f71ea3,445.260379,1781548061359000,6
473834842,2026-06-15T18:31:38Z,1781548298000,0x646098ff24368a0392df7355f06ce9d86e2033cbf62d0fdda3c043791e59ca83,106,RequestedWithdrawal,0xcc10abf54af5c0718b10b0156dfe1e369ce3eee72423e9e86936a0082e9c5d1b,0x24cd4b3b5ea5688ba3bac2399d6def87171076e6,33.65,1781548256843000,6
473834848,2026-06-15T18:31:40Z,1781548300000,0x1b9e412be2a123376543c8e224d4493c154ec0a4437db17e2cf56c4f408f0789,2,FinalizedWithdrawal,0xe5c7fe3a4ffca1590f26d74c8ba8b0db69557f7f4607a2a43f82e93041611978,0x8a5254b574c82026a4f8ec0c51a103ac385d05a7,383.0,1781548080281000,6
473834848,2026-06-15T18:31:40Z,1781548300000,0x1b9e412be2a123376543c8e224d4493c154ec0a4437db17e2cf56c4f408f0789,4,FinalizedWithdrawal,0xe5c7fe3a4ffca1590f26d74c8ba8b0db69557f7f4607a2a43f82e93041611978,0xdd638d1c078ca0b6d1c21f6e66cb65d5d59d5ed6,41.56,1781548074586000,6
473835025,2026-06-15T18:32:24Z,1781548344000,0xb3a30a8ba9e4d7887d58fcd73f72f5b02f3d9c9001fd824c250e63bade3e654d,8,FinalizedWithdrawal,0xe5c7fe3a4ffca1590f26d74c8ba8b0db69557f7f4607a2a43f82e93041611978,0x7725a7f2bb0e1c448d6fe361d53c840486ec6557,529.0,1781548096772000,6
473835332,2026-06-15T18:33:41Z,1781548421000,0x9d2906cd48519401cfa18dc540dadb80c5ff8e4eee055aa89090ff713d7cbb62,1,RequestedWithdrawal,0xcc10abf54af5c0718b10b0156dfe1e369ce3eee72423e9e86936a0082e9c5d1b,0xe3da4f51c3a6b2effa6da4467d01bfdd1d6ef59b,7.72,1781548414873000,6
473835337,2026-06-15T18:33:43Z,1781548423000,0x5c3be9889f6ec9a2ba1e1320eafa49952a663b3431f502292e6dc1c407cfa457,1,FinalizedWithdrawal,0xe5c7fe3a4ffca1590f26d74c8ba8b0db69557f7f4607a2a43f82e93041611978,0xe522ae22e1b87c44aaa4c4d5d2befb5ea03486d0,49.0,1781548207102000,6
473835337,2026-06-15T18:33:43Z,1781548423000,0x5c3be9889f6ec9a2ba1e1320eafa49952a663b3431f502292e6dc1c407cfa457,3,FinalizedWithdrawal,0xe5c7fe3a4ffca1590f26d74c8ba8b0db69557f7f4607a2a43f82e93041611978,0x170f6131a759e30a5e834dc65872ac33420c7f25,1415.05535,1781548200825000,6
473835440,2026-06-15T18:34:09Z,1781548449000,0x794057f31056c5b8e25ebcfada758c4cb5aacf32cd1991c39708b72a1f25945c,0,RequestedWithdrawal,0xcc10abf54af5c0718b10b0156dfe1e369ce3eee72423e9e86936a0082e9c5d1b,0xea688abd20b1fb7182deba28947dd0806147dc43,14.09,1781548429132000,6
473835445,2026-06-15T18:34:10Z,1781548450000,0xd2cf4f8eb3865d945c5e6fef7e3e50c6ad469abbda6c1fb9089e95978149bd93,3,FinalizedWithdrawal,0xe5c7fe3a4ffca1590f26d74c8ba8b0db69557f7f4607a2a43f82e93041611978,0xbd736f569f6ee90d40b72015650364f7b0cc3d2f,18.91,1781548229298000,6
473835625,2026-06-15T18:34:55Z,1781548495000,0xdb6f155cd35c792483bac8ea5b00c59a36ef8bba4fbbada992a8c2bb811de43b,1,FinalizedWithdrawal,0xe5c7fe3a4ffca1590f26d74c8ba8b0db69557f7f4607a2a43f82e93041611978,0xa0986eed70ce5d2c7c88de4c16696f2cd753a9c1,53.730091,1781548264440000,6
473835625,2026-06-15T18:34:55Z,1781548495000,0xdb6f155cd35c792483bac8ea5b00c59a36ef8bba4fbbada992a8c2bb811de43b,3,FinalizedWithdrawal,0xe5c7fe3a4ffca1590f26d74c8ba8b0db69557f7f4607a2a43f82e93041611978,0xd49add129eb7baab731af43b9764e18588a1559b,40.27,1781548250212000,6
473835719,2026-06-15T18:35:19Z,1781548519000,0xbe6beef56d5dac6d8e38e71bf4836015b071f648b7a9e7a0b0bf60146d735253,26,RequestedWithdrawal,0xcc10abf54af5c0718b10b0156dfe1e369ce3eee72423e9e86936a0082e9c5d1b,0x0f117d415626179674786fab3fa81419ba3deedb,51.0,1781548495451000,6
473835724,2026-06-15T18:35:20Z,1781548520000,0xd65d55ea31c4341e350993bf7a5961ab82fcfa0137fa2b32d66781e2fb24ca97,1,FinalizedWithdrawal,0xe5c7fe3a4ffca1590f26d74c8ba8b0db69557f7f4607a2a43f82e93041611978,0x24cd4b3b5ea5688ba3bac2399d6def87171076e6,33.65,1781548256843000,6
473835798,2026-06-15T18:35:39Z,1781548539000,0x7337c5debed27d8f0d46367220df4129b5f624d1fa366e741e0d13e8c102660a,0,RequestedWithdrawal,0xcc10abf54af5c0718b10b0156dfe1e369ce3eee72423e9e86936a0082e9c5d1b,0x7725a7f2bb0e1c448d6fe361d53c840486ec6557,91.0,1781548504459000,6
473835884,2026-06-15T18:36:00Z,1781548560000,0x5db9ef30b73884134b7479e2685706b17bb4979fc52e6858ad3a970fa6be72ec,3,RequestedWithdrawal,0xcc10abf54af5c0718b10b0156dfe1e369ce3eee72423e9e86936a0082e9c5d1b,0xcd900a474959827acb6ffc00797a88ece73e1146,393.757043,1781548536491000,6
473836087,2026-06-15T18:36:51Z,1781548611000,0xfc92d78214ca7c241dd375038c07a381ba34428c936337bb146087179c478cc9,0,RequestedWithdrawal,0xcc10abf54af5c0718b10b0156dfe1e369ce3eee72423e9e86936a0082e9c5d1b,0x60bce92a6f6685a8e7cc721ed025c7b848dd52c2,399.0,1781548583894000,6
473836087,2026-06-15T18:36:51Z,1781548611000,0xfc92d78214ca7c241dd375038c07a381ba34428c936337bb146087179c478cc9,1,RequestedWithdrawal,0xcc10abf54af5c0718b10b0156dfe1e369ce3eee72423e9e86936a0082e9c5d1b,0xa5cbf20322c33503628da8b1968aeb0a09f7a102,37.7,1781548600416000,6
473836196,2026-06-15T18:37:19Z,1781548639000,0x356a419ae7f894bdff11ce04486f0630d6114e5c51c85902d39b5f34849aaff5,6,FinalizedWithdrawal,0xe5c7fe3a4ffca1590f26d74c8ba8b0db69557f7f4607a2a43f82e93041611978,0xe3da4f51c3a6b2effa6da4467d01bfdd1d6ef59b,7.72,1781548414873000,6
473836272,2026-06-15T18:37:37Z,1781548657000,0xf3ca6e24161b4a8cede9b42117fdec246d735c3e24c624b4261b8300bd744555,1,FinalizedWithdrawal,0xe5c7fe3a4ffca1590f26d74c8ba8b0db69557f7f4607a2a43f82e93041611978,0xea688abd20b1fb7182deba28947dd0806147dc43,14.09,1781548429132000,6
473836565,2026-06-15T18:38:51Z,1781548731000,0x6338df28fe3a1946d47e5fc5c6bf1527acdc5a71ad3227706e863091d074f3a5,4,FinalizedWithdrawal,0xe5c7fe3a4ffca1590f26d74c8ba8b0db69557f7f4607a2a43f82e93041611978,0x0f117d415626179674786fab3fa81419ba3deedb,51.0,1781548495451000,6
473836636,2026-06-15T18:39:08Z,1781548748000,0x63475cca69f57760df10f7b552b3a55b23f668f9087374def940d0cb9c81c747,1,FinalizedWithdrawal,0xe5c7fe3a4ffca1590f26d74c8ba8b0db69557f7f4607a2a43f82e93041611978,0x7725a7f2bb0e1c448d6fe361d53c840486ec6557,91.0,1781548504459000,6
473836733,2026-06-15T18:39:33Z,1781548773000,0xd03d591b323839fab7b783bc9577ad3015489895d47bf62132edef8e06769eb0,0,RequestedWithdrawal,0xcc10abf54af5c0718b10b0156dfe1e369ce3eee72423e9e86936a0082e9c5d1b,0x917ae3d6ede10a17cce489fb73b0e91ae5af96c1,39.55,1781548751505000,6
473836740,2026-06-15T18:39:35Z,1781548775000,0x83f9f5f5582f035cd7ce9392c8c179773766d12b1c357f068624effe4176add4,1,FinalizedWithdrawal,0xe5c7fe3a4ffca1590f26d74c8ba8b0db69557f7f4607a2a43f82e93041611978,0xcd900a474959827acb6ffc00797a88ece73e1146,393.757043,1781548536491000,6
473836936,2026-06-15T18:40:24Z,1781548824000,0xe89e4337f9e8122c68a1fdb11b1d2a8d1ce6afcce360241c5152347f2933821a,2,FinalizedWithdrawal,0xe5c7fe3a4ffca1590f26d74c8ba8b0db69557f7f4607a2a43f82e93041611978,0x60bce92a6f6685a8e7cc721ed025c7b848dd52c2,399.0,1781548583894000,6
473836936,2026-06-15T18:40:24Z,1781548824000,0xe89e4337f9e8122c68a1fdb11b1d2a8d1ce6afcce360241c5152347f2933821a,4,FinalizedWithdrawal,0xe5c7fe3a4ffca1590f26d74c8ba8b0db69557f7f4607a2a43f82e93041611978,0xa5cbf20322c33503628da8b1968aeb0a09f7a102,37.7,1781548600416000,6
473837054,2026-06-15T18:40:53Z,1781548853000,0x971f70fba9abea62f22455bf9c65db3f3de52f4df16629404592ed1417b9dd59,1,RequestedWithdrawal,0xcc10abf54af5c0718b10b0156dfe1e369ce3eee72423e9e86936a0082e9c5d1b,0x363c598f7703e5100e386f2354dc860d6d723251,92.92,1781548826832000,6
473837054,2026-06-15T18:40:53Z,1781548853000,0x971f70fba9abea62f22455bf9c65db3f3de52f4df16629404592ed1417b9dd59,2,RequestedWithdrawal,0xcc10abf54af5c0718b10b0156dfe1e369ce3eee72423e9e86936a0082e9c5d1b,0x7725a7f2bb0e1c448d6fe361d53c840486ec6557,1423.0,1781548831424000,6
473837054,2026-06-15T18:40:53Z,1781548853000,0x971f70fba9abea62f22455bf9c65db3f3de52f4df16629404592ed1417b9dd59,3,RequestedWithdrawal,0xcc10abf54af5c0718b10b0156dfe1e369ce3eee72423e9e86936a0082e9c5d1b,0xe5d8ae02417beacbd62a8c7635425102e3ad70c1,19.0,1781548832039000,6
473837165,2026-06-15T18:41:21Z,1781548881000,0x319c077908571484a535bcf38cfee307579bcca8585ce5aea78e6d822c1d6114,6,RequestedWithdrawal,0xcc10abf54af5c0718b10b0156dfe1e369ce3eee72423e9e86936a0082e9c5d1b,0xcb41b441e84c31a21c2ab09a7e2bb6f20c1681aa,41.9519,1781548865489000,6
473837165,2026-06-15T18:41:21Z,1781548881000,0x319c077908571484a535bcf38cfee307579bcca8585ce5aea78e6d822c1d6114,7,RequestedWithdrawal,0xcc10abf54af5c0718b10b0156dfe1e369ce3eee72423e9e86936a0082e9c5d1b,0xe1d5b0ec230cc309cbb84cb7b247b76c744349e9,124.79,1781548855567000,6
473837546,2026-06-15T18:42:57Z,1781548977000,0x20c08cd6f077dc9a3eb32a18578729dd14dd965094100d7d6eb880d8910349c3,2,FinalizedWithdrawal,0xe5c7fe3a4ffca1590f26d74c8ba8b0db69557f7f4607a2a43f82e93041611978,0x917ae3d6ede10a17cce489fb73b0e91ae5af96c1,39.55,1781548751505000,6
473837724,2026-06-15T18:43:42Z,1781549022000,0x092c24cba5f67125f03ba36aea8c65fbaccbac62bbec01c3dc00f1e8c3e204fa,0,RequestedWithdrawal,0xcc10abf54af5c0718b10b0156dfe1e369ce3eee72423e9e86936a0082e9c5d1b,0x784aaefe602fbd725b458b7a8efbbba8a5a51030,925.22,1781549019414000,6
473837830,2026-06-15T18:44:08Z,1781549048000,0xcf58f8497b0183d0ce1862c67dd72ac941605809bbf6f095aade062161aba6b9,12,RequestedWithdrawal,0xcc10abf54af5c0718b10b0156dfe1e369ce3eee72423e9e86936a0082e9c5d1b,0x26a0bb6354213b057d92711d1e69c74ed01b2cfd,98.05,1781549022249000,6
473837832,2026-06-15T18:44:08Z,1781549048000,0xd84d2ddae9591c65d59add8c24ea601a42844dbae90d7e1a48dc7dfd0f3252d3,1,FailedPermitDeposit,0xa2dc875d1f90a167d873c30143e7631eb311ea851e74c8c4e9b92c80efeba489,,,,6
473837928,2026-06-15T18:44:32Z,1781549072000,0x4992539ad06a0b35c7a7aa70276b2bb897778547fb48cd2be879f9f0a94f0c21,1,FinalizedWithdrawal,0xe5c7fe3a4ffca1590f26d74c8ba8b0db69557f7f4607a2a43f82e93041611978,0x7725a7f2bb0e1c448d6fe361d53c840486ec6557,1423.0,1781548831424000,6
473837928,2026-06-15T18:44:32Z,1781549072000,0x4992539ad06a0b35c7a7aa70276b2bb897778547fb48cd2be879f9f0a94f0c21,3,FinalizedWithdrawal,0xe5c7fe3a4ffca1590f26d74c8ba8b0db69557f7f4607a2a43f82e93041611978,0x363c598f7703e5100e386f2354dc860d6d723251,92.92,1781548826832000,6
473837928,2026-06-15T18:44:32Z,1781549072000,0x4992539ad06a0b35c7a7aa70276b2bb897778547fb48cd2be879f9f0a94f0c21,5,FinalizedWithdrawal,0xe5c7fe3a4ffca1590f26d74c8ba8b0db69557f7f4607a2a43f82e93041611978,0xe5d8ae02417beacbd62a8c7635425102e3ad70c1,19.0,1781548832039000,6
473838022,2026-06-15T18:44:56Z,1781549096000,0xb9306c0cdbeb430d1d4647a8af45c7b417297e653ba1475bae00a9de22b4e133,1,FinalizedWithdrawal,0xe5c7fe3a4ffca1590f26d74c8ba8b0db69557f7f4607a2a43f82e93041611978,0xcb41b441e84c31a21c2ab09a7e2bb6f20c1681aa,41.9519,1781548865489000,6
473838022,2026-06-15T18:44:56Z,1781549096000,0xb9306c0cdbeb430d1d4647a8af45c7b417297e653ba1475bae00a9de22b4e133,3,FinalizedWithdrawal,0xe5c7fe3a4ffca1590f26d74c8ba8b0db69557f7f4607a2a43f82e93041611978,0xe1d5b0ec230cc309cbb84cb7b247b76c744349e9,124.79,1781548855567000,6
473838314,2026-06-15T18:46:09Z,1781549169000,0xab3561d525ef1fb0e8f51dcbe3752384cffb62a60cc93268c00bbf299e8dbbfb,0,RequestedWithdrawal,0xcc10abf54af5c0718b10b0156dfe1e369ce3eee72423e9e86936a0082e9c5d1b,0x4f0bab40fc50649c07850af44fc1aca131582214,16.5,1781549151852000,6
473838525,2026-06-15T18:47:03Z,1781549223000,0xd15f963c0f956a34369d36478e5e7f594f4f18c00c4b82049240fab5256e51a1,0,RequestedWithdrawal,0xcc10abf54af5c0718b10b0156dfe1e369ce3eee72423e9e86936a0082e9c5d1b,0xa0986eed70ce5d2c7c88de4c16696f2cd753a9c1,37.813651,1781549193995000,6
473838531,2026-06-15T18:47:04Z,1781549224000,0x4c0c8aa357806da362d804890820c9602f97497800de4eb5009e18e0cd1f59fd,1,FinalizedWithdrawal,0xe5c7fe3a4ffca1590f26d74c8ba8b0db69557f7f4607a2a43f82e93041611978,0x784aaefe602fbd725b458b7a8efbbba8a5a51030,925.22,1781549019414000,6
473838712,2026-06-15T18:47:50Z,1781549270000,0x268755a78fdcc0ed6b910775fbd13ab3f58574a76191fe32059c9e4721224366,11,FinalizedWithdrawal,0xe5c7fe3a4ffca1590f26d74c8ba8b0db69557f7f4607a2a43f82e93041611978,0x26a0bb6354213b057d92711d1e69c74ed01b2cfd,98.05,1781549022249000,6
473838812,2026-06-15T18:48:15Z,1781549295000,0x5abbefebb3a19a2e5f55a1115d47d4785fdab1ca63fc8bf80f8594e7bf234ce9,2,RequestedWithdrawal,0xcc10abf54af5c0718b10b0156dfe1e369ce3eee72423e9e86936a0082e9c5d1b,0x4bf1a9574540de3b3f488f57566e0d7b69067c18,21.0,1781549273228000,6
473838911,2026-06-15T18:48:40Z,1781549320000,0x1987f89e36b610fed6af59f9dcd67130e0c8b073288be6a813fbbaf8f66160bd,0,RequestedWithdrawal,0xcc10abf54af5c0718b10b0156dfe1e369ce3eee72423e9e86936a0082e9c5d1b,0xa98f2876a7912ec4b8f19a19e1e0b2b152f16ff3,32.2,1781549304231000,6
473839107,2026-06-15T18:49:29Z,1781549369000,0x2fda1acbc686de4312f57555125fcd2d16cd5220a5c026d305d6bc483b6a137f,2,RequestedWithdrawal,0xcc10abf54af5c0718b10b0156dfe1e369ce3eee72423e9e86936a0082e9c5d1b,0x44caaa8f52a0dea1924f2d2985de18fc73934163,80.74,1781549359229000,6
473839199,2026-06-15T18:49:52Z,1781549392000,0x3e3e1bf2dd0769873fcc77c8371321c07a0f99e5cfb0afb9e8c622e2f8d0acdb,1,FinalizedWithdrawal,0xe5c7fe3a4ffca1590f26d74c8ba8b0db69557f7f4607a2a43f82e93041611978,0x4f0bab40fc50649c07850af44fc1aca131582214,16.5,1781549151852000,6
473839316,2026-06-15T18:50:21Z,1781549421000,0x9baef45f438ed2de60f163c1506e78bf15b3c7415fbdb5dc814ea6e8551b922c,116,RequestedWithdrawal,0xcc10abf54af5c0718b10b0156dfe1e369ce3eee72423e9e86936a0082e9c5d1b,0x22354440a5d5c5ee3b3ef16a18cbb18ab06b5929,391.173476,1781549393233000,6
473839316,2026-06-15T18:50:21Z,1781549421000,0x9baef45f438ed2de60f163c1506e78bf15b3c7415fbdb5dc814ea6e8551b922c,117,RequestedWithdrawal,0xcc10abf54af5c0718b10b0156dfe1e369ce3eee72423e9e86936a0082e9c5d1b,0xe01faf5cb4a720668704e16f707828fd672375a3,8999.0,1781549412676000,6
473839422,2026-06-15T18:50:47Z,1781549447000,0x072248bd37cef0fc20d1f4b8b6a119f7bb2ebfb63cdd3e2dc7a5ae8e718eb482,1,FinalizedWithdrawal,0xe5c7fe3a4ffca1590f26d74c8ba8b0db69557f7f4607a2a43f82e93041611978,0xa0986eed70ce5d2c7c88de4c16696f2cd753a9c1,37.813651,1781549193995000,6
473839680,2026-06-15T18:51:52Z,1781549512000,0xfc2d2c8bd32481bdeb3ee28a8f8543b1914ee59fd90c9687b048a980fccea274,1,FinalizedWithdrawal,0xe5c7fe3a4ffca1590f26d74c8ba8b0db69557f7f4607a2a43f82e93041611978,0x4bf1a9574540de3b3f488f57566e0d7b69067c18,21.0,1781549273228000,6
473839782,2026-06-15T18:52:17Z,1781549537000,0x53ce61f3ee83e3e96a5e4ad596bf854717623af78e006013a9c84abc41ff63f7,36,RequestedWithdrawal,0xcc10abf54af5c0718b10b0156dfe1e369ce3eee72423e9e86936a0082e9c5d1b,0x3566d0a7ce3d003b8ad45ecf08ac29c8d148762e,11.55,1781549518642000,6
473839788,2026-06-15T18:52:19Z,1781549539000,0x78a9a91015aa26db20bedff30f5bafe8a99fd09bf9dd7a750b3504105a7121af,10,FinalizedWithdrawal,0xe5c7fe3a4ffca1590f26d74c8ba8b0db69557f7f4607a2a43f82e93041611978,0xa98f2876a7912ec4b8f19a19e1e0b2b152f16ff3,32.2,1781549304231000,6
473839980,2026-06-15T18:53:08Z,1781549588000,0xa0f83217abf3f5f099ed92b9ae06c5b71782d374806a98f65a3bdc1c036133e5,1,FinalizedWithdrawal,0xe5c7fe3a4ffca1590f26d74c8ba8b0db69557f7f4607a2a43f82e93041611978,0x44caaa8f52a0dea1924f2d2985de18fc73934163,80.74,1781549359229000,6
473840061,2026-06-15T18:53:28Z,1781549608000,0x0aba23bb2d38f1d2b78eb1c50c4f6aad4d04e5c61eb783414923a21b0d792213,14,RequestedWithdrawal,0xcc10abf54af5c0718b10b0156dfe1e369ce3eee72423e9e86936a0082e9c5d1b,0xb6b0c650c5985681198fb1da8ae80f0a53defee4,1.0,1781549588563000,6
473840061,2026-06-15T18:53:28Z,1781549608000,0x0aba23bb2d38f1d2b78eb1c50c4f6aad4d04e5c61eb783414923a21b0d792213,15,RequestedWithdrawal,0xcc10abf54af5c0718b10b0156dfe1e369ce3eee72423e9e86936a0082e9c5d1b,0xebdd2367e335be20ae51e60c0e827dd8b08c2ded,40.0,1781549590466000,6
473840167,2026-06-15T18:53:54Z,1781549634000,0xcbb8f41e83690747964c5a77c9ae1957983548d710e2aea275279d6b7f0f7c80,0,RequestedWithdrawal,0xcc10abf54af5c0718b10b0156dfe1e369ce3eee72423e9e86936a0082e9c5d1b,0x1d4677ceb74b3a3c1e5b937ab99609a91a8dc069,22.0,1781549622739000,6
473840173,2026-06-15T18:53:56Z,1781549636000,0x7cbb0155fa1e6d68139bee06f5dd0388eca6e9aa1cb0c746665d44ee293807f1,1,FinalizedWithdrawal,0xe5c7fe3a4ffca1590f26d74c8ba8b0db69557f7f4607a2a43f82e93041611978,0x22354440a5d5c5ee3b3ef16a18cbb18ab06b5929,391.173476,1781549393233000,6
473840173,2026-06-15T18:53:56Z,1781549636000,0x7cbb0155fa1e6d68139bee06f5dd0388eca6e9aa1cb0c746665d44ee293807f1,3,FinalizedWithdrawal,0xe5c7fe3a4ffca1590f26d74c8ba8b0db69557f7f4607a2a43f82e93041611978,0xe01faf5cb4a720668704e16f707828fd672375a3,8999.0,1781549412676000,6
473840273,2026-06-15T18:54:21Z,1781549661000,0x9d8bc3522fa0969a01bcc67a2d8b44c63a058a7e85ee575e3ae8a3887f66f8a4,12,RequestedWithdrawal,0xcc10abf54af5c0718b10b0156dfe1e369ce3eee72423e9e86936a0082e9c5d1b,0x2ec4687465e2f8521f82b19d18fc7d601aebe0f1,10.96,1781549646626000,6
473840348,2026-06-15T18:54:40Z,1781549680000,0xc5792c785360a240ae04b4c171c8ba3ae5d383c6ae14d243c03bcf3ee03c79ce,0,RequestedWithdrawal,0xcc10abf54af5c0718b10b0156dfe1e369ce3eee72423e9e86936a0082e9c5d1b,0x44a647dc261993f8d1ef09e1b5660810706f689d,37.0,1781549661656000,6
473840673,2026-06-15T18:56:01Z,1781549761000,0x3093fa7307593c17e3c8d12505a7f1f4342cb76f016c81bc39e7c3d44e422c9e,12,RequestedWithdrawal,0xcc10abf54af5c0718b10b0156dfe1e369ce3eee72423e9e86936a0082e9c5d1b,0x0d977d2978cbf21ff5af3cadc66efd39f1b385b7,107.31,1781549740450000,6
473840685,2026-06-15T18:56:04Z,1781549764000,0xd080a722c79fcc304030a8129942ba432d5c0af558b3cf21dd3dccd833571e0c,55,FinalizedWithdrawal,0xe5c7fe3a4ffca1590f26d74c8ba8b0db69557f7f4607a2a43f82e93041611978,0x3566d0a7ce3d003b8ad45ecf08ac29c8d148762e,11.55,1781549518642000,6
473840754,2026-06-15T18:56:22Z,1781549782000,0xfe8e28e9a83ae85117b33c1003ce41f3ac652cfb1f8a786ed5cafbd61b089d22,12,RequestedWithdrawal,0xcc10abf54af5c0718b10b0156dfe1e369ce3eee72423e9e86936a0082e9c5d1b,0x6c0696aa951dfb284e3546316f47521938b8f3c0,17.0,1781549768484000,6
473840878,2026-06-15T18:56:52Z,1781549812000,0x580e59a32801251ccea83e4193b827b412b96439cbad4cdd28dc6d9c22b94beb,1,FinalizedWithdrawal,0xe5c7fe3a4ffca1590f26d74c8ba8b0db69557f7f4607a2a43f82e93041611978,0xebdd2367e335be20ae51e60c0e827dd8b08c2ded,40.0,1781549590466000,6
473840878,2026-06-15T18:56:52Z,1781549812000,0x580e59a32801251ccea83e4193b827b412b96439cbad4cdd28dc6d9c22b94beb,3,FinalizedWithdrawal,0xe5c7fe3a4ffca1590f26d74c8ba8b0db69557f7f4607a2a43f82e93041611978,0xb6b0c650c5985681198fb1da8ae80f0a53defee4,1.0,1781549588563000,6
473840951,2026-06-15T18:57:10Z,1781549830000,0xd1df0cd5b1e287240a5f6fcf3a1db49bbb9cbbb52d027c36c531fc168e11e14c,10,RequestedWithdrawal,0xcc10abf54af5c0718b10b0156dfe1e369ce3eee72423e9e86936a0082e9c5d1b,0x3d10453e91bb72656ef4c1a6897808712e28fb86,48.52,1781549810076000,6
473840951,2026-06-15T18:57:10Z,1781549830000,0xd1df0cd5b1e287240a5f6fcf3a1db49bbb9cbbb52d027c36c531fc168e11e14c,11,RequestedWithdrawal,0xcc10abf54af5c0718b10b0156dfe1e369ce3eee72423e9e86936a0082e9c5d1b,0x996592206a8743cab5be61d32895ecd2456bb752,209.0,1781549818317000,6
473841065,2026-06-15T18:57:39Z,1781549859000,0x4ccb5224357040119d689a7a9475812462329c0015eb55836bf427760b4ad14c,2,RequestedWithdrawal,0xcc10abf54af5c0718b10b0156dfe1e369ce3eee72423e9e86936a0082e9c5d1b,0x08a00e5f4c9897ee0bdf5055b2ce3139c0796896,12100.0,1781549836454000,6
473841072,2026-06-15T18:57:40Z,1781549860000,0x42f37001022c0f936c74e40dbd6be35606d5b5a42b95e0905efc62871f39ec5c,2,FinalizedWithdrawal,0xe5c7fe3a4ffca1590f26d74c8ba8b0db69557f7f4607a2a43f82e93041611978,0x1d4677ceb74b3a3c1e5b937ab99609a91a8dc069,22.0,1781549622739000,6
473841160,2026-06-15T18:58:03Z,1781549883000,0x9c188d57886b1ef2d70d275c3e5e05e3c866fe2e39f1ebf98fb0ec7bdbca2620,5,FinalizedWithdrawal,0xe5c7fe3a4ffca1590f26d74c8ba8b0db69557f7f4607a2a43f82e93041611978,0x2ec4687465e2f8521f82b19d18fc7d601aebe0f1,10.96,1781549646626000,6
473841240,2026-06-15T18:58:23Z,1781549903000,0x4756643b702958225fdee6209735101b784afa97b7d101f77b1d8c632ffd9ebf,0,RequestedWithdrawal,0xcc10abf54af5c0718b10b0156dfe1e369ce3eee72423e9e86936a0082e9c5d1b,0x7725a7f2bb0e1c448d6fe361d53c840486ec6557,561.0,1781549886607000,6
473841248,2026-06-15T18:58:25Z,1781549905000,0x42c8f9692bca4479463b83109330cae173dfe8109f4350e30b51be6cabd432de,1,FinalizedWithdrawal,0xe5c7fe3a4ffca1590f26d74c8ba8b0db69557f7f4607a2a43f82e93041611978,0x44a647dc261993f8d1ef09e1b5660810706f689d,37.0,1781549661656000,6
473841320,2026-06-15T18:58:43Z,1781549923000,0x308fa9f15a19ee95718a519d69e582bc2372798e498545322538a91b746f076a,0,RequestedWithdrawal,0xcc10abf54af5c0718b10b0156dfe1e369ce3eee72423e9e86936a0082e9c5d1b,0xb28c200776fec15d5522ec3edfc0e3074c002b42,791.015,1781549905581000,6
473841537,2026-06-15T18:59:38Z,1781549978000,0xbbd4efa0e1572227f0e995057ae453e813e644ffdb3f38d58846266346147031,7,RequestedWithdrawal,0xcc10abf54af5c0718b10b0156dfe1e369ce3eee72423e9e86936a0082e9c5d1b,0x2329d6d67dc1d4da1858e2fe839c20e7f5456081,3499.0,1781549959717000,6
473841545,2026-06-15T18:59:40Z,1781549980000,0xc1478875b844be4cc5ec23b11e2e6b8e389bcf212c53dc7be7787f3c340f1724,9,FinalizedWithdrawal,0xe5c7fe3a4ffca1590f26d74c8ba8b0db69557f7f4607a2a43f82e93041611978,0x0d977d2978cbf21ff5af3cadc66efd39f1b385b7,107.31,1781549740450000,6
473841617,2026-06-15T18:59:58Z,1781549998000,0x74bc515510a2087ee05546f595860f15ab7371baf29999626c49236888131250,30,FinalizedWithdrawal,0xe5c7fe3a4ffca1590f26d74c8ba8b0db69557f7f4607a2a43f82e93041611978,0x6c0696aa951dfb284e3546316f47521938b8f3c0,17.0,1781549768484000,6
473841722,2026-06-15T19:00:24Z,1781550024000,0xc2f1f1437c0db497ea145c1b1c3b963b61c9a9dcc80a1c1540869ff569d8c7b1,2,RequestedWithdrawal,0xcc10abf54af5c0718b10b0156dfe1e369ce3eee72423e9e86936a0082e9c5d1b,0xf032648dfd22c4d81588bd83e09ab89cfe816705,2445.792387,1781549990176000,6
473841827,2026-06-15T19:00:50Z,1781550050000,0x11e26285c90c311638f98f8acf67d0bbd6ba190f72fbf78e939a9ee5e262e6af,1,RequestedWithdrawal,0xcc10abf54af5c0718b10b0156dfe1e369ce3eee72423e9e86936a0082e9c5d1b,0x09bba59b90ec0457131e6a5f846f2924d2e35e7e,50.93,1781550043288000,6
473841833,2026-06-15T19:00:52Z,1781550052000,0xa3e333f093c6949c35711c75feb54a3d7573f19c7fb981bc9efca3ea098132db,6,FinalizedWithdrawal,0xe5c7fe3a4ffca1590f26d74c8ba8b0db69557f7f4607a2a43f82e93041611978,0x3d10453e91bb72656ef4c1a6897808712e28fb86,48.52,1781549810076000,6
473841833,2026-06-15T19:00:52Z,1781550052000,0xa3e333f093c6949c35711c75feb54a3d7573f19c7fb981bc9efca3ea098132db,8,FinalizedWithdrawal,0xe5c7fe3a4ffca1590f26d74c8ba8b0db69557f7f4607a2a43f82e93041611978,0x996592206a8743cab5be61d32895ecd2456bb752,209.0,1781549818317000,6
473841932,2026-06-15T19:01:17Z,1781550077000,0x02e09cdb59a7161933bf35d32c63ec29b8df2780d0018ed94e77ec19052c3fa9,1,RequestedWithdrawal,0xcc10abf54af5c0718b10b0156dfe1e369ce3eee72423e9e86936a0082e9c5d1b,0x96de89d208396526e32efe1395091cfea37ed529,500.9,1781550056393000,6
473841937,2026-06-15T19:01:18Z,1781550078000,0x0593e52170ec442626b67607b77d38e135c7586ec08fae82b0f0fc62d132e8a3,3,FinalizedWithdrawal,0xe5c7fe3a4ffca1590f26d74c8ba8b0db69557f7f4607a2a43f82e93041611978,0x08a00e5f4c9897ee0bdf5055b2ce3139c0796896,12100.0,1781549836454000,6
473842137,2026-06-15T19:02:08Z,1781550128000,0x2b476fc0bcaf53310720e21b5b6a73cf43d2776f3b42cbda1b5853efa6a4600b,1,FinalizedWithdrawal,0xe5c7fe3a4ffca1590f26d74c8ba8b0db69557f7f4607a2a43f82e93041611978,0xb28c200776fec15d5522ec3edfc0e3074c002b42,791.015,1781549905581000,6
473842137,2026-06-15T19:02:08Z,1781550128000,0x2b476fc0bcaf53310720e21b5b6a73cf43d2776f3b42cbda1b5853efa6a4600b,3,FinalizedWithdrawal,0xe5c7fe3a4ffca1590f26d74c8ba8b0db69557f7f4607a2a43f82e93041611978,0x7725a7f2bb0e1c448d6fe361d53c840486ec6557,561.0,1781549886607000,6
473842408,2026-06-15T19:03:15Z,1781550195000,0x54505bb36577579ba8810bfcc039eb98d2ea3aa44183b10211e32604096c5d85,4,FinalizedWithdrawal,0xe5c7fe3a4ffca1590f26d74c8ba8b0db69557f7f4607a2a43f82e93041611978,0x2329d6d67dc1d4da1858e2fe839c20e7f5456081,3499.0,1781549959717000,6
473842522,2026-06-15T19:03:44Z,1781550224000,0x13c946255eb1ebae902c832a7834cbb7db9a490742907527826d30904aa17f65,3,RequestedWithdrawal,0xcc10abf54af5c0718b10b0156dfe1e369ce3eee72423e9e86936a0082e9c5d1b,0x64aec3a64c9ba88d5b2a8550463f840e6e164826,21.75,1781550213625000,6
473842522,2026-06-15T19:03:44Z,1781550224000,0x13c946255eb1ebae902c832a7834cbb7db9a490742907527826d30904aa17f65,4,RequestedWithdrawal,0xcc10abf54af5c0718b10b0156dfe1e369ce3eee72423e9e86936a0082e9c5d1b,0x7074b8dc35e4ce7d25afb73e5386948fd8cf1efe,3599.0,1781550192590000,6
473842625,2026-06-15T19:04:10Z,1781550250000,0x22fb25b2c67cd1491b717fa930c5540116006a780c9134b084d8186d97654721,1,FinalizedWithdrawal,0xe5c7fe3a4ffca1590f26d74c8ba8b0db69557f7f4607a2a43f82e93041611978,0xf032648dfd22c4d81588bd83e09ab89cfe816705,2445.792387,1781549990176000,6
473842727,2026-06-15T19:04:35Z,1781550275000,0xa8c14a9e0fbd732d9fe8dc7b79b9e07d00c3c988e3926e2440fab1fd2ddadc71,9,FinalizedWithdrawal,0xe5c7fe3a4ffca1590f26d74c8ba8b0db69557f7f4607a2a43f82e93041611978,0x09bba59b90ec0457131e6a5f846f2924d2e35e7e,50.93,1781550043288000,6
473842831,2026-06-15T19:05:01Z,1781550301000,0x84fc626d1137f5b27b4f625734721d471ae67b91af40bd7dcc686ce853788c98,18,FinalizedWithdrawal,0xe5c7fe3a4ffca1590f26d74c8ba8b0db69557f7f4607a2a43f82e93041611978,0x96de89d208396526e32efe1395091cfea37ed529,500.9,1781550056393000,6
473843042,2026-06-15T19:05:54Z,1781550354000,0xbe05101d5e724cc273a7968e76e91f1a9d9c9c86eba4d227d2ce5df0cdbb1261,0,RequestedWithdrawal,0xcc10abf54af5c0718b10b0156dfe1e369ce3eee72423e9e86936a0082e9c5d1b,0x6b6a34783d132cf881ea7cd8092a6586f7da464a,8.81982,1781550333227000,6
473843154,2026-06-15T19:06:22Z,1781550382000,0xb0a4ebef344208fc313d5ab33d42d0f1c160766601379223797edb75672c4077,6,RequestedWithdrawal,0xcc10abf54af5c0718b10b0156dfe1e369ce3eee72423e9e86936a0082e9c5d1b,0x0856edfd650c7518db6f39e97263ea44956758a0,27.1,1781550350782000,6
473843376,2026-06-15T19:07:18Z,1781550438000,0x12da318edf5e2a4b59721b1f241be9a0b7c8fb560f1158fa9e5e02ab1d381434,1,RequestedWithdrawal,0xcc10abf54af5c0718b10b0156dfe1e369ce3eee72423e9e86936a0082e9c5d1b,0xa9018fe5561b207e3391ef3289626427f7373221,8375.84,1781550427132000,6
473843381,2026-06-15T19:07:19Z,1781550439000,0x4b693a98a668614f2ed9f3ece1911f92a2a2cd5c3e78002af761bba7cc16f09c,3,FinalizedWithdrawal,0xe5c7fe3a4ffca1590f26d74c8ba8b0db69557f7f4607a2a43f82e93041611978,0x64aec3a64c9ba88d5b2a8550463f840e6e164826,21.75,1781550213625000,6
473843381,2026-06-15T19:07:19Z,1781550439000,0x4b693a98a668614f2ed9f3ece1911f92a2a2cd5c3e78002af761bba7cc16f09c,5,FinalizedWithdrawal,0xe5c7fe3a4ffca1590f26d74c8ba8b0db69557f7f4607a2a43f82e93041611978,0x7074b8dc35e4ce7d25afb73e5386948fd8cf1efe,3599.0,1781550192590000,6
473843541,2026-06-15T19:07:59Z,1781550479000,0xa64d11d67c6c1c1abddde7107d752fa77533aaaff7fc516bac05dbe857005ab9,17,RequestedWithdrawal,0xcc10abf54af5c0718b10b0156dfe1e369ce3eee72423e9e86936a0082e9c5d1b,0x399de20fc1dcd75a36e00737f89b0e962f420872,149.068253,1781550469710000,6
473843541,2026-06-15T19:07:59Z,1781550479000,0xa64d11d67c6c1c1abddde7107d752fa77533aaaff7fc516bac05dbe857005ab9,18,RequestedWithdrawal,0xcc10abf54af5c0718b10b0156dfe1e369ce3eee72423e9e86936a0082e9c5d1b,0x59d9f670f966bc52a04adf88621d38ed538d1a54,103.71,1781550465886000,6
473843760,2026-06-15T19:08:55Z,1781550535000,0x3810fee8453fef1f03ad54791a66881870ca24352c290d04a4973180c3c19983,4,RequestedWithdrawal,0xcc10abf54af5c0718b10b0156dfe1e369ce3eee72423e9e86936a0082e9c5d1b,0xe655523d1760b059f92308953c84db78123d693d,217.64,1781550512544000,6
473843938,2026-06-15T19:09:39Z,1781550579000,0x06d450ce9e2700f655efe44cb0707a22be653e1638e5fc5be59ed93ad58be133,0,RequestedWithdrawal,0xcc10abf54af5c0718b10b0156dfe1e369ce3eee72423e9e86936a0082e9c5d1b,0x576bfa198e5c215b554c6e93d0178302ecdfd829,93.87,1781550563901000,6
473843938,2026-06-15T19:09:39Z,1781550579000,0x06d450ce9e2700f655efe44cb0707a22be653e1638e5fc5be59ed93ad58be133,1,RequestedWithdrawal,0xcc10abf54af5c0718b10b0156dfe1e369ce3eee72423e9e86936a0082e9c5d1b,0xf8b6b1a1b47f5442a29bfe0d96dc5f47fbe8aad7,8.22,1781550562440000,6
473843944,2026-06-15T19:09:41Z,1781550581000,0xdc96274daf85cf878d2402f58bd3b83b18af90a6c08798fb32fa92aeb79cf45c,6,FinalizedWithdrawal,0xe5c7fe3a4ffca1590f26d74c8ba8b0db69557f7f4607a2a43f82e93041611978,0x6b6a34783d132cf881ea7cd8092a6586f7da464a,8.81982,1781550333227000,6
473844035,2026-06-15T19:10:03Z,1781550603000,0x4fc7a2f2439e0bb83c347bf7be9536f36dcda22673cb51d8cd9b6beb36ea7fd7,4,RequestedWithdrawal,0xcc10abf54af5c0718b10b0156dfe1e369ce3eee72423e9e86936a0082e9c5d1b,0x389ef797fe58c754a588f423a3659c8074e027fa,14.0,1781550591074000,6
473844043,2026-06-15T19:10:05Z,1781550605000,0x115042a82e1c83dbb9fb71dc3e81e56fb9b2ce7632daf03f4374f395d2b0ee8c,24,FinalizedWithdrawal,0xe5c7fe3a4ffca1590f26d74c8ba8b0db69557f7f4607a2a43f82e93041611978,0x0856edfd650c7518db6f39e97263ea44956758a0,27.1,1781550350782000,6
473844214,2026-06-15T19:10:49Z,1781550649000,0xca9f8f0bf10b219806f5276f1d3b18dad2d6fc243e42eab3bb4b18466a5888df,4,RequestedWithdrawal,0xcc10abf54af5c0718b10b0156dfe1e369ce3eee72423e9e86936a0082e9c5d1b,0xe40ab447d6538f7e94b2dff6a14052c71374d097,50.58,1781550640748000,6
473844219,2026-06-15T19:10:50Z,1781550650000,0xdb4894202ddfdf52fe644563f5a52dff6aa661c7ea73723d9dad76b3c3e9a0d7,1,FinalizedWithdrawal,0xe5c7fe3a4ffca1590f26d74c8ba8b0db69557f7f4607a2a43f82e93041611978,0xa9018fe5561b207e3391ef3289626427f7373221,8375.84,1781550427132000,6
473844408,2026-06-15T19:11:38Z,1781550698000,0x3d5f863cb8970222aa49fa5aa1353b4c80385b723177685baf7bf7010762ba94,12,RequestedWithdrawal,0xcc10abf54af5c0718b10b0156dfe1e369ce3eee72423e9e86936a0082e9c5d1b,0x12b1f227b5bdaa31914c9d7c417619addd299ae8,7688.58,1781550686819000,6
473844414,2026-06-15T19:11:39Z,1781550699000,0x232ac0ce0fa806a2a29fe6a6bd7261dda50d2f69751b4b446ba134dbad01f89c,501,FinalizedWithdrawal,0xe5c7fe3a4ffca1590f26d74c8ba8b0db69557f7f4607a2a43f82e93041611978,0x59d9f670f966bc52a04adf88621d38ed538d1a54,103.71,1781550465886000,6
473844414,2026-06-15T19:11:39Z,1781550699000,0x232ac0ce0fa806a2a29fe6a6bd7261dda50d2f69751b4b446ba134dbad01f89c,503,FinalizedWithdrawal,0xe5c7fe3a4ffca1590f26d74c8ba8b0db69557f7f4607a2a43f82e93041611978,0x399de20fc1dcd75a36e00737f89b0e962f420872,149.068253,1781550469710000,6
473844497,2026-06-15T19:12:00Z,1781550720000,0xed7375b9e876974f9256b4846896acaac62580665cbe83a40570c5b93c130bbc,0,RequestedWithdrawal,0xcc10abf54af5c0718b10b0156dfe1e369ce3eee72423e9e86936a0082e9c5d1b,0x1e24fdde94cdf4b4fb35558a910762ece54e096a,54.09,1781550699957000,6
473844592,2026-06-15T19:12:24Z,1781550744000,0x712534309c027e7aa9d5cb81f9fee6328b9a8cbc7ec3404268c6c7b7565de10c,2,FinalizedWithdrawal,0xe5c7fe3a4ffca1590f26d74c8ba8b0db69557f7f4607a2a43f82e93041611978,0xe655523d1760b059f92308953c84db78123d693d,217.64,1781550512544000,6
473844694,2026-06-15T19:12:49Z,1781550769000,0x411fa50deca266c167e2e3777271554a6e479e221cea66ee37fef770258afab9,0,RequestedWithdrawal,0xcc10abf54af5c0718b10b0156dfe1e369ce3eee72423e9e86936a0082e9c5d1b,0xed511b85dd1c5fa37dc4f16960e9da0983a54fee,39.0,1781550758260000,6
473844798,2026-06-15T19:13:15Z,1781550795000,0x662b7cbc10daccd3903c3547f6a71baf06be71fc92257eda98fcd0d54c896aa6,5,FinalizedWithdrawal,0xe5c7fe3a4ffca1590f26d74c8ba8b0db69557f7f4607a2a43f82e93041611978,0xf8b6b1a1b47f5442a29bfe0d96dc5f47fbe8aad7,8.22,1781550562440000,6
473844798,2026-06-15T19:13:15Z,1781550795000,0x662b7cbc10daccd3903c3547f6a71baf06be71fc92257eda98fcd0d54c896aa6,7,FinalizedWithdrawal,0xe5c7fe3a4ffca1590f26d74c8ba8b0db69557f7f4607a2a43f82e93041611978,0x576bfa198e5c215b554c6e93d0178302ecdfd829,93.87,1781550563901000,6
473844917,2026-06-15T19:13:45Z,1781550825000,0x3fe9ee2cbd85adf5e9174cd5871b25ca2f139e59a7b559806cc4ab6092acc7d5,1,FinalizedWithdrawal,0xe5c7fe3a4ffca1590f26d74c8ba8b0db69557f7f4607a2a43f82e93041611978,0x389ef797fe58c754a588f423a3659c8074e027fa,14.0,1781550591074000,6
473845083,2026-06-15T19:14:27Z,1781550867000,0x6c530d30eb740e26c0b6ec1d63a6ec91bcadac433cd2f75fe7073fdcd8889fe2,19,FinalizedWithdrawal,0xe5c7fe3a4ffca1590f26d74c8ba8b0db69557f7f4607a2a43f82e93041611978,0xe40ab447d6538f7e94b2dff6a14052c71374d097,50.58,1781550640748000,6
473845294,2026-06-15T19:15:21Z,1781550921000,0x55b4bc797a547e54a89ea9893eb7f0066a1c8f461ada5e1c314527b7d9c60451,0,RequestedWithdrawal,0xcc10abf54af5c0718b10b0156dfe1e369ce3eee72423e9e86936a0082e9c5d1b,0x5798e35b5e43e28d92c5092a8f81fec0d3b78afd,65.15,1781550894871000,6
473845299,2026-06-15T19:15:22Z,1781550922000,0x7f2ac19ae475c03003a69ad7acc454eea9cdb64e39560b7836855d848a7fc95c,2,FinalizedWithdrawal,0xe5c7fe3a4ffca1590f26d74c8ba8b0db69557f7f4607a2a43f82e93041611978,0x1e24fdde94cdf4b4fb35558a910762ece54e096a,54.09,1781550699957000,6
473845299,2026-06-15T19:15:22Z,1781550922000,0x7f2ac19ae475c03003a69ad7acc454eea9cdb64e39560b7836855d848a7fc95c,4,FinalizedWithdrawal,0xe5c7fe3a4ffca1590f26d74c8ba8b0db69557f7f4607a2a43f82e93041611978,0x12b1f227b5bdaa31914c9d7c417619addd299ae8,7688.58,1781550686819000,6
473845493,2026-06-15T19:16:09Z,1781550969000,0xcf4ec75fec40fae5a9414b091228ad0d76092a54674a6e29105976e359c950c9,12,RequestedWithdrawal,0xcc10abf54af5c0718b10b0156dfe1e369ce3eee72423e9e86936a0082e9c5d1b,0x2b96357f84d8639e30f00fa141296d8a34312702,94.86,1781550946599000,6
473845603,2026-06-15T19:16:37Z,1781550997000,0x176521a725de11c86d7043e3cc4eb8420c53dad2c721aabca5de107ea918ee0d,0,RequestedWithdrawal,0xcc10abf54af5c0718b10b0156dfe1e369ce3eee72423e9e86936a0082e9c5d1b,0x7f0218c4c9c25259ea610da4d7e54ec9b975e6dd,10978.998358,1781550967327000,6
473845608,2026-06-15T19:16:38Z,1781550998000,0x9ae8e1f3fcecf819aa320ee42c47742ba23fbef865460d34bd6e1a8983a3d5b3,1,FinalizedWithdrawal,0xe5c7fe3a4ffca1590f26d74c8ba8b0db69557f7f4607a2a43f82e93041611978,0xed511b85dd1c5fa37dc4f16960e9da0983a54fee,39.0,1781550758260000,6
473845800,2026-06-15T19:17:27Z,1781551047000,0xad7893735952861aef392074f4c21436a19e1e10d13f87ad68c3eed8f0f16b37,42,RequestedWithdrawal,0xcc10abf54af5c0718b10b0156dfe1e369ce3eee72423e9e86936a0082e9c5d1b,0x7829cdfc5f19967e4f03709b9e0eba5e55a23b0a,13.93,1781551037084000,6
473845900,2026-06-15T19:17:52Z,1781551072000,0xdf1d057996616382c3ba119c0b0edee34c6bcd90de63d88f83f3bea1ab8f65e1,0,RequestedWithdrawal,0xcc10abf54af5c0718b10b0156dfe1e369ce3eee72423e9e86936a0082e9c5d1b,0xebe5a23b1e4469933a30b7e9bf759893ac73ec48,5.13,1781551062871000,6
473846080,2026-06-15T19:18:37Z,1781551117000,0x9319316d68e50d6398dad9c1af35c9f169e68b9d8bbdc757d704f3954e7c9bec,12,RequestedWithdrawal,0xcc10abf54af5c0718b10b0156dfe1e369ce3eee72423e9e86936a0082e9c5d1b,0x7725a7f2bb0e1c448d6fe361d53c840486ec6557,19787.0,1781551101486000,6
473846192,2026-06-15T19:19:05Z,1781551145000,0x64112c6bd2ac6cadb29c6fce5f94d58a161148559aeabd86b149ecdea39a6f88,2,RequestedWithdrawal,0xcc10abf54af5c0718b10b0156dfe1e369ce3eee72423e9e86936a0082e9c5d1b,0x47c9add62cb995d77b841dd70ccb262742a29329,9.2,1781551132860000,6
473846192,2026-06-15T19:19:05Z,1781551145000,0x64112c6bd2ac6cadb29c6fce5f94d58a161148559aeabd86b149ecdea39a6f88,3,RequestedWithdrawal,0xcc10abf54af5c0718b10b0156dfe1e369ce3eee72423e9e86936a0082e9c5d1b,0x96e086674a178daef094491167d9ffddaa2d79e7,127.037068,1781551120509000,6
473846199,2026-06-15T19:19:07Z,1781551147000,0xbbc415b3ddf6f34fefe8c4dad535f0d7732dc4e2d2f736c4e184b03fb496527d,41,FinalizedWithdrawal,0xe5c7fe3a4ffca1590f26d74c8ba8b0db69557f7f4607a2a43f82e93041611978,0x5798e35b5e43e28d92c5092a8f81fec0d3b78afd,65.15,1781550894871000,6
473846277,2026-06-15T19:19:26Z,1781551166000,0x15466b5279366cc704fcb5b914f03821867196887909401c9fd7f263eb7067d1,19,RequestedWithdrawal,0xcc10abf54af5c0718b10b0156dfe1e369ce3eee72423e9e86936a0082e9c5d1b,0xecb63caa47c7c4e77f60f1ce858cf28dc2b82b00,2987460.0,1781551146806000,6
473846392,2026-06-15T19:19:55Z,1781551195000,0x518b41d55ff205d1f0664171f9c54b77ec86a27d3e2a198ac1f44061596ec548,1,FinalizedWithdrawal,0xe5c7fe3a4ffca1590f26d74c8ba8b0db69557f7f4607a2a43f82e93041611978,0x2b96357f84d8639e30f00fa141296d8a34312702,94.86,1781550946599000,6
473846483,2026-06-15T19:20:18Z,1781551218000,0x9ab6c045ef12d33b584b4702168e03d639c88910816c6d31229f25f4c0d5c863,1,RequestedWithdrawal,0xcc10abf54af5c0718b10b0156dfe1e369ce3eee72423e9e86936a0082e9c5d1b,0xf032648dfd22c4d81588bd83e09ab89cfe816705,5252.99836,1781551195656000,6
473846488,2026-06-15T19:20:19Z,1781551219000,0x3309b68dbe74d67470af50031d3bcc82bf0c687e73fb32a8442068c52ff4d1bd,2,FinalizedWithdrawal,0xe5c7fe3a4ffca1590f26d74c8ba8b0db69557f7f4607a2a43f82e93041611978,0x7f0218c4c9c25259ea610da4d7e54ec9b975e6dd,10978.998358,1781550967327000,6
473846672,2026-06-15T19:21:05Z,1781551265000,0x012bd200f526aa4dd6669a2e339c8e1d7c6c1618b22753435aaa21c1bc184380,1,FinalizedWithdrawal,0xe5c7fe3a4ffca1590f26d74c8ba8b0db69557f7f4607a2a43f82e93041611978,0x7829cdfc5f19967e4f03709b9e0eba5e55a23b0a,13.93,1781551037084000,6
473846771,2026-06-15T19:21:30Z,1781551290000,0x43bd51ccc28749791dcadf61d6f2b97cc00331a089e641de152550e481c411fc,6,FinalizedWithdrawal,0xe5c7fe3a4ffca1590f26d74c8ba8b0db69557f7f4607a2a43f82e93041611978,0xebe5a23b1e4469933a30b7e9bf759893ac73ec48,5.13,1781551062871000,6
473846947,2026-06-15T19:22:15Z,1781551335000,0xc70c2b423537ed60838036849fc0f8ae596309bde86a07a93b74f6cd89d40c32,73,FinalizedWithdrawal,0xe5c7fe3a4ffca1590f26d74c8ba8b0db69557f7f4607a2a43f82e93041611978,0x7725a7f2bb0e1c448d6fe361d53c840486ec6557,19787.0,1781551101486000,6
473847052,2026-06-15T19:22:40Z,1781551360000,0x428e1a5d87550f71e04f0cf228a3a077f4d676dde305baaf1d5703318404bb83,63,FinalizedWithdrawal,0xe5c7fe3a4ffca1590f26d74c8ba8b0db69557f7f4607a2a43f82e93041611978,0x96e086674a178daef094491167d9ffddaa2d79e7,127.037068,1781551120509000,6
473847052,2026-06-15T19:22:40Z,1781551360000,0x428e1a5d87550f71e04f0cf228a3a077f4d676dde305baaf1d5703318404bb83,65,FinalizedWithdrawal,0xe5c7fe3a4ffca1590f26d74c8ba8b0db69557f7f4607a2a43f82e93041611978,0x47c9add62cb995d77b841dd70ccb262742a29329,9.2,1781551132860000,6
473847139,2026-06-15T19:23:02Z,1781551382000,0x756f0a83224590ae5319f3461f05e83bede471a06c11fcd3864abbc1b2129367,58,FinalizedWithdrawal,0xe5c7fe3a4ffca1590f26d74c8ba8b0db69557f7f4607a2a43f82e93041611978,0xecb63caa47c7c4e77f60f1ce858cf28dc2b82b00,2987460.0,1781551146806000,6
473847345,2026-06-15T19:23:54Z,1781551434000,0x6b6dfa38aa7613df8e168d1b2b836722115ed8b25cbed79d7b6f42849095764a,16,RequestedWithdrawal,0xcc10abf54af5c0718b10b0156dfe1e369ce3eee72423e9e86936a0082e9c5d1b,0x51f63885534cb494f4592a0311551f369bff2b39,33380.0,1781551412792000,6
473847353,2026-06-15T19:23:56Z,1781551436000,0x0d09f163d5d961c076282d6ade1496531fd739d1d957555ad7d451956bcbd11b,1,FinalizedWithdrawal,0xe5c7fe3a4ffca1590f26d74c8ba8b0db69557f7f4607a2a43f82e93041611978,0xf032648dfd22c4d81588bd83e09ab89cfe816705,5252.99836,1781551195656000,6
473847429,2026-06-15T19:24:15Z,1781551455000,0xfdf3916cebdc865a03f55f97a87e8d7507c64c113a46433ef90ec9c44f872114,14,RequestedWithdrawal,0xcc10abf54af5c0718b10b0156dfe1e369ce3eee72423e9e86936a0082e9c5d1b,0x7725a7f2bb0e1c448d6fe361d53c840486ec6557,42921.0,1781551436198000,6
473847721,2026-06-15T19:25:29Z,1781551529000,0xa65660dca90c1c604ede4df625f9e10dc62f3db3b4dd1e66280ac22025af7150,14,RequestedWithdrawal,0xcc10abf54af5c0718b10b0156dfe1e369ce3eee72423e9e86936a0082e9c5d1b,0xcd900a474959827acb6ffc00797a88ece73e1146,394.841105,1781551513352000,6
473848234,2026-06-15T19:27:38Z,1781551658000,0xab17234e233ca9ee7fa1465c6f703f41e938c3af79b5034cbedc3e5a2cd45499,12,FinalizedWithdrawal,0xe5c7fe3a4ffca1590f26d74c8ba8b0db69557f7f4607a2a43f82e93041611978,0x51f63885534cb494f4592a0311551f369bff2b39,33380.0,1781551412792000,6
473848234,2026-06-15T19:27:38Z,1781551658000,0xab17234e233ca9ee7fa1465c6f703f41e938c3af79b5034cbedc3e5a2cd45499,14,FinalizedWithdrawal,0xe5c7fe3a4ffca1590f26d74c8ba8b0db69557f7f4607a2a43f82e93041611978,0x7725a7f2bb0e1c448d6fe361d53c840486ec6557,42921.0,1781551436198000,6
473848436,2026-06-15T19:28:29Z,1781551709000,0x55dec062d2cb193831d706ab5a78db3ca50fa217cdfe30b771e410356c53a201,16,RequestedWithdrawal,0xcc10abf54af5c0718b10b0156dfe1e369ce3eee72423e9e86936a0082e9c5d1b,0x156f17b0e323066705194fdc885789c4c090cbdb,19.45,1781551701849000,6
473848436,2026-06-15T19:28:29Z,1781551709000,0x55dec062d2cb193831d706ab5a78db3ca50fa217cdfe30b771e410356c53a201,17,RequestedWithdrawal,0xcc10abf54af5c0718b10b0156dfe1e369ce3eee72423e9e86936a0082e9c5d1b,0x9673ece36e2edbb93d3c691cd1f090e5ae7fa414,20.31,1781551681758000,6
473848547,2026-06-15T19:28:55Z,1781551735000,0x3bc3e5fcdff35811a5b93970a9184d4e4f9f8caf5f7c59f2a507cd1d5217bd01,1,FinalizedWithdrawal,0xe5c7fe3a4ffca1590f26d74c8ba8b0db69557f7f4607a2a43f82e93041611978,0xcd900a474959827acb6ffc00797a88ece73e1146,394.841105,1781551513352000,6
473848752,2026-06-15T19:29:46Z,1781551786000,0x7f3ab6fa6570ee0786ec761da38ed34f5800a7189ffb7073798b3dc28515398c,5,RequestedWithdrawal,0xcc10abf54af5c0718b10b0156dfe1e369ce3eee72423e9e86936a0082e9c5d1b,0x27c2e2acbdbf4c50c506b9ec3c9ef0a786f61445,11.37,1781551756011000,6
473848934,2026-06-15T19:30:33Z,1781551833000,0x78dc1983e5f30a1bbc4654aa8142bb4ab6340adf0a861181fae6cb15da4bf815,5,RequestedWithdrawal,0xcc10abf54af5c0718b10b0156dfe1e369ce3eee72423e9e86936a0082e9c5d1b,0x7725a7f2bb0e1c448d6fe361d53c840486ec6557,6661.0,1781551794973000,6
473849131,2026-06-15T19:31:23Z,1781551883000,0xfb865101ad64792cbb45cd07de4d2cdf965588fb7dfa4efc414fb24a0b89f5e1,1,RequestedWithdrawal,0xcc10abf54af5c0718b10b0156dfe1e369ce3eee72423e9e86936a0082e9c5d1b,0x91b83444b81f40a3abb76845266c2253220cbb83,30.99,1781551871361000,6
473849230,2026-06-15T19:31:47Z,1781551907000,0xdd1e1aaaea61f086b875a2ab5cfd2186f961288046c5fc887706dd76e4fae6a4,5,RequestedWithdrawal,0xcc10abf54af5c0718b10b0156dfe1e369ce3eee72423e9e86936a0082e9c5d1b,0xa509d95fdff020a2822d0779860003a1a46e7da9,49.0,1781551897927000,6
473849335,2026-06-15T19:32:14Z,1781551934000,0x315f36ead3f030edc7598428f65959aaa3c9492ea0109f419fed03f39635d370,1,FinalizedWithdrawal,0xe5c7fe3a4ffca1590f26d74c8ba8b0db69557f7f4607a2a43f82e93041611978,0x9673ece36e2edbb93d3c691cd1f090e5ae7fa414,20.31,1781551681758000,6
473849335,2026-06-15T19:32:14Z,1781551934000,0x315f36ead3f030edc7598428f65959aaa3c9492ea0109f419fed03f39635d370,3,FinalizedWithdrawal,0xe5c7fe3a4ffca1590f26d74c8ba8b0db69557f7f4607a2a43f82e93041611978,0x156f17b0e323066705194fdc885789c4c090cbdb,19.45,1781551701849000,6
473849619,2026-06-15T19:33:25Z,1781552005000,0x2814578e855c19930debc4afa930e70b2c593a6a3511b8591d134c5fea28f405,1,FinalizedWithdrawal,0xe5c7fe3a4ffca1590f26d74c8ba8b0db69557f7f4607a2a43f82e93041611978,0x27c2e2acbdbf4c50c506b9ec3c9ef0a786f61445,11.37,1781551756011000,6
473849808,2026-06-15T19:34:12Z,1781552052000,0xe575a7808d47e30f40d5febf447f60b379157287590a35485287ad6fa53ffef3,4,FinalizedWithdrawal,0xe5c7fe3a4ffca1590f26d74c8ba8b0db69557f7f4607a2a43f82e93041611978,0x7725a7f2bb0e1c448d6fe361d53c840486ec6557,6661.0,1781551794973000,6
473849998,2026-06-15T19:35:00Z,1781552100000,0x8bcb9f1fb0464c807603cb3a51dc514b4d29a4b38fa31ea6236e5e7b62f3645b,1,FinalizedWithdrawal,0xe5c7fe3a4ffca1590f26d74c8ba8b0db69557f7f4607a2a43f82e93041611978,0x91b83444b81f40a3abb76845266c2253220cbb83,30.99,1781551871361000,6
473850087,2026-06-15T19:35:21Z,1781552121000,0x93b18ae8106a2c784ff0534fc77c38c19347e0ff8448f5a2a0d45c8f571dc9c7,22,RequestedWithdrawal,0xcc10abf54af5c0718b10b0156dfe1e369ce3eee72423e9e86936a0082e9c5d1b,0x0306e537b9171ef9c734997400cbe7c934524cbe,61.794979,1781552112484000,6
473850094,2026-06-15T19:35:23Z,1781552123000,0x6f1c6c8d15b7fa304de5408a0beca8b4798b678e7f470614ae7360df77292454,1,FinalizedWithdrawal,0xe5c7fe3a4ffca1590f26d74c8ba8b0db69557f7f4607a2a43f82e93041611978,0xa509d95fdff020a2822d0779860003a1a46e7da9,49.0,1781551897927000,6
473850167,2026-06-15T19:35:41Z,1781552141000,0x748ad8ffda59c514a933165a1cd88b90de2b7ad8a51a59f45dff51f47035bc3e,2,RequestedWithdrawal,0xcc10abf54af5c0718b10b0156dfe1e369ce3eee72423e9e86936a0082e9c5d1b,0x0ac9da882f9b21aca71b6e8b2233176034b4dd42,1099.0,1781552124805000,6
473850652,2026-06-15T19:37:43Z,1781552263000,0xa214c3c264cbd19f4d542347e1198eb08320d8c86796a424125bb84881ef3661,0,RequestedWithdrawal,0xcc10abf54af5c0718b10b0156dfe1e369ce3eee72423e9e86936a0082e9c5d1b,0x8e6d60c1862d424fd52763e7ba60bb54fe1fc4b3,124.37,1781552245988000,6
473850950,2026-06-15T19:38:58Z,1781552338000,0xd2efe4d53bd2677b60ebdeea6eb636640d78ba049eacfb65e17b546e559f452a,1,FinalizedWithdrawal,0xe5c7fe3a4ffca1590f26d74c8ba8b0db69557f7f4607a2a43f82e93041611978,0x0306e537b9171ef9c734997400cbe7c934524cbe,61.794979,1781552112484000,6
473851051,2026-06-15T19:39:23Z,1781552363000,0xede037727fdeaf9c8680756a763cc0cabb71aa1de82727c1a757e069f63d8832,1,FinalizedWithdrawal,0xe5c7fe3a4ffca1590f26d74c8ba8b0db69557f7f4607a2a43f82e93041611978,0x0ac9da882f9b21aca71b6e8b2233176034b4dd42,1099.0,1781552124805000,6
473851136,2026-06-15T19:39:44Z,1781552384000,0xd6cba4e69a1a44c1ce94c7b9edf2175198e74df528aa6a2d651819e0b8cd3432,1,RequestedWithdrawal,0xcc10abf54af5c0718b10b0156dfe1e369ce3eee72423e9e86936a0082e9c5d1b,0xdbf58752fad773073ca24c04f4b9e04249d82d2a,582.500092,1781552374462000,6
473851547,2026-06-15T19:41:28Z,1781552488000,0x31367b6758231d7f67d1ad2552ec43f779bcd1ff950767ca2766dc5d335f50cf,1,RequestedWithdrawal,0xcc10abf54af5c0718b10b0156dfe1e369ce3eee72423e9e86936a0082e9c5d1b,0x2972df0eb65001a7da204572ec9b3afb83f74518,28.81,1781552428194000,6
473851547,2026-06-15T19:41:28Z,1781552488000,0x31367b6758231d7f67d1ad2552ec43f779bcd1ff950767ca2766dc5d335f50cf,2,RequestedWithdrawal,0xcc10abf54af5c0718b10b0156dfe1e369ce3eee72423e9e86936a0082e9c5d1b,0x4b2ea94afe5574ff994dbcd691e99961c567e163,599.0,1781552480462000,6
473851553,2026-06-15T19:41:30Z,1781552490000,0xcdc892f483e98d84e0999dcf7d3ba8d652aeaf790d6d2d55bac509972c3ed473,1,FinalizedWithdrawal,0xe5c7fe3a4ffca1590f26d74c8ba8b0db69557f7f4607a2a43f82e93041611978,0x8e6d60c1862d424fd52763e7ba60bb54fe1fc4b3,124.37,1781552245988000,6
473851640,2026-06-15T19:41:51Z,1781552511000,0xb111706b2586d0ae7d619a868c2cc7badacb18b8922eac493c9d87cd931f601e,5,RequestedWithdrawal,0xcc10abf54af5c0718b10b0156dfe1e369ce3eee72423e9e86936a0082e9c5d1b,0xe623788715540a664dd465e552632a7face94ff1,49.0,1781552501290000,6
473851755,2026-06-15T19:42:20Z,1781552540000,0x5928c50bd644e56d0a6e36de355392b3e3a949e40f998fd7e20bead98703fda2,4,RequestedWithdrawal,0xcc10abf54af5c0718b10b0156dfe1e369ce3eee72423e9e86936a0082e9c5d1b,0x3b1bf07534797aa85a251bcc3b7cea20652df6a1,499.0,1781552514483000,6
473851855,2026-06-15T19:42:45Z,1781552565000,0xd033aa199e0b1c95fc6293e1e8a59d3e865eb861a56c2be3eece2ed5257b07b6,20,RequestedWithdrawal,0xcc10abf54af5c0718b10b0156dfe1e369ce3eee72423e9e86936a0082e9c5d1b,0x5737c5a4dfe7b3d3c507c5bae03ecda82a55b328,8.0,1781552549218000,6
473851855,2026-06-15T19:42:45Z,1781552565000,0xd033aa199e0b1c95fc6293e1e8a59d3e865eb861a56c2be3eece2ed5257b07b6,21,RequestedWithdrawal,0xcc10abf54af5c0718b10b0156dfe1e369ce3eee72423e9e86936a0082e9c5d1b,0xb7fda8e3ab9ecc96fcea6ccf02f19fd5004864a0,7.9,1781552554325000,6
473851855,2026-06-15T19:42:45Z,1781552565000,0xd033aa199e0b1c95fc6293e1e8a59d3e865eb861a56c2be3eece2ed5257b07b6,22,RequestedWithdrawal,0xcc10abf54af5c0718b10b0156dfe1e369ce3eee72423e9e86936a0082e9c5d1b,0xceaa5648000224eaa9f1d137e70f0eb58149ba01,16.35,1781552558573000,6
473851938,2026-06-15T19:43:06Z,1781552586000,0x603622257b95ce6e2a92095ee20dbf8cd9822a40b029486d134074daba8801cb,1,RequestedWithdrawal,0xcc10abf54af5c0718b10b0156dfe1e369ce3eee72423e9e86936a0082e9c5d1b,0x2aac00c626af55f0cffe886f386b10eb55eb94d2,96.0,1781552563835000,6
473851943,2026-06-15T19:43:07Z,1781552587000,0x90a7df30d31f548fb92f34097471872d7347cde2ec6dd0c974f3ba560e729087,1,FinalizedWithdrawal,0xe5c7fe3a4ffca1590f26d74c8ba8b0db69557f7f4607a2a43f82e93041611978,0xdbf58752fad773073ca24c04f4b9e04249d82d2a,582.500092,1781552374462000,6
473852063,2026-06-15T19:43:37Z,1781552617000,0x953949dd8fd468deeb9ce738a8969acd9e5216ddc220c4fd56197113b9cc8473,3,RequestedWithdrawal,0xcc10abf54af5c0718b10b0156dfe1e369ce3eee72423e9e86936a0082e9c5d1b,0x05048a879dcf2ac60a419401fec749c00b937e79,17.41,1781552607180000,6
473852063,2026-06-15T19:43:37Z,1781552617000,0x953949dd8fd468deeb9ce738a8969acd9e5216ddc220c4fd56197113b9cc8473,4,RequestedWithdrawal,0xcc10abf54af5c0718b10b0156dfe1e369ce3eee72423e9e86936a0082e9c5d1b,0x4806525b92bcdd660734b825a5b4ad3783ad22a4,243313.06,1781552607483000,6
473852137,2026-06-15T19:43:56Z,1781552636000,0x1b28125b5e94010b24e8d7ed60514b0d667aaa794b1c527b5f029fdceb651aaf,15,RequestedWithdrawal,0xcc10abf54af5c0718b10b0156dfe1e369ce3eee72423e9e86936a0082e9c5d1b,0xf4e5448bc89dbf255d043639cec97fe43127bfc2,11.23,1781552617838000,6
473852238,2026-06-15T19:44:21Z,1781552661000,0xa3f63613b27afcbb4840ece2b7c7091e1c5ee13296e9ca31f375802a6f9563cc,0,RequestedWithdrawal,0xcc10abf54af5c0718b10b0156dfe1e369ce3eee72423e9e86936a0082e9c5d1b,0xb776c606adb72002932cb3563367591b8373353d,4.0,1781552645794000,6
473852432,2026-06-15T19:45:10Z,1781552710000,0xa065dedb9de6112909bec5fd5ce55e9b48702e68fde336ed5a1dc03d9e60cca3,5,RequestedWithdrawal,0xcc10abf54af5c0718b10b0156dfe1e369ce3eee72423e9e86936a0082e9c5d1b,0x9e422766b1508e9b4de4ec82f696f65e49468c8d,34.0,1781552672231000,6
473852437,2026-06-15T19:45:11Z,1781552711000,0x4bc2f373086ae51d48afc22f7f940a5c29384d9acd0c062c90e4ed8a6f78d951,2,FinalizedWithdrawal,0xe5c7fe3a4ffca1590f26d74c8ba8b0db69557f7f4607a2a43f82e93041611978,0x4b2ea94afe5574ff994dbcd691e99961c567e163,599.0,1781552480462000,6
473852437,2026-06-15T19:45:11Z,1781552711000,0x4bc2f373086ae51d48afc22f7f940a5c29384d9acd0c062c90e4ed8a6f78d951,4,FinalizedWithdrawal,0xe5c7fe3a4ffca1590f26d74c8ba8b0db69557f7f4607a2a43f82e93041611978,0x2972df0eb65001a7da204572ec9b3afb83f74518,28.81,1781552428194000,6
473852551,2026-06-15T19:45:40Z,1781552740000,0x8588d190615de52c5ad2e17c2299b7949404001c9baad07b4a3afea4b1a52f85,1,FinalizedWithdrawal,0xe5c7fe3a4ffca1590f26d74c8ba8b0db69557f7f4607a2a43f82e93041611978,0xe623788715540a664dd465e552632a7face94ff1,49.0,1781552501290000,6
473852659,2026-06-15T19:46:07Z,1781552767000,0x31a3d804e957f202cdd1af073578cc7ac5113cdc324a4a0cd83f968a40d411be,2,FinalizedWithdrawal,0xe5c7fe3a4ffca1590f26d74c8ba8b0db69557f7f4607a2a43f82e93041611978,0xb7fda8e3ab9ecc96fcea6ccf02f19fd5004864a0,7.9,1781552554325000,6
473852659,2026-06-15T19:46:07Z,1781552767000,0x31a3d804e957f202cdd1af073578cc7ac5113cdc324a4a0cd83f968a40d411be,4,FinalizedWithdrawal,0xe5c7fe3a4ffca1590f26d74c8ba8b0db69557f7f4607a2a43f82e93041611978,0xceaa5648000224eaa9f1d137e70f0eb58149ba01,16.35,1781552558573000,6
473852659,2026-06-15T19:46:07Z,1781552767000,0x31a3d804e957f202cdd1af073578cc7ac5113cdc324a4a0cd83f968a40d411be,6,FinalizedWithdrawal,0xe5c7fe3a4ffca1590f26d74c8ba8b0db69557f7f4607a2a43f82e93041611978,0x3b1bf07534797aa85a251bcc3b7cea20652df6a1,499.0,1781552514483000,6
473852659,2026-06-15T19:46:07Z,1781552767000,0x31a3d804e957f202cdd1af073578cc7ac5113cdc324a4a0cd83f968a40d411be,8,FinalizedWithdrawal,0xe5c7fe3a4ffca1590f26d74c8ba8b0db69557f7f4607a2a43f82e93041611978,0x5737c5a4dfe7b3d3c507c5bae03ecda82a55b328,8.0,1781552549218000,6
473852761,2026-06-15T19:46:33Z,1781552793000,0x5b8b43f383afbf9e099ec9bb5b733be1f218184bdb5bace1d7086ed79c57f1c7,1,FinalizedWithdrawal,0xe5c7fe3a4ffca1590f26d74c8ba8b0db69557f7f4607a2a43f82e93041611978,0x2aac00c626af55f0cffe886f386b10eb55eb94d2,96.0,1781552563835000,6
473852868,2026-06-15T19:46:59Z,1781552819000,0xaddc5c5b7d55f7f39ed9965445d9e8f52fca5c966d93b3b33475ead3fdae9b51,12,FinalizedWithdrawal,0xe5c7fe3a4ffca1590f26d74c8ba8b0db69557f7f4607a2a43f82e93041611978,0x05048a879dcf2ac60a419401fec749c00b937e79,17.41,1781552607180000,6
473852868,2026-06-15T19:46:59Z,1781552819000,0xaddc5c5b7d55f7f39ed9965445d9e8f52fca5c966d93b3b33475ead3fdae9b51,14,FinalizedWithdrawal,0xe5c7fe3a4ffca1590f26d74c8ba8b0db69557f7f4607a2a43f82e93041611978,0x4806525b92bcdd660734b825a5b4ad3783ad22a4,243313.06,1781552607483000,6
473852961,2026-06-15T19:47:23Z,1781552843000,0x1be604f9e3bb997c2bc729a797004ca510f90e32a288c7e0f7e05cbbe370dbbd,1,FinalizedWithdrawal,0xe5c7fe3a4ffca1590f26d74c8ba8b0db69557f7f4607a2a43f82e93041611978,0xf4e5448bc89dbf255d043639cec97fe43127bfc2,11.23,1781552617838000,6
473853075,2026-06-15T19:47:50Z,1781552870000,0x65be02c8c872657df641816b6255a8aaef5e1c9f6a2e4b8964603f3d77908005,1,FinalizedWithdrawal,0xe5c7fe3a4ffca1590f26d74c8ba8b0db69557f7f4607a2a43f82e93041611978,0xb776c606adb72002932cb3563367591b8373353d,4.0,1781552645794000,6
473853175,2026-06-15T19:48:15Z,1781552895000,0x67e7962198650e901a89dc1ddb95343ebe6d8d6226c42c35a3c9f59cf972476d,1,RequestedWithdrawal,0xcc10abf54af5c0718b10b0156dfe1e369ce3eee72423e9e86936a0082e9c5d1b,0xe623788715540a664dd465e552632a7face94ff1,157.84,1781552882104000,6
473853269,2026-06-15T19:48:39Z,1781552919000,0xd56e7d45e44701b1f7b5c9857cbab87b5c1ba237d01ea0721430895334c7f975,1,FinalizedWithdrawal,0xe5c7fe3a4ffca1590f26d74c8ba8b0db69557f7f4607a2a43f82e93041611978,0x9e422766b1508e9b4de4ec82f696f65e49468c8d,34.0,1781552672231000,6
473853468,2026-06-15T19:49:29Z,1781552969000,0x8332c539e2f89fc0fc02dc0fef24758686d97bdee474dc1fb5f1823fba17cedf,20,RequestedWithdrawal,0xcc10abf54af5c0718b10b0156dfe1e369ce3eee72423e9e86936a0082e9c5d1b,0x5ece6bcf23d9c00cda910fb04b76eb0d67c161e2,360.066137,1781552939705000,6
473853867,2026-06-15T19:51:09Z,1781553069000,0xaf464308cf0e71a37641e6efb4d88d5c1ac43c887d517d47ccb3b88c83009c05,0,RequestedWithdrawal,0xcc10abf54af5c0718b10b0156dfe1e369ce3eee72423e9e86936a0082e9c5d1b,0x961339c30e5e5ca01c63c0cb811e61961f0098a1,30.42,1781553056029000,6
473854064,2026-06-15T19:51:59Z,1781553119000,0xadd8967b457c6e5111eb714aa9bf672dc9ad3aa6a617bd1697407346ea6ddece,26,RequestedWithdrawal,0xcc10abf54af5c0718b10b0156dfe1e369ce3eee72423e9e86936a0082e9c5d1b,0x2066200b81f387375d19fb6c20ffd70a495bb69f,9.0,1781553103043000,6
473854070,2026-06-15T19:52:00Z,1781553120000,0xe34edf17ee3dd8a9ee3f5643e792a4a817ea6f2d8795bf66118cad0ab62629ae,101,FinalizedWithdrawal,0xe5c7fe3a4ffca1590f26d74c8ba8b0db69557f7f4607a2a43f82e93041611978,0xe623788715540a664dd465e552632a7face94ff1,157.84,1781552882104000,6
473854337,2026-06-15T19:53:07Z,1781553187000,0x4c7818cd7f34425e098e85850c8a65279b59f6f3350ed805f24290ba8e020790,1,FinalizedWithdrawal,0xe5c7fe3a4ffca1590f26d74c8ba8b0db69557f7f4607a2a43f82e93041611978,0x5ece6bcf23d9c00cda910fb04b76eb0d67c161e2,360.066137,1781552939705000,6
473854705,2026-06-15T19:54:39Z,1781553279000,0xca7b4c6d4666ff2673757ca4560e51b5cc1369f69c61fe98485f8311d5588078,7,FinalizedWithdrawal,0xe5c7fe3a4ffca1590f26d74c8ba8b0db69557f7f4607a2a43f82e93041611978,0x961339c30e5e5ca01c63c0cb811e61961f0098a1,30.42,1781553056029000,6
473854815,2026-06-15T19:55:07Z,1781553307000,0x1ecd717b57aa536f985d736e1346dc5b62823f3667c58d6aa0fcb170d7cdc9f8,7,RequestedWithdrawal,0xcc10abf54af5c0718b10b0156dfe1e369ce3eee72423e9e86936a0082e9c5d1b,0x2066200b81f387375d19fb6c20ffd70a495bb69f,8.0,1781553294655000,6
473854923,2026-06-15T19:55:34Z,1781553334000,0x3ea2ca58ba41a42301af210c25ea7bf9c59f1784ef8bc5d28225152262f4ecd6,0,RequestedWithdrawal,0xcc10abf54af5c0718b10b0156dfe1e369ce3eee72423e9e86936a0082e9c5d1b,0xf032648dfd22c4d81588bd83e09ab89cfe816705,2651.790769,1781553314047000,6
473854931,2026-06-15T19:55:36Z,1781553336000,0x090db1cf533a8096919d111764f1c90de5259899c511e9beef4501ec601c1198,3,FinalizedWithdrawal,0xe5c7fe3a4ffca1590f26d74c8ba8b0db69557f7f4607a2a43f82e93041611978,0x2066200b81f387375d19fb6c20ffd70a495bb69f,9.0,1781553103043000,6
473855282,2026-06-15T19:57:04Z,1781553424000,0xdf561002ab594b6b1b4f7b2c2dc28c8b73db92e2ca56d0aa9b687a185524d6eb,1,RequestedWithdrawal,0xcc10abf54af5c0718b10b0156dfe1e369ce3eee72423e9e86936a0082e9c5d1b,0xb776c606adb72002932cb3563367591b8373353d,44.9,1781553417151000,6
473855282,2026-06-15T19:57:04Z,1781553424000,0xdf561002ab594b6b1b4f7b2c2dc28c8b73db92e2ca56d0aa9b687a185524d6eb,2,RequestedWithdrawal,0xcc10abf54af5c0718b10b0156dfe1e369ce3eee72423e9e86936a0082e9c5d1b,0xdf80e864d07aee8cb5773601fca1399528334adf,715.57,1781553409590000,6
473855383,2026-06-15T19:57:30Z,1781553450000,0x68596743c6954f611f3700008d99f721d07e668cbb1e156d9596223754ccaa75,10,RequestedWithdrawal,0xcc10abf54af5c0718b10b0156dfe1e369ce3eee72423e9e86936a0082e9c5d1b,0x154105548fe6d387d40fe460cc7af40740fc4029,7.0,1781553441637000,6
473855672,2026-06-15T19:58:42Z,1781553522000,0xbaa858c70771c6e5b9d6ad17a861bb0d0b05045808bccc7d5490180b071f6f92,1,RequestedWithdrawal,0xcc10abf54af5c0718b10b0156dfe1e369ce3eee72423e9e86936a0082e9c5d1b,0x4b1c09fa8322548360a76a3747e32a60a864bc38,26177.0,1781553500970000,6
473855677,2026-06-15T19:58:43Z,1781553523000,0x49b751cf64e3638610181a97c70099cd01bafb33b123ed7b2ccd72bd827b3b63,7,FinalizedWithdrawal,0xe5c7fe3a4ffca1590f26d74c8ba8b0db69557f7f4607a2a43f82e93041611978,0x2066200b81f387375d19fb6c20ffd70a495bb69f,8.0,1781553294655000,6
473855776,2026-06-15T19:59:08Z,1781553548000,0x0fae1f5976daf2738384955841a3cafd7050020c0e20088bde6b5b0b13eec85c,0,RequestedWithdrawal,0xcc10abf54af5c0718b10b0156dfe1e369ce3eee72423e9e86936a0082e9c5d1b,0x7725a7f2bb0e1c448d6fe361d53c840486ec6557,534.0,1781553531668000,6
473855782,2026-06-15T19:59:10Z,1781553550000,0x82a28648d2e73b3d9a9391338d87f456fb6cf4e0f7ffb220d83290cae4756bbb,6,FinalizedWithdrawal,0xe5c7fe3a4ffca1590f26d74c8ba8b0db69557f7f4607a2a43f82e93041611978,0xf032648dfd22c4d81588bd83e09ab89cfe816705,2651.790769,1781553314047000,6
473855869,2026-06-15T19:59:31Z,1781553571000,0x77d9205fa1a7aa8bde222cc9b33c107394e96814c58f6ea5cf16ca8df1078fb6,0,RequestedWithdrawal,0xcc10abf54af5c0718b10b0156dfe1e369ce3eee72423e9e86936a0082e9c5d1b,0x99711c2af944e2be5ee1e74d7012be2797d03864,24.66,1781553549520000,6
473856064,2026-06-15T20:00:20Z,1781553620000,0x04b9b50c8fd7c5c569bf20457ae0ed8d3ef0751d8c3b4f1203ec6218dda9581c,0,RequestedWithdrawal,0xcc10abf54af5c0718b10b0156dfe1e369ce3eee72423e9e86936a0082e9c5d1b,0x1c798daa9ba08ee07f6959b3678cfa7aa5d810dd,7.001885,1781553600614000,6
473856064,2026-06-15T20:00:20Z,1781553620000,0x04b9b50c8fd7c5c569bf20457ae0ed8d3ef0751d8c3b4f1203ec6218dda9581c,1,RequestedWithdrawal,0xcc10abf54af5c0718b10b0156dfe1e369ce3eee72423e9e86936a0082e9c5d1b,0x3d0e3d0f8de3b57d1f4404f17161b5eb2cac9714,2464.0,1781553588453000,6
473856064,2026-06-15T20:00:20Z,1781553620000,0x04b9b50c8fd7c5c569bf20457ae0ed8d3ef0751d8c3b4f1203ec6218dda9581c,2,RequestedWithdrawal,0xcc10abf54af5c0718b10b0156dfe1e369ce3eee72423e9e86936a0082e9c5d1b,0x64e1ca4da1120f9bdefabfec6ecdba07fda4d62b,46.600656,1781553617444000,6
473856064,2026-06-15T20:00:20Z,1781553620000,0x04b9b50c8fd7c5c569bf20457ae0ed8d3ef0751d8c3b4f1203ec6218dda9581c,3,RequestedWithdrawal,0xcc10abf54af5c0718b10b0156dfe1e369ce3eee72423e9e86936a0082e9c5d1b,0x7ee6b077b59f4417bc36d41bb65365644315db10,62674.0,1781553599852000,6
473856152,2026-06-15T20:00:42Z,1781553642000,0xe31d6e9b228bc8d1d5e69ed57d2759ee42ffb20b66d617921bfd6958ba8f6247,6,RequestedWithdrawal,0xcc10abf54af5c0718b10b0156dfe1e369ce3eee72423e9e86936a0082e9c5d1b,0x5d63931a7a5f218fcb281174b12239d99020a27a,13.157788,1781553623353000,6
473856152,2026-06-15T20:00:42Z,1781553642000,0xe31d6e9b228bc8d1d5e69ed57d2759ee42ffb20b66d617921bfd6958ba8f6247,7,RequestedWithdrawal,0xcc10abf54af5c0718b10b0156dfe1e369ce3eee72423e9e86936a0082e9c5d1b,0xeefc0f32b4c939b962a71812547f2eb6ce349f1e,7.0,1781553622334000,6
473856157,2026-06-15T20:00:43Z,1781553643000,0xd319286b9cb308e3842ea5aca33abf8d551436301e21362ae506580a0aa1f186,1,FinalizedWithdrawal,0xe5c7fe3a4ffca1590f26d74c8ba8b0db69557f7f4607a2a43f82e93041611978,0xdf80e864d07aee8cb5773601fca1399528334adf,715.57,1781553409590000,6
473856157,2026-06-15T20:00:43Z,1781553643000,0xd319286b9cb308e3842ea5aca33abf8d551436301e21362ae506580a0aa1f186,3,FinalizedWithdrawal,0xe5c7fe3a4ffca1590f26d74c8ba8b0db69557f7f4607a2a43f82e93041611978,0xb776c606adb72002932cb3563367591b8373353d,44.9,1781553417151000,6
473856237,2026-06-15T20:01:03Z,1781553663000,0x978163ee1b6be51971de1ca374d2e220f468bd1af7ddf5468ee3432529b86c27,1,FinalizedWithdrawal,0xe5c7fe3a4ffca1590f26d74c8ba8b0db69557f7f4607a2a43f82e93041611978,0x154105548fe6d387d40fe460cc7af40740fc4029,7.0,1781553441637000,6
473856341,2026-06-15T20:01:29Z,1781553689000,0x376f3f1ced847eb62fac3e2b0c746beabf71bbe15e58e3b6ec3a4fc1cf2d082c,3,RequestedWithdrawal,0xcc10abf54af5c0718b10b0156dfe1e369ce3eee72423e9e86936a0082e9c5d1b,0x12da6bdd5589b216d63aee992d97a87c0fb5ccda,11.0,1781553664146000,6
473856445,2026-06-15T20:01:55Z,1781553715000,0xf3e9501af9aba9d1697e3c55c4cc65e85c0fabc10b3fb8031a9113a86a4f50ca,2,RequestedWithdrawal,0xcc10abf54af5c0718b10b0156dfe1e369ce3eee72423e9e86936a0082e9c5d1b,0xb2946956a981f81f3a2dd11eebb80e9535b60c7b,16.191713,1781553691538000,6
473856536,2026-06-15T20:02:18Z,1781553738000,0xb17fae6f447ca420a645a24d685c7835664b1e351eab778c5984415e30f30aac,1,FinalizedWithdrawal,0xe5c7fe3a4ffca1590f26d74c8ba8b0db69557f7f4607a2a43f82e93041611978,0x4b1c09fa8322548360a76a3747e32a60a864bc38,26177.0,1781553500970000,6
473856666,2026-06-15T20:02:51Z,1781553771000,0xe55d6f81a9651e2f70bab191fc670c26be43465b1ca8ed1b8928d86980a2559e,1,FinalizedWithdrawal,0xe5c7fe3a4ffca1590f26d74c8ba8b0db69557f7f4607a2a43f82e93041611978,0x7725a7f2bb0e1c448d6fe361d53c840486ec6557,534.0,1781553531668000,6
473856735,2026-06-15T20:03:08Z,1781553788000,0xe6ba637f4d748ddad854d1094c5a1b13a01f00df558f8bce2b5901d09bfe2e93,11,FinalizedWithdrawal,0xe5c7fe3a4ffca1590f26d74c8ba8b0db69557f7f4607a2a43f82e93041611978,0x99711c2af944e2be5ee1e74d7012be2797d03864,24.66,1781553549520000,6
473856926,2026-06-15T20:03:56Z,1781553836000,0xea68c767418e76440a87e735f126ba391d6b1b67c153958f57b295579b895598,2,FinalizedWithdrawal,0xe5c7fe3a4ffca1590f26d74c8ba8b0db69557f7f4607a2a43f82e93041611978,0x64e1ca4da1120f9bdefabfec6ecdba07fda4d62b,46.600656,1781553617444000,6
473856926,2026-06-15T20:03:56Z,1781553836000,0xea68c767418e76440a87e735f126ba391d6b1b67c153958f57b295579b895598,4,FinalizedWithdrawal,0xe5c7fe3a4ffca1590f26d74c8ba8b0db69557f7f4607a2a43f82e93041611978,0x1c798daa9ba08ee07f6959b3678cfa7aa5d810dd,7.001885,1781553600614000,6
473856926,2026-06-15T20:03:56Z,1781553836000,0xea68c767418e76440a87e735f126ba391d6b1b67c153958f57b295579b895598,6,FinalizedWithdrawal,0xe5c7fe3a4ffca1590f26d74c8ba8b0db69557f7f4607a2a43f82e93041611978,0x3d0e3d0f8de3b57d1f4404f17161b5eb2cac9714,2464.0,1781553588453000,6
473856926,2026-06-15T20:03:56Z,1781553836000,0xea68c767418e76440a87e735f126ba391d6b1b67c153958f57b295579b895598,8,FinalizedWithdrawal,0xe5c7fe3a4ffca1590f26d74c8ba8b0db69557f7f4607a2a43f82e93041611978,0x7ee6b077b59f4417bc36d41bb65365644315db10,62674.0,1781553599852000,6
473857026,2026-06-15T20:04:22Z,1781553862000,0x73efdcb707ecf39ea603103ba0733f1ed1f574533d790e4cfad4f01f8d3b6d20,2,FinalizedWithdrawal,0xe5c7fe3a4ffca1590f26d74c8ba8b0db69557f7f4607a2a43f82e93041611978,0x5d63931a7a5f218fcb281174b12239d99020a27a,13.157788,1781553623353000,6
473857026,2026-06-15T20:04:22Z,1781553862000,0x73efdcb707ecf39ea603103ba0733f1ed1f574533d790e4cfad4f01f8d3b6d20,4,FinalizedWithdrawal,0xe5c7fe3a4ffca1590f26d74c8ba8b0db69557f7f4607a2a43f82e93041611978,0xeefc0f32b4c939b962a71812547f2eb6ce349f1e,7.0,1781553622334000,6
473857132,2026-06-15T20:04:48Z,1781553888000,0x6e09c00bfa4b424da61cfcde409107107b6a314f0569941e03b765fbe8f0e07c,10,RequestedWithdrawal,0xcc10abf54af5c0718b10b0156dfe1e369ce3eee72423e9e86936a0082e9c5d1b,0x8ebd6506757bf07590faaae940b73fe3635db7de,27.3,1781553863493000,6
473857219,2026-06-15T20:05:10Z,1781553910000,0x0623aca62fdc6e5dae18af9f04ec6296351c99d3bf5f1bd8bef5dc24a0e3fb6e,1,FinalizedWithdrawal,0xe5c7fe3a4ffca1590f26d74c8ba8b0db69557f7f4607a2a43f82e93041611978,0x12da6bdd5589b216d63aee992d97a87c0fb5ccda,11.0,1781553664146000,6
473857337,2026-06-15T20:05:39Z,1781553939000,0xbbb214406c83439e6d67649f43a3afe728085514fdb99c5171306897c8cd413f,9,FinalizedWithdrawal,0xe5c7fe3a4ffca1590f26d74c8ba8b0db69557f7f4607a2a43f82e93041611978,0xb2946956a981f81f3a2dd11eebb80e9535b60c7b,16.191713,1781553691538000,6
473858005,2026-06-15T20:08:26Z,1781554106000,0x52859fd65360118e520b5eb6da92205aaee015f2941eff929770c20f84023c05,32,RequestedWithdrawal,0xcc10abf54af5c0718b10b0156dfe1e369ce3eee72423e9e86936a0082e9c5d1b,0xc3e2f9b69a5943ea30ee0995c5782d4bce0b5bc9,19.95,1781554098925000,6
473858011,2026-06-15T20:08:27Z,1781554107000,0x63be23212adb788cb9fdfa3844ef9224d5a3b51a01e7acee6fbce66eb85be988,1,FinalizedWithdrawal,0xe5c7fe3a4ffca1590f26d74c8ba8b0db69557f7f4607a2a43f82e93041611978,0x8ebd6506757bf07590faaae940b73fe3635db7de,27.3,1781553863493000,6
473858582,2026-06-15T20:10:51Z,1781554251000,0xf860d32daa6f6277c6619dd53df24ad208de8ae20eaf73fbdf2f6d28a7ed0c96,2,RequestedWithdrawal,0xcc10abf54af5c0718b10b0156dfe1e369ce3eee72423e9e86936a0082e9c5d1b,0x99020692bd7c0a1a1f271b57541f07ccc4c16d2e,13.81,1781554227185000,6
473858663,2026-06-15T20:11:11Z,1781554271000,0xce89819862595af56acc04f82756286623000b58cd53dbfee88335d4103b7bf1,10,RequestedWithdrawal,0xcc10abf54af5c0718b10b0156dfe1e369ce3eee72423e9e86936a0082e9c5d1b,0x391cea6e1c804876e4370b8f35b058c8522b62b1,2791.62,1781554311292000,6
473858663,2026-06-15T20:11:11Z,1781554271000,0xce89819862595af56acc04f82756286623000b58cd53dbfee88335d4103b7bf1,11,RequestedWithdrawal,0xcc10abf54af5c0718b10b0156dfe1e369ce3eee72423e9e86936a0082e9c5d1b,0x48fd36230abf36cb67c5f4f79281fbce66ece057,9.0,1781554256987000,6
473858884,2026-06-15T20:12:07Z,1781554327000,0x362c4c1ffbf90bdbc5d4f9b5de7b3e1def5ca1184909028630193553b9226af1,1,FinalizedWithdrawal,0xe5c7fe3a4ffca1590f26d74c8ba8b0db69557f7f4607a2a43f82e93041611978,0xc3e2f9b69a5943ea30ee0995c5782d4bce0b5bc9,19.95,1781554098925000,6
473859066,2026-06-15T20:12:53Z,1781554373000,0x86927e872633687f94f16f62ad978323be066d5f219f9c0b30bca6c3a382d1ba,0,RequestedWithdrawal,0xcc10abf54af5c0718b10b0156dfe1e369ce3eee72423e9e86936a0082e9c5d1b,0x2eee97c02fc74a21edbabdafe5026946a4467b7e,8.0,1781554364114000,6
473859406,2026-06-15T20:14:17Z,1781554457000,0x9cb3e51498838817f828715d37290830888a4e4c7caec8d000e78ea2d1c4a606,2,FinalizedWithdrawal,0xe5c7fe3a4ffca1590f26d74c8ba8b0db69557f7f4607a2a43f82e93041611978,0x99020692bd7c0a1a1f271b57541f07ccc4c16d2e,13.81,1781554227185000,6
473859501,2026-06-15T20:14:41Z,1781554481000,0x17bc3e1c522d8160436f75e08ef40b39b5f36a2b4c9ccaed1119e6131764df8f,1,FinalizedWithdrawal,0xe5c7fe3a4ffca1590f26d74c8ba8b0db69557f7f4607a2a43f82e93041611978,0x391cea6e1c804876e4370b8f35b058c8522b62b1,2791.62,1781554311292000,6
473859501,2026-06-15T20:14:41Z,1781554481000,0x17bc3e1c522d8160436f75e08ef40b39b5f36a2b4c9ccaed1119e6131764df8f,3,FinalizedWithdrawal,0xe5c7fe3a4ffca1590f26d74c8ba8b0db69557f7f4607a2a43f82e93041611978,0x48fd36230abf36cb67c5f4f79281fbce66ece057,9.0,1781554256987000,6
473859609,2026-06-15T20:15:08Z,1781554508000,0x81389841a639bc05c7e681818e20de242ddb2cf31c33df645e6512c7aa9f7cd7,33,RequestedWithdrawal,0xcc10abf54af5c0718b10b0156dfe1e369ce3eee72423e9e86936a0082e9c5d1b,0xc7d8639ac21bb6d58c42f7964688e22bb8cf350d,24.9,1781554495531000,6
473859971,2026-06-15T20:16:39Z,1781554599000,0x79984a3b64650c31d4196ff43965ab395e675ca13b7c9f274020d6206bdfaed9,1,FinalizedWithdrawal,0xe5c7fe3a4ffca1590f26d74c8ba8b0db69557f7f4607a2a43f82e93041611978,0x2eee97c02fc74a21edbabdafe5026946a4467b7e,8.0,1781554364114000,6
473860258,2026-06-15T20:17:52Z,1781554672000,0xc934c34516a2a7a899f537b2433a5d0ba2ef501198387a8122da93d066a83016,0,RequestedWithdrawal,0xcc10abf54af5c0718b10b0156dfe1e369ce3eee72423e9e86936a0082e9c5d1b,0x20ae54cc2e13abf68d8aa6939ef4aff4a577dcc1,24.0,1781554651642000,6
473860258,2026-06-15T20:17:52Z,1781554672000,0xc934c34516a2a7a899f537b2433a5d0ba2ef501198387a8122da93d066a83016,1,RequestedWithdrawal,0xcc10abf54af5c0718b10b0156dfe1e369ce3eee72423e9e86936a0082e9c5d1b,0x33e8f959fd9b8024c9762f1f30bfd788f130dd6f,499.0,1781554652143000,6
473860457,2026-06-15T20:18:43Z,1781554723000,0x3db044a742ca98c93c53742c55ba7d729457f622c729554f2edc817432aa8f64,0,RequestedWithdrawal,0xcc10abf54af5c0718b10b0156dfe1e369ce3eee72423e9e86936a0082e9c5d1b,0x704a35ab579262d323228f07f3f6a67c10a4b777,389.0,1781554711578000,6
473860465,2026-06-15T20:18:45Z,1781554725000,0xf90c2a076626b66a663cf8fd026e625a623c65fb690f3724054b32a83f06ee98,1,FinalizedWithdrawal,0xe5c7fe3a4ffca1590f26d74c8ba8b0db69557f7f4607a2a43f82e93041611978,0xc7d8639ac21bb6d58c42f7964688e22bb8cf350d,24.9,1781554495531000,6
473860648,2026-06-15T20:19:30Z,1781554770000,0xe866691e822af4fb696add5e0dee940e746be6001e0922a9422ce9e0376dee0a,1,RequestedWithdrawal,0xcc10abf54af5c0718b10b0156dfe1e369ce3eee72423e9e86936a0082e9c5d1b,0xe25baf2e2b7c82e1ee1b2b8c0f1075ae236b418a,32.893006,1781554749316000,6
473860852,2026-06-15T20:20:21Z,1781554821000,0xdc3d25d65a1cd0b2224f8bb8240e8679d11849100064256c32fd38b15f59f90e,0,RequestedWithdrawal,0xcc10abf54af5c0718b10b0156dfe1e369ce3eee72423e9e86936a0082e9c5d1b,0x731a615d6c512e642f2d4204502b7a9ce5298b64,2801.016293,1781554816513000,6
473860852,2026-06-15T20:20:21Z,1781554821000,0xdc3d25d65a1cd0b2224f8bb8240e8679d11849100064256c32fd38b15f59f90e,1,RequestedWithdrawal,0xcc10abf54af5c0718b10b0156dfe1e369ce3eee72423e9e86936a0082e9c5d1b,0x84796b57eb22e8877d5e6100fbc7e003cde260d9,69.0,1781554813333000,6
473861153,2026-06-15T20:21:37Z,1781554897000,0x7bb579f70ab369bcae52e8c5c0b083f95748c714ad9119e33cce5af641959d39,0,RequestedWithdrawal,0xcc10abf54af5c0718b10b0156dfe1e369ce3eee72423e9e86936a0082e9c5d1b,0x48fd36230abf36cb67c5f4f79281fbce66ece057,2643.0,1781554881801000,6
473861159,2026-06-15T20:21:38Z,1781554898000,0xb5f97faba6cb7e94f06df2c983116cbfed82c4b9e2c320e2440ac8260053ae13,20,FinalizedWithdrawal,0xe5c7fe3a4ffca1590f26d74c8ba8b0db69557f7f4607a2a43f82e93041611978,0x20ae54cc2e13abf68d8aa6939ef4aff4a577dcc1,24.0,1781554651642000,6
473861159,2026-06-15T20:21:38Z,1781554898000,0xb5f97faba6cb7e94f06df2c983116cbfed82c4b9e2c320e2440ac8260053ae13,22,FinalizedWithdrawal,0xe5c7fe3a4ffca1590f26d74c8ba8b0db69557f7f4607a2a43f82e93041611978,0x33e8f959fd9b8024c9762f1f30bfd788f130dd6f,499.0,1781554652143000,6
473861348,2026-06-15T20:22:26Z,1781554946000,0xca51dab3d0883f9ac4bc6e9f10f41797579844e9a05bd6ac04cb875bc1565dba,3,FinalizedWithdrawal,0xe5c7fe3a4ffca1590f26d74c8ba8b0db69557f7f4607a2a43f82e93041611978,0x704a35ab579262d323228f07f3f6a67c10a4b777,389.0,1781554711578000,6
473861457,2026-06-15T20:22:53Z,1781554973000,0x3afca2e86ade5c7ddcf5042480656f7e5265608518531ef594b5e8a9570f553c,0,RequestedWithdrawal,0xcc10abf54af5c0718b10b0156dfe1e369ce3eee72423e9e86936a0082e9c5d1b,0x65164ec0a86fe527c51990d28ea46acc88eea771,72.69,1781554943292000,6
473861462,2026-06-15T20:22:54Z,1781554974000,0xb857351754223b52c4ef4a20659f19489829c4ecaf174cfdd71aee9973b7d9aa,1,FinalizedWithdrawal,0xe5c7fe3a4ffca1590f26d74c8ba8b0db69557f7f4607a2a43f82e93041611978,0xe25baf2e2b7c82e1ee1b2b8c0f1075ae236b418a,32.893006,1781554749316000,6
474454646,2026-06-17T13:54:24Z,1781704464000,0x6f0df0239e3346a9c91c325d8560e242b2fb8437f2a0987879d7f54e0b56a720,0,RequestedWithdrawal,0xcc10abf54af5c0718b10b0156dfe1e369ce3eee72423e9e86936a0082e9c5d1b,0xc519ceda3a7db5cf151163276a66fd084402c04f,687.77,1781704455796000,5
474454873,2026-06-17T13:55:20Z,1781704520000,0x9e2aab8b8251714b4b83762185e9fb13889e4e6f4e18534a9651ac46cae4c64a,32,RequestedWithdrawal,0xcc10abf54af5c0718b10b0156dfe1e369ce3eee72423e9e86936a0082e9c5d1b,0x633e110785796feb3eb2d393526d27eb97739eef,14.3678,1781704522661000,5
474454880,2026-06-17T13:55:22Z,1781704522000,0x19699c04135c1957a8180e1830906a1c571c11eea7ed6edecd833eb9104887f3,5,FinalizedWithdrawal,0xe5c7fe3a4ffca1590f26d74c8ba8b0db69557f7f4607a2a43f82e93041611978,0xecb63caa47c7c4e77f60f1ce858cf28dc2b82b00,6012731.0,1781704295142000,5
474454880,2026-06-17T13:55:22Z,1781704522000,0x19699c04135c1957a8180e1830906a1c571c11eea7ed6edecd833eb9104887f3,7,FinalizedWithdrawal,0xe5c7fe3a4ffca1590f26d74c8ba8b0db69557f7f4607a2a43f82e93041611978,0x51ff9ebbaf4d7aefcce9f6dc8d691aefa8e56815,78.0,1781704291590000,5
474454954,2026-06-17T13:55:41Z,1781704541000,0xbf9774ec01d1772b15f6a4e16815d703214d23e90eae705d0958e2f75d6ce2cc,54,RequestedWithdrawal,0xcc10abf54af5c0718b10b0156dfe1e369ce3eee72423e9e86936a0082e9c5d1b,0x0dea0871e545b4bba5ee3fd033e218356c3bf53e,99.0,1781704514291000,5
474454954,2026-06-17T13:55:41Z,1781704541000,0xbf9774ec01d1772b15f6a4e16815d703214d23e90eae705d0958e2f75d6ce2cc,55,RequestedWithdrawal,0xcc10abf54af5c0718b10b0156dfe1e369ce3eee72423e9e86936a0082e9c5d1b,0x2740ea1f3d2d5667d32f8f0189d5f1bd48c1c836,18.388831,1781704520876000,5
474454954,2026-06-17T13:55:41Z,1781704541000,0xbf9774ec01d1772b15f6a4e16815d703214d23e90eae705d0958e2f75d6ce2cc,56,RequestedWithdrawal,0xcc10abf54af5c0718b10b0156dfe1e369ce3eee72423e9e86936a0082e9c5d1b,0xb34ee5f241c615289fdcfc64c2758e3683b76e87,111.243287,1781704521407000,5
474454960,2026-06-17T13:55:42Z,1781704542000,0x649a5c6be305050ea1caecaad20443014baba7adbc21938b2fae7fdd865151ac,3,FinalizedWithdrawal,0xe5c7fe3a4ffca1590f26d74c8ba8b0db69557f7f4607a2a43f82e93041611978,0x9c3bea737ff964d295fa43ecc3b3d7b12c85aaf6,9.0,1781704300220000,5
474455069,2026-06-17T13:56:09Z,1781704569000,0xa5c85a41765bbd6c4ca1c2710a6564e9666c1ffea7183172a191e9ff51bca5ad,1,FinalizedWithdrawal,0xe5c7fe3a4ffca1590f26d74c8ba8b0db69557f7f4607a2a43f82e93041611978,0xf370c2c7fbf3ff5ba46378fc9203cb05af87866f,51.8,1781704333864000,5
474455185,2026-06-17T13:56:38Z,1781704598000,0x63275f56697d6d33aace3670b9296b339a3cccf7217d9e115c71ddc1a25d1aaa,5,RequestedWithdrawal,0xcc10abf54af5c0718b10b0156dfe1e369ce3eee72423e9e86936a0082e9c5d1b,0x5a66c51281a82ba4ed5e85cb3a90c2c73cb894fd,31.261265,1781704601801000,5
474455352,2026-06-17T13:57:19Z,1781704639000,0x27257b10b6f4a1be4cc6f1330022f41451eb82df83f28d0b42cf2fde01fe2efc,27,RequestedWithdrawal,0xcc10abf54af5c0718b10b0156dfe1e369ce3eee72423e9e86936a0082e9c5d1b,0x10a8f7ba1f8b5fb594c241c168bd5b0f453c9f59,9.0,1781704624277000,5
474455545,2026-06-17T13:58:08Z,1781704688000,0x7f43bdcf90ab74dfe8ced3c3c401e4f403bc820a3fe2137ecf92f7008ebde653,25,FinalizedWithdrawal,0xe5c7fe3a4ffca1590f26d74c8ba8b0db69557f7f4607a2a43f82e93041611978,0xc519ceda3a7db5cf151163276a66fd084402c04f,687.77,1781704455796000,5
474455620,2026-06-17T13:58:27Z,1781704707000,0xb8a09e73d5fbde435a8c3e6ae07383d4027c9626064f0d97ed25d0423a15a6a3,0,RequestedWithdrawal,0xcc10abf54af5c0718b10b0156dfe1e369ce3eee72423e9e86936a0082e9c5d1b,0x74843fcb23dcf9dfcc87da45397d92d6afbf74d3,88.545,1781704693269000,5
474455718,2026-06-17T13:58:51Z,1781704731000,0x22af6d4fc1f5af2654e97eb800df8ab44c75d0148e13903bc0b12f7819658ade,3,FinalizedWithdrawal,0xe5c7fe3a4ffca1590f26d74c8ba8b0db69557f7f4607a2a43f82e93041611978,0x633e110785796feb3eb2d393526d27eb97739eef,14.3678,1781704522661000,5
474455827,2026-06-17T13:59:19Z,1781704759000,0x0c4d85905eede97b2309071b027977503f13ef018a8465caeaa5febebc741875,56,FinalizedWithdrawal,0xe5c7fe3a4ffca1590f26d74c8ba8b0db69557f7f4607a2a43f82e93041611978,0xb34ee5f241c615289fdcfc64c2758e3683b76e87,111.243287,1781704521407000,5
474455827,2026-06-17T13:59:19Z,1781704759000,0x0c4d85905eede97b2309071b027977503f13ef018a8465caeaa5febebc741875,58,FinalizedWithdrawal,0xe5c7fe3a4ffca1590f26d74c8ba8b0db69557f7f4607a2a43f82e93041611978,0x2740ea1f3d2d5667d32f8f0189d5f1bd48c1c836,18.388831,1781704520876000,5
474455827,2026-06-17T13:59:19Z,1781704759000,0x0c4d85905eede97b2309071b027977503f13ef018a8465caeaa5febebc741875,60,FinalizedWithdrawal,0xe5c7fe3a4ffca1590f26d74c8ba8b0db69557f7f4607a2a43f82e93041611978,0x0dea0871e545b4bba5ee3fd033e218356c3bf53e,99.0,1781704514291000,5
474456004,2026-06-17T14:00:03Z,1781704803000,0xcff382a67429910897f669de9822a416728825063ad19fd502413601be070abe,2,FinalizedWithdrawal,0xe5c7fe3a4ffca1590f26d74c8ba8b0db69557f7f4607a2a43f82e93041611978,0x5a66c51281a82ba4ed5e85cb3a90c2c73cb894fd,31.261265,1781704601801000,5
474456080,2026-06-17T14:00:22Z,1781704822000,0xd4858fc63c31cc87db4b16d40e94cf2d114d98fcc4bed1a49a504c3575a03894,3,RequestedWithdrawal,0xcc10abf54af5c0718b10b0156dfe1e369ce3eee72423e9e86936a0082e9c5d1b,0xd6db8b6b271e1144b4d80e1296f8a6366b010e70,17599.671753,1781704802654000,5
474456190,2026-06-17T14:00:49Z,1781704849000,0xf445cc68cf7141ce87c258a98c73965d4323f09ba8961004697e1ff4eeb78f46,0,RequestedWithdrawal,0xcc10abf54af5c0718b10b0156dfe1e369ce3eee72423e9e86936a0082e9c5d1b,0xbe2a75d0c0319044c704d443503f071609363012,3.367723,1781704830487000,5
474456198,2026-06-17T14:00:51Z,1781704851000,0xb78da7ac717cec9a80b5677922bca3a7984c54a4a8c6ca9b6c5270e72d3578b3,8,FinalizedWithdrawal,0xe5c7fe3a4ffca1590f26d74c8ba8b0db69557f7f4607a2a43f82e93041611978,0x10a8f7ba1f8b5fb594c241c168bd5b0f453c9f59,9.0,1781704624277000,5
474456455,2026-06-17T14:01:56Z,1781704916000,0x8338e6cfccbb7fd05e1e3fee0e3bcf3b21e9569768931d4d80c4ab6d099dd92d,0,RequestedWithdrawal,0xcc10abf54af5c0718b10b0156dfe1e369ce3eee72423e9e86936a0082e9c5d1b,0x373684fcb727f19c29b933de77ec171ab1176d85,97.5,1781704909134000,5
474456465,2026-06-17T14:01:58Z,1781704918000,0xf612bcc905d50a9bf6fe025fd9f3fa9b30aac0426eb4f4a4e716f4233a512abd,14,FinalizedWithdrawal,0xe5c7fe3a4ffca1590f26d74c8ba8b0db69557f7f4607a2a43f82e93041611978,0x74843fcb23dcf9dfcc87da45397d92d6afbf74d3,88.545,1781704693269000,5
474456866,2026-06-17T14:03:37Z,1781705017000,0xc30b0514c88d9e48e1e7f8b37bb1afc8b4d7f3f0a70b94e5413efe6a8bec5db2,9,RequestedWithdrawal,0xcc10abf54af5c0718b10b0156dfe1e369ce3eee72423e9e86936a0082e9c5d1b,0x0e30e0b24da486f5f52cf4abed46c3f2f94dae90,499.0,1781705003104000,5
474456866,2026-06-17T14:03:37Z,1781705017000,0xc30b0514c88d9e48e1e7f8b37bb1afc8b4d7f3f0a70b94e5413efe6a8bec5db2,10,RequestedWithdrawal,0xcc10abf54af5c0718b10b0156dfe1e369ce3eee72423e9e86936a0082e9c5d1b,0x7725a7f2bb0e1c448d6fe361d53c840486ec6557,2437.0,1781704994533000,5
474456967,2026-06-17T14:04:03Z,1781705043000,0xefe43c0e87f337dc5f6543f6e812bc317bc4a8637c652283347d51c70dbf6704,31,RequestedWithdrawal,0xcc10abf54af5c0718b10b0156dfe1e369ce3eee72423e9e86936a0082e9c5d1b,0x1dc7294a28ac91761b2f2cd05a679fd39afedba2,16.8,1781705035919000,5
474456967,2026-06-17T14:04:03Z,1781705043000,0xefe43c0e87f337dc5f6543f6e812bc317bc4a8637c652283347d51c70dbf6704,32,RequestedWithdrawal,0xcc10abf54af5c0718b10b0156dfe1e369ce3eee72423e9e86936a0082e9c5d1b,0x4bf1a9574540de3b3f488f57566e0d7b69067c18,32.44,1781705011949000,5
474456971,2026-06-17T14:04:04Z,1781705044000,0x68596ee20d5341264fb5b134694e09c26f15dae69567b1ef487c56b24ad9a77f,6,FinalizedWithdrawal,0xe5c7fe3a4ffca1590f26d74c8ba8b0db69557f7f4607a2a43f82e93041611978,0xd6db8b6b271e1144b4d80e1296f8a6366b010e70,17599.671753,1781704802654000,5
474457052,2026-06-17T14:04:24Z,1781705064000,0xfb4f7f9938b48296d0d12376c752fb3d39c7010726a9c70c9fab909c31b02921,6,RequestedWithdrawal,0xcc10abf54af5c0718b10b0156dfe1e369ce3eee72423e9e86936a0082e9c5d1b,0x60b8452eb4ae7d66bbf3a176e6b3e7a60f6c0451,99.0,1781705056728000,5
474457057,2026-06-17T14:04:25Z,1781705065000,0x3bb52ab67c95712346e661a997f7d92145f7f25909026ba11fbb0f39830ab4d5,1,FinalizedWithdrawal,0xe5c7fe3a4ffca1590f26d74c8ba8b0db69557f7f4607a2a43f82e93041611978,0xbe2a75d0c0319044c704d443503f071609363012,3.367723,1781704830487000,5
474457162,2026-06-17T14:04:51Z,1781705091000,0x551e4ec5dae607cde5ca53febf22827cbf2722d60573b35c5805b1b5baf76788,0,RequestedWithdrawal,0xcc10abf54af5c0718b10b0156dfe1e369ce3eee72423e9e86936a0082e9c5d1b,0x0c571f762c662b75233077ea3421be080c4f960f,11.75,1781705079035000,5
474457278,2026-06-17T14:05:21Z,1781705121000,0xf32d37f1d666d4de438d911ccbd13de5b0b59fb3c0da4608fd79a8e3d8312b97,6,RequestedWithdrawal,0xcc10abf54af5c0718b10b0156dfe1e369ce3eee72423e9e86936a0082e9c5d1b,0xb0a82840c4d7f953a2c825596b2d525a54bfe182,372.819611,1781705114128000,5
474457278,2026-06-17T14:05:21Z,1781705121000,0xf32d37f1d666d4de438d911ccbd13de5b0b59fb3c0da4608fd79a8e3d8312b97,7,RequestedWithdrawal,0xcc10abf54af5c0718b10b0156dfe1e369ce3eee72423e9e86936a0082e9c5d1b,0xd9cb35d626283c1ca5153129401a5c071d430e9e,49.0,1781705012660000,5
474457278,2026-06-17T14:05:21Z,1781705121000,0xf32d37f1d666d4de438d911ccbd13de5b0b59fb3c0da4608fd79a8e3d8312b97,8,RequestedWithdrawal,0xcc10abf54af5c0718b10b0156dfe1e369ce3eee72423e9e86936a0082e9c5d1b,0xf24ad422010b4b0f1086cfe2c0b93d24ce515b3c,44.0,1781705106398000,5
474457286,2026-06-17T14:05:23Z,1781705123000,0x7ace69d09bae5b76a68421e5595c1830674e362703fb5282c80c0853d05be079,4,FinalizedWithdrawal,0xe5c7fe3a4ffca1590f26d74c8ba8b0db69557f7f4607a2a43f82e93041611978,0x373684fcb727f19c29b933de77ec171ab1176d85,97.5,1781704909134000,5
474457367,2026-06-17T14:05:43Z,1781705143000,0x2daeb7365749eb954552a33a9b9940e7b5d69604e91a6261ceff7b557cc570b5,12,RequestedWithdrawal,0xcc10abf54af5c0718b10b0156dfe1e369ce3eee72423e9e86936a0082e9c5d1b,0xadc16c3755b425204dc1705d96e73138139d969b,14.282,1781705132665000,5
474457666,2026-06-17T14:06:58Z,1781705218000,0xc270cfba343eaf24ee382f6e6c9bea7c34390b3b103dd3a8321853880a1ba3e2,3,RequestedWithdrawal,0xcc10abf54af5c0718b10b0156dfe1e369ce3eee72423e9e86936a0082e9c5d1b,0xc9f204f1852ecb1b56674ac9d6b69c80bcec70a3,30.4928,1781705209847000,5
474457670,2026-06-17T14:06:59Z,1781705219000,0xc1f82e0bf7ab6982a0ae59a21c370499630051be59d53e44dd6e74b010bcbfca,54,FinalizedWithdrawal,0xe5c7fe3a4ffca1590f26d74c8ba8b0db69557f7f4607a2a43f82e93041611978,0x7725a7f2bb0e1c448d6fe361d53c840486ec6557,2437.0,1781704994533000,5
474457670,2026-06-17T14:06:59Z,1781705219000,0xc1f82e0bf7ab6982a0ae59a21c370499630051be59d53e44dd6e74b010bcbfca,56,FinalizedWithdrawal,0xe5c7fe3a4ffca1590f26d74c8ba8b0db69557f7f4607a2a43f82e93041611978,0x0e30e0b24da486f5f52cf4abed46c3f2f94dae90,499.0,1781705003104000,5
474457837,2026-06-17T14:07:41Z,1781705261000,0x8e443573d9d043aa9c7564aa3b3b5f74427501fca7207b778d9a7b42f28fdfd1,2,FinalizedWithdrawal,0xe5c7fe3a4ffca1590f26d74c8ba8b0db69557f7f4607a2a43f82e93041611978,0x1dc7294a28ac91761b2f2cd05a679fd39afedba2,16.8,1781705035919000,5
474457837,2026-06-17T14:07:41Z,1781705261000,0x8e443573d9d043aa9c7564aa3b3b5f74427501fca7207b778d9a7b42f28fdfd1,4,FinalizedWithdrawal,0xe5c7fe3a4ffca1590f26d74c8ba8b0db69557f7f4607a2a43f82e93041611978,0x4bf1a9574540de3b3f488f57566e0d7b69067c18,32.44,1781705011949000,5
474457943,2026-06-17T14:08:07Z,1781705287000,0x9203aaa621070580a50449967cbd3bbdc43b889a29280447fac149aeb2da2558,3,RequestedWithdrawal,0xcc10abf54af5c0718b10b0156dfe1e369ce3eee72423e9e86936a0082e9c5d1b,0x3d700b4f6e5f2827596deeb5ff43cf8508575d14,71.0,1781705271436000,5
474457943,2026-06-17T14:08:07Z,1781705287000,0x9203aaa621070580a50449967cbd3bbdc43b889a29280447fac149aeb2da2558,4,RequestedWithdrawal,0xcc10abf54af5c0718b10b0156dfe1e369ce3eee72423e9e86936a0082e9c5d1b,0x9a3adeb74b582befae16758af58027e9a96e477b,26.778,1781705290890000,5
474457951,2026-06-17T14:08:09Z,1781705289000,0xe1569f55203bcb8966ace972159f4bfcedfa6f903b91a9443549d64a280f8290,84,FinalizedWithdrawal,0xe5c7fe3a4ffca1590f26d74c8ba8b0db69557f7f4607a2a43f82e93041611978,0x60b8452eb4ae7d66bbf3a176e6b3e7a60f6c0451,99.0,1781705056728000,5
474458053,2026-06-17T14:08:35Z,1781705315000,0x9eec22a425a5f78950e4950e9c50cb9ea8c5101433876ed178e0cfb900237359,10,FinalizedWithdrawal,0xe5c7fe3a4ffca1590f26d74c8ba8b0db69557f7f4607a2a43f82e93041611978,0x0c571f762c662b75233077ea3421be080c4f960f,11.75,1781705079035000,5
474458159,2026-06-17T14:09:00Z,1781705340000,0xd781e9c45b59b53fd4ef574b4b6e17924825ae5d1bf454f8bf5e0cd6ca2976a2,5,FinalizedWithdrawal,0xe5c7fe3a4ffca1590f26d74c8ba8b0db69557f7f4607a2a43f82e93041611978,0xf24ad422010b4b0f1086cfe2c0b93d24ce515b3c,44.0,1781705106398000,5
474458159,2026-06-17T14:09:00Z,1781705340000,0xd781e9c45b59b53fd4ef574b4b6e17924825ae5d1bf454f8bf5e0cd6ca2976a2,7,FinalizedWithdrawal,0xe5c7fe3a4ffca1590f26d74c8ba8b0db69557f7f4607a2a43f82e93041611978,0xd9cb35d626283c1ca5153129401a5c071d430e9e,49.0,1781705012660000,5
474458159,2026-06-17T14:09:00Z,1781705340000,0xd781e9c45b59b53fd4ef574b4b6e17924825ae5d1bf454f8bf5e0cd6ca2976a2,9,FinalizedWithdrawal,0xe5c7fe3a4ffca1590f26d74c8ba8b0db69557f7f4607a2a43f82e93041611978,0xb0a82840c4d7f953a2c825596b2d525a54bfe182,372.819611,1781705114128000,5
474458255,2026-06-17T14:09:24Z,1781705364000,0x15e9fa57948be47168110c6bafbb54cdf1f02cabd0822d3b3a813d64270ab696,100,FinalizedWithdrawal,0xe5c7fe3a4ffca1590f26d74c8ba8b0db69557f7f4607a2a43f82e93041611978,0xadc16c3755b425204dc1705d96e73138139d969b,14.282,1781705132665000,5
474458471,2026-06-17T14:10:18Z,1781705418000,0xa500dee0aa2d5952add14e6bad09213be98418525298814f529474daf023e12b,5,RequestedWithdrawal,0xcc10abf54af5c0718b10b0156dfe1e369ce3eee72423e9e86936a0082e9c5d1b,0x7725a7f2bb0e1c448d6fe361d53c840486ec6557,121.0,1781705378456000,5
474458599,2026-06-17T14:10:50Z,1781705450000,0x447149a321584cf09a8dd8e97aa658341049f6b6775aca3405df4b1dc1044b19,9,FinalizedWithdrawal,0xe5c7fe3a4ffca1590f26d74c8ba8b0db69557f7f4607a2a43f82e93041611978,0xc9f204f1852ecb1b56674ac9d6b69c80bcec70a3,30.4928,1781705209847000,5
474458786,2026-06-17T14:11:37Z,1781705497000,0xd62b1092085903a1fd5c3cbb327b0d335e67944dc4835843f72dc267f60fb2fe,0,RequestedWithdrawal,0xcc10abf54af5c0718b10b0156dfe1e369ce3eee72423e9e86936a0082e9c5d1b,0x81952b5a95edb3041b0d7e2e74703894901a7f15,656.512369,1781705486798000,5
474458791,2026-06-17T14:11:39Z,1781705499000,0x27e6158a2f0b693a6d57b34f43ccc7fbf419b02d320fefed7ea2c21b18965c7b,3,FinalizedWithdrawal,0xe5c7fe3a4ffca1590f26d74c8ba8b0db69557f7f4607a2a43f82e93041611978,0x3d700b4f6e5f2827596deeb5ff43cf8508575d14,71.0,1781705271436000,5
474458791,2026-06-17T14:11:39Z,1781705499000,0x27e6158a2f0b693a6d57b34f43ccc7fbf419b02d320fefed7ea2c21b18965c7b,5,FinalizedWithdrawal,0xe5c7fe3a4ffca1590f26d74c8ba8b0db69557f7f4607a2a43f82e93041611978,0x9a3adeb74b582befae16758af58027e9a96e477b,26.778,1781705290890000,5
474458884,2026-06-17T14:12:02Z,1781705522000,0xcf5cf7f48aa9f267a7f69b429955d2017547c3d9852d6d01d88fd9899031f4be,1,RequestedWithdrawal,0xcc10abf54af5c0718b10b0156dfe1e369ce3eee72423e9e86936a0082e9c5d1b,0x6d45becbd7c35d46cee4377e8f50f08df546dc58,1140.192666,1781705514315000,5
474459173,2026-06-17T14:13:14Z,1781705594000,0x9dfe420c8e2ea08a1fda2b7a25a0b0a9072c1c6e3e282d742e03acf1b1b13eb4,0,RequestedWithdrawal,0xcc10abf54af5c0718b10b0156dfe1e369ce3eee72423e9e86936a0082e9c5d1b,0xd575c143fe366d59f4f404246cf5cbb1d9ca86a7,227.7,1781705590192000,5
474459253,2026-06-17T14:13:34Z,1781705614000,0x129cab8695535ab5918bea7f9918bfd4f33be7ab96282f4534b9d3404a759674,10,RequestedWithdrawal,0xcc10abf54af5c0718b10b0156dfe1e369ce3eee72423e9e86936a0082e9c5d1b,0xaf1e9a552b01e4b0ab916c03177b5329f7f82504,135.83,1781705594717000,5
474459253,2026-06-17T14:13:34Z,1781705614000,0x129cab8695535ab5918bea7f9918bfd4f33be7ab96282f4534b9d3404a759674,11,RequestedWithdrawal,0xcc10abf54af5c0718b10b0156dfe1e369ce3eee72423e9e86936a0082e9c5d1b,0xb73135f17550c62efe18a4f1d957581a79a98e60,67173.903058,1781705596994000,5
474459360,2026-06-17T14:14:01Z,1781705641000,0xcd6928673fdcba10a2bf510b6bad488e6df170a789d7b6a47b7ee684374d5118,31,FinalizedWithdrawal,0xe5c7fe3a4ffca1590f26d74c8ba8b0db69557f7f4607a2a43f82e93041611978,0x7725a7f2bb0e1c448d6fe361d53c840486ec6557,121.0,1781705378456000,5
474459467,2026-06-17T14:14:28Z,1781705668000,0xe2de2d6e5a78aaeb3ce35005fe48e83c99488400b0a8c381286e4fdbe50b3af5,14,RequestedWithdrawal,0xcc10abf54af5c0718b10b0156dfe1e369ce3eee72423e9e86936a0082e9c5d1b,0xdedcee31f1ec6e9d1ccd9da6f363dfa2aecea75d,30.342769,1781705654161000,5
474459467,2026-06-17T14:14:28Z,1781705668000,0xe2de2d6e5a78aaeb3ce35005fe48e83c99488400b0a8c381286e4fdbe50b3af5,15,RequestedWithdrawal,0xcc10abf54af5c0718b10b0156dfe1e369ce3eee72423e9e86936a0082e9c5d1b,0xfcf23c6e0dfda3ce89cefb93d852ef9cbd192e25,41869.720573,1781705660959000,5
474459642,2026-06-17T14:15:10Z,1781705710000,0xea285ccb4b068db3682bc252084b1a920b1ba89811dd7f2aa6606738f7023c4d,9,RequestedWithdrawal,0xcc10abf54af5c0718b10b0156dfe1e369ce3eee72423e9e86936a0082e9c5d1b,0xd9cb35d626283c1ca5153129401a5c071d430e9e,1999.0,1781705593481000,5
474459647,2026-06-17T14:15:12Z,1781705712000,0x48c834deaf2aeeb4d72597ee2e479db87a418bfed4193a053c744ca7b77536b7,1,FinalizedWithdrawal,0xe5c7fe3a4ffca1590f26d74c8ba8b0db69557f7f4607a2a43f82e93041611978,0x81952b5a95edb3041b0d7e2e74703894901a7f15,656.512369,1781705486798000,5
474459731,2026-06-17T14:15:33Z,1781705733000,0x333aa5b3858477038c191eec386179c1fc4217468e3a0c0b8f440717ba462d74,39,RequestedWithdrawal,0xcc10abf54af5c0718b10b0156dfe1e369ce3eee72423e9e86936a0082e9c5d1b,0x24188ea98a2e0c83daaef62db6c666e0b3cce2d8,2999.0,1781705706749000,5
474459738,2026-06-17T14:15:34Z,1781705734000,0x1fa1943e7c3a21f6899c2654a0c1abd46c9e53473f2d67f18ca9f558c4e4ef58,4,FinalizedWithdrawal,0xe5c7fe3a4ffca1590f26d74c8ba8b0db69557f7f4607a2a43f82e93041611978,0x6d45becbd7c35d46cee4377e8f50f08df546dc58,1140.192666,1781705514315000,5
474460013,2026-06-17T14:16:43Z,1781705803000,0x67f0638800c1ecc26d9c5b5dd7c5402e520522513be9785fc4aa0dc763c0ce08,0,RequestedWithdrawal,0xcc10abf54af5c0718b10b0156dfe1e369ce3eee72423e9e86936a0082e9c5d1b,0x692b96621be149f4654b584ff3cfb6ff960e6833,209.67,1781705789598000,5
474460017,2026-06-17T14:16:44Z,1781705804000,0xccd56975b0efca63e35f13d06dd5fdfe1b85ac366caf022cf12e3857b17228d1,11,FinalizedWithdrawal,0xe5c7fe3a4ffca1590f26d74c8ba8b0db69557f7f4607a2a43f82e93041611978,0xd575c143fe366d59f4f404246cf5cbb1d9ca86a7,227.7,1781705590192000,5
474460125,2026-06-17T14:17:11Z,1781705831000,0xb340904061033f5bcba455e542728be81afe7837d8d652df5782230ff6f04d02,1,FinalizedWithdrawal,0xe5c7fe3a4ffca1590f26d74c8ba8b0db69557f7f4607a2a43f82e93041611978,0xaf1e9a552b01e4b0ab916c03177b5329f7f82504,135.83,1781705594717000,5
474460125,2026-06-17T14:17:11Z,1781705831000,0xb340904061033f5bcba455e542728be81afe7837d8d652df5782230ff6f04d02,3,FinalizedWithdrawal,0xe5c7fe3a4ffca1590f26d74c8ba8b0db69557f7f4607a2a43f82e93041611978,0xb73135f17550c62efe18a4f1d957581a79a98e60,67173.903058,1781705596994000,5
474460340,2026-06-17T14:18:05Z,1781705885000,0x32d69476a9b5d5bf038715324f42f7306a51b099fadb6ff4fd3542303fe80f1e,9,FinalizedWithdrawal,0xe5c7fe3a4ffca1590f26d74c8ba8b0db69557f7f4607a2a43f82e93041611978,0xdedcee31f1ec6e9d1ccd9da6f363dfa2aecea75d,30.342769,1781705654161000,5
474460340,2026-06-17T14:18:05Z,1781705885000,0x32d69476a9b5d5bf038715324f42f7306a51b099fadb6ff4fd3542303fe80f1e,11,FinalizedWithdrawal,0xe5c7fe3a4ffca1590f26d74c8ba8b0db69557f7f4607a2a43f82e93041611978,0xfcf23c6e0dfda3ce89cefb93d852ef9cbd192e25,41869.720573,1781705660959000,5
474460533,2026-06-17T14:18:54Z,1781705934000,0xa923acf8c8b01b343961019b937fef98cb504cd0de8a109f607c77fd290d1948,1,FinalizedWithdrawal,0xe5c7fe3a4ffca1590f26d74c8ba8b0db69557f7f4607a2a43f82e93041611978,0xd9cb35d626283c1ca5153129401a5c071d430e9e,1999.0,1781705593481000,5
474460649,2026-06-17T14:19:23Z,1781705963000,0xb4358248bf27e02d32cb5e5780f77d9f230fb557df0f11793be8cb7a2dc84b74,6,RequestedWithdrawal,0xcc10abf54af5c0718b10b0156dfe1e369ce3eee72423e9e86936a0082e9c5d1b,0xea869669210a69b035b382e0f2a498b87dc6a45c,464.0,1781705947447000,5
474460655,2026-06-17T14:19:24Z,1781705964000,0x419e4aec271080d7907ddfbbe58a79678408c8d4be372e9b0102855c225a8306,7,FinalizedWithdrawal,0xe5c7fe3a4ffca1590f26d74c8ba8b0db69557f7f4607a2a43f82e93041611978,0x24188ea98a2e0c83daaef62db6c666e0b3cce2d8,2999.0,1781705706749000,5
474460878,2026-06-17T14:20:20Z,1781706020000,0x73b57123f9bc8edeeb40f40788dccc63a1936dbdcb02735f0dcfddf8597eb8ea,11,RequestedWithdrawal,0xcc10abf54af5c0718b10b0156dfe1e369ce3eee72423e9e86936a0082e9c5d1b,0xe391d2bc065d88eda0615989f5d563ff870ab2e8,99.0,1781705990986000,5
474460885,2026-06-17T14:20:22Z,1781706022000,0xd854e90aff63ad7c5fa36169ec20eb15f1fe50482f46c23f9337a21b41fc5dfa,2,FinalizedWithdrawal,0xe5c7fe3a4ffca1590f26d74c8ba8b0db69557f7f4607a2a43f82e93041611978,0x692b96621be149f4654b584ff3cfb6ff960e6833,209.67,1781705789598000,5
474461505,2026-06-17T14:22:55Z,1781706175000,0xab880377409c1a333b2562d0543319f76e25baf70c95c7a8a3e957fd0619689b,18,RequestedWithdrawal,0xcc10abf54af5c0718b10b0156dfe1e369ce3eee72423e9e86936a0082e9c5d1b,0x7725a7f2bb0e1c448d6fe361d53c840486ec6557,511.0,1781706148593000,5
474461505,2026-06-17T14:22:55Z,1781706175000,0xab880377409c1a333b2562d0543319f76e25baf70c95c7a8a3e957fd0619689b,19,RequestedWithdrawal,0xcc10abf54af5c0718b10b0156dfe1e369ce3eee72423e9e86936a0082e9c5d1b,0xa89a6cce197a247f6c85b4c88bbf7bc298ab7759,15.98,1781706166169000,5
474461511,2026-06-17T14:22:56Z,1781706176000,0x2e03125600b0bc2a86cc978674a5647abcaf1b6dd8e7f3258cd977a7570a6130,2,FinalizedWithdrawal,0xe5c7fe3a4ffca1590f26d74c8ba8b0db69557f7f4607a2a43f82e93041611978,0xea869669210a69b035b382e0f2a498b87dc6a45c,464.0,1781705947447000,5
474461590,2026-06-17T14:23:16Z,1781706196000,0x87a1a950b475aab6863734c6ab6c69a9f72e59eaa6478d2771a70021af0eca00,19,RequestedWithdrawal,0xcc10abf54af5c0718b10b0156dfe1e369ce3eee72423e9e86936a0082e9c5d1b,0xd9cb35d626283c1ca5153129401a5c071d430e9e,4999.0,1781706092565000,5
474461697,2026-06-17T14:23:43Z,1781706223000,0xd1f85e468e081620bf5a2585c27b3bf1533a415bd2e2e467e594d17634b8aae0,16,RequestedWithdrawal,0xcc10abf54af5c0718b10b0156dfe1e369ce3eee72423e9e86936a0082e9c5d1b,0xb7c3aefcd8098a770eb1a5f92a198c8ed982d6a6,5.41,1781706212021000,5
474461706,2026-06-17T14:23:45Z,1781706225000,0x7ffd0a0cad4ed53ae842fb63d4cdd7bd5c84b3d6440653cc7ccc0aca8661a4eb,1,FinalizedWithdrawal,0xe5c7fe3a4ffca1590f26d74c8ba8b0db69557f7f4607a2a43f82e93041611978,0xe391d2bc065d88eda0615989f5d563ff870ab2e8,99.0,1781705990986000,5
474462099,2026-06-17T14:25:24Z,1781706324000,0xb6448c0ecd2c473cffd6d4a7d8420eb4da81ba7fa7a3defd96269b90a2157e35,0,RequestedWithdrawal,0xcc10abf54af5c0718b10b0156dfe1e369ce3eee72423e9e86936a0082e9c5d1b,0xf032648dfd22c4d81588bd83e09ab89cfe816705,11278.898313,1781706305364000,5
474462264,2026-06-17T14:26:05Z,1781706365000,0x35b4684228e4e897d5356f29963643ea6a1b8d0d71d0bd776cfa0dd26a4ba5b2,32,RequestedWithdrawal,0xcc10abf54af5c0718b10b0156dfe1e369ce3eee72423e9e86936a0082e9c5d1b,0xd3caf9adf09820f89c371cff5b85242f98dad285,31.003,1781706358573000,5
474462365,2026-06-17T14:26:30Z,1781706390000,0x32f5dbc8e47005b363af04111231d2eec34ab058dd64cf9403a8eabfea431d38,3,FinalizedWithdrawal,0xe5c7fe3a4ffca1590f26d74c8ba8b0db69557f7f4607a2a43f82e93041611978,0x7725a7f2bb0e1c448d6fe361d53c840486ec6557,511.0,1781706148593000,5
474462365,2026-06-17T14:26:30Z,1781706390000,0x32f5dbc8e47005b363af04111231d2eec34ab058dd64cf9403a8eabfea431d38,5,FinalizedWithdrawal,0xe5c7fe3a4ffca1590f26d74c8ba8b0db69557f7f4607a2a43f82e93041611978,0xa89a6cce197a247f6c85b4c88bbf7bc298ab7759,15.98,1781706166169000,5
474462468,2026-06-17T14:26:56Z,1781706416000,0x9d5d6dcd7966429ac8b5919bc96b048b5148a2be88e021939c9cc67115b6a745,0,RequestedWithdrawal,0xcc10abf54af5c0718b10b0156dfe1e369ce3eee72423e9e86936a0082e9c5d1b,0xc5dc5b05464e7ae7d85f6f75720088dcfa919fad,2.75,1781706389105000,5
474462473,2026-06-17T14:26:57Z,1781706417000,0x1b314a977845031aceef3a0de3fdfeaf8b9e4be6a62e69491fccda3a98995ede,1,FinalizedWithdrawal,0xe5c7fe3a4ffca1590f26d74c8ba8b0db69557f7f4607a2a43f82e93041611978,0xd9cb35d626283c1ca5153129401a5c071d430e9e,4999.0,1781706092565000,5
474462560,2026-06-17T14:27:19Z,1781706439000,0xc7389ee87dbf99997a24ce21c104df9e0ffad8ca36fb5b069e003fba75a4763c,1,FinalizedWithdrawal,0xe5c7fe3a4ffca1590f26d74c8ba8b0db69557f7f4607a2a43f82e93041611978,0xb7c3aefcd8098a770eb1a5f92a198c8ed982d6a6,5.41,1781706212021000,5
474462741,2026-06-17T14:28:02Z,1781706482000,0x3ef6740b1628c7aa86cf5f10c3b079dbdd4b770e1f47bd67a3577a33204c8207,0,RequestedWithdrawal,0xcc10abf54af5c0718b10b0156dfe1e369ce3eee72423e9e86936a0082e9c5d1b,0x3b0bab396aea134b3d9cacd124b06faa1fb4a0fa,31.852384,1781706475057000,5
474462945,2026-06-17T14:28:54Z,1781706534000,0x945dfc211c350ce400de18a4c6f6c190cdeac50c3e804ec200926ab147b2e32f,6,RequestedWithdrawal,0xcc10abf54af5c0718b10b0156dfe1e369ce3eee72423e9e86936a0082e9c5d1b,0xe97d1aa69b6186c142fa5500f1bd93cceaffadd6,49.0,1781706525108000,5
474462950,2026-06-17T14:28:55Z,1781706535000,0xf4cd6ac4d8ebe9bc66a992f07c02be441b771e4fa48bae759ac44fa5c8ed6229,1,FinalizedWithdrawal,0xe5c7fe3a4ffca1590f26d74c8ba8b0db69557f7f4607a2a43f82e93041611978,0xf032648dfd22c4d81588bd83e09ab89cfe816705,11278.898313,1781706305364000,5
474463143,2026-06-17T14:29:43Z,1781706583000,0xe42540a28d00ba80e66906f07118794200d4ebd0ab5cf653c7448a60df7d281a,3,RequestedWithdrawal,0xcc10abf54af5c0718b10b0156dfe1e369ce3eee72423e9e86936a0082e9c5d1b,0x94e0f4088aac20713e78972247de7d906c7a9835,35.0,1781706565959000,5
474463146,2026-06-17T14:29:44Z,1781706584000,0xc297e032640be090a54d7ced78bc649af70af95526b423aa52d6c4e10d00a46d,7,FinalizedWithdrawal,0xe5c7fe3a4ffca1590f26d74c8ba8b0db69557f7f4607a2a43f82e93041611978,0xd3caf9adf09820f89c371cff5b85242f98dad285,31.003,1781706358573000,5
474463225,2026-06-17T14:30:04Z,1781706604000,0x37518bf5ccd32ad59d49dc51604c1bab0ef6901e41a3c62d67920e049f30cfed,2,RequestedWithdrawal,0xcc10abf54af5c0718b10b0156dfe1e369ce3eee72423e9e86936a0082e9c5d1b,0x7523391d8df8906471696dae01773680aec24e71,18.404751,1781706578021000,5
474463306,2026-06-17T14:30:24Z,1781706624000,0xff6a72cee27fc6d3c34363eb203696fa914909936451aea1414a509de40a7851,0,RequestedWithdrawal,0xcc10abf54af5c0718b10b0156dfe1e369ce3eee72423e9e86936a0082e9c5d1b,0x956851b5f1f93e8d9c93542ac9b57f690722623e,1686.07,1781706608686000,5
474463313,2026-06-17T14:30:26Z,1781706626000,0x0b7afd29cd02fdd42ce98a9680b3916c42da3faaf87f7862b17080ed413ab84c,2,FinalizedWithdrawal,0xe5c7fe3a4ffca1590f26d74c8ba8b0db69557f7f4607a2a43f82e93041611978,0xc5dc5b05464e7ae7d85f6f75720088dcfa919fad,2.75,1781706389105000,5
474463606,2026-06-17T14:31:40Z,1781706700000,0x6e84a5e1b7245e6430d26e806b4efa387137403a49062f1c385e23c057fb9d1a,0,RequestedWithdrawal,0xcc10abf54af5c0718b10b0156dfe1e369ce3eee72423e9e86936a0082e9c5d1b,0x83dbc7524ece5a0ce2c8233c93745d6c58cdf50b,304999.0,1781706676022000,5
474463614,2026-06-17T14:31:42Z,1781706702000,0xf1ab4dfe055e263be4283c56d225100907e0dd9752679cdd4a8d2dacc9009ba0,3,FinalizedWithdrawal,0xe5c7fe3a4ffca1590f26d74c8ba8b0db69557f7f4607a2a43f82e93041611978,0x3b0bab396aea134b3d9cacd124b06faa1fb4a0fa,31.852384,1781706475057000,5
474463686,2026-06-17T14:32:00Z,1781706720000,0x0f306f0f7b83a8705deadfae117d0def76b116cfad1b7c298dbf05292886e77e,3,RequestedWithdrawal,0xcc10abf54af5c0718b10b0156dfe1e369ce3eee72423e9e86936a0082e9c5d1b,0xd9cb35d626283c1ca5153129401a5c071d430e9e,2999.0,1781706606775000,5
474463789,2026-06-17T14:32:26Z,1781706746000,0x928ee0805628e4edca0d8fe00c91561dc749b323960b47397793c00e36ddc9db,7,FinalizedWithdrawal,0xe5c7fe3a4ffca1590f26d74c8ba8b0db69557f7f4607a2a43f82e93041611978,0xe97d1aa69b6186c142fa5500f1bd93cceaffadd6,49.0,1781706525108000,5
474463976,2026-06-17T14:33:12Z,1781706792000,0x6d6e7ec8461bf6c0e6a4f1a3d0b2058816183c9ed93c63a3daab8d06a5c0c93f,7,RequestedWithdrawal,0xcc10abf54af5c0718b10b0156dfe1e369ce3eee72423e9e86936a0082e9c5d1b,0xe1f19a263f9916202b54fb39a04d9efea6b0bd39,5470.0,1781706774182000,5
474463998,2026-06-17T14:33:18Z,1781706798000,0x75ce8012abb91bdc709340b9ad35ae9a828cd888eebcc4bc6c660baaa755d000,47,FinalizedWithdrawal,0xe5c7fe3a4ffca1590f26d74c8ba8b0db69557f7f4607a2a43f82e93041611978,0x94e0f4088aac20713e78972247de7d906c7a9835,35.0,1781706565959000,5
474464077,2026-06-17T14:33:38Z,1781706818000,0x47e0ea6a8e8a3e698bf142147ee72e8c87bcd8b40531cd4d9d2866dce83e9561,21,FinalizedWithdrawal,0xe5c7fe3a4ffca1590f26d74c8ba8b0db69557f7f4607a2a43f82e93041611978,0x7523391d8df8906471696dae01773680aec24e71,18.404751,1781706578021000,5
474464185,2026-06-17T14:34:05Z,1781706845000,0xd37fe12d5fba1676fdc3ee5a238a8193d2c0f98a91956ea47f34e8257dc3990f,3,FinalizedWithdrawal,0xe5c7fe3a4ffca1590f26d74c8ba8b0db69557f7f4607a2a43f82e93041611978,0x956851b5f1f93e8d9c93542ac9b57f690722623e,1686.07,1781706608686000,5
474464378,2026-06-17T14:34:51Z,1781706891000,0xe0b8655546cb68089ee295f5c56ec5de91f06630b5cd21dbe9f93cf9e9e7e9cc,0,RequestedWithdrawal,0xcc10abf54af5c0718b10b0156dfe1e369ce3eee72423e9e86936a0082e9c5d1b,0x48c1f59bf6373317f7dad072c56e8cd1fbcf063d,109.53,1781706873509000,5
474464458,2026-06-17T14:35:11Z,1781706911000,0xe6c1998b84300bcef53bac5c0ce75b191ec20a87c6a9a447b120a696609c89fc,6,RequestedWithdrawal,0xcc10abf54af5c0718b10b0156dfe1e369ce3eee72423e9e86936a0082e9c5d1b,0x4fefa5ed524919f85844b52e2b88c333a3c69069,9.0,1781706888840000,5
474464463,2026-06-17T14:35:12Z,1781706912000,0xbb67f61959696c23e5c7a5fb9642c14c985c8279a997859f14126c7e36c2a443,12,FinalizedWithdrawal,0xe5c7fe3a4ffca1590f26d74c8ba8b0db69557f7f4607a2a43f82e93041611978,0x83dbc7524ece5a0ce2c8233c93745d6c58cdf50b,304999.0,1781706676022000,5
474464561,2026-06-17T14:35:37Z,1781706937000,0xe20d79ce57062e3208c84fb5736c2f755c9934826794d39ba4395727d42ee353,2,FinalizedWithdrawal,0xe5c7fe3a4ffca1590f26d74c8ba8b0db69557f7f4607a2a43f82e93041611978,0xd9cb35d626283c1ca5153129401a5c071d430e9e,2999.0,1781706606775000,5
474464728,2026-06-17T14:36:19Z,1781706979000,0x8031f5c636b937685bd04d41b37038101d0de0a74e3aa0a8f48097e5c7d5fe45,0,RequestedWithdrawal,0xcc10abf54af5c0718b10b0156dfe1e369ce3eee72423e9e86936a0082e9c5d1b,0x88989549a1a049694fa8906c8bc389d3ed9fc834,92.954397,1781706960503000,5
474464810,2026-06-17T14:36:39Z,1781706999000,0x0434858932fdd711d3b07fb2f9f660680574a3503710fa986f8504b9ff482641,4,FinalizedWithdrawal,0xe5c7fe3a4ffca1590f26d74c8ba8b0db69557f7f4607a2a43f82e93041611978,0xe1f19a263f9916202b54fb39a04d9efea6b0bd39,5470.0,1781706774182000,5
474465016,2026-06-17T14:37:31Z,1781707051000,0x54e661259079876e3cc2ef4b756b57bee3e95775e7d917a2a53ec76e868a311c,0,RequestedWithdrawal,0xcc10abf54af5c0718b10b0156dfe1e369ce3eee72423e9e86936a0082e9c5d1b,0x3c6098a667f4fc872b3684d76cb99d3e252e1a78,28999.0,1781707028265000,5
474465016,2026-06-17T14:37:31Z,1781707051000,0x54e661259079876e3cc2ef4b756b57bee3e95775e7d917a2a53ec76e868a311c,1,RequestedWithdrawal,0xcc10abf54af5c0718b10b0156dfe1e369ce3eee72423e9e86936a0082e9c5d1b,0xab8fbcc4dcd5c61b5481faf1828871e492d01d99,2.0,1781707033664000,5
474465116,2026-06-17T14:37:56Z,1781707076000,0x2cce779ff6ac569efc2467e7e3209940f49841119c265e6129e808c91a1c6611,0,RequestedWithdrawal,0xcc10abf54af5c0718b10b0156dfe1e369ce3eee72423e9e86936a0082e9c5d1b,0xc7041ae8ff2edc2547013b17ec021f8142594b37,10604.99838,1781707050730000,5
474465227,2026-06-17T14:38:24Z,1781707104000,0xf0f0b0d2914738c848be73a3702bfbc5c986de8add3ead1907550338f8048933,20,FinalizedWithdrawal,0xe5c7fe3a4ffca1590f26d74c8ba8b0db69557f7f4607a2a43f82e93041611978,0x48c1f59bf6373317f7dad072c56e8cd1fbcf063d,109.53,1781706873509000,5
474465303,2026-06-17T14:38:43Z,1781707123000,0x0a8aa08a96daa3c59282dbff9a7ae6da941655de0df6f01ceb1ef6b5fcd20be5,11,RequestedWithdrawal,0xcc10abf54af5c0718b10b0156dfe1e369ce3eee72423e9e86936a0082e9c5d1b,0x3c6098a667f4fc872b3684d76cb99d3e252e1a78,24999.0,1781707028267000,5
474465318,2026-06-17T14:38:47Z,1781707127000,0x27fe16fa9f405ed11981fa9e14542508ec2bc9fe07e1dc509ce6092bbb839150,22,FinalizedWithdrawal,0xe5c7fe3a4ffca1590f26d74c8ba8b0db69557f7f4607a2a43f82e93041611978,0x4fefa5ed524919f85844b52e2b88c333a3c69069,9.0,1781706888840000,5
474465494,2026-06-17T14:39:31Z,1781707171000,0xf6801c16335b9149b0f115cf27c39dc8cffa2e3e8c4f457e9f8e352b15760a87,3,RequestedWithdrawal,0xcc10abf54af5c0718b10b0156dfe1e369ce3eee72423e9e86936a0082e9c5d1b,0x4fefa5ed524919f85844b52e2b88c333a3c69069,14.0,1781707151433000,5
474465605,2026-06-17T14:39:59Z,1781707199000,0x92e7ec23ebdbd59f6007b9012d41deb598d2593d49c2d5a25256b42724693b07,0,RequestedWithdrawal,0xcc10abf54af5c0718b10b0156dfe1e369ce3eee72423e9e86936a0082e9c5d1b,0x6682f1a58aae80da652f1edbd4209b7b6204048c,19.7,1781707172134000,5
474465609,2026-06-17T14:40:00Z,1781707200000,0x45c39f395cb7b4cfd17ecd3530d35e0bc7b839b44b0e31f8f757c0f76dfe1732,34,FinalizedWithdrawal,0xe5c7fe3a4ffca1590f26d74c8ba8b0db69557f7f4607a2a43f82e93041611978,0x88989549a1a049694fa8906c8bc389d3ed9fc834,92.954397,1781706960503000,5
474465912,2026-06-17T14:41:15Z,1781707275000,0x6531ca152649abf3c84b32fdefece081e70fe1e36e78a2717c99529995baa1cc,1,FinalizedWithdrawal,0xe5c7fe3a4ffca1590f26d74c8ba8b0db69557f7f4607a2a43f82e93041611978,0x3c6098a667f4fc872b3684d76cb99d3e252e1a78,28999.0,1781707028265000,5
474465912,2026-06-17T14:41:15Z,1781707275000,0x6531ca152649abf3c84b32fdefece081e70fe1e36e78a2717c99529995baa1cc,3,FinalizedWithdrawal,0xe5c7fe3a4ffca1590f26d74c8ba8b0db69557f7f4607a2a43f82e93041611978,0xab8fbcc4dcd5c61b5481faf1828871e492d01d99,2.0,1781707033664000,5
474466001,2026-06-17T14:41:37Z,1781707297000,0xb361d87a6b4163e45087aa19144ad5a7a2b38887d11d65441d0ac1cf23b12f8b,0,RequestedWithdrawal,0xcc10abf54af5c0718b10b0156dfe1e369ce3eee72423e9e86936a0082e9c5d1b,0x11a6109a720ddcdd3c753509ef891337132d87c5,28.477725,1781707283527000,5
474466001,2026-06-17T14:41:37Z,1781707297000,0xb361d87a6b4163e45087aa19144ad5a7a2b38887d11d65441d0ac1cf23b12f8b,1,RequestedWithdrawal,0xcc10abf54af5c0718b10b0156dfe1e369ce3eee72423e9e86936a0082e9c5d1b,0xf5fa95db141d50cca9c5295831cd66468438c5f1,1182.05,1781707287027000,5
474466007,2026-06-17T14:41:39Z,1781707299000,0xbb734a12077cfd5ef97673e2b8fa579004b82a5d9d079dfbabcc597ef8205939,23,FinalizedWithdrawal,0xe5c7fe3a4ffca1590f26d74c8ba8b0db69557f7f4607a2a43f82e93041611978,0xc7041ae8ff2edc2547013b17ec021f8142594b37,10604.99838,1781707050730000,5
474466184,2026-06-17T14:42:23Z,1781707343000,0x80710ab96e727e74d8cb7b19a7c8d822ada688221490b3a7483577f81173026d,0,RequestedWithdrawal,0xcc10abf54af5c0718b10b0156dfe1e369ce3eee72423e9e86936a0082e9c5d1b,0x428babced19064beece58b8a252e3f17aac2a817,110999.0,1781707332451000,5
474466189,2026-06-17T14:42:24Z,1781707344000,0xb9a0b36458cc39698bb2bb63984e925db05f3e159cfc795d4189646d34456c74,4,FinalizedWithdrawal,0xe5c7fe3a4ffca1590f26d74c8ba8b0db69557f7f4607a2a43f82e93041611978,0x3c6098a667f4fc872b3684d76cb99d3e252e1a78,24999.0,1781707028267000,5
474466288,2026-06-17T14:42:49Z,1781707369000,0x2f17baea6430ed4245d5d3b69dde6f0480f22b34f5bb7ac2507d4e2141466abb,0,RequestedWithdrawal,0xcc10abf54af5c0718b10b0156dfe1e369ce3eee72423e9e86936a0082e9c5d1b,0x91774bcc6750b281d7fa981eff5824d029b09cd5,30.45293,1781707372188000,5
474466393,2026-06-17T14:43:15Z,1781707395000,0x93841693cbe47d1504dd92fd52a5418eb9d11336cf8c27fba49595dcb654629a,8,FinalizedWithdrawal,0xe5c7fe3a4ffca1590f26d74c8ba8b0db69557f7f4607a2a43f82e93041611978,0x4fefa5ed524919f85844b52e2b88c333a3c69069,14.0,1781707151433000,5
474466496,2026-06-17T14:43:41Z,1781707421000,0xe80e70279638a82412ee85372581f42641093c6a214572bb1cca37c81a8ff93b,11,FinalizedWithdrawal,0xe5c7fe3a4ffca1590f26d74c8ba8b0db69557f7f4607a2a43f82e93041611978,0x6682f1a58aae80da652f1edbd4209b7b6204048c,19.7,1781707172134000,5
474466669,2026-06-17T14:44:25Z,1781707465000,0x72edc1cd48bba0e343024bfa4bdb4a3fc2aac3847b230e0dff26c175d236d770,9,RequestedWithdrawal,0xcc10abf54af5c0718b10b0156dfe1e369ce3eee72423e9e86936a0082e9c5d1b,0x286042ef2eb9937753957cc9ec336025106d8629,149.0,1781707450816000,5
474466885,2026-06-17T14:45:19Z,1781707519000,0x4eadb590f015b48266db91b83827228a0272b9a60af81eb81f103b64f3484944,1,FinalizedWithdrawal,0xe5c7fe3a4ffca1590f26d74c8ba8b0db69557f7f4607a2a43f82e93041611978,0xf5fa95db141d50cca9c5295831cd66468438c5f1,1182.05,1781707287027000,5
474466885,2026-06-17T14:45:19Z,1781707519000,0x4eadb590f015b48266db91b83827228a0272b9a60af81eb81f103b64f3484944,3,FinalizedWithdrawal,0xe5c7fe3a4ffca1590f26d74c8ba8b0db69557f7f4607a2a43f82e93041611978,0x11a6109a720ddcdd3c753509ef891337132d87c5,28.477725,1781707283527000,5
474466959,2026-06-17T14:45:38Z,1781707538000,0x1303d39c817b09ab0532ea82461a60bde85acd6d3509bbbfbceb9ce7bcc4a897,0,RequestedWithdrawal,0xcc10abf54af5c0718b10b0156dfe1e369ce3eee72423e9e86936a0082e9c5d1b,0x8e3d5e109837c11ddd373d97c9b3e4d716f1423a,99999.0,1781707515118000,5
474467065,2026-06-17T14:46:05Z,1781707565000,0x2fde92f9821d2d091d047f883d4f814ed7c2c3491587dc6437d99b2bca9b5dae,1,FinalizedWithdrawal,0xe5c7fe3a4ffca1590f26d74c8ba8b0db69557f7f4607a2a43f82e93041611978,0x428babced19064beece58b8a252e3f17aac2a817,110999.0,1781707332451000,5
474467162,2026-06-17T14:46:29Z,1781707589000,0x29e5f5284c96399428aff9b6d5f55299f8961307f91adbc28beba21820986a94,2,FinalizedWithdrawal,0xe5c7fe3a4ffca1590f26d74c8ba8b0db69557f7f4607a2a43f82e93041611978,0x91774bcc6750b281d7fa981eff5824d029b09cd5,30.45293,1781707372188000,5
474467357,2026-06-17T14:47:17Z,1781707637000,0xa0a80e3215a5dad7ace24dd4d196cd5259b6e47ae33cb0b31baac93de0bff8f3,29,RequestedWithdrawal,0xcc10abf54af5c0718b10b0156dfe1e369ce3eee72423e9e86936a0082e9c5d1b,0x2e641ec03a7a204e22cf2a5d4159b1a42a5a29b7,145.25,1781707618248000,5
474467357,2026-06-17T14:47:17Z,1781707637000,0xa0a80e3215a5dad7ace24dd4d196cd5259b6e47ae33cb0b31baac93de0bff8f3,30,RequestedWithdrawal,0xcc10abf54af5c0718b10b0156dfe1e369ce3eee72423e9e86936a0082e9c5d1b,0x33262af262b0bb9f3093ba6267f503055370d4a3,98.74,1781707612189000,5
474467459,2026-06-17T14:47:42Z,1781707662000,0xb8de963b76ba10f2c14ff690b388c5408c7834db5f46bd337ea40c6f46851aa0,27,RequestedWithdrawal,0xcc10abf54af5c0718b10b0156dfe1e369ce3eee72423e9e86936a0082e9c5d1b,0x428babced19064beece58b8a252e3f17aac2a817,132999.0,1781707637731000,5
474467459,2026-06-17T14:47:42Z,1781707662000,0xb8de963b76ba10f2c14ff690b388c5408c7834db5f46bd337ea40c6f46851aa0,28,RequestedWithdrawal,0xcc10abf54af5c0718b10b0156dfe1e369ce3eee72423e9e86936a0082e9c5d1b,0x5dbd3f528352995f48a77bfc1334034c54dafa39,19.79,1781707637830000,5
474467570,2026-06-17T14:48:10Z,1781707690000,0x83e2987e45af28c2c914e02c2f95e38679610a06975ddca93b8b055272c9d349,1,RequestedWithdrawal,0xcc10abf54af5c0718b10b0156dfe1e369ce3eee72423e9e86936a0082e9c5d1b,0x578728e317e9d1ad986872754f1afa83d9e02b99,104.0,1781707668925000,5
474467570,2026-06-17T14:48:10Z,1781707690000,0x83e2987e45af28c2c914e02c2f95e38679610a06975ddca93b8b055272c9d349,2,RequestedWithdrawal,0xcc10abf54af5c0718b10b0156dfe1e369ce3eee72423e9e86936a0082e9c5d1b,0x7725a7f2bb0e1c448d6fe361d53c840486ec6557,7262.0,1781707651955000,5
474467583,2026-06-17T14:48:13Z,1781707693000,0xc700ee459c5aa04298d8a6af667f1eace953ebe3f7e2317f88d022a2af27fe8c,11,FinalizedWithdrawal,0xe5c7fe3a4ffca1590f26d74c8ba8b0db69557f7f4607a2a43f82e93041611978,0x286042ef2eb9937753957cc9ec336025106d8629,149.0,1781707450816000,5
474467666,2026-06-17T14:48:34Z,1781707714000,0xbf8ca829b51d5f02c56cedb7c283615bdb8501f85adc289635f4e124fa320d9c,14,RequestedWithdrawal,0xcc10abf54af5c0718b10b0156dfe1e369ce3eee72423e9e86936a0082e9c5d1b,0x2f01afc9f9437c4fcb8f2e8612c57bf522bcc81d,21022.5,1781707681554000,5
474467756,2026-06-17T14:48:57Z,1781707737000,0x9f9b74d0742c2146fec5d88c8a994163ae1b2a573c64b7af9f1b5e7e3aa72fcc,0,RequestedWithdrawal,0xcc10abf54af5c0718b10b0156dfe1e369ce3eee72423e9e86936a0082e9c5d1b,0x6a8131d59ec82652beacd75c09ede81dfe7a84ce,49.0,1781707729444000,5
474467855,2026-06-17T14:49:21Z,1781707761000,0x5f2b19f7bfc5355c322c94aa42a4534c83a00ad4736ae163f6e4fa0982eb18c8,2,RequestedWithdrawal,0xcc10abf54af5c0718b10b0156dfe1e369ce3eee72423e9e86936a0082e9c5d1b,0xffc9a32e21d5241100044f22c0d2af7db3e99ebe,4799.0,1781707755938000,5
474467860,2026-06-17T14:49:23Z,1781707763000,0x42f755c0c068807718f28041fcb5133ee4c3383df2b96ec11c6a577bc16c6958,7,FinalizedWithdrawal,0xe5c7fe3a4ffca1590f26d74c8ba8b0db69557f7f4607a2a43f82e93041611978,0x8e3d5e109837c11ddd373d97c9b3e4d716f1423a,99999.0,1781707515118000,5
474467960,2026-06-17T14:49:48Z,1781707788000,0x2981095f7fc37cfdd670c99e406d09e8ef836a63486304b1e515381c3ad5d16a,0,RequestedWithdrawal,0xcc10abf54af5c0718b10b0156dfe1e369ce3eee72423e9e86936a0082e9c5d1b,0x058589ed65f03c86ec562937f9059faeb8ce0292,299.0,1781707770001000,5
474468046,2026-06-17T14:50:09Z,1781707809000,0xa500dde513a404b0213f3521f467af9e7ba82d919f2af21a07ca28437903bd30,0,RequestedWithdrawal,0xcc10abf54af5c0718b10b0156dfe1e369ce3eee72423e9e86936a0082e9c5d1b,0xd4c1f7e8d876c4749228d515473d36f919583d1d,999999.0,1781707799477000,5
474468046,2026-06-17T14:50:09Z,1781707809000,0xa500dde513a404b0213f3521f467af9e7ba82d919f2af21a07ca28437903bd30,1,RequestedWithdrawal,0xcc10abf54af5c0718b10b0156dfe1e369ce3eee72423e9e86936a0082e9c5d1b,0xf032648dfd22c4d81588bd83e09ab89cfe816705,2354.366677,1781707796800000,5
474468265,2026-06-17T14:51:04Z,1781707864000,0x8118943d107c44110fe72b524b2f567d9955c0cc3dea73fae958ec325c645660,0,RequestedWithdrawal,0xcc10abf54af5c0718b10b0156dfe1e369ce3eee72423e9e86936a0082e9c5d1b,0xbc2086c30b7db99e8953f3e4065736a474e2e7cb,99.79,1781707845834000,5
474468270,2026-06-17T14:51:05Z,1781707865000,0xa4f3409793f43f9ee2fd903f70af188f7eeb2646b1137c094195f58937886ff6,7,FinalizedWithdrawal,0xe5c7fe3a4ffca1590f26d74c8ba8b0db69557f7f4607a2a43f82e93041611978,0x5dbd3f528352995f48a77bfc1334034c54dafa39,19.79,1781707637830000,5
474468270,2026-06-17T14:51:05Z,1781707865000,0xa4f3409793f43f9ee2fd903f70af188f7eeb2646b1137c094195f58937886ff6,9,FinalizedWithdrawal,0xe5c7fe3a4ffca1590f26d74c8ba8b0db69557f7f4607a2a43f82e93041611978,0x2e641ec03a7a204e22cf2a5d4159b1a42a5a29b7,145.25,1781707618248000,5
474468270,2026-06-17T14:51:05Z,1781707865000,0xa4f3409793f43f9ee2fd903f70af188f7eeb2646b1137c094195f58937886ff6,11,FinalizedWithdrawal,0xe5c7fe3a4ffca1590f26d74c8ba8b0db69557f7f4607a2a43f82e93041611978,0x428babced19064beece58b8a252e3f17aac2a817,132999.0,1781707637731000,5
474468270,2026-06-17T14:51:05Z,1781707865000,0xa4f3409793f43f9ee2fd903f70af188f7eeb2646b1137c094195f58937886ff6,13,FinalizedWithdrawal,0xe5c7fe3a4ffca1590f26d74c8ba8b0db69557f7f4607a2a43f82e93041611978,0x33262af262b0bb9f3093ba6267f503055370d4a3,98.74,1781707612189000,5
474468344,2026-06-17T14:51:24Z,1781707884000,0xb345d995aa1f409743c7267f8abdbd113fe87ce902d908b2fb0aa1e38ac74fd1,5,RequestedWithdrawal,0xcc10abf54af5c0718b10b0156dfe1e369ce3eee72423e9e86936a0082e9c5d1b,0xecb63caa47c7c4e77f60f1ce858cf28dc2b82b00,9913864.0,1781707865218000,5
474468344,2026-06-17T14:51:24Z,1781707884000,0xb345d995aa1f409743c7267f8abdbd113fe87ce902d908b2fb0aa1e38ac74fd1,6,RequestedWithdrawal,0xcc10abf54af5c0718b10b0156dfe1e369ce3eee72423e9e86936a0082e9c5d1b,0xecb63caa47c7c4e77f60f1ce858cf28dc2b82b00,8643044.0,1781707869718000,5
474468457,2026-06-17T14:51:52Z,1781707912000,0x9f423528741228365f06895299bf526cf3a5ffa870b76b6219e3aaa2b2fee8f3,9,RequestedWithdrawal,0xcc10abf54af5c0718b10b0156dfe1e369ce3eee72423e9e86936a0082e9c5d1b,0x8e3d5e109837c11ddd373d97c9b3e4d716f1423a,199999.0,1781707891503000,5
474468457,2026-06-17T14:51:52Z,1781707912000,0x9f423528741228365f06895299bf526cf3a5ffa870b76b6219e3aaa2b2fee8f3,10,RequestedWithdrawal,0xcc10abf54af5c0718b10b0156dfe1e369ce3eee72423e9e86936a0082e9c5d1b,0xa311b81676607481e7dbed8c8356080a78d4db88,2.980624,1781707895115000,5
474468471,2026-06-17T14:51:56Z,1781707916000,0x83eb3b053e47d0d1aedc29fef4801ed10ded2f4ed0c5ed843d6ce7de69a983bf,4,FinalizedWithdrawal,0xe5c7fe3a4ffca1590f26d74c8ba8b0db69557f7f4607a2a43f82e93041611978,0x7725a7f2bb0e1c448d6fe361d53c840486ec6557,7262.0,1781707651955000,5
474468471,2026-06-17T14:51:56Z,1781707916000,0x83eb3b053e47d0d1aedc29fef4801ed10ded2f4ed0c5ed843d6ce7de69a983bf,6,FinalizedWithdrawal,0xe5c7fe3a4ffca1590f26d74c8ba8b0db69557f7f4607a2a43f82e93041611978,0x578728e317e9d1ad986872754f1afa83d9e02b99,104.0,1781707668925000,5
474468564,2026-06-17T14:52:19Z,1781707939000,0x9fafe304ce1bceedf4be803dda93405d906be46f349c350e5af84ebbf1910e25,9,RequestedWithdrawal,0xcc10abf54af5c0718b10b0156dfe1e369ce3eee72423e9e86936a0082e9c5d1b,0x205052d220ece11a1213b9f99718d45e177547da,1.0,1781707924116000,5
474468569,2026-06-17T14:52:20Z,1781707940000,0x6fff97fb60874de3d9818bdfde45fc3d17b7a485d951497b310e64c3b6bcfd13,6,FinalizedWithdrawal,0xe5c7fe3a4ffca1590f26d74c8ba8b0db69557f7f4607a2a43f82e93041611978,0x2f01afc9f9437c4fcb8f2e8612c57bf522bcc81d,21022.5,1781707681554000,5
474468569,2026-06-17T14:52:20Z,1781707940000,0x6fff97fb60874de3d9818bdfde45fc3d17b7a485d951497b310e64c3b6bcfd13,8,FinalizedWithdrawal,0xe5c7fe3a4ffca1590f26d74c8ba8b0db69557f7f4607a2a43f82e93041611978,0x6a8131d59ec82652beacd75c09ede81dfe7a84ce,49.0,1781707729444000,5
474468643,2026-06-17T14:52:39Z,1781707959000,0x9c413f21ae5ad659f787589bdc2aea2fb56b3213f36be4aec313d409d84fd843,0,RequestedWithdrawal,0xcc10abf54af5c0718b10b0156dfe1e369ce3eee72423e9e86936a0082e9c5d1b,0x7a2c9dc077929125eaa865397e1b74667c2fea5f,607.89,1781707937164000,5
474468728,2026-06-17T14:53:00Z,1781707980000,0x55c534893488ad1e5631a6a9226b35f11f1c84118775926b0e4280975ad1f878,1,FinalizedWithdrawal,0xe5c7fe3a4ffca1590f26d74c8ba8b0db69557f7f4607a2a43f82e93041611978,0xffc9a32e21d5241100044f22c0d2af7db3e99ebe,4799.0,1781707755938000,5
474468831,2026-06-17T14:53:26Z,1781708006000,0x6e1aea7c1c8389af6dba2b769d9ae642a2889c7eec7a42e14695e1d3eeae27c6,3,FinalizedWithdrawal,0xe5c7fe3a4ffca1590f26d74c8ba8b0db69557f7f4607a2a43f82e93041611978,0x058589ed65f03c86ec562937f9059faeb8ce0292,299.0,1781707770001000,5
474468933,2026-06-17T14:53:51Z,1781708031000,0xb657e53741fdb571bdfd397029aff00c64f2652169a7144a0b1bed317c040cd1,9,RequestedWithdrawal,0xcc10abf54af5c0718b10b0156dfe1e369ce3eee72423e9e86936a0082e9c5d1b,0x692b96621be149f4654b584ff3cfb6ff960e6833,208.67,1781708024225000,5
474468933,2026-06-17T14:53:51Z,1781708031000,0xb657e53741fdb571bdfd397029aff00c64f2652169a7144a0b1bed317c040cd1,10,RequestedWithdrawal,0xcc10abf54af5c0718b10b0156dfe1e369ce3eee72423e9e86936a0082e9c5d1b,0x86a2ad0d77993c1c40969ab048508237d5761c5a,23.826637,1781708026107000,5
474468937,2026-06-17T14:53:52Z,1781708032000,0x4b1011c2128f2a48d059c1b84c4c282cde748eed9ae297e94c51816e4f761353,6,FinalizedWithdrawal,0xe5c7fe3a4ffca1590f26d74c8ba8b0db69557f7f4607a2a43f82e93041611978,0xd4c1f7e8d876c4749228d515473d36f919583d1d,999999.0,1781707799477000,5
474468937,2026-06-17T14:53:52Z,1781708032000,0x4b1011c2128f2a48d059c1b84c4c282cde748eed9ae297e94c51816e4f761353,8,FinalizedWithdrawal,0xe5c7fe3a4ffca1590f26d74c8ba8b0db69557f7f4607a2a43f82e93041611978,0xf032648dfd22c4d81588bd83e09ab89cfe816705,2354.366677,1781707796800000,5
474469013,2026-06-17T14:54:11Z,1781708051000,0xd05d4ba6bdea31d5b8aa767d7a95aab5f4c23223d2c0e69a50fe383094b4db63,4,RequestedWithdrawal,0xcc10abf54af5c0718b10b0156dfe1e369ce3eee72423e9e86936a0082e9c5d1b,0x4fefa5ed524919f85844b52e2b88c333a3c69069,13999.0,1781708041708000,5
474469122,2026-06-17T14:54:38Z,1781708078000,0xeebc38ad760c67b8617e2d9445a51cacd34fe9b5f97b80e096d2df7277e114cb,0,RequestedWithdrawal,0xcc10abf54af5c0718b10b0156dfe1e369ce3eee72423e9e86936a0082e9c5d1b,0xe391d2bc065d88eda0615989f5d563ff870ab2e8,99.0,1781708055482000,5
474469146,2026-06-17T14:54:44Z,1781708084000,0x5a52fee837bba4c79b42f9538e38a50ae26a60ad7bc3d5566f4ade9c4d3b263f,1,FinalizedWithdrawal,0xe5c7fe3a4ffca1590f26d74c8ba8b0db69557f7f4607a2a43f82e93041611978,0xbc2086c30b7db99e8953f3e4065736a474e2e7cb,99.79,1781707845834000,5
474469217,2026-06-17T14:55:02Z,1781708102000,0xf0037934d6c4459a307c1e09fbd2a46e1b355a91dca678e0d43622cfbdb91d5d,39,FinalizedWithdrawal,0xe5c7fe3a4ffca1590f26d74c8ba8b0db69557f7f4607a2a43f82e93041611978,0xecb63caa47c7c4e77f60f1ce858cf28dc2b82b00,9913864.0,1781707865218000,5
474469217,2026-06-17T14:55:02Z,1781708102000,0xf0037934d6c4459a307c1e09fbd2a46e1b355a91dca678e0d43622cfbdb91d5d,41,FinalizedWithdrawal,0xe5c7fe3a4ffca1590f26d74c8ba8b0db69557f7f4607a2a43f82e93041611978,0xecb63caa47c7c4e77f60f1ce858cf28dc2b82b00,8643044.0,1781707869718000,5
474469326,2026-06-17T14:55:29Z,1781708129000,0x522ca3d2bfcc13b24e8c0c295a87949d7387c48022f9da5b60e2811e67f1ae24,2,FinalizedWithdrawal,0xe5c7fe3a4ffca1590f26d74c8ba8b0db69557f7f4607a2a43f82e93041611978,0x8e3d5e109837c11ddd373d97c9b3e4d716f1423a,199999.0,1781707891503000,5
474469326,2026-06-17T14:55:29Z,1781708129000,0x522ca3d2bfcc13b24e8c0c295a87949d7387c48022f9da5b60e2811e67f1ae24,4,FinalizedWithdrawal,0xe5c7fe3a4ffca1590f26d74c8ba8b0db69557f7f4607a2a43f82e93041611978,0xa311b81676607481e7dbed8c8356080a78d4db88,2.980624,1781707895115000,5
474469422,2026-06-17T14:55:53Z,1781708153000,0x652abaf24243d7dbfa0b9b4e50c215922f639edb51bce98708fe4ac71bd3bf4c,2,FinalizedWithdrawal,0xe5c7fe3a4ffca1590f26d74c8ba8b0db69557f7f4607a2a43f82e93041611978,0x205052d220ece11a1213b9f99718d45e177547da,1.0,1781707924116000,5
474469534,2026-06-17T14:56:21Z,1781708181000,0xf3dbc4536c6d98da3fed2a35004da21ad4da315a87a188044f6d8fd4fcb2a0d8,0,RequestedWithdrawal,0xcc10abf54af5c0718b10b0156dfe1e369ce3eee72423e9e86936a0082e9c5d1b,0xf7f9479520d9426bcf2a03f9127ce80d7c0b42d5,585.19,1781708163835000,5
474469539,2026-06-17T14:56:23Z,1781708183000,0xf2b130fd456e4b4fcaa3eb5b51efd66e4048aef1a3ad31cf49e4db3858959358,1,FinalizedWithdrawal,0xe5c7fe3a4ffca1590f26d74c8ba8b0db69557f7f4607a2a43f82e93041611978,0x7a2c9dc077929125eaa865397e1b74667c2fea5f,607.89,1781707937164000,5
474469655,2026-06-17T14:56:52Z,1781708212000,0xd72bf82a4e8caded25463e17415fb8c8e4fb387aa20239e059400ce568564b21,0,RequestedWithdrawal,0xcc10abf54af5c0718b10b0156dfe1e369ce3eee72423e9e86936a0082e9c5d1b,0xc9ab3c49221f351e27b6f989190874f89817d7f1,4.0,1781708188171000,5
474469764,2026-06-17T14:57:19Z,1781708239000,0xd857b32501f49f96f597554561e57f84e614c571b9c0980e56c203fb2503ec52,7,FinalizedWithdrawal,0xe5c7fe3a4ffca1590f26d74c8ba8b0db69557f7f4607a2a43f82e93041611978,0x86a2ad0d77993c1c40969ab048508237d5761c5a,23.826637,1781708026107000,5
474469764,2026-06-17T14:57:19Z,1781708239000,0xd857b32501f49f96f597554561e57f84e614c571b9c0980e56c203fb2503ec52,9,FinalizedWithdrawal,0xe5c7fe3a4ffca1590f26d74c8ba8b0db69557f7f4607a2a43f82e93041611978,0x692b96621be149f4654b584ff3cfb6ff960e6833,208.67,1781708024225000,5
474469838,2026-06-17T14:57:38Z,1781708258000,0x131b9bcc498ecd18121eb42898a7b7eb921b6278dc7c9f89c796009ade24fd8a,7,FinalizedWithdrawal,0xe5c7fe3a4ffca1590f26d74c8ba8b0db69557f7f4607a2a43f82e93041611978,0x4fefa5ed524919f85844b52e2b88c333a3c69069,13999.0,1781708041708000,5
474470025,2026-06-17T14:58:24Z,1781708304000,0x9932af07d26726427b1a1dfdc05bd7c72c02f5b586fab786f889c69a02eb94a2,0,RequestedWithdrawal,0xcc10abf54af5c0718b10b0156dfe1e369ce3eee72423e9e86936a0082e9c5d1b,0x8e3d5e109837c11ddd373d97c9b3e4d716f1423a,199999.0,1781708296306000,5
474470030,2026-06-17T14:58:26Z,1781708306000,0x537e5e78ad5b8ce3e0e593f4fc91aa8fd9964b6921b2cba2cd770e288d41d58c,1,FinalizedWithdrawal,0xe5c7fe3a4ffca1590f26d74c8ba8b0db69557f7f4607a2a43f82e93041611978,0xe391d2bc065d88eda0615989f5d563ff870ab2e8,99.0,1781708055482000,5
474470139,2026-06-17T14:58:53Z,1781708333000,0x3c312536945bb05439c0c7a2573a12b62a90ab382190030997b50f47a3853210,0,RequestedWithdrawal,0xcc10abf54af5c0718b10b0156dfe1e369ce3eee72423e9e86936a0082e9c5d1b,0xca5890ea7c9a90445437acb5eb3d550b9500c1b6,25.16,1781708319904000,5
474470347,2026-06-17T14:59:45Z,1781708385000,0x853a64a034201f3a53a44d8a673b0ab783e46a4fa733dfb465ca1ff0b3aad449,0,RequestedWithdrawal,0xcc10abf54af5c0718b10b0156dfe1e369ce3eee72423e9e86936a0082e9c5d1b,0x2cd2f99a6d165053cc06554654c70d9d8af908bd,34.0,1781708358464000,5
474470352,2026-06-17T14:59:46Z,1781708386000,0x95ed8b1ea21c6e8410e287755b257aa56c77b0215e01513822e4588dadb90986,1,FinalizedWithdrawal,0xe5c7fe3a4ffca1590f26d74c8ba8b0db69557f7f4607a2a43f82e93041611978,0xf7f9479520d9426bcf2a03f9127ce80d7c0b42d5,585.19,1781708163835000,5
474470444,2026-06-17T15:00:07Z,1781708407000,0x58b326ac80dbb18f6ee5ae7d3959f1a5612e24f31aa027a57cba565ea4860fe0,23,RequestedWithdrawal,0xcc10abf54af5c0718b10b0156dfe1e369ce3eee72423e9e86936a0082e9c5d1b,0x13f7e3774974e8a1f51378c53df0f7e05bd4a84d,2.0,1781708393508000,5
474470549,2026-06-17T15:00:34Z,1781708434000,0xcae188212edc3262b52be2aa732d60f7e21256952b2c4047b4e9e816aeb44a8e,7,RequestedWithdrawal,0xcc10abf54af5c0718b10b0156dfe1e369ce3eee72423e9e86936a0082e9c5d1b,0xcd5ee8f1ce8e9ca3ecf34c12af3a46e195d7e4a3,48.30364,1781708427014000,5
474470552,2026-06-17T15:00:34Z,1781708434000,0xa3d59602dd8fc34ffafb5ab12e0a9de3b28d103e469f5d865f0b7796df878e55,10,FinalizedWithdrawal,0xe5c7fe3a4ffca1590f26d74c8ba8b0db69557f7f4607a2a43f82e93041611978,0xc9ab3c49221f351e27b6f989190874f89817d7f1,4.0,1781708188171000,5
474470728,2026-06-17T15:01:18Z,1781708478000,0xe1cba46f03d460f7f04f13f170eb938f0c0346f13d845273d6ae2c65e6715ab7,0,RequestedWithdrawal,0xcc10abf54af5c0718b10b0156dfe1e369ce3eee72423e9e86936a0082e9c5d1b,0x5c83b830753146ccec4768bd383c6696e0e278f6,31.4823,1781708464482000,5
474470728,2026-06-17T15:01:18Z,1781708478000,0xe1cba46f03d460f7f04f13f170eb938f0c0346f13d845273d6ae2c65e6715ab7,1,RequestedWithdrawal,0xcc10abf54af5c0718b10b0156dfe1e369ce3eee72423e9e86936a0082e9c5d1b,0xe210b6af9d2b35587f5f3ae2d9311cbca9a193da,17635.18,1781708471262000,5
474470775,2026-06-17T15:01:30Z,1781708490000,0x527c45d7fd8b1184b70cb44b05a64d950cfb88199bf29074db210e50f9c6fae2,7,FailedPermitDeposit,0xa2dc875d1f90a167d873c30143e7631eb311ea851e74c8c4e9b92c80efeba489,,,,5
474470926,2026-06-17T15:02:08Z,1781708528000,0x581c624e36a304bb5f1da4e301b528efef8fec1402ffbca62c0b60f182be7b43,11,RequestedWithdrawal,0xcc10abf54af5c0718b10b0156dfe1e369ce3eee72423e9e86936a0082e9c5d1b,0x3c6098a667f4fc872b3684d76cb99d3e252e1a78,19999.0,1781708503236000,5
474470932,2026-06-17T15:02:10Z,1781708530000,0xb07dc78bb187baf4ff0dd0f6ddc82bb6c311ffd4c4877195d52bca484f2dc0d8,3,FinalizedWithdrawal,0xe5c7fe3a4ffca1590f26d74c8ba8b0db69557f7f4607a2a43f82e93041611978,0x8e3d5e109837c11ddd373d97c9b3e4d716f1423a,199999.0,1781708296306000,5
474471009,2026-06-17T15:02:29Z,1781708549000,0xed28fafed707dd06208f66ca7d5c5d96413e5599bf0b8e13ecb1650250785f4c,24,FinalizedWithdrawal,0xe5c7fe3a4ffca1590f26d74c8ba8b0db69557f7f4607a2a43f82e93041611978,0xca5890ea7c9a90445437acb5eb3d550b9500c1b6,25.16,1781708319904000,5
474471187,2026-06-17T15:03:13Z,1781708593000,0xc1888e7f30147fca3af27914afb84d988134c4d4d0bb2bf3f7ccb727096f5cef,0,RequestedWithdrawal,0xcc10abf54af5c0718b10b0156dfe1e369ce3eee72423e9e86936a0082e9c5d1b,0xdcbae86c1b8c9181234eea287cca67a7f9b72c50,4.0,1781708567716000,5
474471193,2026-06-17T15:03:15Z,1781708595000,0x3cc4c07780d7d486cd6d36c99da6d43c12d9d2f845558db2cc8af7fbc1a40352,8,FinalizedWithdrawal,0xe5c7fe3a4ffca1590f26d74c8ba8b0db69557f7f4607a2a43f82e93041611978,0x2cd2f99a6d165053cc06554654c70d9d8af908bd,34.0,1781708358464000,5
474471283,2026-06-17T15:03:38Z,1781708618000,0x9739a156f31fb9ca08fa36ce73d41796b495f0e079af47e92096ce593605d1ff,3,FinalizedWithdrawal,0xe5c7fe3a4ffca1590f26d74c8ba8b0db69557f7f4607a2a43f82e93041611978,0x13f7e3774974e8a1f51378c53df0f7e05bd4a84d,2.0,1781708393508000,5
474471356,2026-06-17T15:03:56Z,1781708636000,0xb630850969f3b7ff14c778563f2d4d382a6d03a07b582a902fedaf0325f25be3,1,FinalizedWithdrawal,0xe5c7fe3a4ffca1590f26d74c8ba8b0db69557f7f4607a2a43f82e93041611978,0xcd5ee8f1ce8e9ca3ecf34c12af3a46e195d7e4a3,48.30364,1781708427014000,5
474471454,2026-06-17T15:04:20Z,1781708660000,0x5e3fa1aba4aff04efe8a850fadacb21c69afa826ce1b74db96a9cc825326551e,0,RequestedWithdrawal,0xcc10abf54af5c0718b10b0156dfe1e369ce3eee72423e9e86936a0082e9c5d1b,0x428babced19064beece58b8a252e3f17aac2a817,179999.0,1781708647786000,5
474471587,2026-06-17T15:04:54Z,1781708694000,0x7385e40143b508f5fa156acca9ad2270a2c789b9625423111e45b09ba5495560,1,FinalizedWithdrawal,0xe5c7fe3a4ffca1590f26d74c8ba8b0db69557f7f4607a2a43f82e93041611978,0x5c83b830753146ccec4768bd383c6696e0e278f6,31.4823,1781708464482000,5
474471587,2026-06-17T15:04:54Z,1781708694000,0x7385e40143b508f5fa156acca9ad2270a2c789b9625423111e45b09ba5495560,3,FinalizedWithdrawal,0xe5c7fe3a4ffca1590f26d74c8ba8b0db69557f7f4607a2a43f82e93041611978,0xe210b6af9d2b35587f5f3ae2d9311cbca9a193da,17635.18,1781708471262000,5
474471671,2026-06-17T15:05:15Z,1781708715000,0x2c269a7d683a1df0abb8547b0e572f5137cab6477e57cc320c72ab6ae5bf6700,0,RequestedWithdrawal,0xcc10abf54af5c0718b10b0156dfe1e369ce3eee72423e9e86936a0082e9c5d1b,0xd2f24017d85324575780a6fc9f1de93d0d98bd52,185.02,1781708698946000,5
474471767,2026-06-17T15:05:39Z,1781708739000,0x3dbedb17372ce3de2e553b9eac7e18de07ca0e5b827971a231f4e22f0b85652d,0,RequestedWithdrawal,0xcc10abf54af5c0718b10b0156dfe1e369ce3eee72423e9e86936a0082e9c5d1b,0x775837e78d0e3fe9fe295753a19c7f29c8a06b65,291.91086,1781708724116000,5
474471773,2026-06-17T15:05:40Z,1781708740000,0xdd8a87de46f33f07017a08a17513e6e982fb6c2a12d5131f40ea833a12270b33,1,FinalizedWithdrawal,0xe5c7fe3a4ffca1590f26d74c8ba8b0db69557f7f4607a2a43f82e93041611978,0x3c6098a667f4fc872b3684d76cb99d3e252e1a78,19999.0,1781708503236000,5
474471848,2026-06-17T15:05:59Z,1781708759000,0x416c7178a2fdd4691e837a14dd7bc1f1434d57057961a71c86c3ec17be1095d9,0,RequestedWithdrawal,0xcc10abf54af5c0718b10b0156dfe1e369ce3eee72423e9e86936a0082e9c5d1b,0x36721cb34c08054a1ccb7199e21ef15f74105196,2999.0,1781708740741000,5
474471939,2026-06-17T15:06:21Z,1781708781000,0x90d745ccae7010eb920785b6a664d60b9a0ca3ec9418d226a9486a4002c0f836,11,RequestedWithdrawal,0xcc10abf54af5c0718b10b0156dfe1e369ce3eee72423e9e86936a0082e9c5d1b,0xb45786ced359d4bdc3a2c1af62f7abc9ec70992a,3.264361,1781708781735000,5
474472044,2026-06-17T15:06:47Z,1781708807000,0x50224ea0d72ea120ae7a3653c828762eceb08cfe04d61e9effcefd861b37d686,0,RequestedWithdrawal,0xcc10abf54af5c0718b10b0156dfe1e369ce3eee72423e9e86936a0082e9c5d1b,0xa7fb54d356af0541180b11ac27756241902efda8,4.151878,1781708788388000,5
474472049,2026-06-17T15:06:49Z,1781708809000,0xa541a1c955514737df6cabce9c7babb4601fc087ced6078bd2843aeac0f32d5c,4,FinalizedWithdrawal,0xe5c7fe3a4ffca1590f26d74c8ba8b0db69557f7f4607a2a43f82e93041611978,0xdcbae86c1b8c9181234eea287cca67a7f9b72c50,4.0,1781708567716000,5
474472360,2026-06-17T15:08:06Z,1781708886000,0x147eb7239c4f3787c7a191bac67f9f068da505e45863112c10020755ee0560d3,7,FinalizedWithdrawal,0xe5c7fe3a4ffca1590f26d74c8ba8b0db69557f7f4607a2a43f82e93041611978,0x428babced19064beece58b8a252e3f17aac2a817,179999.0,1781708647786000,5
474472540,2026-06-17T15:08:52Z,1781708932000,0x1c143c802d94d6649dd5fa356b0feba036d67ee68b91be4b98c8abfd6d14c116,18,FinalizedWithdrawal,0xe5c7fe3a4ffca1590f26d74c8ba8b0db69557f7f4607a2a43f82e93041611978,0xd2f24017d85324575780a6fc9f1de93d0d98bd52,185.02,1781708698946000,5
474472658,2026-06-17T15:09:21Z,1781708961000,0xbbff3f6481461ca20d1384b4f15db7e15da90f1f926e3c97ccc564cb2127b0a4,51,RequestedWithdrawal,0xcc10abf54af5c0718b10b0156dfe1e369ce3eee72423e9e86936a0082e9c5d1b,0x13f7e3774974e8a1f51378c53df0f7e05bd4a84d,2.0,1781708953548000,5
474472658,2026-06-17T15:09:21Z,1781708961000,0xbbff3f6481461ca20d1384b4f15db7e15da90f1f926e3c97ccc564cb2127b0a4,52,RequestedWithdrawal,0xcc10abf54af5c0718b10b0156dfe1e369ce3eee72423e9e86936a0082e9c5d1b,0xa31c3f8eb22fb8096e0a59470e9ea1167cbdcee9,79.07,1781708951024000,5
474472658,2026-06-17T15:09:21Z,1781708961000,0xbbff3f6481461ca20d1384b4f15db7e15da90f1f926e3c97ccc564cb2127b0a4,53,RequestedWithdrawal,0xcc10abf54af5c0718b10b0156dfe1e369ce3eee72423e9e86936a0082e9c5d1b,0xecb63caa47c7c4e77f60f1ce858cf28dc2b82b00,6754564.0,1781708952714000,5
474472665,2026-06-17T15:09:23Z,1781708963000,0xc30ea828edddd324d3616504517798df920901db52dd6a16bf0e57aae03aec31,1,FinalizedWithdrawal,0xe5c7fe3a4ffca1590f26d74c8ba8b0db69557f7f4607a2a43f82e93041611978,0x775837e78d0e3fe9fe295753a19c7f29c8a06b65,291.91086,1781708724116000,5
474472665,2026-06-17T15:09:23Z,1781708963000,0xc30ea828edddd324d3616504517798df920901db52dd6a16bf0e57aae03aec31,3,FinalizedWithdrawal,0xe5c7fe3a4ffca1590f26d74c8ba8b0db69557f7f4607a2a43f82e93041611978,0x36721cb34c08054a1ccb7199e21ef15f74105196,2999.0,1781708740741000,5
474472845,2026-06-17T15:10:08Z,1781709008000,0xc22f9b6530eabab85427a04b74f3e5ff400b9563267c1b24029191ed61d6d0bb,202,RequestedWithdrawal,0xcc10abf54af5c0718b10b0156dfe1e369ce3eee72423e9e86936a0082e9c5d1b,0xf032648dfd22c4d81588bd83e09ab89cfe816705,2385.259568,1781708995472000,5
474472845,2026-06-17T15:10:08Z,1781709008000,0xc22f9b6530eabab85427a04b74f3e5ff400b9563267c1b24029191ed61d6d0bb,203,RequestedWithdrawal,0xcc10abf54af5c0718b10b0156dfe1e369ce3eee72423e9e86936a0082e9c5d1b,0xf4addf484d697417bbc02fa2fae7959c762a74dc,23.560162,1781709001680000,5
474472853,2026-06-17T15:10:10Z,1781709010000,0x074024782629b9644988ccd2dd58dd05deea81b44e866194d02f69a3c4878417,10,FinalizedWithdrawal,0xe5c7fe3a4ffca1590f26d74c8ba8b0db69557f7f4607a2a43f82e93041611978,0xb45786ced359d4bdc3a2c1af62f7abc9ec70992a,3.264361,1781708781735000,5
474472853,2026-06-17T15:10:10Z,1781709010000,0x074024782629b9644988ccd2dd58dd05deea81b44e866194d02f69a3c4878417,12,FinalizedWithdrawal,0xe5c7fe3a4ffca1590f26d74c8ba8b0db69557f7f4607a2a43f82e93041611978,0xa7fb54d356af0541180b11ac27756241902efda8,4.151878,1781708788388000,5
474472932,2026-06-17T15:10:30Z,1781709030000,0xe49baafe5264d9a6c57def408dc0c8caeb37e14cc95023806dd6964ffd3fda96,4,RequestedWithdrawal,0xcc10abf54af5c0718b10b0156dfe1e369ce3eee72423e9e86936a0082e9c5d1b,0x7c2b3e65ef2b18235e2d24266f92854a70207483,78.64,1781709017742000,5
474473136,2026-06-17T15:11:21Z,1781709081000,0x45e214bd379209aea6295e500212f49e476ead78b7e8f0fd59b84554b8608794,5,RequestedWithdrawal,0xcc10abf54af5c0718b10b0156dfe1e369ce3eee72423e9e86936a0082e9c5d1b,0x6f7c16f4f8de74fb5b6de3569447efb5bcb7ddec,314.642537,1781709039150000,5
474473236,2026-06-17T15:11:46Z,1781709106000,0x58e520d233ccbcbecb7ab2bec01f830f1f34806b07da2dd096da5aaaa4cf00dc,0,RequestedWithdrawal,0xcc10abf54af5c0718b10b0156dfe1e369ce3eee72423e9e86936a0082e9c5d1b,0x88989549a1a049694fa8906c8bc389d3ed9fc834,209.089343,1781709084402000,5
474473532,2026-06-17T15:12:59Z,1781709179000,0x4932af505bfaa5d2c490772924efab22d63f919b3ab7ebb0006d1e701480524d,1,FinalizedWithdrawal,0xe5c7fe3a4ffca1590f26d74c8ba8b0db69557f7f4607a2a43f82e93041611978,0xa31c3f8eb22fb8096e0a59470e9ea1167cbdcee9,79.07,1781708951024000,5
474473532,2026-06-17T15:12:59Z,1781709179000,0x4932af505bfaa5d2c490772924efab22d63f919b3ab7ebb0006d1e701480524d,3,FinalizedWithdrawal,0xe5c7fe3a4ffca1590f26d74c8ba8b0db69557f7f4607a2a43f82e93041611978,0x13f7e3774974e8a1f51378c53df0f7e05bd4a84d,2.0,1781708953548000,5
474473532,2026-06-17T15:12:59Z,1781709179000,0x4932af505bfaa5d2c490772924efab22d63f919b3ab7ebb0006d1e701480524d,5,FinalizedWithdrawal,0xe5c7fe3a4ffca1590f26d74c8ba8b0db69557f7f4607a2a43f82e93041611978,0xecb63caa47c7c4e77f60f1ce858cf28dc2b82b00,6754564.0,1781708952714000,5
474473722,2026-06-17T15:13:46Z,1781709226000,0xab9bfb97da3d2e1365be49dbdc89d26e913d84a8dac56c64612514854a7d38cb,4,FinalizedWithdrawal,0xe5c7fe3a4ffca1590f26d74c8ba8b0db69557f7f4607a2a43f82e93041611978,0xf4addf484d697417bbc02fa2fae7959c762a74dc,23.560162,1781709001680000,5
474473722,2026-06-17T15:13:46Z,1781709226000,0xab9bfb97da3d2e1365be49dbdc89d26e913d84a8dac56c64612514854a7d38cb,6,FinalizedWithdrawal,0xe5c7fe3a4ffca1590f26d74c8ba8b0db69557f7f4607a2a43f82e93041611978,0xf032648dfd22c4d81588bd83e09ab89cfe816705,2385.259568,1781708995472000,5
474473823,2026-06-17T15:14:12Z,1781709252000,0xd32fd679842e6e1d43b6ab4d6dd68f273c679fa78fdc595316a316a72b187b02,13,FinalizedWithdrawal,0xe5c7fe3a4ffca1590f26d74c8ba8b0db69557f7f4607a2a43f82e93041611978,0x7c2b3e65ef2b18235e2d24266f92854a70207483,78.64,1781709017742000,5
474474003,2026-06-17T15:14:57Z,1781709297000,0xfd6a0093790bdf1ef10616fe4a2aebeb33100e07865a5e0adadaae4f459a0dda,2,FinalizedWithdrawal,0xe5c7fe3a4ffca1590f26d74c8ba8b0db69557f7f4607a2a43f82e93041611978,0x6f7c16f4f8de74fb5b6de3569447efb5bcb7ddec,314.642537,1781709039150000,5
474474109,2026-06-17T15:15:23Z,1781709323000,0x4a142bc6b5bf819406a34da5c13b394a6ae5421dc3f816a09eb50e1e6b31b333,0,RequestedWithdrawal,0xcc10abf54af5c0718b10b0156dfe1e369ce3eee72423e9e86936a0082e9c5d1b,0x07f4fcdd65b75bd041646d0f74882025ec64b495,12.11,1781709338328000,5
474474116,2026-06-17T15:15:25Z,1781709325000,0xefb40e53cd7fc8f32592600a67e1303e92174ef1f2a7233fdc8dbbc867c0fe25,2,FinalizedWithdrawal,0xe5c7fe3a4ffca1590f26d74c8ba8b0db69557f7f4607a2a43f82e93041611978,0x88989549a1a049694fa8906c8bc389d3ed9fc834,209.089343,1781709084402000,5
474474285,2026-06-17T15:16:07Z,1781709367000,0x177c20afb7963021890b99b9c0e7685daebf91f21a96c58f96f0664c33a7e150,28,RequestedWithdrawal,0xcc10abf54af5c0718b10b0156dfe1e369ce3eee72423e9e86936a0082e9c5d1b,0x02377bf8e2adae2f07aaa9274ad19f2ab9927d57,6.456227,1781709350149000,5
474474285,2026-06-17T15:16:07Z,1781709367000,0x177c20afb7963021890b99b9c0e7685daebf91f21a96c58f96f0664c33a7e150,29,RequestedWithdrawal,0xcc10abf54af5c0718b10b0156dfe1e369ce3eee72423e9e86936a0082e9c5d1b,0xc09fba244c975ec486d403ed48a928c15b3a42b1,249.0,1781709356015000,5
474474694,2026-06-17T15:17:50Z,1781709470000,0x4a7142b27eb142a3ebadd79e52de3ce470bfb9b5757c03bd5da922d3eed08a63,1,RequestedWithdrawal,0xcc10abf54af5c0718b10b0156dfe1e369ce3eee72423e9e86936a0082e9c5d1b,0xecb63caa47c7c4e77f60f1ce858cf28dc2b82b00,8999999.0,1781709447738000,5
474474694,2026-06-17T15:17:50Z,1781709470000,0x4a7142b27eb142a3ebadd79e52de3ce470bfb9b5757c03bd5da922d3eed08a63,2,RequestedWithdrawal,0xcc10abf54af5c0718b10b0156dfe1e369ce3eee72423e9e86936a0082e9c5d1b,0xecb63caa47c7c4e77f60f1ce858cf28dc2b82b00,8499999.0,1781709462988000,5
474474770,2026-06-17T15:18:09Z,1781709489000,0xa919e95d941a3ce06bdc71141fb09d95eed95a942fc3795d56a2471b678ac7c7,91,RequestedWithdrawal,0xcc10abf54af5c0718b10b0156dfe1e369ce3eee72423e9e86936a0082e9c5d1b,0x57115b34b209defd868ab594ff58dc2222c07aaf,2.876231,1781709485669000,5
474474884,2026-06-17T15:18:37Z,1781709517000,0x29494c0a1b1b95d782de106a49c944583046c2679ec14f5c383cda5922baa15c,14,RequestedWithdrawal,0xcc10abf54af5c0718b10b0156dfe1e369ce3eee72423e9e86936a0082e9c5d1b,0x2710ba878614659338bf510421a3fe92af21ffbf,243.546484,1781709510645000,5
474474997,2026-06-17T15:19:06Z,1781709546000,0x4d32bc4355db9619c5dfc5c04569f021690fd31cf085fdc84cde2e733f45abc8,1,FinalizedWithdrawal,0xe5c7fe3a4ffca1590f26d74c8ba8b0db69557f7f4607a2a43f82e93041611978,0x07f4fcdd65b75bd041646d0f74882025ec64b495,12.11,1781709338328000,5
474475100,2026-06-17T15:19:30Z,1781709570000,0xca1e3c23ff87d528bcc1a598aa20b9e57ae0a0b300fa60ee21209711b590aa53,6,FinalizedWithdrawal,0xe5c7fe3a4ffca1590f26d74c8ba8b0db69557f7f4607a2a43f82e93041611978,0xc09fba244c975ec486d403ed48a928c15b3a42b1,249.0,1781709356015000,5
474475100,2026-06-17T15:19:30Z,1781709570000,0xca1e3c23ff87d528bcc1a598aa20b9e57ae0a0b300fa60ee21209711b590aa53,8,FinalizedWithdrawal,0xe5c7fe3a4ffca1590f26d74c8ba8b0db69557f7f4607a2a43f82e93041611978,0x02377bf8e2adae2f07aaa9274ad19f2ab9927d57,6.456227,1781709350149000,5
474475202,2026-06-17T15:19:56Z,1781709596000,0x0efd6b1480f131913624800edecdfcb748449d47d4dcdf8b5827be26f1b87aef,5,RequestedWithdrawal,0xcc10abf54af5c0718b10b0156dfe1e369ce3eee72423e9e86936a0082e9c5d1b,0x763f9b19a37311189e31023dc0660299fa0d3ef3,709.43,1781709588445000,5
474475297,2026-06-17T15:20:20Z,1781709620000,0xc1424c8abc73c88555f91370feaf22e7a9cc49e2fd9ff5da73794130504ff1a9,0,RequestedWithdrawal,0xcc10abf54af5c0718b10b0156dfe1e369ce3eee72423e9e86936a0082e9c5d1b,0x506c86e2661d5a06c779fbf8c7d77175195318a1,224.201134,1781709572667000,5
474475391,2026-06-17T15:20:43Z,1781709643000,0xb94e635d045cfb8e413948dff656a857750b614905a75b7d2b815a0d50a7747e,4,RequestedWithdrawal,0xcc10abf54af5c0718b10b0156dfe1e369ce3eee72423e9e86936a0082e9c5d1b,0x1a6145b4779919b884261b014a588cfef4f6e989,9.0,1781709629970000,5
474475391,2026-06-17T15:20:43Z,1781709643000,0xb94e635d045cfb8e413948dff656a857750b614905a75b7d2b815a0d50a7747e,5,RequestedWithdrawal,0xcc10abf54af5c0718b10b0156dfe1e369ce3eee72423e9e86936a0082e9c5d1b,0xc85dba526312210fda86a3a01b1db5710e459722,21.17,1781709625343000,5
474475595,2026-06-17T15:21:35Z,1781709695000,0x7a053e1430ac07bb935df13322d3a5a5e8eb4aadcc8abb2b07efa95eea46ab85,1,FinalizedWithdrawal,0xe5c7fe3a4ffca1590f26d74c8ba8b0db69557f7f4607a2a43f82e93041611978,0xecb63caa47c7c4e77f60f1ce858cf28dc2b82b00,8499999.0,1781709462988000,5
474475595,2026-06-17T15:21:35Z,1781709695000,0x7a053e1430ac07bb935df13322d3a5a5e8eb4aadcc8abb2b07efa95eea46ab85,3,FinalizedWithdrawal,0xe5c7fe3a4ffca1590f26d74c8ba8b0db69557f7f4607a2a43f82e93041611978,0x57115b34b209defd868ab594ff58dc2222c07aaf,2.876231,1781709485669000,5
474475595,2026-06-17T15:21:35Z,1781709695000,0x7a053e1430ac07bb935df13322d3a5a5e8eb4aadcc8abb2b07efa95eea46ab85,5,FinalizedWithdrawal,0xe5c7fe3a4ffca1590f26d74c8ba8b0db69557f7f4607a2a43f82e93041611978,0xecb63caa47c7c4e77f60f1ce858cf28dc2b82b00,8999999.0,1781709447738000,5
474475696,2026-06-17T15:22:00Z,1781709720000,0x0b5dde433425768a706d85dbf2ed80b6e63988b55a982636937057bde7614f25,1,RequestedWithdrawal,0xcc10abf54af5c0718b10b0156dfe1e369ce3eee72423e9e86936a0082e9c5d1b,0xd4c1f7e8d876c4749228d515473d36f919583d1d,599999.0,1781709694571000,5
474475700,2026-06-17T15:22:01Z,1781709721000,0xc3c33269983678c6a4134e8b1af8e6240fc51279859998f4389ded745fbaca5c,6,FinalizedWithdrawal,0xe5c7fe3a4ffca1590f26d74c8ba8b0db69557f7f4607a2a43f82e93041611978,0x2710ba878614659338bf510421a3fe92af21ffbf,243.546484,1781709510645000,5
474475888,2026-06-17T15:22:48Z,1781709768000,0x5aa62fea4e8c2280a8d5a81e111a51b124fee000d6d235f93289654c898c382a,0,RequestedWithdrawal,0xcc10abf54af5c0718b10b0156dfe1e369ce3eee72423e9e86936a0082e9c5d1b,0xdde984ca184428d6ed1392d03bd50e524c5c3665,23.940559,1781709755581000,5
474475958,2026-06-17T15:23:06Z,1781709786000,0xd6b7fc08f42c5dc8e9051de8c5083d8379d27a1ef8ab82397636d6265a21a7ba,15,RequestedWithdrawal,0xcc10abf54af5c0718b10b0156dfe1e369ce3eee72423e9e86936a0082e9c5d1b,0x718d944bd343b887386b3bf328b5d79e52b61ec7,299.0,1781709766352000,5
474476055,2026-06-17T15:23:30Z,1781709810000,0xac43979ec7c42f8cc4fc042a7179eca3119b3678a25912a0305d503b0f9e4202,1,FinalizedWithdrawal,0xe5c7fe3a4ffca1590f26d74c8ba8b0db69557f7f4607a2a43f82e93041611978,0x763f9b19a37311189e31023dc0660299fa0d3ef3,709.43,1781709588445000,5
474476156,2026-06-17T15:23:55Z,1781709835000,0xd76eedb03c8371753a5f0f1c3ab4d7834195d9d6a6fe9ca95838d712fd21ff9f,0,RequestedWithdrawal,0xcc10abf54af5c0718b10b0156dfe1e369ce3eee72423e9e86936a0082e9c5d1b,0x97dbe7757632e31542b752c388b79702a8480521,4.0,1781709813149000,5
474476163,2026-06-17T15:23:57Z,1781709837000,0x80a51795ba8735237b685a57eab2d4ffbb5570de8dd5ea2b5e60b10b3c483782,11,FinalizedWithdrawal,0xe5c7fe3a4ffca1590f26d74c8ba8b0db69557f7f4607a2a43f82e93041611978,0x506c86e2661d5a06c779fbf8c7d77175195318a1,224.201134,1781709572667000,5
474476241,2026-06-17T15:24:17Z,1781709857000,0x0a71e1140faaff91014837c8dd5e9c970a51bf4454e0023d967f8c025f5d073d,0,RequestedWithdrawal,0xcc10abf54af5c0718b10b0156dfe1e369ce3eee72423e9e86936a0082e9c5d1b,0xc88fa5ab592d2eac7350c6444cf08012f6d22357,299.0,1781709840418000,5
474476247,2026-06-17T15:24:18Z,1781709858000,0x568b3fb5e86ef8bbc2f7eb9246d49103e86a52d9aca4c71a8ef906a3233d6c78,17,FinalizedWithdrawal,0xe5c7fe3a4ffca1590f26d74c8ba8b0db69557f7f4607a2a43f82e93041611978,0xc85dba526312210fda86a3a01b1db5710e459722,21.17,1781709625343000,5
474476247,2026-06-17T15:24:18Z,1781709858000,0x568b3fb5e86ef8bbc2f7eb9246d49103e86a52d9aca4c71a8ef906a3233d6c78,19,FinalizedWithdrawal,0xe5c7fe3a4ffca1590f26d74c8ba8b0db69557f7f4607a2a43f82e93041611978,0x1a6145b4779919b884261b014a588cfef4f6e989,9.0,1781709629970000,5
474476327,2026-06-17T15:24:38Z,1781709878000,0x9d6475d60ff2571b4bf1b89cb4e512815cb5115a8b15a1ddd9e4c539a777f187,3,RequestedWithdrawal,0xcc10abf54af5c0718b10b0156dfe1e369ce3eee72423e9e86936a0082e9c5d1b,0xc57907db5c48150c30b8349b7e815d61d9a3c164,1012.63,1781709853495000,5
474476327,2026-06-17T15:24:38Z,1781709878000,0x9d6475d60ff2571b4bf1b89cb4e512815cb5115a8b15a1ddd9e4c539a777f187,4,RequestedWithdrawal,0xcc10abf54af5c0718b10b0156dfe1e369ce3eee72423e9e86936a0082e9c5d1b,0xecb63caa47c7c4e77f60f1ce858cf28dc2b82b00,7999999.0,1781709860216000,5
474476423,2026-06-17T15:25:02Z,1781709902000,0x1fb9b3ec571d6ce061e36f60e7f5859f73faf3152d27f805f9c4727fcafe69f5,0,RequestedWithdrawal,0xcc10abf54af5c0718b10b0156dfe1e369ce3eee72423e9e86936a0082e9c5d1b,0xecb63caa47c7c4e77f60f1ce858cf28dc2b82b00,7499999.0,1781709881214000,5
474476509,2026-06-17T15:25:24Z,1781709924000,0xf5c0073c893cc670e7df783346aa35dc4ac99cdd3c0a5226fc02b5e35c9180e9,1,FinalizedWithdrawal,0xe5c7fe3a4ffca1590f26d74c8ba8b0db69557f7f4607a2a43f82e93041611978,0xd4c1f7e8d876c4749228d515473d36f919583d1d,599999.0,1781709694571000,5
474476708,2026-06-17T15:26:13Z,1781709973000,0x968987e8af9b83eb0459b7e5d2e57c4b9504a0e2e576442ed6b65ced530bb001,2,FinalizedWithdrawal,0xe5c7fe3a4ffca1590f26d74c8ba8b0db69557f7f4607a2a43f82e93041611978,0xdde984ca184428d6ed1392d03bd50e524c5c3665,23.940559,1781709755581000,5
474476811,2026-06-17T15:26:38Z,1781709998000,0xd220db2d21fa78fe04f859f872a0d3be22dc5adb492e9572ebd80952821fa9f1,0,RequestedWithdrawal,0xcc10abf54af5c0718b10b0156dfe1e369ce3eee72423e9e86936a0082e9c5d1b,0x511473bf0187fb57c82e8ef505f9f651f252b6a2,97.5,1781709980263000,5
474476817,2026-06-17T15:26:40Z,1781710000000,0x975e30541cdbf09e351bdd5e94a58081fe37feaaeda63363482fa3d35d6c8d43,1,FinalizedWithdrawal,0xe5c7fe3a4ffca1590f26d74c8ba8b0db69557f7f4607a2a43f82e93041611978,0x718d944bd343b887386b3bf328b5d79e52b61ec7,299.0,1781709766352000,5
474476997,2026-06-17T15:27:25Z,1781710045000,0x82d8a303ac97583a30d06e99ac4e403b52247219613133953a31ee02748dd71d,1,FinalizedWithdrawal,0xe5c7fe3a4ffca1590f26d74c8ba8b0db69557f7f4607a2a43f82e93041611978,0x97dbe7757632e31542b752c388b79702a8480521,4.0,1781709813149000,5
474477108,2026-06-17T15:27:53Z,1781710073000,0xf3f03e04ea7cdd4343450e45ae0071f6f79e56c7f4b186318a1a6d627288c1fe,14,FinalizedWithdrawal,0xe5c7fe3a4ffca1590f26d74c8ba8b0db69557f7f4607a2a43f82e93041611978,0xc88fa5ab592d2eac7350c6444cf08012f6d22357,299.0,1781709840418000,5
474477217,2026-06-17T15:28:20Z,1781710100000,0xf70cfca38757e1d3ab9b3072c7323fb76ae83cd48e7892cc5dd4a17c701f326c,31,RequestedWithdrawal,0xcc10abf54af5c0718b10b0156dfe1e369ce3eee72423e9e86936a0082e9c5d1b,0xb60d69a2e2f215e2a51994cf02d9cf782abc08f9,3.170972,1781710102563000,5
474477222,2026-06-17T15:28:21Z,1781710101000,0x60d611cb6412669b62012a808995b2649e52593e2b109403e1d8b804118ee18b,1,FinalizedWithdrawal,0xe5c7fe3a4ffca1590f26d74c8ba8b0db69557f7f4607a2a43f82e93041611978,0xc57907db5c48150c30b8349b7e815d61d9a3c164,1012.63,1781709853495000,5
474477222,2026-06-17T15:28:21Z,1781710101000,0x60d611cb6412669b62012a808995b2649e52593e2b109403e1d8b804118ee18b,3,FinalizedWithdrawal,0xe5c7fe3a4ffca1590f26d74c8ba8b0db69557f7f4607a2a43f82e93041611978,0xecb63caa47c7c4e77f60f1ce858cf28dc2b82b00,7999999.0,1781709860216000,5
474477296,2026-06-17T15:28:40Z,1781710120000,0x3698090370bb7d3feaf6b67000dca1083a7799bac20a91dcfa166e5c95760719,2,RequestedWithdrawal,0xcc10abf54af5c0718b10b0156dfe1e369ce3eee72423e9e86936a0082e9c5d1b,0x1f3421126ada75afc14752933934183b0cfda6ea,41.91,1781710108520000,5
474477300,2026-06-17T15:28:41Z,1781710121000,0x04fa5156bd71a5ecca43b8955b0562815dca6e469f881788cd46533c2629b37e,2,FinalizedWithdrawal,0xe5c7fe3a4ffca1590f26d74c8ba8b0db69557f7f4607a2a43f82e93041611978,0xecb63caa47c7c4e77f60f1ce858cf28dc2b82b00,7499999.0,1781709881214000,5
474477407,2026-06-17T15:29:08Z,1781710148000,0x450e652fec8c606fdb4cd83b6dcd9e7383389958c2763315d68be426cb91d8c6,188,RequestedWithdrawal,0xcc10abf54af5c0718b10b0156dfe1e369ce3eee72423e9e86936a0082e9c5d1b,0xdfe33343922474713cec4d0041df03f4035d805c,199.0,1781710132510000,5
474477615,2026-06-17T15:30:00Z,1781710200000,0x9d1e67329dede7042f7fe07029c81250d39051fb56aa82822765da578eebd0d0,1,FinalizedWithdrawal,0xe5c7fe3a4ffca1590f26d74c8ba8b0db69557f7f4607a2a43f82e93041611978,0x511473bf0187fb57c82e8ef505f9f651f252b6a2,97.5,1781709980263000,5
474477910,2026-06-17T15:31:14Z,1781710274000,0x6ab21da5ce3c7d176f9fd097ca2f8a7e5bb2bb376cc0fddda07b50d72834507d,7,RequestedWithdrawal,0xcc10abf54af5c0718b10b0156dfe1e369ce3eee72423e9e86936a0082e9c5d1b,0x9deb0cf9eec64d8afff121f1fbd961bbf14091ca,500.0,1781710242948000,5
474478018,2026-06-17T15:31:41Z,1781710301000,0xcc7771490942499deb13fbac7aec103078a5ee5d0a63716f1f96d5281487f2bb,31,RequestedWithdrawal,0xcc10abf54af5c0718b10b0156dfe1e369ce3eee72423e9e86936a0082e9c5d1b,0x4264ea1938ea9521615ca5ebe2b9d227726037f7,107.67,1781710293727000,5
474478026,2026-06-17T15:31:43Z,1781710303000,0xcb12e6e6beebeaf2d4e96d707eeeb5b23cdf624b4ae7c102600abac4c13608ee,7,FinalizedWithdrawal,0xe5c7fe3a4ffca1590f26d74c8ba8b0db69557f7f4607a2a43f82e93041611978,0xb60d69a2e2f215e2a51994cf02d9cf782abc08f9,3.170972,1781710102563000,5
474478104,2026-06-17T15:32:01Z,1781710321000,0xf0d06d825db7b8d16a05e188688862b1d0508277ff9ac9141fa437322033e887,1,RequestedWithdrawal,0xcc10abf54af5c0718b10b0156dfe1e369ce3eee72423e9e86936a0082e9c5d1b,0xa39d7362a952073b7b5f48f7a082fa9e47f366a7,97.5,1781710305614000,5
474478109,2026-06-17T15:32:02Z,1781710322000,0x3fa80edd904d8c04ea8dc95e91e288952b9575632435cc5cfb9fae2399acaa7e,1,FinalizedWithdrawal,0xe5c7fe3a4ffca1590f26d74c8ba8b0db69557f7f4607a2a43f82e93041611978,0x1f3421126ada75afc14752933934183b0cfda6ea,41.91,1781710108520000,5
474478315,2026-06-17T15:32:54Z,1781710374000,0xd08049c9f4e4da882fe7d59d290ba7ae597f94c601f2b88a63aa19d0e69ffa8d,14,FinalizedWithdrawal,0xe5c7fe3a4ffca1590f26d74c8ba8b0db69557f7f4607a2a43f82e93041611978,0xdfe33343922474713cec4d0041df03f4035d805c,199.0,1781710132510000,5
474478423,2026-06-17T15:33:21Z,1781710401000,0x447b2b12cc4b0fcc55575415d1164d75046449680556ba3feeea19fb639ed3e2,0,RequestedWithdrawal,0xcc10abf54af5c0718b10b0156dfe1e369ce3eee72423e9e86936a0082e9c5d1b,0x18f4d7ab4a5dc51dba41f19f6c835d6b0ce6be04,12.41,1781710383104000,5
474478608,2026-06-17T15:34:07Z,1781710447000,0x458a322c408d6422e502624ff0a8cead6a2141ea82f75790a3157ea9a20c7ed9,13,RequestedWithdrawal,0xcc10abf54af5c0718b10b0156dfe1e369ce3eee72423e9e86936a0082e9c5d1b,0x7c9739a703db03c74d3478240170f404f04aeba2,24.357993,1781710449931000,5
474478726,2026-06-17T15:34:37Z,1781710477000,0xa379e789723a62412b43d838e6943bbf270b95fdabd608ff2a1c9db72121b0e1,0,RequestedWithdrawal,0xcc10abf54af5c0718b10b0156dfe1e369ce3eee72423e9e86936a0082e9c5d1b,0x26b8a9f3357e540df2b33108783b0fac3bc60768,34.13,1781710459127000,5
474478733,2026-06-17T15:34:38Z,1781710478000,0x702127b0186aa77b4997890a062fcea2efe928b91c5ef5c768b795680d3671cb,12,FinalizedWithdrawal,0xe5c7fe3a4ffca1590f26d74c8ba8b0db69557f7f4607a2a43f82e93041611978,0x9deb0cf9eec64d8afff121f1fbd961bbf14091ca,500.0,1781710242948000,5
474478812,2026-06-17T15:34:58Z,1781710498000,0x97f81a4f9844b47abdb97ea431210eddfa87713e3f8a20e7dc8adb0be7a76dc5,1,RequestedWithdrawal,0xcc10abf54af5c0718b10b0156dfe1e369ce3eee72423e9e86936a0082e9c5d1b,0xeaeb07b22f5b5b36a401413e166ebf45df9dbaba,94.34585,1781710475177000,5
474478912,2026-06-17T15:35:24Z,1781710524000,0xa7d29c0a1b8bb9a4ab7db7ed79542cdd52fb22eb587b325c094b04650629d841,8,FinalizedWithdrawal,0xe5c7fe3a4ffca1590f26d74c8ba8b0db69557f7f4607a2a43f82e93041611978,0xa39d7362a952073b7b5f48f7a082fa9e47f366a7,97.5,1781710305614000,5
474478912,2026-06-17T15:35:24Z,1781710524000,0xa7d29c0a1b8bb9a4ab7db7ed79542cdd52fb22eb587b325c094b04650629d841,10,FinalizedWithdrawal,0xe5c7fe3a4ffca1590f26d74c8ba8b0db69557f7f4607a2a43f82e93041611978,0x4264ea1938ea9521615ca5ebe2b9d227726037f7,107.67,1781710293727000,5
474479217,2026-06-17T15:36:40Z,1781710600000,0xcd687543a3433d0f877a9a7aef49aa5085d3ed6a0477f0a2fd58b390cf23ef8e,2,RequestedWithdrawal,0xcc10abf54af5c0718b10b0156dfe1e369ce3eee72423e9e86936a0082e9c5d1b,0x51ff9ebbaf4d7aefcce9f6dc8d691aefa8e56815,240.0,1781710589832000,5
474479217,2026-06-17T15:36:40Z,1781710600000,0xcd687543a3433d0f877a9a7aef49aa5085d3ed6a0477f0a2fd58b390cf23ef8e,3,RequestedWithdrawal,0xcc10abf54af5c0718b10b0156dfe1e369ce3eee72423e9e86936a0082e9c5d1b,0x58a5f27ae5c95e871d87629241b0320770e9455f,293.41,1781710572034000,5
474479301,2026-06-17T15:37:01Z,1781710621000,0x10ab133159d33eb7c246a62da8f5e9fb3260c5ea10da809f0047174b967b5c23,1,FinalizedWithdrawal,0xe5c7fe3a4ffca1590f26d74c8ba8b0db69557f7f4607a2a43f82e93041611978,0x18f4d7ab4a5dc51dba41f19f6c835d6b0ce6be04,12.41,1781710383104000,5
474479483,2026-06-17T15:37:47Z,1781710667000,0x51f46ffc3c75dbc1fbaa8d3b8ffb15ebb83b1e1e5e98ded924ce947f122a4fa2,19,FinalizedWithdrawal,0xe5c7fe3a4ffca1590f26d74c8ba8b0db69557f7f4607a2a43f82e93041611978,0x7c9739a703db03c74d3478240170f404f04aeba2,24.357993,1781710449931000,5
474479565,2026-06-17T15:38:07Z,1781710687000,0xe12983e4b640f1f05e35987c1429fa0e16a278a58f9679804deafd308d9cb211,52,FinalizedWithdrawal,0xe5c7fe3a4ffca1590f26d74c8ba8b0db69557f7f4607a2a43f82e93041611978,0x26b8a9f3357e540df2b33108783b0fac3bc60768,34.13,1781710459127000,5
474479661,2026-06-17T15:38:30Z,1781710710000,0xce1b220d8f726f1ecb063ede16b32d46c6dd52b88af9b203a9efb7910c18e5bb,18,FinalizedWithdrawal,0xe5c7fe3a4ffca1590f26d74c8ba8b0db69557f7f4607a2a43f82e93041611978,0xeaeb07b22f5b5b36a401413e166ebf45df9dbaba,94.34585,1781710475177000,5
474479844,2026-06-17T15:39:16Z,1781710756000,0x8e162cf5c9f216b1a90575a6eb3b9bd193615bd5e6e9f9b24752132cb7736525,2,RequestedWithdrawal,0xcc10abf54af5c0718b10b0156dfe1e369ce3eee72423e9e86936a0082e9c5d1b,0x426f5bdf13324e3bf83faeaf0b19f0636e2f2161,893.71,1781710742556000,5
474479844,2026-06-17T15:39:16Z,1781710756000,0x8e162cf5c9f216b1a90575a6eb3b9bd193615bd5e6e9f9b24752132cb7736525,3,RequestedWithdrawal,0xcc10abf54af5c0718b10b0156dfe1e369ce3eee72423e9e86936a0082e9c5d1b,0xecb63caa47c7c4e77f60f1ce858cf28dc2b82b00,1999999.0,1781710731721000,5
474480130,2026-06-17T15:40:28Z,1781710828000,0x1f6705a2ddcf742dbcbf8f06d735bd87fea7cc40c32274b5bd4be5abf472f844,7,FinalizedWithdrawal,0xe5c7fe3a4ffca1590f26d74c8ba8b0db69557f7f4607a2a43f82e93041611978,0x58a5f27ae5c95e871d87629241b0320770e9455f,293.41,1781710572034000,5
474480130,2026-06-17T15:40:28Z,1781710828000,0x1f6705a2ddcf742dbcbf8f06d735bd87fea7cc40c32274b5bd4be5abf472f844,9,FinalizedWithdrawal,0xe5c7fe3a4ffca1590f26d74c8ba8b0db69557f7f4607a2a43f82e93041611978,0x51ff9ebbaf4d7aefcce9f6dc8d691aefa8e56815,240.0,1781710589832000,5
474480237,2026-06-17T15:40:54Z,1781710854000,0xae25017b654305af8aba8f77b24a044ce5776095b321cb139addcfaa3525b1f7,0,RequestedWithdrawal,0xcc10abf54af5c0718b10b0156dfe1e369ce3eee72423e9e86936a0082e9c5d1b,0xecb63caa47c7c4e77f60f1ce858cf28dc2b82b00,4999999.0,1781710845711000,5
474480454,2026-06-17T15:41:49Z,1781710909000,0xa41ea0c3ffc67a5aa0baf78a9d64e4f7b67882df59fb084fb78912c626de674d,34,RequestedWithdrawal,0xcc10abf54af5c0718b10b0156dfe1e369ce3eee72423e9e86936a0082e9c5d1b,0x9831081cbb01356aebf942f440f70b5af4557678,3.386928,1781710903532000,5
474480629,2026-06-17T15:42:33Z,1781710953000,0xaa3cc87783346d6f474677fd3781fffd3c230a6f1bd3d3152d105c59ee136241,0,RequestedWithdrawal,0xcc10abf54af5c0718b10b0156dfe1e369ce3eee72423e9e86936a0082e9c5d1b,0xaae2be619aca2ff12976695b249fd73f5dc382d1,4.8,1781710938689000,5
474480735,2026-06-17T15:42:59Z,1781710979000,0x495cacc5ad8ad65477f6513468d9ee2a19dbfb3d0fefd23c7f53fa56a814cf77,0,RequestedWithdrawal,0xcc10abf54af5c0718b10b0156dfe1e369ce3eee72423e9e86936a0082e9c5d1b,0x60c3b936c8518103d136a966252ad229211ecfb4,24.098377,1781710953810000,5
474480741,2026-06-17T15:43:01Z,1781710981000,0x5849c9adcba1c8d028569704b8e040cbd82e9c1dfe6eb6b841d7b8fbd6684bdd,12,FinalizedWithdrawal,0xe5c7fe3a4ffca1590f26d74c8ba8b0db69557f7f4607a2a43f82e93041611978,0x426f5bdf13324e3bf83faeaf0b19f0636e2f2161,893.71,1781710742556000,5
474480741,2026-06-17T15:43:01Z,1781710981000,0x5849c9adcba1c8d028569704b8e040cbd82e9c1dfe6eb6b841d7b8fbd6684bdd,14,FinalizedWithdrawal,0xe5c7fe3a4ffca1590f26d74c8ba8b0db69557f7f4607a2a43f82e93041611978,0xecb63caa47c7c4e77f60f1ce858cf28dc2b82b00,1999999.0,1781710731721000,5
474480899,2026-06-17T15:43:40Z,1781711020000,0x150a5efa9b223d90dd09ab1f14ab3867fe011cf601ce2a25b193191be777250f,13,RequestedWithdrawal,0xcc10abf54af5c0718b10b0156dfe1e369ce3eee72423e9e86936a0082e9c5d1b,0x47dc23bf415ccb05559583195820e0f4972ef55e,4239.0,1781711010706000,5
474481012,2026-06-17T15:44:09Z,1781711049000,0x17a742602f2e919f612391052e8ebe48b97f30114071bb07c481b98013bdbb1a,60,RequestedWithdrawal,0xcc10abf54af5c0718b10b0156dfe1e369ce3eee72423e9e86936a0082e9c5d1b,0xecb63caa47c7c4e77f60f1ce858cf28dc2b82b00,4999999.0,1781711031728000,5
474481105,2026-06-17T15:44:32Z,1781711072000,0x10a33076baf182ec01bffd0a8fb54089fdf1d2b1426a92edcffd944bef2e0f02,4,FinalizedWithdrawal,0xe5c7fe3a4ffca1590f26d74c8ba8b0db69557f7f4607a2a43f82e93041611978,0xecb63caa47c7c4e77f60f1ce858cf28dc2b82b00,4999999.0,1781710845711000,5
474481201,2026-06-17T15:44:54Z,1781711094000,0xe0a2c4fbbb3257c66b0acab88c03d0381048abc0216fd720834c66a502acafc3,0,RequestedWithdrawal,0xcc10abf54af5c0718b10b0156dfe1e369ce3eee72423e9e86936a0082e9c5d1b,0x08a00e5f4c9897ee0bdf5055b2ce3139c0796896,1419.0,1781711080543000,5
474481201,2026-06-17T15:44:54Z,1781711094000,0xe0a2c4fbbb3257c66b0acab88c03d0381048abc0216fd720834c66a502acafc3,1,RequestedWithdrawal,0xcc10abf54af5c0718b10b0156dfe1e369ce3eee72423e9e86936a0082e9c5d1b,0x27c9846927543f30b00d812ffff7f5f2f8e35ccd,17.0,1781711079955000,5
474481311,2026-06-17T15:45:22Z,1781711122000,0xe5a6f8b64e61f87c188cec73c8063cc963a897ba9367d5682b38698c6d975be0,1,FinalizedWithdrawal,0xe5c7fe3a4ffca1590f26d74c8ba8b0db69557f7f4607a2a43f82e93041611978,0x9831081cbb01356aebf942f440f70b5af4557678,3.386928,1781710903532000,5
474481493,2026-06-17T15:46:07Z,1781711167000,0xe828363acbd58daa89f095ffaad72ae10280a9ac0bee678d54dd36813ec866c2,45,RequestedWithdrawal,0xcc10abf54af5c0718b10b0156dfe1e369ce3eee72423e9e86936a0082e9c5d1b,0x13f7e3774974e8a1f51378c53df0f7e05bd4a84d,2.0,1781711142961000,5
474481500,2026-06-17T15:46:09Z,1781711169000,0x8724d4657c80e6d3aa3e306333d1e9c5e69fa312ddd3e2aceb5dc6df9f6acc47,3,FinalizedWithdrawal,0xe5c7fe3a4ffca1590f26d74c8ba8b0db69557f7f4607a2a43f82e93041611978,0xaae2be619aca2ff12976695b249fd73f5dc382d1,4.8,1781710938689000,5
474481573,2026-06-17T15:46:27Z,1781711187000,0x1d33bd973eafc133d408f19682bff304ef6a98ca74b7db155b9afdb1544be912,99,FinalizedWithdrawal,0xe5c7fe3a4ffca1590f26d74c8ba8b0db69557f7f4607a2a43f82e93041611978,0x60c3b936c8518103d136a966252ad229211ecfb4,24.098377,1781710953810000,5
474481777,2026-06-17T15:47:18Z,1781711238000,0x6ef8dfeec1041495601032dd0d4d2f2ba5bb00cd32888b114b84ed6b5bf0c911,105,FinalizedWithdrawal,0xe5c7fe3a4ffca1590f26d74c8ba8b0db69557f7f4607a2a43f82e93041611978,0x47dc23bf415ccb05559583195820e0f4972ef55e,4239.0,1781711010706000,5
474481879,2026-06-17T15:47:44Z,1781711264000,0x846359536a34c18c43f58dcf80d80b924137fb8b5b8b9f748ad60bcaed67f9ee,1,FinalizedWithdrawal,0xe5c7fe3a4ffca1590f26d74c8ba8b0db69557f7f4607a2a43f82e93041611978,0xecb63caa47c7c4e77f60f1ce858cf28dc2b82b00,4999999.0,1781711031728000,5
474482071,2026-06-17T15:48:32Z,1781711312000,0xcc12a06eea37c224e54d2df7fdf385508c1740a0e6b0126993c170d9ff840735,1,FinalizedWithdrawal,0xe5c7fe3a4ffca1590f26d74c8ba8b0db69557f7f4607a2a43f82e93041611978,0x27c9846927543f30b00d812ffff7f5f2f8e35ccd,17.0,1781711079955000,5
474482071,2026-06-17T15:48:32Z,1781711312000,0xcc12a06eea37c224e54d2df7fdf385508c1740a0e6b0126993c170d9ff840735,3,FinalizedWithdrawal,0xe5c7fe3a4ffca1590f26d74c8ba8b0db69557f7f4607a2a43f82e93041611978,0x08a00e5f4c9897ee0bdf5055b2ce3139c0796896,1419.0,1781711080543000,5
474482169,2026-06-17T15:48:57Z,1781711337000,0xb6f8d9edcad3a97c62f58d17f90a19c1cca40abe86abf2136554e0679e730f0c,3,RequestedWithdrawal,0xcc10abf54af5c0718b10b0156dfe1e369ce3eee72423e9e86936a0082e9c5d1b,0x87e4cd33cab54a828923c663786084481a302c7c,648.365107,1781711305055000,5
474482361,2026-06-17T15:49:45Z,1781711385000,0xb1c502b1b0a37ffda0a71d7cc537409193350b7e25256d0fa8e22d106b58e357,2,FinalizedWithdrawal,0xe5c7fe3a4ffca1590f26d74c8ba8b0db69557f7f4607a2a43f82e93041611978,0x13f7e3774974e8a1f51378c53df0f7e05bd4a84d,2.0,1781711142961000,5
474482460,2026-06-17T15:50:10Z,1781711410000,0x06b3cf331aec65e4e16216aaff57960629c156070bef6b9861be302e3487a654,0,RequestedWithdrawal,0xcc10abf54af5c0718b10b0156dfe1e369ce3eee72423e9e86936a0082e9c5d1b,0x445b6f331df37011232f7b84126bd687ed579a70,390.09,1781711386749000,5
474482544,2026-06-17T15:50:31Z,1781711431000,0xe131b1ba7693c205b87d904b88e7d4b3c84ce7dec7f27d2ed49d168b596830ee,18,RequestedWithdrawal,0xcc10abf54af5c0718b10b0156dfe1e369ce3eee72423e9e86936a0082e9c5d1b,0x585c0770b32e3b43536caf1df85965bc51f41406,38.63,1781711416084000,5
474482544,2026-06-17T15:50:31Z,1781711431000,0xe131b1ba7693c205b87d904b88e7d4b3c84ce7dec7f27d2ed49d168b596830ee,19,RequestedWithdrawal,0xcc10abf54af5c0718b10b0156dfe1e369ce3eee72423e9e86936a0082e9c5d1b,0xecb63caa47c7c4e77f60f1ce858cf28dc2b82b00,8999999.0,1781711421717000,5
474482858,2026-06-17T15:51:49Z,1781711509000,0x40ace23d8dada3f4057b7109f149962eaa4bc512e8da5cdf2c762fd2e6f59612,17,RequestedWithdrawal,0xcc10abf54af5c0718b10b0156dfe1e369ce3eee72423e9e86936a0082e9c5d1b,0x2341eae8b2604648e59f1ee55b6cba93ab1bb2fa,4.08,1781711483078000,5
474483061,2026-06-17T15:52:39Z,1781711559000,0xaf718c2f44328526b09b2dfb35d92751770202cd1aa922a2cde7526e74279f8c,7,RequestedWithdrawal,0xcc10abf54af5c0718b10b0156dfe1e369ce3eee72423e9e86936a0082e9c5d1b,0xecb63caa47c7c4e77f60f1ce858cf28dc2b82b00,5999999.0,1781711552218000,5
474483065,2026-06-17T15:52:40Z,1781711560000,0x24334b83bb9c5ddb1d89a268a7a2637e44e9ca6b88425adff94ef887851dc9fa,1,FinalizedWithdrawal,0xe5c7fe3a4ffca1590f26d74c8ba8b0db69557f7f4607a2a43f82e93041611978,0x87e4cd33cab54a828923c663786084481a302c7c,648.365107,1781711305055000,5
474483357,2026-06-17T15:53:54Z,1781711634000,0xed40a0b0ad6d09c8c7b6e799139eb1794d7901decbdc1afd4a9eb11a0e54019d,41,FinalizedWithdrawal,0xe5c7fe3a4ffca1590f26d74c8ba8b0db69557f7f4607a2a43f82e93041611978,0x445b6f331df37011232f7b84126bd687ed579a70,390.09,1781711386749000,5
474483357,2026-06-17T15:53:54Z,1781711634000,0xed40a0b0ad6d09c8c7b6e799139eb1794d7901decbdc1afd4a9eb11a0e54019d,43,FinalizedWithdrawal,0xe5c7fe3a4ffca1590f26d74c8ba8b0db69557f7f4607a2a43f82e93041611978,0x585c0770b32e3b43536caf1df85965bc51f41406,38.63,1781711416084000,5
474483357,2026-06-17T15:53:54Z,1781711634000,0xed40a0b0ad6d09c8c7b6e799139eb1794d7901decbdc1afd4a9eb11a0e54019d,45,FinalizedWithdrawal,0xe5c7fe3a4ffca1590f26d74c8ba8b0db69557f7f4607a2a43f82e93041611978,0xecb63caa47c7c4e77f60f1ce858cf28dc2b82b00,8999999.0,1781711421717000,5
474483758,2026-06-17T15:55:34Z,1781711734000,0x5d6f2ce0f081252dfcf904e6fdf96dfd1150e923a87ce06bb052b78dfb17ae25,2,RequestedWithdrawal,0xcc10abf54af5c0718b10b0156dfe1e369ce3eee72423e9e86936a0082e9c5d1b,0xc71eafd6362dee290d095063cb5462df266c22d6,1.99,1781711720112000,5
474483764,2026-06-17T15:55:36Z,1781711736000,0xef673f87918293504ccc486bd7b9864ab0459c965315f42e3643ccecad8b2ab4,10,FinalizedWithdrawal,0xe5c7fe3a4ffca1590f26d74c8ba8b0db69557f7f4607a2a43f82e93041611978,0x2341eae8b2604648e59f1ee55b6cba93ab1bb2fa,4.08,1781711483078000,5
474483964,2026-06-17T15:56:26Z,1781711786000,0xd3f293d1175bcebf6891657d02c49bf0b20bc1437262494f363b25abdf76b0f8,1,FinalizedWithdrawal,0xe5c7fe3a4ffca1590f26d74c8ba8b0db69557f7f4607a2a43f82e93041611978,0xecb63caa47c7c4e77f60f1ce858cf28dc2b82b00,5999999.0,1781711552218000,5
474484083,2026-06-17T15:56:56Z,1781711816000,0x37c87db826a3fe348d1d48bc39225894e97f7bec509ba5651b1ae4085780c188,3,RequestedWithdrawal,0xcc10abf54af5c0718b10b0156dfe1e369ce3eee72423e9e86936a0082e9c5d1b,0x445b6f331df37011232f7b84126bd687ed579a70,389.07,1781711783603000,5
474484645,2026-06-17T15:59:15Z,1781711955000,0x57f4f3102d36a94a195b3d16a52ed9a7305a244bd2aa48de8b77675a7481a751,5,FinalizedWithdrawal,0xe5c7fe3a4ffca1590f26d74c8ba8b0db69557f7f4607a2a43f82e93041611978,0xc71eafd6362dee290d095063cb5462df266c22d6,1.99,1781711720112000,5
474484728,2026-06-17T15:59:36Z,1781711976000,0x41d1259d6bb19767f97aec06989a3790a638ee5cfe40996972330f10338ff59f,0,RequestedWithdrawal,0xcc10abf54af5c0718b10b0156dfe1e369ce3eee72423e9e86936a0082e9c5d1b,0xfee2270f4bcb5bc143d50ecedb2824c66b146c57,531.864701,1781711970024000,5
474484807,2026-06-17T15:59:56Z,1781711996000,0x8c7460347cb1c08ff6e9c031a757f4c25996220412c75c15c2194d0f60aa3c0f,1,RequestedWithdrawal,0xcc10abf54af5c0718b10b0156dfe1e369ce3eee72423e9e86936a0082e9c5d1b,0x29bd7672db69d4208666bbef2d4d1bde41ce6cf7,104.0,1781711965522000,5
474484807,2026-06-17T15:59:56Z,1781711996000,0x8c7460347cb1c08ff6e9c031a757f4c25996220412c75c15c2194d0f60aa3c0f,2,RequestedWithdrawal,0xcc10abf54af5c0718b10b0156dfe1e369ce3eee72423e9e86936a0082e9c5d1b,0x5fca0144f66d807fce04d6ce0fd1671a1179ddca,27.81,1781711980459000,5
474484898,2026-06-17T16:00:19Z,1781712019000,0x15b01bc2eaa06303a6db5c31cb89088ac57ee927fcc6e38b4e122d28b1243100,29,FinalizedWithdrawal,0xe5c7fe3a4ffca1590f26d74c8ba8b0db69557f7f4607a2a43f82e93041611978,0x445b6f331df37011232f7b84126bd687ed579a70,389.07,1781711783603000,5
474484985,2026-06-17T16:00:40Z,1781712040000,0xa87ee355b00b21bbee85200443a6715031e84245ab3c5e7d3e738f6baeece57a,0,RequestedWithdrawal,0xcc10abf54af5c0718b10b0156dfe1e369ce3eee72423e9e86936a0082e9c5d1b,0x2a28b57dbad33f743494788ed99e61cef44c6301,83.75,1781712033774000,5
474485592,2026-06-17T16:03:13Z,1781712193000,0x5cc47bab3f3d509a3b692015a814309a20fee3a5897a697feb01eaf33ec69fbd,1,FinalizedWithdrawal,0xe5c7fe3a4ffca1590f26d74c8ba8b0db69557f7f4607a2a43f82e93041611978,0xfee2270f4bcb5bc143d50ecedb2824c66b146c57,531.864701,1781711970024000,5
474485688,2026-06-17T16:03:37Z,1781712217000,0x23f4e62fa44efeb684b4c3be1765139d781bee3cdffa14a279c9758480310ad8,55,RequestedWithdrawal,0xcc10abf54af5c0718b10b0156dfe1e369ce3eee72423e9e86936a0082e9c5d1b,0x9c014edfbf1ed7290e5684a821ce7a95bda2de8c,59.95,1781712195283000,5
474485695,2026-06-17T16:03:38Z,1781712218000,0xb7c36b16020edce2fadf46e72890497a23766ca9c1a5f1cc81e8673eb3160409,1,FinalizedWithdrawal,0xe5c7fe3a4ffca1590f26d74c8ba8b0db69557f7f4607a2a43f82e93041611978,0x29bd7672db69d4208666bbef2d4d1bde41ce6cf7,104.0,1781711965522000,5
474485695,2026-06-17T16:03:38Z,1781712218000,0xb7c36b16020edce2fadf46e72890497a23766ca9c1a5f1cc81e8673eb3160409,3,FinalizedWithdrawal,0xe5c7fe3a4ffca1590f26d74c8ba8b0db69557f7f4607a2a43f82e93041611978,0x5fca0144f66d807fce04d6ce0fd1671a1179ddca,27.81,1781711980459000,5
474485815,2026-06-17T16:04:07Z,1781712247000,0x88e5326d6b3af0af9d0569d9786c42c7b9701deac880e658b1880ff7c17de042,42,RequestedWithdrawal,0xcc10abf54af5c0718b10b0156dfe1e369ce3eee72423e9e86936a0082e9c5d1b,0x445b6f331df37011232f7b84126bd687ed579a70,388.05,1781712241569000,5
474485822,2026-06-17T16:04:09Z,1781712249000,0x60ef52ff997ca2daca93373b645e881dd7b99ea7fe12706be7a1f47d277431a7,15,FinalizedWithdrawal,0xe5c7fe3a4ffca1590f26d74c8ba8b0db69557f7f4607a2a43f82e93041611978,0x2a28b57dbad33f743494788ed99e61cef44c6301,83.75,1781712033774000,5
474486105,2026-06-17T16:05:20Z,1781712320000,0x93bb4ae2a6439fb9d8e80bc793a9a4d80f8663a6173cef13c7a7321e935f6086,10,RequestedWithdrawal,0xcc10abf54af5c0718b10b0156dfe1e369ce3eee72423e9e86936a0082e9c5d1b,0x8a924f07a55a5770fb3f23105ce7e6c3a737b273,49.0,1781712313627000,5
474486105,2026-06-17T16:05:20Z,1781712320000,0x93bb4ae2a6439fb9d8e80bc793a9a4d80f8663a6173cef13c7a7321e935f6086,11,RequestedWithdrawal,0xcc10abf54af5c0718b10b0156dfe1e369ce3eee72423e9e86936a0082e9c5d1b,0xb66ef93e25eb92f0cd590af7629c04fbc5504631,1598.44,1781712310616000,5
474486306,2026-06-17T16:06:10Z,1781712370000,0x3a2fafb14a4347a322258a29db42f6d346a7070cf38f1f82f6440fd69ddaefe2,8,RequestedWithdrawal,0xcc10abf54af5c0718b10b0156dfe1e369ce3eee72423e9e86936a0082e9c5d1b,0x3ca85a0a1f27e636901a908e689c6b678945ea25,8.372742,1781712345812000,5
474486489,2026-06-17T16:06:56Z,1781712416000,0xc5c8820eced450ade0255886ddfbcad733a1a5da4a05f85d4030c2d5b19422c4,0,RequestedWithdrawal,0xcc10abf54af5c0718b10b0156dfe1e369ce3eee72423e9e86936a0082e9c5d1b,0x7d7bfb5ad5e16b9c3f1b0c12800281aa7f613415,23.84244,1781712417004000,5
474486489,2026-06-17T16:06:56Z,1781712416000,0xc5c8820eced450ade0255886ddfbcad733a1a5da4a05f85d4030c2d5b19422c4,1,RequestedWithdrawal,0xcc10abf54af5c0718b10b0156dfe1e369ce3eee72423e9e86936a0082e9c5d1b,0xdd447dfb768ed314ead5098e18077be1fe841d84,1953.93,1781712394123000,5
474486589,2026-06-17T16:07:21Z,1781712441000,0x2d4523e4f05adee1503a972e3d4d2d146099b423556c834ffdb26a7515c2f1a6,8,FinalizedWithdrawal,0xe5c7fe3a4ffca1590f26d74c8ba8b0db69557f7f4607a2a43f82e93041611978,0x9c014edfbf1ed7290e5684a821ce7a95bda2de8c,59.95,1781712195283000,5
474486670,2026-06-17T16:07:42Z,1781712462000,0x419982a6ba206e228b5659a55f29e5f6e5a3c152b2282d1c44239846e74c00bb,0,RequestedWithdrawal,0xcc10abf54af5c0718b10b0156dfe1e369ce3eee72423e9e86936a0082e9c5d1b,0xb15d9e1b4aa15ed1fb19e5aac51bf922eb550d4c,14.61,1781712447415000,5
474486681,2026-06-17T16:07:44Z,1781712464000,0x0849b36be165b7e3bab2cbf87bf1b7043d75a28f925bf9b795df937ed592f44e,10,FinalizedWithdrawal,0xe5c7fe3a4ffca1590f26d74c8ba8b0db69557f7f4607a2a43f82e93041611978,0x445b6f331df37011232f7b84126bd687ed579a70,388.05,1781712241569000,5
474486969,2026-06-17T16:08:56Z,1781712536000,0x31c517a686d548d7a14f9d548dd10f4c9ea333ca533e1b79527d3c0c3a71efe0,0,RequestedWithdrawal,0xcc10abf54af5c0718b10b0156dfe1e369ce3eee72423e9e86936a0082e9c5d1b,0x1b7d1c8d1e832c4ec667b13dc669cb04c56057a8,1929.19,1781712509289000,5
474486969,2026-06-17T16:08:56Z,1781712536000,0x31c517a686d548d7a14f9d548dd10f4c9ea333ca533e1b79527d3c0c3a71efe0,1,RequestedWithdrawal,0xcc10abf54af5c0718b10b0156dfe1e369ce3eee72423e9e86936a0082e9c5d1b,0xc1d41266a989ad4470f17ac653b3d8c67a858bf4,29.0,1781712525441000,5
474486969,2026-06-17T16:08:56Z,1781712536000,0x31c517a686d548d7a14f9d548dd10f4c9ea333ca533e1b79527d3c0c3a71efe0,2,RequestedWithdrawal,0xcc10abf54af5c0718b10b0156dfe1e369ce3eee72423e9e86936a0082e9c5d1b,0xff3f87a01d6679b572f79bc2da3d5efd27391203,15.45,1781712518251000,5
474486977,2026-06-17T16:08:58Z,1781712538000,0x34dc991c7f35a190a86e9087fdd270e2e367395f16d7186f905d0efdc0ab644e,1,FinalizedWithdrawal,0xe5c7fe3a4ffca1590f26d74c8ba8b0db69557f7f4607a2a43f82e93041611978,0xb66ef93e25eb92f0cd590af7629c04fbc5504631,1598.44,1781712310616000,5
474486977,2026-06-17T16:08:58Z,1781712538000,0x34dc991c7f35a190a86e9087fdd270e2e367395f16d7186f905d0efdc0ab644e,3,FinalizedWithdrawal,0xe5c7fe3a4ffca1590f26d74c8ba8b0db69557f7f4607a2a43f82e93041611978,0x8a924f07a55a5770fb3f23105ce7e6c3a737b273,49.0,1781712313627000,5
474487060,2026-06-17T16:09:19Z,1781712559000,0xb20e8073e3a37c4988d231a08fbfb89c949fcb23160fb14940afdb6a55c23e17,17,RequestedWithdrawal,0xcc10abf54af5c0718b10b0156dfe1e369ce3eee72423e9e86936a0082e9c5d1b,0x445b6f331df37011232f7b84126bd687ed579a70,388.03,1781712552338000,5
474487141,2026-06-17T16:09:40Z,1781712580000,0x5a9f9be8ccd7d0433db83f8839d1805edc1115c8f3fe446e43c8987824d1aa38,1,FinalizedWithdrawal,0xe5c7fe3a4ffca1590f26d74c8ba8b0db69557f7f4607a2a43f82e93041611978,0x3ca85a0a1f27e636901a908e689c6b678945ea25,8.372742,1781712345812000,5
474487335,2026-06-17T16:10:28Z,1781712628000,0x26522869bd40b92a7cc905f34c494e18fa129801d74decafd52a692fde6124e8,7,FinalizedWithdrawal,0xe5c7fe3a4ffca1590f26d74c8ba8b0db69557f7f4607a2a43f82e93041611978,0xdd447dfb768ed314ead5098e18077be1fe841d84,1953.93,1781712394123000,5
474487335,2026-06-17T16:10:28Z,1781712628000,0x26522869bd40b92a7cc905f34c494e18fa129801d74decafd52a692fde6124e8,9,FinalizedWithdrawal,0xe5c7fe3a4ffca1590f26d74c8ba8b0db69557f7f4607a2a43f82e93041611978,0x7d7bfb5ad5e16b9c3f1b0c12800281aa7f613415,23.84244,1781712417004000,5
474487512,2026-06-17T16:11:12Z,1781712672000,0xe84c746757f6502cb3eb5657cfb7fe2fe80fa06f77bd42ade919e40cfc3c1025,3,FinalizedWithdrawal,0xe5c7fe3a4ffca1590f26d74c8ba8b0db69557f7f4607a2a43f82e93041611978,0xb15d9e1b4aa15ed1fb19e5aac51bf922eb550d4c,14.61,1781712447415000,5
474487776,2026-06-17T16:12:18Z,1781712738000,0x405fd07d03a09c3abb43ae4a43ae3666290ae807d3121a97ead5f0dec54f38dd,1,RequestedWithdrawal,0xcc10abf54af5c0718b10b0156dfe1e369ce3eee72423e9e86936a0082e9c5d1b,0xf899937184168b1d9dee75acbaa3fef0f52888db,9.0,1781712709208000,5
474487782,2026-06-17T16:12:20Z,1781712740000,0x19d90bfaacc87d58f0e7382c1f6418897960b678d04a981ae898b1fc29dfdfd9,1,FinalizedWithdrawal,0xe5c7fe3a4ffca1590f26d74c8ba8b0db69557f7f4607a2a43f82e93041611978,0x1b7d1c8d1e832c4ec667b13dc669cb04c56057a8,1929.19,1781712509289000,5
474487782,2026-06-17T16:12:20Z,1781712740000,0x19d90bfaacc87d58f0e7382c1f6418897960b678d04a981ae898b1fc29dfdfd9,3,FinalizedWithdrawal,0xe5c7fe3a4ffca1590f26d74c8ba8b0db69557f7f4607a2a43f82e93041611978,0xff3f87a01d6679b572f79bc2da3d5efd27391203,15.45,1781712518251000,5
474487782,2026-06-17T16:12:20Z,1781712740000,0x19d90bfaacc87d58f0e7382c1f6418897960b678d04a981ae898b1fc29dfdfd9,5,FinalizedWithdrawal,0xe5c7fe3a4ffca1590f26d74c8ba8b0db69557f7f4607a2a43f82e93041611978,0xc1d41266a989ad4470f17ac653b3d8c67a858bf4,29.0,1781712525441000,5
474487896,2026-06-17T16:12:48Z,1781712768000,0xda651635ac68d3193b94e1729742365f97096adccd5488a9406c6c9dd48e8394,5,FinalizedWithdrawal,0xe5c7fe3a4ffca1590f26d74c8ba8b0db69557f7f4607a2a43f82e93041611978,0x445b6f331df37011232f7b84126bd687ed579a70,388.03,1781712552338000,5
474487979,2026-06-17T16:13:09Z,1781712789000,0xaae768546630315ce1688589fefa859c027232d1764deb41b4b47e7b809a2e7c,22,RequestedWithdrawal,0xcc10abf54af5c0718b10b0156dfe1e369ce3eee72423e9e86936a0082e9c5d1b,0x4c9f5a9ecd03a75a0ed110ec5869ce6520910420,2.0,1781712778776000,5
474487979,2026-06-17T16:13:09Z,1781712789000,0xaae768546630315ce1688589fefa859c027232d1764deb41b4b47e7b809a2e7c,23,RequestedWithdrawal,0xcc10abf54af5c0718b10b0156dfe1e369ce3eee72423e9e86936a0082e9c5d1b,0x910565b4e182b453a1d82900bf2ec3fbfa955aa7,99.0,1781712769364000,5
474488354,2026-06-17T16:14:43Z,1781712883000,0x85bee8c6a85d2ca96c25aacfc5a7131d20ffc12cbff30af4559bf876aa09c375,0,RequestedWithdrawal,0xcc10abf54af5c0718b10b0156dfe1e369ce3eee72423e9e86936a0082e9c5d1b,0x015fccd4ed178d3b3663157718c6ac8b3bfc1eb7,11.0,1781712853257000,5
474488438,2026-06-17T16:15:04Z,1781712904000,0x5c165f3076f66fb7a03651bff4f7b763afb7f910ceacff9844662df74b5f279a,0,RequestedWithdrawal,0xcc10abf54af5c0718b10b0156dfe1e369ce3eee72423e9e86936a0082e9c5d1b,0x93a094a784aa6dfd45f981a9faab684ada76f331,21.854286,1781712893519000,5
474488655,2026-06-17T16:15:59Z,1781712959000,0x0e52d56b2dc84cc24b77e5bc877a297923477ee7d28313863402f7dfff0a8dc1,14,FinalizedWithdrawal,0xe5c7fe3a4ffca1590f26d74c8ba8b0db69557f7f4607a2a43f82e93041611978,0xf899937184168b1d9dee75acbaa3fef0f52888db,9.0,1781712709208000,5
474488859,2026-06-17T16:16:50Z,1781713010000,0xa35b0c66dc18ecbf67856d87c867798e36ac4bbc1cf4d89edd9fd62526ac85c2,0,RequestedWithdrawal,0xcc10abf54af5c0718b10b0156dfe1e369ce3eee72423e9e86936a0082e9c5d1b,0x33b0acf9bafe914b01cc436de5a06dd62445a09e,3.650891,1781712995308000,5
474488872,2026-06-17T16:16:52Z,1781713012000,0x1446093b92763b3c4529f73e034bc78ddeb082ea0835d113bd143c1e025f3be1,124,FinalizedWithdrawal,0xe5c7fe3a4ffca1590f26d74c8ba8b0db69557f7f4607a2a43f82e93041611978,0x4c9f5a9ecd03a75a0ed110ec5869ce6520910420,2.0,1781712778776000,5
474488872,2026-06-17T16:16:52Z,1781713012000,0x1446093b92763b3c4529f73e034bc78ddeb082ea0835d113bd143c1e025f3be1,126,FinalizedWithdrawal,0xe5c7fe3a4ffca1590f26d74c8ba8b0db69557f7f4607a2a43f82e93041611978,0x910565b4e182b453a1d82900bf2ec3fbfa955aa7,99.0,1781712769364000,5
474489175,2026-06-17T16:18:08Z,1781713088000,0x449dc163bd15ed7a678f965952c050318ec5c2c680af140c711431e1d22bed05,27,FinalizedWithdrawal,0xe5c7fe3a4ffca1590f26d74c8ba8b0db69557f7f4607a2a43f82e93041611978,0x015fccd4ed178d3b3663157718c6ac8b3bfc1eb7,11.0,1781712853257000,5
474489259,2026-06-17T16:18:29Z,1781713109000,0x0206570ff6214a5f8b9030cc72c7c084fc1933f427dde91d41fb9566111bda9a,1,RequestedWithdrawal,0xcc10abf54af5c0718b10b0156dfe1e369ce3eee72423e9e86936a0082e9c5d1b,0xbc32be4d2c70239b59435a5963e5024637fa193e,54.0,1781713102770000,5
474489265,2026-06-17T16:18:30Z,1781713110000,0x10de9a512b52e124fc2074566f311666a5e41657f6bda22b54fa6018e2db0097,3,FinalizedWithdrawal,0xe5c7fe3a4ffca1590f26d74c8ba8b0db69557f7f4607a2a43f82e93041611978,0x93a094a784aa6dfd45f981a9faab684ada76f331,21.854286,1781712893519000,5
474489357,2026-06-17T16:18:53Z,1781713133000,0xbd27f781c77d1d38b7b066e5f0985f24926b85ba7c48404f258727108bc31bb8,1,RequestedWithdrawal,0xcc10abf54af5c0718b10b0156dfe1e369ce3eee72423e9e86936a0082e9c5d1b,0x9a98b271b60d1b3859f8085453eb126ee5c2f25a,209.0,1781713107934000,5
474489720,2026-06-17T16:20:25Z,1781713225000,0x7262890aadd81a05106fe4b84dea1b6348e38f5c00066dfc8f07ebb7881de866,4,FinalizedWithdrawal,0xe5c7fe3a4ffca1590f26d74c8ba8b0db69557f7f4607a2a43f82e93041611978,0x33b0acf9bafe914b01cc436de5a06dd62445a09e,3.650891,1781712995308000,5
474489917,2026-06-17T16:21:14Z,1781713274000,0x36a940841e272baf5c75d7f0f2dff27825308f0f9bfd15c830ed1eeeee2cbd28,1,RequestedWithdrawal,0xcc10abf54af5c0718b10b0156dfe1e369ce3eee72423e9e86936a0082e9c5d1b,0xe3f841e2a1cd90836133b6670691f882d31e2acc,3.829936,1781713281835000,5
474490003,2026-06-17T16:21:35Z,1781713295000,0x399374bed0e15f134063ffeedbd2008138b26516868c641fdae77dc6070644d4,8,RequestedWithdrawal,0xcc10abf54af5c0718b10b0156dfe1e369ce3eee72423e9e86936a0082e9c5d1b,0x02377bf8e2adae2f07aaa9274ad19f2ab9927d57,6.478927,1781713285401000,5
474490104,2026-06-17T16:22:01Z,1781713321000,0x6eb613a3c1a6422bd11d9e724cfba3e6e4a192e75b73499ad838114a861616fd,4,RequestedWithdrawal,0xcc10abf54af5c0718b10b0156dfe1e369ce3eee72423e9e86936a0082e9c5d1b,0x3bb9fdde2034643cf2475a67c309c0a5fe228f2f,399.0,1781713298653000,5
474490110,2026-06-17T16:22:02Z,1781713322000,0xa0a92fad4fd552c7772110b6c515367b226c46a1be7fc67b69feb7f8d87cd26c,19,FinalizedWithdrawal,0xe5c7fe3a4ffca1590f26d74c8ba8b0db69557f7f4607a2a43f82e93041611978,0xbc32be4d2c70239b59435a5963e5024637fa193e,54.0,1781713102770000,5
474490192,2026-06-17T16:22:23Z,1781713343000,0x555663d31ed4ddcd3280fe09563bcd8b3092e20de7ad8474fadcd79395d020aa,1,RequestedWithdrawal,0xcc10abf54af5c0718b10b0156dfe1e369ce3eee72423e9e86936a0082e9c5d1b,0x08bf75d17046412ae08c95b6106993f714487872,9.0,1781713318250000,5
474490198,2026-06-17T16:22:24Z,1781713344000,0xe96dbe18ba2d3e97cf841ba7fbb7ef2b25b2068f880f8e37bef120e3244e1947,3,FinalizedWithdrawal,0xe5c7fe3a4ffca1590f26d74c8ba8b0db69557f7f4607a2a43f82e93041611978,0x9a98b271b60d1b3859f8085453eb126ee5c2f25a,209.0,1781713107934000,5
474490278,2026-06-17T16:22:45Z,1781713365000,0x07dfcc764dd19fdcc04b72d2a053caa07f6b95c576462654c92864857df55b30,0,RequestedWithdrawal,0xcc10abf54af5c0718b10b0156dfe1e369ce3eee72423e9e86936a0082e9c5d1b,0x209776a7acdea6827fa1e1de7d4dbc2a0336fdf4,4.79,1781713356966000,5
474490395,2026-06-17T16:23:13Z,1781713393000,0x98620cd54237febd08ee78df2e49d7d36c995eb52e6d5e03ad9e027189cad445,0,RequestedWithdrawal,0xcc10abf54af5c0718b10b0156dfe1e369ce3eee72423e9e86936a0082e9c5d1b,0x3223490fecca6e2fcfdd72dab3350e92869cc81a,132.27,1781713380936000,5
474490670,2026-06-17T16:24:22Z,1781713462000,0xb873fa06c6cb573283ae52c292321884796586fe5047b06479e706e7601a88fe,0,RequestedWithdrawal,0xcc10abf54af5c0718b10b0156dfe1e369ce3eee72423e9e86936a0082e9c5d1b,0x1acf75745fd7278a110aada54ef809b4575cb6aa,4.0,1781713447575000,5
474490670,2026-06-17T16:24:22Z,1781713462000,0xb873fa06c6cb573283ae52c292321884796586fe5047b06479e706e7601a88fe,1,RequestedWithdrawal,0xcc10abf54af5c0718b10b0156dfe1e369ce3eee72423e9e86936a0082e9c5d1b,0xbc52d30f3098e6887281e037461fd124e3ff46e8,0.531417,1781713438696000,5
474490763,2026-06-17T16:24:45Z,1781713485000,0x2eaf8c220c470d11191b087034c34efe80730cb9d338fbdbc70211286388b563,14,RequestedWithdrawal,0xcc10abf54af5c0718b10b0156dfe1e369ce3eee72423e9e86936a0082e9c5d1b,0xdcf71244d41af165632c05721a115c9efa19906d,34.116339,1781713480759000,5
474490775,2026-06-17T16:24:48Z,1781713488000,0x0066ee95f1a916a252769cc9c205377e0292a21a5f496d0e56998ce01020d076,3,FinalizedWithdrawal,0xe5c7fe3a4ffca1590f26d74c8ba8b0db69557f7f4607a2a43f82e93041611978,0xe3f841e2a1cd90836133b6670691f882d31e2acc,3.829936,1781713281835000,5
474490864,2026-06-17T16:25:11Z,1781713511000,0xeffb4420018b7105231575b118ffec7aeabb51188ebc1948940ebe07d18e48ae,3,FinalizedWithdrawal,0xe5c7fe3a4ffca1590f26d74c8ba8b0db69557f7f4607a2a43f82e93041611978,0x02377bf8e2adae2f07aaa9274ad19f2ab9927d57,6.478927,1781713285401000,5
474490946,2026-06-17T16:25:31Z,1781713531000,0xe80aaf4a32b41a0cc49eca9a5c4efb2752f10efb6d0bc90c85d83a9877e7f1b1,0,RequestedWithdrawal,0xcc10abf54af5c0718b10b0156dfe1e369ce3eee72423e9e86936a0082e9c5d1b,0x428babced19064beece58b8a252e3f17aac2a817,114999.0,1781713508903000,5
474490946,2026-06-17T16:25:31Z,1781713531000,0xe80aaf4a32b41a0cc49eca9a5c4efb2752f10efb6d0bc90c85d83a9877e7f1b1,1,RequestedWithdrawal,0xcc10abf54af5c0718b10b0156dfe1e369ce3eee72423e9e86936a0082e9c5d1b,0x6a505af70bd188c7e2134964a3204be0bb58231a,23.573648,1781713531682000,5
474490952,2026-06-17T16:25:33Z,1781713533000,0xae64aa10367410c78adbe83dfcba23dd5cd0fbcab9f95aa011077bb875ea57ec,2,FinalizedWithdrawal,0xe5c7fe3a4ffca1590f26d74c8ba8b0db69557f7f4607a2a43f82e93041611978,0x3bb9fdde2034643cf2475a67c309c0a5fe228f2f,399.0,1781713298653000,5
474491058,2026-06-17T16:25:59Z,1781713559000,0x8f4b8e6924916189909a32544ad4ace6d9eecff1018a1f423768f0d16e702926,13,FinalizedWithdrawal,0xe5c7fe3a4ffca1590f26d74c8ba8b0db69557f7f4607a2a43f82e93041611978,0x08bf75d17046412ae08c95b6106993f714487872,9.0,1781713318250000,5
474491164,2026-06-17T16:26:26Z,1781713586000,0xb9b07326e87f73404a15673f35154e26585317e49115b2bc4f2c68953113ccaa,1,FinalizedWithdrawal,0xe5c7fe3a4ffca1590f26d74c8ba8b0db69557f7f4607a2a43f82e93041611978,0x209776a7acdea6827fa1e1de7d4dbc2a0336fdf4,4.79,1781713356966000,5
474491261,2026-06-17T16:26:50Z,1781713610000,0x152f24d0a2f4493af8acc3d3979590c66dfe833f9ec51d9b6d15861fb32ef348,14,FinalizedWithdrawal,0xe5c7fe3a4ffca1590f26d74c8ba8b0db69557f7f4607a2a43f82e93041611978,0x3223490fecca6e2fcfdd72dab3350e92869cc81a,132.27,1781713380936000,5
474491544,2026-06-17T16:28:01Z,1781713681000,0xb47d27363d6a73e247124f0ff5578dc9609a3abd4e69b7c70a2df06828946256,122,FinalizedWithdrawal,0xe5c7fe3a4ffca1590f26d74c8ba8b0db69557f7f4607a2a43f82e93041611978,0x1acf75745fd7278a110aada54ef809b4575cb6aa,4.0,1781713447575000,5
474491544,2026-06-17T16:28:01Z,1781713681000,0xb47d27363d6a73e247124f0ff5578dc9609a3abd4e69b7c70a2df06828946256,124,FinalizedWithdrawal,0xe5c7fe3a4ffca1590f26d74c8ba8b0db69557f7f4607a2a43f82e93041611978,0xbc52d30f3098e6887281e037461fd124e3ff46e8,0.531417,1781713438696000,5
474491639,2026-06-17T16:28:25Z,1781713705000,0xd13a354d1c8ac50766413d357d134b152a3a6c98189708dbd0e3a2c67c4a612f,1,FinalizedWithdrawal,0xe5c7fe3a4ffca1590f26d74c8ba8b0db69557f7f4607a2a43f82e93041611978,0xdcf71244d41af165632c05721a115c9efa19906d,34.116339,1781713480759000,5
474491822,2026-06-17T16:29:11Z,1781713751000,0x97173f01fa49fa31529176f3635b7bbe9faaf27356a28148ba4efe0cc1a5878c,2,FinalizedWithdrawal,0xe5c7fe3a4ffca1590f26d74c8ba8b0db69557f7f4607a2a43f82e93041611978,0x428babced19064beece58b8a252e3f17aac2a817,114999.0,1781713508903000,5
474491822,2026-06-17T16:29:11Z,1781713751000,0x97173f01fa49fa31529176f3635b7bbe9faaf27356a28148ba4efe0cc1a5878c,4,FinalizedWithdrawal,0xe5c7fe3a4ffca1590f26d74c8ba8b0db69557f7f4607a2a43f82e93041611978,0x6a505af70bd188c7e2134964a3204be0bb58231a,23.573648,1781713531682000,5
474491924,2026-06-17T16:29:36Z,1781713776000,0xf0e14254100418f99c86febc8851132d42839a0d53019fd85e19624a029b4580,0,RequestedWithdrawal,0xcc10abf54af5c0718b10b0156dfe1e369ce3eee72423e9e86936a0082e9c5d1b,0x0217972a23f6e03ff38125620192f29ccc2ba02c,99.0,1781713745791000,5
474491924,2026-06-17T16:29:36Z,1781713776000,0xf0e14254100418f99c86febc8851132d42839a0d53019fd85e19624a029b4580,1,RequestedWithdrawal,0xcc10abf54af5c0718b10b0156dfe1e369ce3eee72423e9e86936a0082e9c5d1b,0xe95a5e31904e005066614247d309e00d8ad753aa,10534.810235,1781713765209000,5
474492019,2026-06-17T16:29:59Z,1781713799000,0x919afd9853dd39fcd13de90f8ca0a70e46cf489c74b27d063fe3b84c9428023c,81,RequestedWithdrawal,0xcc10abf54af5c0718b10b0156dfe1e369ce3eee72423e9e86936a0082e9c5d1b,0x28eebf8a4909c1f7e7816ca60affc803034ecf54,100.0,1781713787017000,5
474492222,2026-06-17T16:30:50Z,1781713850000,0x5d916cdeacae854d5a877f121064e6e40d2de5d59601b26200beec266c711de8,70,RequestedWithdrawal,0xcc10abf54af5c0718b10b0156dfe1e369ce3eee72423e9e86936a0082e9c5d1b,0xb6e61604809009b1c000a19e39ce44bb87c182eb,10479.0,1781713838216000,5
474492303,2026-06-17T16:31:10Z,1781713870000,0x806cd0830c40d2aa3b6122f886e59d63d18c3341016e5bd1c40e326686ff443c,0,RequestedWithdrawal,0xcc10abf54af5c0718b10b0156dfe1e369ce3eee72423e9e86936a0082e9c5d1b,0x12da6bdd5589b216d63aee992d97a87c0fb5ccda,22.51,1781713864731000,5
474492303,2026-06-17T16:31:10Z,1781713870000,0x806cd0830c40d2aa3b6122f886e59d63d18c3341016e5bd1c40e326686ff443c,1,RequestedWithdrawal,0xcc10abf54af5c0718b10b0156dfe1e369ce3eee72423e9e86936a0082e9c5d1b,0x8e3d5e109837c11ddd373d97c9b3e4d716f1423a,99999.0,1781713688598000,5
474492483,2026-06-17T16:31:55Z,1781713915000,0x301df908b0bd849340388650a4e9d63bab73074e8dfc10f3e64167a2a1241dc8,4,RequestedWithdrawal,0xcc10abf54af5c0718b10b0156dfe1e369ce3eee72423e9e86936a0082e9c5d1b,0x06953b387e1d37bf73121fb04c0c52f7193bff16,26.0,1781713906681000,5
474492483,2026-06-17T16:31:55Z,1781713915000,0x301df908b0bd849340388650a4e9d63bab73074e8dfc10f3e64167a2a1241dc8,5,RequestedWithdrawal,0xcc10abf54af5c0718b10b0156dfe1e369ce3eee72423e9e86936a0082e9c5d1b,0x209776a7acdea6827fa1e1de7d4dbc2a0336fdf4,0.63,1781713892732000,5
474492483,2026-06-17T16:31:55Z,1781713915000,0x301df908b0bd849340388650a4e9d63bab73074e8dfc10f3e64167a2a1241dc8,6,RequestedWithdrawal,0xcc10abf54af5c0718b10b0156dfe1e369ce3eee72423e9e86936a0082e9c5d1b,0x67859f8710a29e1378b8767a90fe531813f31a81,61.0,1781713902052000,5
474492585,2026-06-17T16:32:20Z,1781713940000,0x74a6913e233a7b35750aeab0d97f20ffda18cb90c586a22204075bec68f68f4e,11,RequestedWithdrawal,0xcc10abf54af5c0718b10b0156dfe1e369ce3eee72423e9e86936a0082e9c5d1b,0x791ff1ac68292853a7fa5e0a2a9e3f4faed5259e,23.901191,1781713935816000,5
474492767,2026-06-17T16:33:06Z,1781713986000,0x57aab497da7f2352bb382f75222105df63492e77911359bf4c4bfde6a84f9381,1,FinalizedWithdrawal,0xe5c7fe3a4ffca1590f26d74c8ba8b0db69557f7f4607a2a43f82e93041611978,0x0217972a23f6e03ff38125620192f29ccc2ba02c,99.0,1781713745791000,5
474492767,2026-06-17T16:33:06Z,1781713986000,0x57aab497da7f2352bb382f75222105df63492e77911359bf4c4bfde6a84f9381,3,FinalizedWithdrawal,0xe5c7fe3a4ffca1590f26d74c8ba8b0db69557f7f4607a2a43f82e93041611978,0xe95a5e31904e005066614247d309e00d8ad753aa,10534.810235,1781713765209000,5
474492866,2026-06-17T16:33:31Z,1781714011000,0x02568483fb9fddd68e3fca79ffd71de63a127d54543ca075b44aed970d267c7a,7,FinalizedWithdrawal,0xe5c7fe3a4ffca1590f26d74c8ba8b0db69557f7f4607a2a43f82e93041611978,0x28eebf8a4909c1f7e7816ca60affc803034ecf54,100.0,1781713787017000,5
474492970,2026-06-17T16:33:57Z,1781714037000,0xd94dcedb94f4638e95e1e8fd8dfd70efd3e629c4388d670ca7f295962ea73355,1,RequestedWithdrawal,0xcc10abf54af5c0718b10b0156dfe1e369ce3eee72423e9e86936a0082e9c5d1b,0x9e422766b1508e9b4de4ec82f696f65e49468c8d,54.2,1781714000235000,5
474493079,2026-06-17T16:34:25Z,1781714065000,0xf69cc1ada1ed66958a6336eed04edbcdb8c9801c03fdd9140684dc53ed3a5441,5,RequestedWithdrawal,0xcc10abf54af5c0718b10b0156dfe1e369ce3eee72423e9e86936a0082e9c5d1b,0x0217972a23f6e03ff38125620192f29ccc2ba02c,99.0,1781714047337000,5
474493079,2026-06-17T16:34:25Z,1781714065000,0xf69cc1ada1ed66958a6336eed04edbcdb8c9801c03fdd9140684dc53ed3a5441,6,RequestedWithdrawal,0xcc10abf54af5c0718b10b0156dfe1e369ce3eee72423e9e86936a0082e9c5d1b,0x64f5ad0b8acbad4b20e2efe8b646bd232125130d,7331.47,1781714056081000,5
474493079,2026-06-17T16:34:25Z,1781714065000,0xf69cc1ada1ed66958a6336eed04edbcdb8c9801c03fdd9140684dc53ed3a5441,7,RequestedWithdrawal,0xcc10abf54af5c0718b10b0156dfe1e369ce3eee72423e9e86936a0082e9c5d1b,0xc9302ad975e7434fad13c93abbe5a1d3f7b235bf,22.8,1781714056667000,5
474493086,2026-06-17T16:34:26Z,1781714066000,0x7a9fc70b851e13ed23b8f0d99fae40c3bda037d8d0cabd38ed1a6286a798c854,1,FinalizedWithdrawal,0xe5c7fe3a4ffca1590f26d74c8ba8b0db69557f7f4607a2a43f82e93041611978,0xb6e61604809009b1c000a19e39ce44bb87c182eb,10479.0,1781713838216000,5
474493162,2026-06-17T16:34:45Z,1781714085000,0xd780250306838bc14432ae97b20b98c8f6463775eafef9416ed6deae043e90ca,4,FinalizedWithdrawal,0xe5c7fe3a4ffca1590f26d74c8ba8b0db69557f7f4607a2a43f82e93041611978,0x8e3d5e109837c11ddd373d97c9b3e4d716f1423a,99999.0,1781713688598000,5
474493162,2026-06-17T16:34:45Z,1781714085000,0xd780250306838bc14432ae97b20b98c8f6463775eafef9416ed6deae043e90ca,6,FinalizedWithdrawal,0xe5c7fe3a4ffca1590f26d74c8ba8b0db69557f7f4607a2a43f82e93041611978,0x12da6bdd5589b216d63aee992d97a87c0fb5ccda,22.51,1781713864731000,5
474493245,2026-06-17T16:35:06Z,1781714106000,0x4f343ea93155fa9c4d153980869e944809af5e6d61741369bcc1fa13fddb9d2d,9,RequestedWithdrawal,0xcc10abf54af5c0718b10b0156dfe1e369ce3eee72423e9e86936a0082e9c5d1b,0xf032648dfd22c4d81588bd83e09ab89cfe816705,2723.907059,1781714097450000,5
474493358,2026-06-17T16:35:35Z,1781714135000,0x73b088f957ebac913572ba051dd6ed20c8d910a4573100dfff21725b08cb2115,7,RequestedWithdrawal,0xcc10abf54af5c0718b10b0156dfe1e369ce3eee72423e9e86936a0082e9c5d1b,0x56cec25fc2834e1994c8eb9d1b88c7029f3776d6,3.3091,1781714128013000,5
474493358,2026-06-17T16:35:35Z,1781714135000,0x73b088f957ebac913572ba051dd6ed20c8d910a4573100dfff21725b08cb2115,8,RequestedWithdrawal,0xcc10abf54af5c0718b10b0156dfe1e369ce3eee72423e9e86936a0082e9c5d1b,0x9423dd104fa928328b75a1e05bed8f2b8f801729,2011.41,1781714121397000,5
474493367,2026-06-17T16:35:37Z,1781714137000,0x839b84822f3630a8a01aa51b638e1d2c92f670a72ac619d517be6c1167a83a8f,8,FinalizedWithdrawal,0xe5c7fe3a4ffca1590f26d74c8ba8b0db69557f7f4607a2a43f82e93041611978,0x06953b387e1d37bf73121fb04c0c52f7193bff16,26.0,1781713906681000,5
474493367,2026-06-17T16:35:37Z,1781714137000,0x839b84822f3630a8a01aa51b638e1d2c92f670a72ac619d517be6c1167a83a8f,10,FinalizedWithdrawal,0xe5c7fe3a4ffca1590f26d74c8ba8b0db69557f7f4607a2a43f82e93041611978,0x67859f8710a29e1378b8767a90fe531813f31a81,61.0,1781713902052000,5
474493367,2026-06-17T16:35:37Z,1781714137000,0x839b84822f3630a8a01aa51b638e1d2c92f670a72ac619d517be6c1167a83a8f,12,FinalizedWithdrawal,0xe5c7fe3a4ffca1590f26d74c8ba8b0db69557f7f4607a2a43f82e93041611978,0x209776a7acdea6827fa1e1de7d4dbc2a0336fdf4,0.63,1781713892732000,5
474493461,2026-06-17T16:35:59Z,1781714159000,0xc246fb5c156a3fc57d916ec4f6e7b9ce71cdbae7dff0f87d020ed66f26e62543,47,FinalizedWithdrawal,0xe5c7fe3a4ffca1590f26d74c8ba8b0db69557f7f4607a2a43f82e93041611978,0x791ff1ac68292853a7fa5e0a2a9e3f4faed5259e,23.901191,1781713935816000,5
474493546,2026-06-17T16:36:20Z,1781714180000,0xa5acb7c66ef89c893fbab9b0ce797032f03c9065fae7cf55f7d17c57c610a09d,3,RequestedWithdrawal,0xcc10abf54af5c0718b10b0156dfe1e369ce3eee72423e9e86936a0082e9c5d1b,0x023a3d058020fb76cca98f01b3c48c8938a22355,35262.9,1781714152383000,5
474493546,2026-06-17T16:36:20Z,1781714180000,0xa5acb7c66ef89c893fbab9b0ce797032f03c9065fae7cf55f7d17c57c610a09d,4,RequestedWithdrawal,0xcc10abf54af5c0718b10b0156dfe1e369ce3eee72423e9e86936a0082e9c5d1b,0x023a3d058020fb76cca98f01b3c48c8938a22355,268313.22,1781714152627000,5
474493546,2026-06-17T16:36:20Z,1781714180000,0xa5acb7c66ef89c893fbab9b0ce797032f03c9065fae7cf55f7d17c57c610a09d,5,RequestedWithdrawal,0xcc10abf54af5c0718b10b0156dfe1e369ce3eee72423e9e86936a0082e9c5d1b,0x023a3d058020fb76cca98f01b3c48c8938a22355,28897.18,1781714152871000,5
474493747,2026-06-17T16:37:11Z,1781714231000,0x3b99be7ad6361c6464b5d5b26687bb17a692e31f8497dde95d3f29bae2a6b438,1,RequestedWithdrawal,0xcc10abf54af5c0718b10b0156dfe1e369ce3eee72423e9e86936a0082e9c5d1b,0x209776a7acdea6827fa1e1de7d4dbc2a0336fdf4,1.0,1781714215572000,5
474493747,2026-06-17T16:37:11Z,1781714231000,0x3b99be7ad6361c6464b5d5b26687bb17a692e31f8497dde95d3f29bae2a6b438,2,RequestedWithdrawal,0xcc10abf54af5c0718b10b0156dfe1e369ce3eee72423e9e86936a0082e9c5d1b,0xc1d41266a989ad4470f17ac653b3d8c67a858bf4,24.0,1781714206648000,5
474493844,2026-06-17T16:37:35Z,1781714255000,0x76a4642aeffcf174f8a307b7297ff39287a6be26b4dc7eeeb42c76409312d5f8,1,FinalizedWithdrawal,0xe5c7fe3a4ffca1590f26d74c8ba8b0db69557f7f4607a2a43f82e93041611978,0x9e422766b1508e9b4de4ec82f696f65e49468c8d,54.2,1781714000235000,5
474493930,2026-06-17T16:37:57Z,1781714277000,0xd1c67847d1c5f0e1a50e8e3d85cde1dfaa6fa1ba0bbcea8e7c5a8be054df3e2d,5,RequestedWithdrawal,0xcc10abf54af5c0718b10b0156dfe1e369ce3eee72423e9e86936a0082e9c5d1b,0x3ef765bcd5f29c4b72002a35db10338fe1a9a71a,9.0,1781714256027000,5
474493938,2026-06-17T16:37:59Z,1781714279000,0x389a7f6e88231c74539d56bd5224260cd6208436221a902780237f6ec92289b1,15,FinalizedWithdrawal,0xe5c7fe3a4ffca1590f26d74c8ba8b0db69557f7f4607a2a43f82e93041611978,0x0217972a23f6e03ff38125620192f29ccc2ba02c,99.0,1781714047337000,5
474493938,2026-06-17T16:37:59Z,1781714279000,0x389a7f6e88231c74539d56bd5224260cd6208436221a902780237f6ec92289b1,17,FinalizedWithdrawal,0xe5c7fe3a4ffca1590f26d74c8ba8b0db69557f7f4607a2a43f82e93041611978,0x64f5ad0b8acbad4b20e2efe8b646bd232125130d,7331.47,1781714056081000,5
474493938,2026-06-17T16:37:59Z,1781714279000,0x389a7f6e88231c74539d56bd5224260cd6208436221a902780237f6ec92289b1,19,FinalizedWithdrawal,0xe5c7fe3a4ffca1590f26d74c8ba8b0db69557f7f4607a2a43f82e93041611978,0xc9302ad975e7434fad13c93abbe5a1d3f7b235bf,22.8,1781714056667000,5
474494153,2026-06-17T16:38:52Z,1781714332000,0xa63b96a24c1fc3edc5b7d35f1168248cb08f4a6e092fe64fc35ffb6fdf994845,1,FinalizedWithdrawal,0xe5c7fe3a4ffca1590f26d74c8ba8b0db69557f7f4607a2a43f82e93041611978,0xf032648dfd22c4d81588bd83e09ab89cfe816705,2723.907059,1781714097450000,5
474494256,2026-06-17T16:39:19Z,1781714359000,0x83f93f198c5ebbb2008f35bcaca173e4fbfdbff6ddcfc16d62fc8d2fa5152164,48,FinalizedWithdrawal,0xe5c7fe3a4ffca1590f26d74c8ba8b0db69557f7f4607a2a43f82e93041611978,0x56cec25fc2834e1994c8eb9d1b88c7029f3776d6,3.3091,1781714128013000,5
474494256,2026-06-17T16:39:19Z,1781714359000,0x83f93f198c5ebbb2008f35bcaca173e4fbfdbff6ddcfc16d62fc8d2fa5152164,50,FinalizedWithdrawal,0xe5c7fe3a4ffca1590f26d74c8ba8b0db69557f7f4607a2a43f82e93041611978,0x9423dd104fa928328b75a1e05bed8f2b8f801729,2011.41,1781714121397000,5
474494373,2026-06-17T16:39:48Z,1781714388000,0x5cd9512be87648a64adf7943be7678403090fee1c8ccf94c1c154c034b96d4ea,86,FinalizedWithdrawal,0xe5c7fe3a4ffca1590f26d74c8ba8b0db69557f7f4607a2a43f82e93041611978,0x023a3d058020fb76cca98f01b3c48c8938a22355,35262.9,1781714152383000,5
474494373,2026-06-17T16:39:48Z,1781714388000,0x5cd9512be87648a64adf7943be7678403090fee1c8ccf94c1c154c034b96d4ea,88,FinalizedWithdrawal,0xe5c7fe3a4ffca1590f26d74c8ba8b0db69557f7f4607a2a43f82e93041611978,0x023a3d058020fb76cca98f01b3c48c8938a22355,268313.22,1781714152627000,5
474494373,2026-06-17T16:39:48Z,1781714388000,0x5cd9512be87648a64adf7943be7678403090fee1c8ccf94c1c154c034b96d4ea,90,FinalizedWithdrawal,0xe5c7fe3a4ffca1590f26d74c8ba8b0db69557f7f4607a2a43f82e93041611978,0x023a3d058020fb76cca98f01b3c48c8938a22355,28897.18,1781714152871000,5
474494567,2026-06-17T16:40:37Z,1781714437000,0x218268e7674e76b617ca1dac555ae58a9029dfd4cddbf3b0a474ecf4c1ed5c97,3,FinalizedWithdrawal,0xe5c7fe3a4ffca1590f26d74c8ba8b0db69557f7f4607a2a43f82e93041611978,0xc1d41266a989ad4470f17ac653b3d8c67a858bf4,24.0,1781714206648000,5
474494567,2026-06-17T16:40:37Z,1781714437000,0x218268e7674e76b617ca1dac555ae58a9029dfd4cddbf3b0a474ecf4c1ed5c97,5,FinalizedWithdrawal,0xe5c7fe3a4ffca1590f26d74c8ba8b0db69557f7f4607a2a43f82e93041611978,0x209776a7acdea6827fa1e1de7d4dbc2a0336fdf4,1.0,1781714215572000,5
474494643,2026-06-17T16:40:56Z,1781714456000,0x012c5de4a41b53dba4fcb1a9220e0809df6b2fbe99cb8cc845b026b145a284ce,6,RequestedWithdrawal,0xcc10abf54af5c0718b10b0156dfe1e369ce3eee72423e9e86936a0082e9c5d1b,0x2a06051d8702512bee34004e31fabc5d5e531da8,24.184184,1781714448693000,5
474494643,2026-06-17T16:40:56Z,1781714456000,0x012c5de4a41b53dba4fcb1a9220e0809df6b2fbe99cb8cc845b026b145a284ce,7,RequestedWithdrawal,0xcc10abf54af5c0718b10b0156dfe1e369ce3eee72423e9e86936a0082e9c5d1b,0x3c6098a667f4fc872b3684d76cb99d3e252e1a78,24999.0,1781714433587000,5
474494643,2026-06-17T16:40:56Z,1781714456000,0x012c5de4a41b53dba4fcb1a9220e0809df6b2fbe99cb8cc845b026b145a284ce,8,RequestedWithdrawal,0xcc10abf54af5c0718b10b0156dfe1e369ce3eee72423e9e86936a0082e9c5d1b,0x428babced19064beece58b8a252e3f17aac2a817,139999.0,1781714434365000,5
474494742,2026-06-17T16:41:21Z,1781714481000,0xa892ce70505d243ff2893b677cec05f94dabc044ac4aaee89d00e5d043e841c0,2,FinalizedWithdrawal,0xe5c7fe3a4ffca1590f26d74c8ba8b0db69557f7f4607a2a43f82e93041611978,0x3ef765bcd5f29c4b72002a35db10338fe1a9a71a,9.0,1781714256027000,5
474495338,2026-06-17T16:43:49Z,1781714629000,0xbbf88384113023c84a6abe967eba946c9ebadbbad216afd3ed738ee1cc601005,0,RequestedWithdrawal,0xcc10abf54af5c0718b10b0156dfe1e369ce3eee72423e9e86936a0082e9c5d1b,0x4842be11ee4f830d98c302b15e0d0ac52705c28f,3.094643,1781714635696000,5
474495338,2026-06-17T16:43:49Z,1781714629000,0xbbf88384113023c84a6abe967eba946c9ebadbbad216afd3ed738ee1cc601005,1,RequestedWithdrawal,0xcc10abf54af5c0718b10b0156dfe1e369ce3eee72423e9e86936a0082e9c5d1b,0x605c986777e971ec7abf39633901ea930fe82875,596.69,1781714611192000,5
474495338,2026-06-17T16:43:49Z,1781714629000,0xbbf88384113023c84a6abe967eba946c9ebadbbad216afd3ed738ee1cc601005,2,RequestedWithdrawal,0xcc10abf54af5c0718b10b0156dfe1e369ce3eee72423e9e86936a0082e9c5d1b,0x65164ec0a86fe527c51990d28ea46acc88eea771,73.6,1781714603948000,5
474495417,2026-06-17T16:44:09Z,1781714649000,0xf12e84687f0236eeebae6b369e27f209094a767b9ea130db70c5db6181046a25,26,RequestedWithdrawal,0xcc10abf54af5c0718b10b0156dfe1e369ce3eee72423e9e86936a0082e9c5d1b,0xdeae0cd02e07f6dc43499760c74308de8d79c880,1.0,1781709076179000,5
474495524,2026-06-17T16:44:36Z,1781714676000,0x27486c1b5ce78fb6bf0813cd5356ba51fca1c6729d5abaa9d864cd131c5c80c5,0,RequestedWithdrawal,0xcc10abf54af5c0718b10b0156dfe1e369ce3eee72423e9e86936a0082e9c5d1b,0xf9b542a1cb7927fbfa5896275c7f9a2c595e849e,1100.72,1781714645943000,5
474495530,2026-06-17T16:44:37Z,1781714677000,0x34daad7fb6a8ae91acab21d3aabf7ae1e8eef27ee029421bbfa4ec2c5f4c5291,9,FinalizedWithdrawal,0xe5c7fe3a4ffca1590f26d74c8ba8b0db69557f7f4607a2a43f82e93041611978,0x428babced19064beece58b8a252e3f17aac2a817,139999.0,1781714434365000,5
474495530,2026-06-17T16:44:37Z,1781714677000,0x34daad7fb6a8ae91acab21d3aabf7ae1e8eef27ee029421bbfa4ec2c5f4c5291,11,FinalizedWithdrawal,0xe5c7fe3a4ffca1590f26d74c8ba8b0db69557f7f4607a2a43f82e93041611978,0x2a06051d8702512bee34004e31fabc5d5e531da8,24.184184,1781714448693000,5
474495530,2026-06-17T16:44:37Z,1781714677000,0x34daad7fb6a8ae91acab21d3aabf7ae1e8eef27ee029421bbfa4ec2c5f4c5291,13,FinalizedWithdrawal,0xe5c7fe3a4ffca1590f26d74c8ba8b0db69557f7f4607a2a43f82e93041611978,0x3c6098a667f4fc872b3684d76cb99d3e252e1a78,24999.0,1781714433587000,5
474495733,2026-06-17T16:45:28Z,1781714728000,0xd35a6994fdb8ce5d8cb3278382b555723f4826761d371b6815135ae7fa5f37eb,5,RequestedWithdrawal,0xcc10abf54af5c0718b10b0156dfe1e369ce3eee72423e9e86936a0082e9c5d1b,0x7725a7f2bb0e1c448d6fe361d53c840486ec6557,532.0,1781714713490000,5
474495837,2026-06-17T16:45:54Z,1781714754000,0xff4087c87b841e309a89531c49893e5fab88debae064a5e0fc67f74a41b979a7,0,RequestedWithdrawal,0xcc10abf54af5c0718b10b0156dfe1e369ce3eee72423e9e86936a0082e9c5d1b,0x062f545e47ffc99c5623f00492cf61eb1e01fd78,199.0,1781714746307000,5
474496023,2026-06-17T16:46:41Z,1781714801000,0x9f5f82230c6b4eee5c48bb45545a5d17073d2fdc149ed91ee669dc06a9b28075,3,RequestedWithdrawal,0xcc10abf54af5c0718b10b0156dfe1e369ce3eee72423e9e86936a0082e9c5d1b,0xdeae0cd02e07f6dc43499760c74308de8d79c880,1.0,1781709267936000,5
474496023,2026-06-17T16:46:41Z,1781714801000,0x9f5f82230c6b4eee5c48bb45545a5d17073d2fdc149ed91ee669dc06a9b28075,4,RequestedWithdrawal,0xcc10abf54af5c0718b10b0156dfe1e369ce3eee72423e9e86936a0082e9c5d1b,0xf28c52095217cc5ea550c86f6dabe9f7a121317f,65.69,1781714782260000,5
474496221,2026-06-17T16:47:31Z,1781714851000,0xd27c184dbb9f347ef9076c1a1dd427c8a22ed01e446b54efd55e20dd21cdfc62,1,FinalizedWithdrawal,0xe5c7fe3a4ffca1590f26d74c8ba8b0db69557f7f4607a2a43f82e93041611978,0x605c986777e971ec7abf39633901ea930fe82875,596.69,1781714611192000,5
474496221,2026-06-17T16:47:31Z,1781714851000,0xd27c184dbb9f347ef9076c1a1dd427c8a22ed01e446b54efd55e20dd21cdfc62,3,FinalizedWithdrawal,0xe5c7fe3a4ffca1590f26d74c8ba8b0db69557f7f4607a2a43f82e93041611978,0xdeae0cd02e07f6dc43499760c74308de8d79c880,1.0,1781709076179000,5
474496221,2026-06-17T16:47:31Z,1781714851000,0xd27c184dbb9f347ef9076c1a1dd427c8a22ed01e446b54efd55e20dd21cdfc62,5,FinalizedWithdrawal,0xe5c7fe3a4ffca1590f26d74c8ba8b0db69557f7f4607a2a43f82e93041611978,0x4842be11ee4f830d98c302b15e0d0ac52705c28f,3.094643,1781714635696000,5
474496221,2026-06-17T16:47:31Z,1781714851000,0xd27c184dbb9f347ef9076c1a1dd427c8a22ed01e446b54efd55e20dd21cdfc62,7,FinalizedWithdrawal,0xe5c7fe3a4ffca1590f26d74c8ba8b0db69557f7f4607a2a43f82e93041611978,0x65164ec0a86fe527c51990d28ea46acc88eea771,73.6,1781714603948000,5
474496428,2026-06-17T16:48:23Z,1781714903000,0xde11c24aa09101561c554623e780bb69fb7b95fca51ee2318b1d1e4d7caa8921,5,FinalizedWithdrawal,0xe5c7fe3a4ffca1590f26d74c8ba8b0db69557f7f4607a2a43f82e93041611978,0xf9b542a1cb7927fbfa5896275c7f9a2c595e849e,1100.72,1781714645943000,5
474496635,2026-06-17T16:49:13Z,1781714953000,0x09b149ab952b7b42aa0fc266c7dd171302c66a42176b476d10dc874faf97a96a,3,RequestedWithdrawal,0xcc10abf54af5c0718b10b0156dfe1e369ce3eee72423e9e86936a0082e9c5d1b,0x574e5e2a373e0ce66040f4a4c0b9654d2d8ff80d,501.0,1781714949453000,5
474496640,2026-06-17T16:49:14Z,1781714954000,0xdb911f4893bc3423bc13890b55a39d10912f93827aef59a9cb7cc237c25b8135,2,FinalizedWithdrawal,0xe5c7fe3a4ffca1590f26d74c8ba8b0db69557f7f4607a2a43f82e93041611978,0x7725a7f2bb0e1c448d6fe361d53c840486ec6557,532.0,1781714713490000,5
474496724,2026-06-17T16:49:35Z,1781714975000,0xdebe67f2b55fcf51262959dfb9086b6f411785917ad64bdf41eae77cca2d5e21,2,FinalizedWithdrawal,0xe5c7fe3a4ffca1590f26d74c8ba8b0db69557f7f4607a2a43f82e93041611978,0x062f545e47ffc99c5623f00492cf61eb1e01fd78,199.0,1781714746307000,5
474496823,2026-06-17T16:50:01Z,1781715001000,0x9115f2b21c5a4efec536259ec98eac64185632ca65edce41b7ce3965cd849ad0,0,RequestedWithdrawal,0xcc10abf54af5c0718b10b0156dfe1e369ce3eee72423e9e86936a0082e9c5d1b,0x5451cf6f46cdffb34d4a2e13fc2890581bfd8240,69.62,1781714978763000,5
474496910,2026-06-17T16:50:22Z,1781715022000,0x94c0924d5bd4b145eb277946055f5a7ce4375c333f0bd2e964d712b3641b5c8a,1,FinalizedWithdrawal,0xe5c7fe3a4ffca1590f26d74c8ba8b0db69557f7f4607a2a43f82e93041611978,0xdeae0cd02e07f6dc43499760c74308de8d79c880,1.0,1781709267936000,5
474496910,2026-06-17T16:50:22Z,1781715022000,0x94c0924d5bd4b145eb277946055f5a7ce4375c333f0bd2e964d712b3641b5c8a,3,FinalizedWithdrawal,0xe5c7fe3a4ffca1590f26d74c8ba8b0db69557f7f4607a2a43f82e93041611978,0xf28c52095217cc5ea550c86f6dabe9f7a121317f,65.69,1781714782260000,5
474497206,2026-06-17T16:51:37Z,1781715097000,0xdbcb6cb90c99ff6f06dbe82903af2c1e7eca6915f07d977db6a34187325018f5,0,RequestedWithdrawal,0xcc10abf54af5c0718b10b0156dfe1e369ce3eee72423e9e86936a0082e9c5d1b,0x7725a7f2bb0e1c448d6fe361d53c840486ec6557,14987.0,1781715074488000,5
474497325,2026-06-17T16:52:07Z,1781715127000,0x07825f8bbeefa903eb8efd126635bad3529965e8fe5877ea226bbb85a2e9a503,3,RequestedWithdrawal,0xcc10abf54af5c0718b10b0156dfe1e369ce3eee72423e9e86936a0082e9c5d1b,0x9e6d7eb85abc4afa5598f280594a6b916f5dfd5d,692.4,1781715115028000,5
474497501,2026-06-17T16:52:51Z,1781715171000,0x76f54f97937ada6192d666bc17fa95d4d4139fcbde735d362212085a7a86363b,1,FinalizedWithdrawal,0xe5c7fe3a4ffca1590f26d74c8ba8b0db69557f7f4607a2a43f82e93041611978,0x574e5e2a373e0ce66040f4a4c0b9654d2d8ff80d,501.0,1781714949453000,5
474497680,2026-06-17T16:53:36Z,1781715216000,0x53af204db02fb18573456a19118954d54adf32161bc2883d6f78f3ce219bb1d0,1,FinalizedWithdrawal,0xe5c7fe3a4ffca1590f26d74c8ba8b0db69557f7f4607a2a43f82e93041611978,0x5451cf6f46cdffb34d4a2e13fc2890581bfd8240,69.62,1781714978763000,5
474497763,2026-06-17T16:53:57Z,1781715237000,0xcb8978c6f74eb963a2406414875fe6b860e58922a97308d1567ce218081ee706,0,RequestedWithdrawal,0xcc10abf54af5c0718b10b0156dfe1e369ce3eee72423e9e86936a0082e9c5d1b,0xecb63caa47c7c4e77f60f1ce858cf28dc2b82b00,8361316.0,1781715213726000,5
474497763,2026-06-17T16:53:57Z,1781715237000,0xcb8978c6f74eb963a2406414875fe6b860e58922a97308d1567ce218081ee706,1,RequestedWithdrawal,0xcc10abf54af5c0718b10b0156dfe1e369ce3eee72423e9e86936a0082e9c5d1b,0xecb63caa47c7c4e77f60f1ce858cf28dc2b82b00,8792590.0,1781715228716000,5
474498051,2026-06-17T16:55:08Z,1781715308000,0xfb8d0c9afc50b26ff5b586be1c741d84aff5f004c7726fc7aea150a89f8f6c36,1,FinalizedWithdrawal,0xe5c7fe3a4ffca1590f26d74c8ba8b0db69557f7f4607a2a43f82e93041611978,0x7725a7f2bb0e1c448d6fe361d53c840486ec6557,14987.0,1781715074488000,5
474498169,2026-06-17T16:55:38Z,1781715338000,0x5e825e690d582bc1af648e7a92a20830bbf54344415be574e1f26d706ff46a73,15,RequestedWithdrawal,0xcc10abf54af5c0718b10b0156dfe1e369ce3eee72423e9e86936a0082e9c5d1b,0x12fbb8cb152cd7f7d4a2ae406e6142d82769c302,15.0,1781715324112000,5
474498169,2026-06-17T16:55:38Z,1781715338000,0x5e825e690d582bc1af648e7a92a20830bbf54344415be574e1f26d706ff46a73,16,RequestedWithdrawal,0xcc10abf54af5c0718b10b0156dfe1e369ce3eee72423e9e86936a0082e9c5d1b,0x49578f4585dc400b0b2d0a0692402ca8f7afebf6,50.0,1781715330044000,5
474498174,2026-06-17T16:55:39Z,1781715339000,0x2b100cde2db6177290697626ec4d91ecc94506c93158a59f688e00e31a973e3d,2,FinalizedWithdrawal,0xe5c7fe3a4ffca1590f26d74c8ba8b0db69557f7f4607a2a43f82e93041611978,0x9e6d7eb85abc4afa5598f280594a6b916f5dfd5d,692.4,1781715115028000,5
474498651,2026-06-17T16:57:39Z,1781715459000,0xf2439c936224dcf2a6330af783bf10a63a68bc524aedadd9f9443ae736676074,0,RequestedWithdrawal,0xcc10abf54af5c0718b10b0156dfe1e369ce3eee72423e9e86936a0082e9c5d1b,0x6e7cf04b0948e153fb462185a0c3e8721579644e,9.0,1781715439512000,5
474498651,2026-06-17T16:57:39Z,1781715459000,0xf2439c936224dcf2a6330af783bf10a63a68bc524aedadd9f9443ae736676074,1,RequestedWithdrawal,0xcc10abf54af5c0718b10b0156dfe1e369ce3eee72423e9e86936a0082e9c5d1b,0x7a9a579100b0ee52560b4dcf1c8d43a7a0c641d6,6285.459312,1781715403537000,5
474498657,2026-06-17T16:57:40Z,1781715460000,0x975bd6aa2ec9f6351e5d471d0d478a54b3bbf4a2064fc506c4244331a5acb04e,3,FinalizedWithdrawal,0xe5c7fe3a4ffca1590f26d74c8ba8b0db69557f7f4607a2a43f82e93041611978,0xecb63caa47c7c4e77f60f1ce858cf28dc2b82b00,8792590.0,1781715228716000,5
474498657,2026-06-17T16:57:40Z,1781715460000,0x975bd6aa2ec9f6351e5d471d0d478a54b3bbf4a2064fc506c4244331a5acb04e,5,FinalizedWithdrawal,0xe5c7fe3a4ffca1590f26d74c8ba8b0db69557f7f4607a2a43f82e93041611978,0xecb63caa47c7c4e77f60f1ce858cf28dc2b82b00,8361316.0,1781715213726000,5
474498732,2026-06-17T16:57:59Z,1781715479000,0x606d80af38697026bbc4e8b9d3d6abe1e84d653abf3b5b772fc9ebd394de99b1,2,RequestedWithdrawal,0xcc10abf54af5c0718b10b0156dfe1e369ce3eee72423e9e86936a0082e9c5d1b,0x658b30da131adc8d393a1291c415dd067491dc49,7.37,1781715463530000,5
474498928,2026-06-17T16:58:48Z,1781715528000,0xbc8d806ae4bd7fa0d5ef1dce0d34f9bb12eeb0867f4a7a1984ed855be3631c5e,0,RequestedWithdrawal,0xcc10abf54af5c0718b10b0156dfe1e369ce3eee72423e9e86936a0082e9c5d1b,0x4b1c09fa8322548360a76a3747e32a60a864bc38,39444.0,1781715499409000,5
474499012,2026-06-17T16:59:10Z,1781715550000,0x31d493c4e6bd0408d8f8049c8415bf74aa6c6bb3ac1e8ecb343115cb9c92583c,28,FinalizedWithdrawal,0xe5c7fe3a4ffca1590f26d74c8ba8b0db69557f7f4607a2a43f82e93041611978,0x49578f4585dc400b0b2d0a0692402ca8f7afebf6,50.0,1781715330044000,5
474499012,2026-06-17T16:59:10Z,1781715550000,0x31d493c4e6bd0408d8f8049c8415bf74aa6c6bb3ac1e8ecb343115cb9c92583c,30,FinalizedWithdrawal,0xe5c7fe3a4ffca1590f26d74c8ba8b0db69557f7f4607a2a43f82e93041611978,0x12fbb8cb152cd7f7d4a2ae406e6142d82769c302,15.0,1781715324112000,5
474499116,2026-06-17T16:59:36Z,1781715576000,0xd8adb47027fba56c7608b85059c227705b088b5b23e6c49ed226a8dfedea073e,16,RequestedWithdrawal,0xcc10abf54af5c0718b10b0156dfe1e369ce3eee72423e9e86936a0082e9c5d1b,0x7725a7f2bb0e1c448d6fe361d53c840486ec6557,430.0,1781715543550000,5
474499224,2026-06-17T17:00:03Z,1781715603000,0x49d3bd7707f718897a7abef175603ef69ff0a7d49e8838d795f6e2ab2f2529d8,256,RequestedWithdrawal,0xcc10abf54af5c0718b10b0156dfe1e369ce3eee72423e9e86936a0082e9c5d1b,0x62dbec4cd5fbc4b84994fc52520cd300b7168312,107100.0,1781715589670000,5
474499224,2026-06-17T17:00:03Z,1781715603000,0x49d3bd7707f718897a7abef175603ef69ff0a7d49e8838d795f6e2ab2f2529d8,257,RequestedWithdrawal,0xcc10abf54af5c0718b10b0156dfe1e369ce3eee72423e9e86936a0082e9c5d1b,0x88e4830c4944d411d728aed6c191af2f8613691b,29807.0,1781715577079000,5
474499224,2026-06-17T17:00:03Z,1781715603000,0x49d3bd7707f718897a7abef175603ef69ff0a7d49e8838d795f6e2ab2f2529d8,258,RequestedWithdrawal,0xcc10abf54af5c0718b10b0156dfe1e369ce3eee72423e9e86936a0082e9c5d1b,0xf032648dfd22c4d81588bd83e09ab89cfe816705,2570.543008,1781715594409000,5
474499325,2026-06-17T17:00:28Z,1781715628000,0xdd07487976edbeabca05316855657b9a139f1f68685862785a397dd808d18e96,0,RequestedWithdrawal,0xcc10abf54af5c0718b10b0156dfe1e369ce3eee72423e9e86936a0082e9c5d1b,0x045e1a938c020730b775c636f7e167af1a764609,224.68,1781715625179000,5
474499325,2026-06-17T17:00:28Z,1781715628000,0xdd07487976edbeabca05316855657b9a139f1f68685862785a397dd808d18e96,1,RequestedWithdrawal,0xcc10abf54af5c0718b10b0156dfe1e369ce3eee72423e9e86936a0082e9c5d1b,0xd33b38324f0857dd2e433226651a2cb3d642d999,109.0,1781715624305000,5
474499427,2026-06-17T17:00:54Z,1781715654000,0x3463108efc53706cb595c890389bce711df8d0f842f2ff0c85bc65e7f6840606,11,RequestedWithdrawal,0xcc10abf54af5c0718b10b0156dfe1e369ce3eee72423e9e86936a0082e9c5d1b,0x14ae64b16aec192c1634de2256f3badbb4e4392d,4.0,1781715647489000,5
474499535,2026-06-17T17:01:22Z,1781715682000,0xf73248a1848b9dcc3b75266be09fd249e29f21ff43dfb6f53180ce3bf85ceaee,9,FinalizedWithdrawal,0xe5c7fe3a4ffca1590f26d74c8ba8b0db69557f7f4607a2a43f82e93041611978,0x7a9a579100b0ee52560b4dcf1c8d43a7a0c641d6,6285.459312,1781715403537000,5
474499535,2026-06-17T17:01:22Z,1781715682000,0xf73248a1848b9dcc3b75266be09fd249e29f21ff43dfb6f53180ce3bf85ceaee,11,FinalizedWithdrawal,0xe5c7fe3a4ffca1590f26d74c8ba8b0db69557f7f4607a2a43f82e93041611978,0x658b30da131adc8d393a1291c415dd067491dc49,7.37,1781715463530000,5
474499535,2026-06-17T17:01:22Z,1781715682000,0xf73248a1848b9dcc3b75266be09fd249e29f21ff43dfb6f53180ce3bf85ceaee,13,FinalizedWithdrawal,0xe5c7fe3a4ffca1590f26d74c8ba8b0db69557f7f4607a2a43f82e93041611978,0x6e7cf04b0948e153fb462185a0c3e8721579644e,9.0,1781715439512000,5
474499726,2026-06-17T17:02:09Z,1781715729000,0x8e492891185fc33aced0d5a5c1651defcf9d4545623910134d861ddfaaa2a65c,33,RequestedWithdrawal,0xcc10abf54af5c0718b10b0156dfe1e369ce3eee72423e9e86936a0082e9c5d1b,0x1ac22338530e1b3fd79b1fe0098c0a064caa61ad,1.0,1781715707285000,5
474499738,2026-06-17T17:02:12Z,1781715732000,0x514a15e699692de8345bf7da4ca698e3880bf3a888c659b803c5795ccd0af1c9,1,FinalizedWithdrawal,0xe5c7fe3a4ffca1590f26d74c8ba8b0db69557f7f4607a2a43f82e93041611978,0x4b1c09fa8322548360a76a3747e32a60a864bc38,39444.0,1781715499409000,5
474499904,2026-06-17T17:02:53Z,1781715773000,0xddb767a9e9e47efc8977bf2f979ce2d85217e329ca3c395725775d2434ae11ae,16,RequestedWithdrawal,0xcc10abf54af5c0718b10b0156dfe1e369ce3eee72423e9e86936a0082e9c5d1b,0x1ac22338530e1b3fd79b1fe0098c0a064caa61ad,1.0,1781715761679000,5
474500002,2026-06-17T17:03:18Z,1781715798000,0xba5e533eee6c4d282c40cf3710b440353ae52c38ac851c8dc18c1af0eafe3c18,2,RequestedWithdrawal,0xcc10abf54af5c0718b10b0156dfe1e369ce3eee72423e9e86936a0082e9c5d1b,0x31de2e5bb17abda952762e598b23ff5bd2be5397,29.0,1781715781847000,5
474500011,2026-06-17T17:03:20Z,1781715800000,0xb806d54cfdcd3899b7234949c6a04528688daf132dec2cdfb3422c3e75c9f78f,2,FinalizedWithdrawal,0xe5c7fe3a4ffca1590f26d74c8ba8b0db69557f7f4607a2a43f82e93041611978,0x7725a7f2bb0e1c448d6fe361d53c840486ec6557,430.0,1781715543550000,5
474500118,2026-06-17T17:03:47Z,1781715827000,0x9335cd2f7ee8a797c7d20226da2e410c9ac16a901be29bca89cc08ab17d69f26,0,RequestedWithdrawal,0xcc10abf54af5c0718b10b0156dfe1e369ce3eee72423e9e86936a0082e9c5d1b,0x9bedc5eae6c501cda7aea4ae14adfd9b241ea365,5.28,1781715816442000,5
474500126,2026-06-17T17:03:49Z,1781715829000,0x2f11267df8abe485b05252de2fa3d1e69a1b9c908aa88d758f34ca1f11be091c,20,FinalizedWithdrawal,0xe5c7fe3a4ffca1590f26d74c8ba8b0db69557f7f4607a2a43f82e93041611978,0x62dbec4cd5fbc4b84994fc52520cd300b7168312,107100.0,1781715589670000,5
474500126,2026-06-17T17:03:49Z,1781715829000,0x2f11267df8abe485b05252de2fa3d1e69a1b9c908aa88d758f34ca1f11be091c,22,FinalizedWithdrawal,0xe5c7fe3a4ffca1590f26d74c8ba8b0db69557f7f4607a2a43f82e93041611978,0xf032648dfd22c4d81588bd83e09ab89cfe816705,2570.543008,1781715594409000,5
474500126,2026-06-17T17:03:49Z,1781715829000,0x2f11267df8abe485b05252de2fa3d1e69a1b9c908aa88d758f34ca1f11be091c,24,FinalizedWithdrawal,0xe5c7fe3a4ffca1590f26d74c8ba8b0db69557f7f4607a2a43f82e93041611978,0x88e4830c4944d411d728aed6c191af2f8613691b,29807.0,1781715577079000,5
474500227,2026-06-17T17:04:14Z,1781715854000,0x7eefb8c24c2b89e0f5f578b84c2c62a032154e245dc3bc6bcc3297571b6263f6,0,RequestedWithdrawal,0xcc10abf54af5c0718b10b0156dfe1e369ce3eee72423e9e86936a0082e9c5d1b,0x51f63885534cb494f4592a0311551f369bff2b39,39639.0,1781715824944000,5
474500253,2026-06-17T17:04:21Z,1781715861000,0x69feed413f70b18d966942bb4c5878e255b0165441013f372a298138462d0e89,5,FinalizedWithdrawal,0xe5c7fe3a4ffca1590f26d74c8ba8b0db69557f7f4607a2a43f82e93041611978,0x045e1a938c020730b775c636f7e167af1a764609,224.68,1781715625179000,5
474500253,2026-06-17T17:04:21Z,1781715861000,0x69feed413f70b18d966942bb4c5878e255b0165441013f372a298138462d0e89,7,FinalizedWithdrawal,0xe5c7fe3a4ffca1590f26d74c8ba8b0db69557f7f4607a2a43f82e93041611978,0xd33b38324f0857dd2e433226651a2cb3d642d999,109.0,1781715624305000,5
474500253,2026-06-17T17:04:21Z,1781715861000,0x69feed413f70b18d966942bb4c5878e255b0165441013f372a298138462d0e89,9,FinalizedWithdrawal,0xe5c7fe3a4ffca1590f26d74c8ba8b0db69557f7f4607a2a43f82e93041611978,0x14ae64b16aec192c1634de2256f3badbb4e4392d,4.0,1781715647489000,5
474500326,2026-06-17T17:04:39Z,1781715879000,0xe8fbf3beed6ff0a2a518b508ebd45816281ba2f2bceffc8e9adb6efd77b74ef9,0,RequestedWithdrawal,0xcc10abf54af5c0718b10b0156dfe1e369ce3eee72423e9e86936a0082e9c5d1b,0xb4a7bedd9b4ae6b89966dab06778c45ae867a639,116.9,1781715859827000,5
474500536,2026-06-17T17:05:32Z,1781715932000,0x960a1b222814a191d4dbcd07c60008d3f13ae5d20e0b4119305e0d22ea7a6bc6,2,RequestedWithdrawal,0xcc10abf54af5c0718b10b0156dfe1e369ce3eee72423e9e86936a0082e9c5d1b,0x7725a7f2bb0e1c448d6fe361d53c840486ec6557,16667.0,1781715906349000,5
474500545,2026-06-17T17:05:34Z,1781715934000,0x7392f017899022e63bd0362160204b5a69e8a4860d4ea4a63c8f8e641e3f3ec7,2,FinalizedWithdrawal,0xe5c7fe3a4ffca1590f26d74c8ba8b0db69557f7f4607a2a43f82e93041611978,0x1ac22338530e1b3fd79b1fe0098c0a064caa61ad,1.0,1781715707285000,5
474500731,2026-06-17T17:06:21Z,1781715981000,0xf91a9e7e58b1b469ca821cf258da0aaf88f1fd8ac67137a8c4ea0dc11ac936c2,13,RequestedWithdrawal,0xcc10abf54af5c0718b10b0156dfe1e369ce3eee72423e9e86936a0082e9c5d1b,0x4b2ea94afe5574ff994dbcd691e99961c567e163,576.0,1781715957214000,5
474500736,2026-06-17T17:06:22Z,1781715982000,0x1b9c0e2d73977e1ce254a8ca591fd714ce84ce3bffbcb181b88a5f80a702d221,93,FinalizedWithdrawal,0xe5c7fe3a4ffca1590f26d74c8ba8b0db69557f7f4607a2a43f82e93041611978,0x1ac22338530e1b3fd79b1fe0098c0a064caa61ad,1.0,1781715761679000,5
474500852,2026-06-17T17:06:51Z,1781716011000,0x4f805fdeb2f988b43abc0ccaa5ed84cdfb751cab9d2785e5189e6915dce9c8cb,33,FinalizedWithdrawal,0xe5c7fe3a4ffca1590f26d74c8ba8b0db69557f7f4607a2a43f82e93041611978,0x31de2e5bb17abda952762e598b23ff5bd2be5397,29.0,1781715781847000,5
474500968,2026-06-17T17:07:21Z,1781716041000,0x6c5ef33d91d47b5159a4459f96708b87483e4d793a88c33f3bb9bf8e462b916a,10,RequestedWithdrawal,0xcc10abf54af5c0718b10b0156dfe1e369ce3eee72423e9e86936a0082e9c5d1b,0x142c4bebe479c357e788fcb532b766bf14e819b1,25.51,1781716021623000,5
474500975,2026-06-17T17:07:23Z,1781716043000,0xa3fcf523f8739cc4d6d458bde3a8fd9caa4f0a6baa8df040fac5aaed2e34b337,8,FinalizedWithdrawal,0xe5c7fe3a4ffca1590f26d74c8ba8b0db69557f7f4607a2a43f82e93041611978,0x9bedc5eae6c501cda7aea4ae14adfd9b241ea365,5.28,1781715816442000,5
474501071,2026-06-17T17:07:47Z,1781716067000,0xe74e17d7f9dd534e1faff3e8f72c33d156288dc59a03e0b38f25ba26e65b90f9,0,RequestedWithdrawal,0xcc10abf54af5c0718b10b0156dfe1e369ce3eee72423e9e86936a0082e9c5d1b,0x7d8fcc5e02feb7c4c0699e885f07d6545fcd5102,9.63,1781716060062000,5
474501081,2026-06-17T17:07:49Z,1781716069000,0x5d267fa3af6f694e8845ce1da51a10d3140bf0b52fbb4137c36fc19d35385d7a,2,FinalizedWithdrawal,0xe5c7fe3a4ffca1590f26d74c8ba8b0db69557f7f4607a2a43f82e93041611978,0x51f63885534cb494f4592a0311551f369bff2b39,39639.0,1781715824944000,5
474501159,2026-06-17T17:08:08Z,1781716088000,0xc6d12708cff52ccfc6b6aa9b883855d32e288931630018b0ef1c70ac7f8e8687,2,FinalizedWithdrawal,0xe5c7fe3a4ffca1590f26d74c8ba8b0db69557f7f4607a2a43f82e93041611978,0xb4a7bedd9b4ae6b89966dab06778c45ae867a639,116.9,1781715859827000,5
474501245,2026-06-17T17:08:29Z,1781716109000,0xb501c80f07af1da3f6f82f28f464dd851b0ce196dc83c790a273273e93549f0b,14,RequestedWithdrawal,0xcc10abf54af5c0718b10b0156dfe1e369ce3eee72423e9e86936a0082e9c5d1b,0x1ffbc579c03bc9def9406d1c8397080b81014c34,2300.831932,1781716076744000,5
474501346,2026-06-17T17:08:55Z,1781716135000,0xd3d2ddb3d8168b14fea33eac226209549c3b2337ab36c3a2744c063975ef6455,4,RequestedWithdrawal,0xcc10abf54af5c0718b10b0156dfe1e369ce3eee72423e9e86936a0082e9c5d1b,0x88e4830c4944d411d728aed6c191af2f8613691b,100.0,1781716121784000,5
474501351,2026-06-17T17:08:56Z,1781716136000,0x78ce86acbc72aca49bc5c4b309889736f172b9db349288086a45678329003718,8,FinalizedWithdrawal,0xe5c7fe3a4ffca1590f26d74c8ba8b0db69557f7f4607a2a43f82e93041611978,0x7725a7f2bb0e1c448d6fe361d53c840486ec6557,16667.0,1781715906349000,5
474501439,2026-06-17T17:09:18Z,1781716158000,0xbdee690231f8d84c4bc7810f389a22145f8af62e56f65e531230ab450c2eae8f,48,RequestedWithdrawal,0xcc10abf54af5c0718b10b0156dfe1e369ce3eee72423e9e86936a0082e9c5d1b,0x88e4830c4944d411d728aed6c191af2f8613691b,14.0,1781716136324000,5
474501439,2026-06-17T17:09:18Z,1781716158000,0xbdee690231f8d84c4bc7810f389a22145f8af62e56f65e531230ab450c2eae8f,49,RequestedWithdrawal,0xcc10abf54af5c0718b10b0156dfe1e369ce3eee72423e9e86936a0082e9c5d1b,0x88e4830c4944d411d728aed6c191af2f8613691b,133.0,1781716152639000,5
474501564,2026-06-17T17:09:49Z,1781716189000,0x8a5294302f47bf049f3fc96019a908cc37d014ab4a98701b105263ed17f8e6d8,13,FinalizedWithdrawal,0xe5c7fe3a4ffca1590f26d74c8ba8b0db69557f7f4607a2a43f82e93041611978,0x4b2ea94afe5574ff994dbcd691e99961c567e163,576.0,1781715957214000,5
474501754,2026-06-17T17:10:37Z,1781716237000,0xc4573491d77d985eaec12b103e3c8c0b7af5c7007874d455a94bd0b26642bf7d,9,RequestedWithdrawal,0xcc10abf54af5c0718b10b0156dfe1e369ce3eee72423e9e86936a0082e9c5d1b,0x88e4830c4944d411d728aed6c191af2f8613691b,82.0,1781716213760000,5
474501754,2026-06-17T17:10:37Z,1781716237000,0xc4573491d77d985eaec12b103e3c8c0b7af5c7007874d455a94bd0b26642bf7d,10,RequestedWithdrawal,0xcc10abf54af5c0718b10b0156dfe1e369ce3eee72423e9e86936a0082e9c5d1b,0xcb67a9132d63ac732a7e21b1ff4c671b3db9139f,714.0,1781716230819000,5
474501789,2026-06-17T17:10:46Z,1781716246000,0xecededf9f2922c481b7a833b204f527aca28334bd6dc9cefee06cf437f101b30,0,FailedPermitDeposit,0xa2dc875d1f90a167d873c30143e7631eb311ea851e74c8c4e9b92c80efeba489,,,,5
474501847,2026-06-17T17:11:00Z,1781716260000,0x592bb9da5f33bfe8a94ae98aae35a7e758ff5632942d1f698992e90836b09931,0,RequestedWithdrawal,0xcc10abf54af5c0718b10b0156dfe1e369ce3eee72423e9e86936a0082e9c5d1b,0x511473bf0187fb57c82e8ef505f9f651f252b6a2,133.32,1781716246989000,5
474501876,2026-06-17T17:11:08Z,1781716268000,0x7aa2d27a51f9f54f2e1a3364e1da21346a781b461e00c85e52b24e9ec9f928a1,1,FinalizedWithdrawal,0xe5c7fe3a4ffca1590f26d74c8ba8b0db69557f7f4607a2a43f82e93041611978,0x142c4bebe479c357e788fcb532b766bf14e819b1,25.51,1781716021623000,5
474501954,2026-06-17T17:11:27Z,1781716287000,0xc0b3660d5dc71960b2044ef449231f15096c6ce3a8f616b525514fd74869dbc8,17,FinalizedWithdrawal,0xe5c7fe3a4ffca1590f26d74c8ba8b0db69557f7f4607a2a43f82e93041611978,0x7d8fcc5e02feb7c4c0699e885f07d6545fcd5102,9.63,1781716060062000,5
474502048,2026-06-17T17:11:51Z,1781716311000,0xcd98081ff44605c34a1d073b91975cb46aee178fddeeb6d701133ff4cfb79889,1,FinalizedWithdrawal,0xe5c7fe3a4ffca1590f26d74c8ba8b0db69557f7f4607a2a43f82e93041611978,0x1ffbc579c03bc9def9406d1c8397080b81014c34,2300.831932,1781716076744000,5
474502166,2026-06-17T17:12:20Z,1781716340000,0x12160d86d069da5060e3f20563f857d20a7eed5d1541927d5625baaee84396fa,0,RequestedWithdrawal,0xcc10abf54af5c0718b10b0156dfe1e369ce3eee72423e9e86936a0082e9c5d1b,0x53ba011a83b804311af73e9273666a3a0a75d4be,5166.33,1781716318065000,5
474502172,2026-06-17T17:12:22Z,1781716342000,0xf969b7f177f0e0c29586658d7acbb8dda27b698bdbf8d18d00d4a3df0da7996f,12,FinalizedWithdrawal,0xe5c7fe3a4ffca1590f26d74c8ba8b0db69557f7f4607a2a43f82e93041611978,0x88e4830c4944d411d728aed6c191af2f8613691b,100.0,1781716121784000,5
474502255,2026-06-17T17:12:43Z,1781716363000,0x5b5018262ab4df6f0ee0b188b199ca4e571a8f7080b31fee99ac78f1a80167cb,20,FinalizedWithdrawal,0xe5c7fe3a4ffca1590f26d74c8ba8b0db69557f7f4607a2a43f82e93041611978,0x88e4830c4944d411d728aed6c191af2f8613691b,14.0,1781716136324000,5
474502255,2026-06-17T17:12:43Z,1781716363000,0x5b5018262ab4df6f0ee0b188b199ca4e571a8f7080b31fee99ac78f1a80167cb,22,FinalizedWithdrawal,0xe5c7fe3a4ffca1590f26d74c8ba8b0db69557f7f4607a2a43f82e93041611978,0x88e4830c4944d411d728aed6c191af2f8613691b,133.0,1781716152639000,5
474502638,2026-06-17T17:14:19Z,1781716459000,0x9c6e708f68ef06a642620fd238dc082587fce5595f2a17b366eb35ae63ebd9f0,2,RequestedWithdrawal,0xcc10abf54af5c0718b10b0156dfe1e369ce3eee72423e9e86936a0082e9c5d1b,0xe6c20989ba107fd0ea500f41f1eb2418b71be443,96.107876,1781716453517000,5
474502642,2026-06-17T17:14:20Z,1781716460000,0x844871a924ddd271712f629e265c232bf78d4a10f2c5ca8ea00174a598087dda,8,FinalizedWithdrawal,0xe5c7fe3a4ffca1590f26d74c8ba8b0db69557f7f4607a2a43f82e93041611978,0xcb67a9132d63ac732a7e21b1ff4c671b3db9139f,714.0,1781716230819000,5
474502642,2026-06-17T17:14:20Z,1781716460000,0x844871a924ddd271712f629e265c232bf78d4a10f2c5ca8ea00174a598087dda,10,FinalizedWithdrawal,0xe5c7fe3a4ffca1590f26d74c8ba8b0db69557f7f4607a2a43f82e93041611978,0x88e4830c4944d411d728aed6c191af2f8613691b,82.0,1781716213760000,5
474502745,2026-06-17T17:14:45Z,1781716485000,0x3e2eefa1e8287dbd6e57c6f82da6116717d71023ec18c1706cfa6a47faba58e6,1,FinalizedWithdrawal,0xe5c7fe3a4ffca1590f26d74c8ba8b0db69557f7f4607a2a43f82e93041611978,0x511473bf0187fb57c82e8ef505f9f651f252b6a2,133.32,1781716246989000,5
474503077,2026-06-17T17:16:08Z,1781716568000,0x91d90ddb5740aa80d19c304f6c6db6a34a72e6d4514bb9d10fdabb0a9ab444dc,2,FinalizedWithdrawal,0xe5c7fe3a4ffca1590f26d74c8ba8b0db69557f7f4607a2a43f82e93041611978,0x53ba011a83b804311af73e9273666a3a0a75d4be,5166.33,1781716318065000,5
474503537,2026-06-17T17:18:04Z,1781716684000,0xc44798e655b8d5443694413f74488de51e00b55c741a2f776219112447614bba,18,RequestedWithdrawal,0xcc10abf54af5c0718b10b0156dfe1e369ce3eee72423e9e86936a0082e9c5d1b,0xc4413dacdfcaea051edbabf9ff7f4320602d2c87,0.1,1781716662443000,5
474503541,2026-06-17T17:18:05Z,1781716685000,0x2a255ecc94001733edb3d89fc4d7d4c7f3ec1f48ef4a39053afc515ccc9bf8d0,4,FinalizedWithdrawal,0xe5c7fe3a4ffca1590f26d74c8ba8b0db69557f7f4607a2a43f82e93041611978,0xe6c20989ba107fd0ea500f41f1eb2418b71be443,96.107876,1781716453517000,5
474504222,2026-06-17T17:20:54Z,1781716854000,0x844e4f15d286850e09165d95059c1fcbba5f6bde5d2d6a4cf9eeb18946b52d28,0,RequestedWithdrawal,0xcc10abf54af5c0718b10b0156dfe1e369ce3eee72423e9e86936a0082e9c5d1b,0x10ef841db12ee85a487bed680eafe8c69a7be7eb,424.42,1781716804650000,5
474504222,2026-06-17T17:20:54Z,1781716854000,0x844e4f15d286850e09165d95059c1fcbba5f6bde5d2d6a4cf9eeb18946b52d28,1,RequestedWithdrawal,0xcc10abf54af5c0718b10b0156dfe1e369ce3eee72423e9e86936a0082e9c5d1b,0xd4508a7a957d353efbf6828b8b6a2a75f0cd0928,99.0,1781716825057000,5
474504404,2026-06-17T17:21:41Z,1781716901000,0x612fb5b635f10c20ff8b9468b5764bb2a144298f611c750ee924ef5ba35fb14e,1,FinalizedWithdrawal,0xe5c7fe3a4ffca1590f26d74c8ba8b0db69557f7f4607a2a43f82e93041611978,0xc4413dacdfcaea051edbabf9ff7f4320602d2c87,0.1,1781716662443000,5
475142960,2026-06-19T13:54:32Z,1781877272000,0x92d89060479c27675120248c5d62f86b2aafd6a32b91a334e4131c45d85a4767,3,RequestedWithdrawal,0xcc10abf54af5c0718b10b0156dfe1e369ce3eee72423e9e86936a0082e9c5d1b,0x22c6d45ce7f9d85bf2848777d74e4606e7a53d92,87.635947,1781877262120000,4
475142960,2026-06-19T13:54:32Z,1781877272000,0x92d89060479c27675120248c5d62f86b2aafd6a32b91a334e4131c45d85a4767,4,RequestedWithdrawal,0xcc10abf54af5c0718b10b0156dfe1e369ce3eee72423e9e86936a0082e9c5d1b,0x9e7ea1a3fcc8d0abcb0c37e55d7a449129202170,5453.06,1781877263426000,4
475142973,2026-06-19T13:54:35Z,1781877275000,0xcf475bf1b95a1bad30984341a872b91d3004448d9b6e749b3aad893f6ebc3d8c,1,FinalizedWithdrawal,0xe5c7fe3a4ffca1590f26d74c8ba8b0db69557f7f4607a2a43f82e93041611978,0xfa23efb35ceab6a46899293a246c476fec3f7b3a,53.95,1781877040780000,4
475143150,2026-06-19T13:55:20Z,1781877320000,0x50bfa29ed259e3907987469059f219d4ecf0a44bf9deb78eda3505f3078c8e7a,0,RequestedWithdrawal,0xcc10abf54af5c0718b10b0156dfe1e369ce3eee72423e9e86936a0082e9c5d1b,0xfa23efb35ceab6a46899293a246c476fec3f7b3a,13.98,1781877312410000,4
475143155,2026-06-19T13:55:21Z,1781877321000,0xe84bb7eb281bff9b2a4a7a75a1dc92ad5a41bb645d359a4c3af8ffec0bf94805,32,FinalizedWithdrawal,0xe5c7fe3a4ffca1590f26d74c8ba8b0db69557f7f4607a2a43f82e93041611978,0x5824a3c353233782dfcd8a789f13a18d0c51ef1a,25.83,1781877099330000,4
475143334,2026-06-19T13:56:04Z,1781877364000,0x41f7bf61e447fa422cd733d3277106df9ae53034d2a017cd288da18f1bd4d9a3,63,FinalizedWithdrawal,0xe5c7fe3a4ffca1590f26d74c8ba8b0db69557f7f4607a2a43f82e93041611978,0xdd7f9ccf50f7dd74f4fa1bcc41fd4970238049f1,19.0,1781877130465000,4
475143633,2026-06-19T13:57:19Z,1781877439000,0x57e8c972e7db84c4fbec792e3cb40c27bf42fc4e287144e6cf303731e526f31b,24,RequestedWithdrawal,0xcc10abf54af5c0718b10b0156dfe1e369ce3eee72423e9e86936a0082e9c5d1b,0x0987896f727715f56bf32f4d983b3d1ccd7c143a,4286.91,1781877426586000,4
475143633,2026-06-19T13:57:19Z,1781877439000,0x57e8c972e7db84c4fbec792e3cb40c27bf42fc4e287144e6cf303731e526f31b,25,RequestedWithdrawal,0xcc10abf54af5c0718b10b0156dfe1e369ce3eee72423e9e86936a0082e9c5d1b,0x55efa62d43e6b6e7eb6ab1c9c014510f3b7fcde4,41.19,1781877428354000,4
475143638,2026-06-19T13:57:20Z,1781877440000,0x3e3bf213d6e57f4828c93d62d0fe5fc3287f2180537ff2c720e621dca4ed80ae,13,FinalizedWithdrawal,0xe5c7fe3a4ffca1590f26d74c8ba8b0db69557f7f4607a2a43f82e93041611978,0x781b398cc554b5dc42ce924d2a5ee1553611b2f2,121872.97,1781877202501000,4
475143638,2026-06-19T13:57:20Z,1781877440000,0x3e3bf213d6e57f4828c93d62d0fe5fc3287f2180537ff2c720e621dca4ed80ae,15,FinalizedWithdrawal,0xe5c7fe3a4ffca1590f26d74c8ba8b0db69557f7f4607a2a43f82e93041611978,0x72abaa45a1ac1f850c5a90f2153b5e2acc2388e5,90.44,1781877210605000,4
475143638,2026-06-19T13:57:20Z,1781877440000,0x3e3bf213d6e57f4828c93d62d0fe5fc3287f2180537ff2c720e621dca4ed80ae,17,FinalizedWithdrawal,0xe5c7fe3a4ffca1590f26d74c8ba8b0db69557f7f4607a2a43f82e93041611978,0x00b3ec186eb30d15ed0593d7fb24c05207130437,103.219631,1781877221348000,4
475143710,2026-06-19T13:57:38Z,1781877458000,0xed2436d7711cb1737a50d9ffefb7e0cdae18221e907fcaf7b0524308a8614be9,43,RequestedWithdrawal,0xcc10abf54af5c0718b10b0156dfe1e369ce3eee72423e9e86936a0082e9c5d1b,0x1ad789220860b3242b4429be201d06a0569fbb5b,8.83,1781877448296000,4
475143710,2026-06-19T13:57:38Z,1781877458000,0xed2436d7711cb1737a50d9ffefb7e0cdae18221e907fcaf7b0524308a8614be9,44,RequestedWithdrawal,0xcc10abf54af5c0718b10b0156dfe1e369ce3eee72423e9e86936a0082e9c5d1b,0xa8988b4b29f130ae07143745e095b64269ff1688,13.88,1781877442022000,4
475143710,2026-06-19T13:57:38Z,1781877458000,0xed2436d7711cb1737a50d9ffefb7e0cdae18221e907fcaf7b0524308a8614be9,45,RequestedWithdrawal,0xcc10abf54af5c0718b10b0156dfe1e369ce3eee72423e9e86936a0082e9c5d1b,0xb5862cdd8509b44f002e5ac3958f573f4186f3e8,31148.54,1781877452963000,4
475143817,2026-06-19T13:58:05Z,1781877485000,0x08e34b78bc935ec19295f872ecdde8db334ca692c51b5b841660645337685048,6,RequestedWithdrawal,0xcc10abf54af5c0718b10b0156dfe1e369ce3eee72423e9e86936a0082e9c5d1b,0xcf4f73d87acef5c9f093c3bbd2f0153b896ba7c9,200.0,1781877479619000,4
475143821,2026-06-19T13:58:06Z,1781877486000,0x8f48b1d38d20479e8770a29f28ae430d4cea09763e65e37df7dce629fb6b2c50,9,FinalizedWithdrawal,0xe5c7fe3a4ffca1590f26d74c8ba8b0db69557f7f4607a2a43f82e93041611978,0x22c6d45ce7f9d85bf2848777d74e4606e7a53d92,87.635947,1781877262120000,4
475143821,2026-06-19T13:58:06Z,1781877486000,0x8f48b1d38d20479e8770a29f28ae430d4cea09763e65e37df7dce629fb6b2c50,11,FinalizedWithdrawal,0xe5c7fe3a4ffca1590f26d74c8ba8b0db69557f7f4607a2a43f82e93041611978,0x9e7ea1a3fcc8d0abcb0c37e55d7a449129202170,5453.06,1781877263426000,4
475143999,2026-06-19T13:58:51Z,1781877531000,0x1f968f0466433c6b562e2625025757e057e23e40e370e36adc71323e1dbfe25c,4,FinalizedWithdrawal,0xe5c7fe3a4ffca1590f26d74c8ba8b0db69557f7f4607a2a43f82e93041611978,0xfa23efb35ceab6a46899293a246c476fec3f7b3a,13.98,1781877312410000,4
475144169,2026-06-19T13:59:33Z,1781877573000,0xe891be8b10d19a914bcc12c70ee1d6811fac57d2ab532787ccd2e8050a5f0c8c,0,RequestedWithdrawal,0xcc10abf54af5c0718b10b0156dfe1e369ce3eee72423e9e86936a0082e9c5d1b,0x40edcd24da6d26e6c91119a0267180d3cfeeb84b,99.0,1781877560615000,4
475144359,2026-06-19T14:00:21Z,1781877621000,0xf4339923037e6bfafd7472d0ad9cbb80eaa9d7e6dc940f55c81db641191fcf23,29,RequestedWithdrawal,0xcc10abf54af5c0718b10b0156dfe1e369ce3eee72423e9e86936a0082e9c5d1b,0xcf4f73d87acef5c9f093c3bbd2f0153b896ba7c9,7.0,1781877593142000,4
475144359,2026-06-19T14:00:21Z,1781877621000,0xf4339923037e6bfafd7472d0ad9cbb80eaa9d7e6dc940f55c81db641191fcf23,30,RequestedWithdrawal,0xcc10abf54af5c0718b10b0156dfe1e369ce3eee72423e9e86936a0082e9c5d1b,0xd6db8b6b271e1144b4d80e1296f8a6366b010e70,27706.582907,1781877602423000,4
475144472,2026-06-19T14:00:49Z,1781877649000,0x626b84e3ab62020491935bae62c58488ce6af1057247fe54b04662c97a3cdb78,4,FinalizedWithdrawal,0xe5c7fe3a4ffca1590f26d74c8ba8b0db69557f7f4607a2a43f82e93041611978,0x0987896f727715f56bf32f4d983b3d1ccd7c143a,4286.91,1781877426586000,4
475144472,2026-06-19T14:00:49Z,1781877649000,0x626b84e3ab62020491935bae62c58488ce6af1057247fe54b04662c97a3cdb78,6,FinalizedWithdrawal,0xe5c7fe3a4ffca1590f26d74c8ba8b0db69557f7f4607a2a43f82e93041611978,0x55efa62d43e6b6e7eb6ab1c9c014510f3b7fcde4,41.19,1781877428354000,4
475144555,2026-06-19T14:01:10Z,1781877670000,0xe3315993d9a3781095a7be1cf3fe03d13e5bef0965132d5bcda9c7fbea21f2e1,2,RequestedWithdrawal,0xcc10abf54af5c0718b10b0156dfe1e369ce3eee72423e9e86936a0082e9c5d1b,0xcf4f73d87acef5c9f093c3bbd2f0153b896ba7c9,5.0,1781877655529000,4
475144561,2026-06-19T14:01:11Z,1781877671000,0xe787e872d025bb52ce1d646f38571aad86f4e29afd11eaf8e04fd4a4600a13d8,1,FinalizedWithdrawal,0xe5c7fe3a4ffca1590f26d74c8ba8b0db69557f7f4607a2a43f82e93041611978,0xa8988b4b29f130ae07143745e095b64269ff1688,13.88,1781877442022000,4
475144561,2026-06-19T14:01:11Z,1781877671000,0xe787e872d025bb52ce1d646f38571aad86f4e29afd11eaf8e04fd4a4600a13d8,3,FinalizedWithdrawal,0xe5c7fe3a4ffca1590f26d74c8ba8b0db69557f7f4607a2a43f82e93041611978,0xb5862cdd8509b44f002e5ac3958f573f4186f3e8,31148.54,1781877452963000,4
475144561,2026-06-19T14:01:11Z,1781877671000,0xe787e872d025bb52ce1d646f38571aad86f4e29afd11eaf8e04fd4a4600a13d8,5,FinalizedWithdrawal,0xe5c7fe3a4ffca1590f26d74c8ba8b0db69557f7f4607a2a43f82e93041611978,0x1ad789220860b3242b4429be201d06a0569fbb5b,8.83,1781877448296000,4
475144635,2026-06-19T14:01:30Z,1781877690000,0x7a1528318a0c5d08b7f96358f0e50c090432a1616f223a4ffb7bf38a0d20fdd3,6,FinalizedWithdrawal,0xe5c7fe3a4ffca1590f26d74c8ba8b0db69557f7f4607a2a43f82e93041611978,0xcf4f73d87acef5c9f093c3bbd2f0153b896ba7c9,200.0,1781877479619000,4
475144726,2026-06-19T14:01:53Z,1781877713000,0x09e1d22578bffb750abb3d442c1146f168e438d893bfa08e1190e7716642ec49,0,RequestedWithdrawal,0xcc10abf54af5c0718b10b0156dfe1e369ce3eee72423e9e86936a0082e9c5d1b,0xcf4f73d87acef5c9f093c3bbd2f0153b896ba7c9,2.0,1781877701215000,4
475144931,2026-06-19T14:02:43Z,1781877763000,0x289c877e1cc6d485de4ccb0e7dc70f200ac65f3347351b5ab29c3f5271e8aefe,3,RequestedWithdrawal,0xcc10abf54af5c0718b10b0156dfe1e369ce3eee72423e9e86936a0082e9c5d1b,0xb2eb1ed6e2567fae0ab586e36e1f8fd20682fc79,20450.554208,1781877747469000,4
475145034,2026-06-19T14:03:09Z,1781877789000,0x2aa90caa4ff55a63979054deb5f3853a736845710260e4f51a378ceda6383823,13,FinalizedWithdrawal,0xe5c7fe3a4ffca1590f26d74c8ba8b0db69557f7f4607a2a43f82e93041611978,0x40edcd24da6d26e6c91119a0267180d3cfeeb84b,99.0,1781877560615000,4
475145228,2026-06-19T14:03:58Z,1781877838000,0x35ec9058d1cc5a277df265ac350df69b6d7ab1ea8c236537861928b30a6b20d4,56,FinalizedWithdrawal,0xe5c7fe3a4ffca1590f26d74c8ba8b0db69557f7f4607a2a43f82e93041611978,0xd6db8b6b271e1144b4d80e1296f8a6366b010e70,27706.582907,1781877602423000,4
475145228,2026-06-19T14:03:58Z,1781877838000,0x35ec9058d1cc5a277df265ac350df69b6d7ab1ea8c236537861928b30a6b20d4,58,FinalizedWithdrawal,0xe5c7fe3a4ffca1590f26d74c8ba8b0db69557f7f4607a2a43f82e93041611978,0xcf4f73d87acef5c9f093c3bbd2f0153b896ba7c9,7.0,1781877593142000,4
475145441,2026-06-19T14:04:51Z,1781877891000,0xb7f0f569689ab34462a4f4da4037e0c269933f53a97b68f30970a9a195cd01c7,0,RequestedWithdrawal,0xcc10abf54af5c0718b10b0156dfe1e369ce3eee72423e9e86936a0082e9c5d1b,0x0a2a40c44c3681336094adfab7dae2f62736901f,86.0,1781877861774000,4
475145441,2026-06-19T14:04:51Z,1781877891000,0xb7f0f569689ab34462a4f4da4037e0c269933f53a97b68f30970a9a195cd01c7,1,RequestedWithdrawal,0xcc10abf54af5c0718b10b0156dfe1e369ce3eee72423e9e86936a0082e9c5d1b,0x22ac8daa927d6ca2bbfe4b89f0b17c49176c1093,20.256758,1781877881143000,4
475145448,2026-06-19T14:04:53Z,1781877893000,0x80a872b6fe4ee02ce553ac729fe3ad1c53e85d2595244594265c119a0fd5589d,14,FinalizedWithdrawal,0xe5c7fe3a4ffca1590f26d74c8ba8b0db69557f7f4607a2a43f82e93041611978,0xcf4f73d87acef5c9f093c3bbd2f0153b896ba7c9,5.0,1781877655529000,4
475145521,2026-06-19T14:05:11Z,1781877911000,0x59c9002f14bc5d4f5c11e562a55ff4d455f0337ca7125269ffbd232c1d192764,1,RequestedWithdrawal,0xcc10abf54af5c0718b10b0156dfe1e369ce3eee72423e9e86936a0082e9c5d1b,0x22c5ae07ec2ba7ce38e895192d6fb37d0e515d49,280.0,1781877889638000,4
475145521,2026-06-19T14:05:11Z,1781877911000,0x59c9002f14bc5d4f5c11e562a55ff4d455f0337ca7125269ffbd232c1d192764,2,RequestedWithdrawal,0xcc10abf54af5c0718b10b0156dfe1e369ce3eee72423e9e86936a0082e9c5d1b,0xb4e29a1cd1d8714e3af3c8c3096941d57d08e76c,4.0,1781877887291000,4
475145630,2026-06-19T14:05:38Z,1781877938000,0x72d6b4b6521a016c06565683454bd1319e62e3c44011bdcbddadd996712f2df5,4,RequestedWithdrawal,0xcc10abf54af5c0718b10b0156dfe1e369ce3eee72423e9e86936a0082e9c5d1b,0x623e92f6aed300d6dc5fbd675dd133d8214a4048,98.89,1781877917290000,4
475145636,2026-06-19T14:05:40Z,1781877940000,0xf3bda2ff7ac6a2aa3b3f80f385672c77ed7dbdf36a7e4c75c13c3e4af8c2910e,2,FinalizedWithdrawal,0xe5c7fe3a4ffca1590f26d74c8ba8b0db69557f7f4607a2a43f82e93041611978,0xcf4f73d87acef5c9f093c3bbd2f0153b896ba7c9,2.0,1781877701215000,4
475145717,2026-06-19T14:06:00Z,1781877960000,0x90f7a7699f682408811bfa3965b27ba8acfb0d99173f4f422b88a8507407d1f7,3,RequestedWithdrawal,0xcc10abf54af5c0718b10b0156dfe1e369ce3eee72423e9e86936a0082e9c5d1b,0x1bfba3a5b65a8154429b29ac42608fb96f55ebfa,25.0,1781877955062000,4
475145717,2026-06-19T14:06:00Z,1781877960000,0x90f7a7699f682408811bfa3965b27ba8acfb0d99173f4f422b88a8507407d1f7,4,RequestedWithdrawal,0xcc10abf54af5c0718b10b0156dfe1e369ce3eee72423e9e86936a0082e9c5d1b,0x22c5ae07ec2ba7ce38e895192d6fb37d0e515d49,3.0,1781877938384000,4
475145815,2026-06-19T14:06:25Z,1781877985000,0xc0a3cb89a1fa53a28aa6d379ec01c5c0261030c80f35bfb6f3f53773b4247fa7,10,FinalizedWithdrawal,0xe5c7fe3a4ffca1590f26d74c8ba8b0db69557f7f4607a2a43f82e93041611978,0xb2eb1ed6e2567fae0ab586e36e1f8fd20682fc79,20450.554208,1781877747469000,4
475145916,2026-06-19T14:06:50Z,1781878010000,0xe622b3e4aaf0c57447581d427d798b89258661f1703f670c3453e18cfd9c787d,0,RequestedWithdrawal,0xcc10abf54af5c0718b10b0156dfe1e369ce3eee72423e9e86936a0082e9c5d1b,0xb25f645ad779bae0e60b4440d1996908f656b941,14.27,1781877999032000,4
475146293,2026-06-19T14:08:25Z,1781878105000,0x3b14deceb384234ebdfc0fc532326eee3c3f5941703329f16763e185bf0dfb66,0,RequestedWithdrawal,0xcc10abf54af5c0718b10b0156dfe1e369ce3eee72423e9e86936a0082e9c5d1b,0x01d6780fa5fbbbf64d6d482f8b0a8511b942a0a7,18.38,1781878079797000,4
475146293,2026-06-19T14:08:25Z,1781878105000,0x3b14deceb384234ebdfc0fc532326eee3c3f5941703329f16763e185bf0dfb66,1,RequestedWithdrawal,0xcc10abf54af5c0718b10b0156dfe1e369ce3eee72423e9e86936a0082e9c5d1b,0xb4e29a1cd1d8714e3af3c8c3096941d57d08e76c,9.0,1781878083121000,4
475146299,2026-06-19T14:08:26Z,1781878106000,0x05a587fdce6b320172af0f432723901f628472a1831c624f0aa6d4bf9a9cb262,2,FinalizedWithdrawal,0xe5c7fe3a4ffca1590f26d74c8ba8b0db69557f7f4607a2a43f82e93041611978,0x0a2a40c44c3681336094adfab7dae2f62736901f,86.0,1781877861774000,4
475146299,2026-06-19T14:08:26Z,1781878106000,0x05a587fdce6b320172af0f432723901f628472a1831c624f0aa6d4bf9a9cb262,4,FinalizedWithdrawal,0xe5c7fe3a4ffca1590f26d74c8ba8b0db69557f7f4607a2a43f82e93041611978,0x22ac8daa927d6ca2bbfe4b89f0b17c49176c1093,20.256758,1781877881143000,4
475146405,2026-06-19T14:08:52Z,1781878132000,0x87495be23daf1b1a8586d82c090bc32883c512f86205c54000510ea43341702b,19,FinalizedWithdrawal,0xe5c7fe3a4ffca1590f26d74c8ba8b0db69557f7f4607a2a43f82e93041611978,0x22c5ae07ec2ba7ce38e895192d6fb37d0e515d49,280.0,1781877889638000,4
475146405,2026-06-19T14:08:52Z,1781878132000,0x87495be23daf1b1a8586d82c090bc32883c512f86205c54000510ea43341702b,21,FinalizedWithdrawal,0xe5c7fe3a4ffca1590f26d74c8ba8b0db69557f7f4607a2a43f82e93041611978,0xb4e29a1cd1d8714e3af3c8c3096941d57d08e76c,4.0,1781877887291000,4
475146515,2026-06-19T14:09:19Z,1781878159000,0xf410edd8fd4db1596bdd03d47d248f67a12d6b11e7a997644d6640f2ad5c7b8c,0,RequestedWithdrawal,0xcc10abf54af5c0718b10b0156dfe1e369ce3eee72423e9e86936a0082e9c5d1b,0x9c698f6490a0b959f7d9217ae428e888b01c35f2,126546.95,1781878145270000,4
475146519,2026-06-19T14:09:20Z,1781878160000,0x74f99c34c84d83ec2c8c2b7e9bb4c392c3d8aff18f9a192b5a03b1dfe6ec311d,1,FinalizedWithdrawal,0xe5c7fe3a4ffca1590f26d74c8ba8b0db69557f7f4607a2a43f82e93041611978,0x623e92f6aed300d6dc5fbd675dd133d8214a4048,98.89,1781877917290000,4
475146599,2026-06-19T14:09:40Z,1781878180000,0xd843a9775a3c03d31e3ecca7ea464ec0a31bd9955a4208d60a7bb39cfd102793,29,RequestedWithdrawal,0xcc10abf54af5c0718b10b0156dfe1e369ce3eee72423e9e86936a0082e9c5d1b,0x3f887611000643b490d43502f8967aae41070e89,14.0,1781878152583000,4
475146608,2026-06-19T14:09:43Z,1781878183000,0x41c7c8d8b4588173d14c0acf395dc154695396b8505644dd618aa273805f956f,9,FinalizedWithdrawal,0xe5c7fe3a4ffca1590f26d74c8ba8b0db69557f7f4607a2a43f82e93041611978,0x22c5ae07ec2ba7ce38e895192d6fb37d0e515d49,3.0,1781877938384000,4
475146608,2026-06-19T14:09:43Z,1781878183000,0x41c7c8d8b4588173d14c0acf395dc154695396b8505644dd618aa273805f956f,11,FinalizedWithdrawal,0xe5c7fe3a4ffca1590f26d74c8ba8b0db69557f7f4607a2a43f82e93041611978,0x1bfba3a5b65a8154429b29ac42608fb96f55ebfa,25.0,1781877955062000,4
475146795,2026-06-19T14:10:30Z,1781878230000,0xcd00854c44375043c6d2d690107fec1680f6abc2ad90e992c635b7ddd3b52ddf,16,FinalizedWithdrawal,0xe5c7fe3a4ffca1590f26d74c8ba8b0db69557f7f4607a2a43f82e93041611978,0xb25f645ad779bae0e60b4440d1996908f656b941,14.27,1781877999032000,4
475147171,2026-06-19T14:12:04Z,1781878324000,0x71b77ea3d4127bc6b57eefce3134401a690a07c45d1b0bde250c9554c360d3f7,1,FinalizedWithdrawal,0xe5c7fe3a4ffca1590f26d74c8ba8b0db69557f7f4607a2a43f82e93041611978,0x01d6780fa5fbbbf64d6d482f8b0a8511b942a0a7,18.38,1781878079797000,4
475147171,2026-06-19T14:12:04Z,1781878324000,0x71b77ea3d4127bc6b57eefce3134401a690a07c45d1b0bde250c9554c360d3f7,3,FinalizedWithdrawal,0xe5c7fe3a4ffca1590f26d74c8ba8b0db69557f7f4607a2a43f82e93041611978,0xb4e29a1cd1d8714e3af3c8c3096941d57d08e76c,9.0,1781878083121000,4
475147372,2026-06-19T14:12:54Z,1781878374000,0xf241e1fd00abb812442b7a543c50ed343cb621aa02537628668cf653ca2bf178,19,RequestedWithdrawal,0xcc10abf54af5c0718b10b0156dfe1e369ce3eee72423e9e86936a0082e9c5d1b,0x180d239360447bbf93be384a499bfa572c16a3c5,50.06,1781878370958000,4
475147372,2026-06-19T14:12:54Z,1781878374000,0xf241e1fd00abb812442b7a543c50ed343cb621aa02537628668cf653ca2bf178,20,RequestedWithdrawal,0xcc10abf54af5c0718b10b0156dfe1e369ce3eee72423e9e86936a0082e9c5d1b,0x623e92f6aed300d6dc5fbd675dd133d8214a4048,242.75,1781878345721000,4
475147378,2026-06-19T14:12:56Z,1781878376000,0xb3f90817a1a7b8a04c38aba60068567dd784c11e3c6e4a2ad5cbb58861f24f3e,15,FinalizedWithdrawal,0xe5c7fe3a4ffca1590f26d74c8ba8b0db69557f7f4607a2a43f82e93041611978,0x9c698f6490a0b959f7d9217ae428e888b01c35f2,126546.95,1781878145270000,4
475147472,2026-06-19T14:13:19Z,1781878399000,0x8b9dcdbfe2ef61ff1672abe5a8735a662adf397803dec62bf54b2423a49bb9cb,1,FinalizedWithdrawal,0xe5c7fe3a4ffca1590f26d74c8ba8b0db69557f7f4607a2a43f82e93041611978,0x3f887611000643b490d43502f8967aae41070e89,14.0,1781878152583000,4
475147674,2026-06-19T14:14:10Z,1781878450000,0xa042e694c829ec19846ab42d226857d73fe1cdd55cdf28914db09653574f7dac,0,RequestedWithdrawal,0xcc10abf54af5c0718b10b0156dfe1e369ce3eee72423e9e86936a0082e9c5d1b,0xb28c200776fec15d5522ec3edfc0e3074c002b42,181.155446,1781878435738000,4
475147674,2026-06-19T14:14:10Z,1781878450000,0xa042e694c829ec19846ab42d226857d73fe1cdd55cdf28914db09653574f7dac,1,RequestedWithdrawal,0xcc10abf54af5c0718b10b0156dfe1e369ce3eee72423e9e86936a0082e9c5d1b,0xefbf0ab1bfca0cfd457bfdbd0a01f2fef1dd17da,255.62,1781878444727000,4
475147783,2026-06-19T14:14:37Z,1781878477000,0x35e184ecea211f6439d25ec9af693bfe0a7cb71a93110554ea880d0d56312988,9,RequestedWithdrawal,0xcc10abf54af5c0718b10b0156dfe1e369ce3eee72423e9e86936a0082e9c5d1b,0x4ca0fa2d41565842246829c67145eb4dc062b228,13.29,1781878450490000,4
475147783,2026-06-19T14:14:37Z,1781878477000,0x35e184ecea211f6439d25ec9af693bfe0a7cb71a93110554ea880d0d56312988,10,RequestedWithdrawal,0xcc10abf54af5c0718b10b0156dfe1e369ce3eee72423e9e86936a0082e9c5d1b,0xcdf0aa4ccb610960454b7bb736b304c158dd2dcc,1047.2,1781878465441000,4
475147867,2026-06-19T14:14:57Z,1781878497000,0x07d607acd146fbf1664438d22c7385430b45bb6204c21f2f31e348a3a7b886fa,1,RequestedWithdrawal,0xcc10abf54af5c0718b10b0156dfe1e369ce3eee72423e9e86936a0082e9c5d1b,0x3db8f0f21ddf5ced27a3c60ff0f0e4ff898e1c45,44.798098,1781878477447000,4
475147867,2026-06-19T14:14:57Z,1781878497000,0x07d607acd146fbf1664438d22c7385430b45bb6204c21f2f31e348a3a7b886fa,2,RequestedWithdrawal,0xcc10abf54af5c0718b10b0156dfe1e369ce3eee72423e9e86936a0082e9c5d1b,0x75487cf9570cdcf29da3be67803d15d7c23e201a,49.84,1781878487064000,4
475147963,2026-06-19T14:15:21Z,1781878521000,0xb4d071b474d10210c3908cb32c582cfe50ebb3267ea262bc11b15c602f962408,8,RequestedWithdrawal,0xcc10abf54af5c0718b10b0156dfe1e369ce3eee72423e9e86936a0082e9c5d1b,0xf032648dfd22c4d81588bd83e09ab89cfe816705,2090.173976,1781878494296000,4
475148265,2026-06-19T14:16:37Z,1781878597000,0xcb597a37b78ccf202636a9219e954d5c416580aaea5f170c6527c7b99c3fcf12,12,RequestedWithdrawal,0xcc10abf54af5c0718b10b0156dfe1e369ce3eee72423e9e86936a0082e9c5d1b,0xc3e0928fc64aad59c1d44748accbd94d791674e3,37.7,1781878582202000,4
475148269,2026-06-19T14:16:38Z,1781878598000,0x626a0ff84cd881bbdcd2a5f4a3319e2bc4d275cbbfb4d1be9809895d47c10d4f,4,FinalizedWithdrawal,0xe5c7fe3a4ffca1590f26d74c8ba8b0db69557f7f4607a2a43f82e93041611978,0x623e92f6aed300d6dc5fbd675dd133d8214a4048,242.75,1781878345721000,4
475148269,2026-06-19T14:16:38Z,1781878598000,0x626a0ff84cd881bbdcd2a5f4a3319e2bc4d275cbbfb4d1be9809895d47c10d4f,6,FinalizedWithdrawal,0xe5c7fe3a4ffca1590f26d74c8ba8b0db69557f7f4607a2a43f82e93041611978,0x180d239360447bbf93be384a499bfa572c16a3c5,50.06,1781878370958000,4
475148341,2026-06-19T14:16:56Z,1781878616000,0x0216070e4bbad0339be600262a44e3d37a7f7f4b4d27f36085e7ad56c2b021a7,5,RequestedWithdrawal,0xcc10abf54af5c0718b10b0156dfe1e369ce3eee72423e9e86936a0082e9c5d1b,0xd0eacf9f9fcfdc7ad182267c6f99f9e9c8d93cea,72.42,1781878601228000,4
475148341,2026-06-19T14:16:56Z,1781878616000,0x0216070e4bbad0339be600262a44e3d37a7f7f4b4d27f36085e7ad56c2b021a7,6,RequestedWithdrawal,0xcc10abf54af5c0718b10b0156dfe1e369ce3eee72423e9e86936a0082e9c5d1b,0xef4d823f50420a21f21fad4020d787601abe87e2,42.56,1781878604405000,4
475148533,2026-06-19T14:17:44Z,1781878664000,0x041b81a564f409a6709d5c4ce332c26995ea220f99d547597cc7d642ad249a22,22,RequestedWithdrawal,0xcc10abf54af5c0718b10b0156dfe1e369ce3eee72423e9e86936a0082e9c5d1b,0x72452b6ce587558271ea62264f40448f8c2a06f1,986.47,1781878646055000,4
475148549,2026-06-19T14:17:48Z,1781878668000,0x349bf8f7327b9b9a02428d4318526835d8d7bfc57a604d1e760d3cf7878481bf,1,FinalizedWithdrawal,0xe5c7fe3a4ffca1590f26d74c8ba8b0db69557f7f4607a2a43f82e93041611978,0xb28c200776fec15d5522ec3edfc0e3074c002b42,181.155446,1781878435738000,4
475148549,2026-06-19T14:17:48Z,1781878668000,0x349bf8f7327b9b9a02428d4318526835d8d7bfc57a604d1e760d3cf7878481bf,3,FinalizedWithdrawal,0xe5c7fe3a4ffca1590f26d74c8ba8b0db69557f7f4607a2a43f82e93041611978,0xefbf0ab1bfca0cfd457bfdbd0a01f2fef1dd17da,255.62,1781878444727000,4
475148631,2026-06-19T14:18:09Z,1781878689000,0xdaf69980788bccc1a176b7fbfa09964f450fb70540b6006d53fc312b56bccc51,1,FinalizedWithdrawal,0xe5c7fe3a4ffca1590f26d74c8ba8b0db69557f7f4607a2a43f82e93041611978,0xcdf0aa4ccb610960454b7bb736b304c158dd2dcc,1047.2,1781878465441000,4
475148631,2026-06-19T14:18:09Z,1781878689000,0xdaf69980788bccc1a176b7fbfa09964f450fb70540b6006d53fc312b56bccc51,3,FinalizedWithdrawal,0xe5c7fe3a4ffca1590f26d74c8ba8b0db69557f7f4607a2a43f82e93041611978,0x4ca0fa2d41565842246829c67145eb4dc062b228,13.29,1781878450490000,4
475148745,2026-06-19T14:18:37Z,1781878717000,0xaff57536ea21dc36d92fffcbe7cd1bdc8877ab396d3f6f6bcd4adabd1d740355,1,FinalizedWithdrawal,0xe5c7fe3a4ffca1590f26d74c8ba8b0db69557f7f4607a2a43f82e93041611978,0x75487cf9570cdcf29da3be67803d15d7c23e201a,49.84,1781878487064000,4
475148745,2026-06-19T14:18:37Z,1781878717000,0xaff57536ea21dc36d92fffcbe7cd1bdc8877ab396d3f6f6bcd4adabd1d740355,3,FinalizedWithdrawal,0xe5c7fe3a4ffca1590f26d74c8ba8b0db69557f7f4607a2a43f82e93041611978,0x3db8f0f21ddf5ced27a3c60ff0f0e4ff898e1c45,44.798098,1781878477447000,4
475148821,2026-06-19T14:18:56Z,1781878736000,0x93be88a3b2d4b9f9a0ee0f34d6311bdc81d062eedbda3c794675c9197d6f745c,15,FinalizedWithdrawal,0xe5c7fe3a4ffca1590f26d74c8ba8b0db69557f7f4607a2a43f82e93041611978,0xf032648dfd22c4d81588bd83e09ab89cfe816705,2090.173976,1781878494296000,4
475149123,2026-06-19T14:20:12Z,1781878812000,0x1619b5c4ce2534f083b0c2fca25bad2bdbadd9bc573b8955129a2f915470b425,3,FinalizedWithdrawal,0xe5c7fe3a4ffca1590f26d74c8ba8b0db69557f7f4607a2a43f82e93041611978,0xc3e0928fc64aad59c1d44748accbd94d791674e3,37.7,1781878582202000,4
475149232,2026-06-19T14:20:39Z,1781878839000,0x41962ca3b12d83e9feace042c05d164d422d290273cc2c759166a0b9d63a3c4a,2,FinalizedWithdrawal,0xe5c7fe3a4ffca1590f26d74c8ba8b0db69557f7f4607a2a43f82e93041611978,0xef4d823f50420a21f21fad4020d787601abe87e2,42.56,1781878604405000,4
475149232,2026-06-19T14:20:39Z,1781878839000,0x41962ca3b12d83e9feace042c05d164d422d290273cc2c759166a0b9d63a3c4a,4,FinalizedWithdrawal,0xe5c7fe3a4ffca1590f26d74c8ba8b0db69557f7f4607a2a43f82e93041611978,0xd0eacf9f9fcfdc7ad182267c6f99f9e9c8d93cea,72.42,1781878601228000,4
475149351,2026-06-19T14:21:09Z,1781878869000,0x7fcfbb282c62493c2a532c36081affb73d16c5900d78200ea2669b794c71beb0,52,RequestedWithdrawal,0xcc10abf54af5c0718b10b0156dfe1e369ce3eee72423e9e86936a0082e9c5d1b,0x694ee5fe1c5b3445558e7b76fd4a43e620501914,132663.91,1781878861530000,4
475149357,2026-06-19T14:21:11Z,1781878871000,0x64c5cdd243c6dadbdd71c028003b1b77c3589dca01ac6702dcd2ca88f5c9871a,1,FinalizedWithdrawal,0xe5c7fe3a4ffca1590f26d74c8ba8b0db69557f7f4607a2a43f82e93041611978,0x72452b6ce587558271ea62264f40448f8c2a06f1,986.47,1781878646055000,4
475149789,2026-06-19T14:22:58Z,1781878978000,0xd1c7a68586031ced98da9c7bbca53121a69f516b47cce8a73fb55668fdb4e946,0,RequestedWithdrawal,0xcc10abf54af5c0718b10b0156dfe1e369ce3eee72423e9e86936a0082e9c5d1b,0x64e94f13a7ead98acfe9c0eb698dbb31e6afb89f,4.0,1781878929934000,4
475149789,2026-06-19T14:22:58Z,1781878978000,0xd1c7a68586031ced98da9c7bbca53121a69f516b47cce8a73fb55668fdb4e946,1,RequestedWithdrawal,0xcc10abf54af5c0718b10b0156dfe1e369ce3eee72423e9e86936a0082e9c5d1b,0xe57ea121d6e96508d6254b8e2e194aa93797e272,6.3,1781878953152000,4
475149893,2026-06-19T14:23:24Z,1781879004000,0x49cfabae2e6ab0f7c2c0ea94487b6841ad47a6e69a8ce7137f5e5cdba369d17c,0,RequestedWithdrawal,0xcc10abf54af5c0718b10b0156dfe1e369ce3eee72423e9e86936a0082e9c5d1b,0x6692db96c47504667e7621ce2ab76f2a0a635e47,6.46,1781878977434000,4
475149893,2026-06-19T14:23:24Z,1781879004000,0x49cfabae2e6ab0f7c2c0ea94487b6841ad47a6e69a8ce7137f5e5cdba369d17c,1,RequestedWithdrawal,0xcc10abf54af5c0718b10b0156dfe1e369ce3eee72423e9e86936a0082e9c5d1b,0xae47dfa08f1415ff147772e7447da98dd488c35f,9.0,1781878980808000,4
475149893,2026-06-19T14:23:24Z,1781879004000,0x49cfabae2e6ab0f7c2c0ea94487b6841ad47a6e69a8ce7137f5e5cdba369d17c,2,RequestedWithdrawal,0xcc10abf54af5c0718b10b0156dfe1e369ce3eee72423e9e86936a0082e9c5d1b,0xecdaeb1d46b0c35d0476e43971a0e570d716d1c7,19.0,1781878979469000,4
475150000,2026-06-19T14:23:51Z,1781879031000,0x2235d8a08c5dbf8ff4a3fa8292c55fa0de0820e3d4e4b58ac2fe3fde798ad6c4,21,RequestedWithdrawal,0xcc10abf54af5c0718b10b0156dfe1e369ce3eee72423e9e86936a0082e9c5d1b,0xb467646f6cbbd41e9cad139e626dec1cdd7dc043,42.4,1781879016727000,4
475150109,2026-06-19T14:24:18Z,1781879058000,0xfea29aaf7743f07d040690f9737f458cda2e2a2c919632ca78786c083866e5e9,16,RequestedWithdrawal,0xcc10abf54af5c0718b10b0156dfe1e369ce3eee72423e9e86936a0082e9c5d1b,0x75982eb8b734b24b653b39e308489a428041f162,9999.0,1781879023760000,4
475150192,2026-06-19T14:24:39Z,1781879079000,0x56ef335698abfd5e742b18fbd1d30cf1bffcd1dabf1a7179341c2648b56e136e,4,FinalizedWithdrawal,0xe5c7fe3a4ffca1590f26d74c8ba8b0db69557f7f4607a2a43f82e93041611978,0x694ee5fe1c5b3445558e7b76fd4a43e620501914,132663.91,1781878861530000,4
475150402,2026-06-19T14:25:32Z,1781879132000,0xe39ff2d9b47de2fdfff60ae7b59dbdc4b4df6bd349680e08bab554f7c0d7ec40,6,RequestedWithdrawal,0xcc10abf54af5c0718b10b0156dfe1e369ce3eee72423e9e86936a0082e9c5d1b,0x97bba6b4838e326980f04b54c40ace3e3092bac4,411.91,1781879121535000,4
475150595,2026-06-19T14:26:20Z,1781879180000,0x55490018d4bddabb6c82ecf0bd418fe715424470c07531a04645e6a043eb109a,1,FinalizedWithdrawal,0xe5c7fe3a4ffca1590f26d74c8ba8b0db69557f7f4607a2a43f82e93041611978,0xe57ea121d6e96508d6254b8e2e194aa93797e272,6.3,1781878953152000,4
475150595,2026-06-19T14:26:20Z,1781879180000,0x55490018d4bddabb6c82ecf0bd418fe715424470c07531a04645e6a043eb109a,3,FinalizedWithdrawal,0xe5c7fe3a4ffca1590f26d74c8ba8b0db69557f7f4607a2a43f82e93041611978,0x64e94f13a7ead98acfe9c0eb698dbb31e6afb89f,4.0,1781878929934000,4
475150698,2026-06-19T14:26:46Z,1781879206000,0x2b4f4d9eb7166d5fe2f7c37e6415bdc59ab3f7ff08714c9b3867b561eb97ce2a,32,FinalizedWithdrawal,0xe5c7fe3a4ffca1590f26d74c8ba8b0db69557f7f4607a2a43f82e93041611978,0xecdaeb1d46b0c35d0476e43971a0e570d716d1c7,19.0,1781878979469000,4
475150698,2026-06-19T14:26:46Z,1781879206000,0x2b4f4d9eb7166d5fe2f7c37e6415bdc59ab3f7ff08714c9b3867b561eb97ce2a,34,FinalizedWithdrawal,0xe5c7fe3a4ffca1590f26d74c8ba8b0db69557f7f4607a2a43f82e93041611978,0xae47dfa08f1415ff147772e7447da98dd488c35f,9.0,1781878980808000,4
475150698,2026-06-19T14:26:46Z,1781879206000,0x2b4f4d9eb7166d5fe2f7c37e6415bdc59ab3f7ff08714c9b3867b561eb97ce2a,36,FinalizedWithdrawal,0xe5c7fe3a4ffca1590f26d74c8ba8b0db69557f7f4607a2a43f82e93041611978,0x6692db96c47504667e7621ce2ab76f2a0a635e47,6.46,1781878977434000,4
475150904,2026-06-19T14:27:38Z,1781879258000,0xecaf0e18e8cf0d47a92e04a8c167ea63672bc65b97474299bd50348c309fe919,46,FinalizedWithdrawal,0xe5c7fe3a4ffca1590f26d74c8ba8b0db69557f7f4607a2a43f82e93041611978,0xb467646f6cbbd41e9cad139e626dec1cdd7dc043,42.4,1781879016727000,4
475151008,2026-06-19T14:28:03Z,1781879283000,0xdd4ce7c878099ab7a5abe5c7be964f47b2523e0c9ec7cf2180bbc97cb8e9f0d5,3,FinalizedWithdrawal,0xe5c7fe3a4ffca1590f26d74c8ba8b0db69557f7f4607a2a43f82e93041611978,0x75982eb8b734b24b653b39e308489a428041f162,9999.0,1781879023760000,4
475151110,2026-06-19T14:28:28Z,1781879308000,0x2cb965e8f1e4ee23abf1858928d271aff2c42851a6d03f157cccf27252412a17,11,RequestedWithdrawal,0xcc10abf54af5c0718b10b0156dfe1e369ce3eee72423e9e86936a0082e9c5d1b,0x151194a56e77f7b14d9165dde7a457669a59254f,9726.04,1781879290703000,4
475151208,2026-06-19T14:28:53Z,1781879333000,0x93b4322cde4c5ec78ecabe10f9c9768886e85f54322d881e31bca6559108009c,4,RequestedWithdrawal,0xcc10abf54af5c0718b10b0156dfe1e369ce3eee72423e9e86936a0082e9c5d1b,0x82d9f6a37b77b02003ea1dc5d881f7be643f0e03,67.002789,1781879322123000,4
475151214,2026-06-19T14:28:54Z,1781879334000,0xa67a725812944b47ca1c53d34b8274070c6d642d0abd6375d25686c659e048b0,32,FinalizedWithdrawal,0xe5c7fe3a4ffca1590f26d74c8ba8b0db69557f7f4607a2a43f82e93041611978,0x97bba6b4838e326980f04b54c40ace3e3092bac4,411.91,1781879121535000,4
475151742,2026-06-19T14:31:07Z,1781879467000,0x1a735e18655abbafe9b5055324e4137e6167445a9b9b7de4ca0c38c599f8612c,30,RequestedWithdrawal,0xcc10abf54af5c0718b10b0156dfe1e369ce3eee72423e9e86936a0082e9c5d1b,0x1a9b3f6a0a3e6a715e047635a9b0f3775e82aa8f,14.63,1781879427073000,4
475151742,2026-06-19T14:31:07Z,1781879467000,0x1a735e18655abbafe9b5055324e4137e6167445a9b9b7de4ca0c38c599f8612c,31,RequestedWithdrawal,0xcc10abf54af5c0718b10b0156dfe1e369ce3eee72423e9e86936a0082e9c5d1b,0x7682aef518cbeb24ab618643b834fec5a8fa9965,4.05,1781879439252000,4
475151742,2026-06-19T14:31:07Z,1781879467000,0x1a735e18655abbafe9b5055324e4137e6167445a9b9b7de4ca0c38c599f8612c,32,RequestedWithdrawal,0xcc10abf54af5c0718b10b0156dfe1e369ce3eee72423e9e86936a0082e9c5d1b,0x7c65fdaf52e21e8bfb03d8ab55b77e4461e8d82d,79.169351,1781879456683000,4
475151917,2026-06-19T14:31:51Z,1781879511000,0xfc63a45c04a344401d4e884ad0c259185be760eae0d472135069d933c4588821,1,RequestedWithdrawal,0xcc10abf54af5c0718b10b0156dfe1e369ce3eee72423e9e86936a0082e9c5d1b,0x6ad6ce71f459a9c66195d68ee783b3ffa5ee4f2d,36.56,1781879503636000,4
475151917,2026-06-19T14:31:51Z,1781879511000,0xfc63a45c04a344401d4e884ad0c259185be760eae0d472135069d933c4588821,2,RequestedWithdrawal,0xcc10abf54af5c0718b10b0156dfe1e369ce3eee72423e9e86936a0082e9c5d1b,0xc3841a05282f6978ca51a4731dacd3ee1b48a703,814.0,1781879499778000,4
475151924,2026-06-19T14:31:53Z,1781879513000,0x40fac1c6028128782703ddfe98b4fc8e9d9d82afa6927a0821225ea61bb1e551,4,FinalizedWithdrawal,0xe5c7fe3a4ffca1590f26d74c8ba8b0db69557f7f4607a2a43f82e93041611978,0x151194a56e77f7b14d9165dde7a457669a59254f,9726.04,1781879290703000,4
475152027,2026-06-19T14:32:18Z,1781879538000,0xac9fad0c2ab3d2bbccb071b1230466af50038b9cf4ce219c170e38fe71faf9ee,1,FinalizedWithdrawal,0xe5c7fe3a4ffca1590f26d74c8ba8b0db69557f7f4607a2a43f82e93041611978,0x82d9f6a37b77b02003ea1dc5d881f7be643f0e03,67.002789,1781879322123000,4
475152526,2026-06-19T14:34:24Z,1781879664000,0xfb43ad9ea1f55c22879fe22142b192b778efb85c351355cd0782b7980720817e,0,RequestedWithdrawal,0xcc10abf54af5c0718b10b0156dfe1e369ce3eee72423e9e86936a0082e9c5d1b,0x82f7b57d3bae457633271ddccdc5b86657b9f35f,9.5,1781879634068000,4
475152636,2026-06-19T14:34:50Z,1781879690000,0x760434937bdb86a47dc2057e830c0c5a3e93209160ce0e7087a2ad7675517478,3,RequestedWithdrawal,0xcc10abf54af5c0718b10b0156dfe1e369ce3eee72423e9e86936a0082e9c5d1b,0x3f887611000643b490d43502f8967aae41070e89,999.0,1781879683243000,4
475152639,2026-06-19T14:34:50Z,1781879690000,0x78d7fa43fbdb938f261b3d1e758fbf877254e87da154ae2bc81ef40ae68b496f,1,FinalizedWithdrawal,0xe5c7fe3a4ffca1590f26d74c8ba8b0db69557f7f4607a2a43f82e93041611978,0x1a9b3f6a0a3e6a715e047635a9b0f3775e82aa8f,14.63,1781879427073000,4
475152639,2026-06-19T14:34:50Z,1781879690000,0x78d7fa43fbdb938f261b3d1e758fbf877254e87da154ae2bc81ef40ae68b496f,3,FinalizedWithdrawal,0xe5c7fe3a4ffca1590f26d74c8ba8b0db69557f7f4607a2a43f82e93041611978,0x7c65fdaf52e21e8bfb03d8ab55b77e4461e8d82d,79.169351,1781879456683000,4
475152639,2026-06-19T14:34:50Z,1781879690000,0x78d7fa43fbdb938f261b3d1e758fbf877254e87da154ae2bc81ef40ae68b496f,5,FinalizedWithdrawal,0xe5c7fe3a4ffca1590f26d74c8ba8b0db69557f7f4607a2a43f82e93041611978,0x7682aef518cbeb24ab618643b834fec5a8fa9965,4.05,1781879439252000,4
475152745,2026-06-19T14:35:17Z,1781879717000,0x7b061012d71c661a22e2747bcaaa2e898daa03a8367889891986d5ab010daa0c,21,RequestedWithdrawal,0xcc10abf54af5c0718b10b0156dfe1e369ce3eee72423e9e86936a0082e9c5d1b,0x74117fa384a3ae25b5c4b7bc94b62618fe65228f,151337.14,1781879705125000,4
475152745,2026-06-19T14:35:17Z,1781879717000,0x7b061012d71c661a22e2747bcaaa2e898daa03a8367889891986d5ab010daa0c,22,RequestedWithdrawal,0xcc10abf54af5c0718b10b0156dfe1e369ce3eee72423e9e86936a0082e9c5d1b,0x929740c36e13c1aa20087be89a26abb86d7771d4,45.12,1781879693453000,4
475152745,2026-06-19T14:35:17Z,1781879717000,0x7b061012d71c661a22e2747bcaaa2e898daa03a8367889891986d5ab010daa0c,23,RequestedWithdrawal,0xcc10abf54af5c0718b10b0156dfe1e369ce3eee72423e9e86936a0082e9c5d1b,0xa77644fceffe4f022ee48127f0547724308a24d6,49.5,1781879708171000,4
475152758,2026-06-19T14:35:20Z,1781879720000,0x9326c0a59f10c4e0e9636cad94bf7322c821178f7644fc6146f9fbf4b4d8135b,2,FinalizedWithdrawal,0xe5c7fe3a4ffca1590f26d74c8ba8b0db69557f7f4607a2a43f82e93041611978,0x6ad6ce71f459a9c66195d68ee783b3ffa5ee4f2d,36.56,1781879503636000,4
475152758,2026-06-19T14:35:20Z,1781879720000,0x9326c0a59f10c4e0e9636cad94bf7322c821178f7644fc6146f9fbf4b4d8135b,4,FinalizedWithdrawal,0xe5c7fe3a4ffca1590f26d74c8ba8b0db69557f7f4607a2a43f82e93041611978,0xc3841a05282f6978ca51a4731dacd3ee1b48a703,814.0,1781879499778000,4
475153032,2026-06-19T14:36:29Z,1781879789000,0xfb40eb3779a0f01105a2b342975c08b766099eb9c977525cc037b4167e030f6b,159,RequestedWithdrawal,0xcc10abf54af5c0718b10b0156dfe1e369ce3eee72423e9e86936a0082e9c5d1b,0x1ec7785c9984cf140b3c797ffe614fdfb57297e2,18892.775549,1781879777177000,4
475153032,2026-06-19T14:36:29Z,1781879789000,0xfb40eb3779a0f01105a2b342975c08b766099eb9c977525cc037b4167e030f6b,160,RequestedWithdrawal,0xcc10abf54af5c0718b10b0156dfe1e369ce3eee72423e9e86936a0082e9c5d1b,0xc7a84ba25264ab7cd84f93d7d5e4c07b3db2ad29,33.67,1781879779884000,4
475153137,2026-06-19T14:36:55Z,1781879815000,0x765182580ed5456dd184bdc360f87b37562012e35550f4092e58d5b9036e720b,7,RequestedWithdrawal,0xcc10abf54af5c0718b10b0156dfe1e369ce3eee72423e9e86936a0082e9c5d1b,0xa87be087f3d6ca7b3bd03d7d18dc34c8d022fb3b,385.66,1781879787291000,4
475153314,2026-06-19T14:37:39Z,1781879859000,0x63c2b2a46dff5c477d6aa3418407d387b1f518da820e45e1360dd6ec98a5c4d0,14,RequestedWithdrawal,0xcc10abf54af5c0718b10b0156dfe1e369ce3eee72423e9e86936a0082e9c5d1b,0xd40c748c68b59c753152676f4423474e5e36ac7a,7879.916823,1781879850821000,4
475153423,2026-06-19T14:38:07Z,1781879887000,0xd42f741a4929fbb6b2dff65fd0836d6a128b84470e4a52a02eb2e89f6a8f34b0,19,FinalizedWithdrawal,0xe5c7fe3a4ffca1590f26d74c8ba8b0db69557f7f4607a2a43f82e93041611978,0x82f7b57d3bae457633271ddccdc5b86657b9f35f,9.5,1781879634068000,4
475153493,2026-06-19T14:38:24Z,1781879904000,0x0bfc7e1cb91e4c1d1a298a6a502e8cb920115452f4ebbed8c2a352a689ab936f,1,FinalizedWithdrawal,0xe5c7fe3a4ffca1590f26d74c8ba8b0db69557f7f4607a2a43f82e93041611978,0x3f887611000643b490d43502f8967aae41070e89,999.0,1781879683243000,4
475153589,2026-06-19T14:38:48Z,1781879928000,0x9dcc9f4c08af602ff11af23c46caa556cb40089465f8429949e4b0d214292af2,2,FinalizedWithdrawal,0xe5c7fe3a4ffca1590f26d74c8ba8b0db69557f7f4607a2a43f82e93041611978,0xa77644fceffe4f022ee48127f0547724308a24d6,49.5,1781879708171000,4
475153589,2026-06-19T14:38:48Z,1781879928000,0x9dcc9f4c08af602ff11af23c46caa556cb40089465f8429949e4b0d214292af2,4,FinalizedWithdrawal,0xe5c7fe3a4ffca1590f26d74c8ba8b0db69557f7f4607a2a43f82e93041611978,0x74117fa384a3ae25b5c4b7bc94b62618fe65228f,151337.14,1781879705125000,4
475153589,2026-06-19T14:38:48Z,1781879928000,0x9dcc9f4c08af602ff11af23c46caa556cb40089465f8429949e4b0d214292af2,6,FinalizedWithdrawal,0xe5c7fe3a4ffca1590f26d74c8ba8b0db69557f7f4607a2a43f82e93041611978,0x929740c36e13c1aa20087be89a26abb86d7771d4,45.12,1781879693453000,4
475153879,2026-06-19T14:40:01Z,1781880001000,0x7010b8f947451b87d012304bf22d0c127c18a3da76c72edf0876efa7ce04c861,1,FinalizedWithdrawal,0xe5c7fe3a4ffca1590f26d74c8ba8b0db69557f7f4607a2a43f82e93041611978,0x1ec7785c9984cf140b3c797ffe614fdfb57297e2,18892.775549,1781879777177000,4
475153879,2026-06-19T14:40:01Z,1781880001000,0x7010b8f947451b87d012304bf22d0c127c18a3da76c72edf0876efa7ce04c861,3,FinalizedWithdrawal,0xe5c7fe3a4ffca1590f26d74c8ba8b0db69557f7f4607a2a43f82e93041611978,0xc7a84ba25264ab7cd84f93d7d5e4c07b3db2ad29,33.67,1781879779884000,4
475153980,2026-06-19T14:40:26Z,1781880026000,0x181cbfc2ea6b272816dacab3a2eac417b3eb4df38630a526b9faaa5d9fcceca2,24,FinalizedWithdrawal,0xe5c7fe3a4ffca1590f26d74c8ba8b0db69557f7f4607a2a43f82e93041611978,0xa87be087f3d6ca7b3bd03d7d18dc34c8d022fb3b,385.66,1781879787291000,4
475154072,2026-06-19T14:40:48Z,1781880048000,0x41f9da25eda20b3940978d517f3b0c4bd2916fb616af99bae083d90737edcaa2,12,RequestedWithdrawal,0xcc10abf54af5c0718b10b0156dfe1e369ce3eee72423e9e86936a0082e9c5d1b,0xfdbb95d8b6b159aec87246b52816e7de85b3d6a7,634.731894,1781880029568000,4
475154180,2026-06-19T14:41:15Z,1781880075000,0x6600788f676782939d7266728795238796f4e9c7631c4333bf8224e491b6194a,2,FinalizedWithdrawal,0xe5c7fe3a4ffca1590f26d74c8ba8b0db69557f7f4607a2a43f82e93041611978,0xd40c748c68b59c753152676f4423474e5e36ac7a,7879.916823,1781879850821000,4
475154478,2026-06-19T14:42:30Z,1781880150000,0x29b65299fb0a42cca2d3962d086feddd712d58b7d62edc3a80e85f05d08bec41,53,RequestedWithdrawal,0xcc10abf54af5c0718b10b0156dfe1e369ce3eee72423e9e86936a0082e9c5d1b,0x1b41392427ee5bd9afae93a34e96c3f23acdcb80,9.0,1781880124042000,4
475154794,2026-06-19T14:43:49Z,1781880229000,0xa86b570347a8a605f639a04d1f329c779d87e487aa050e03e9007cd29de7da80,10,RequestedWithdrawal,0xcc10abf54af5c0718b10b0156dfe1e369ce3eee72423e9e86936a0082e9c5d1b,0x16365edabf47c90c0b1b9c65c55a2004c1a87cb3,49.0,1781880225205000,4
475154907,2026-06-19T14:44:18Z,1781880258000,0x8b098b5f5ed704c31cfe29660b4a2c4f822f49e695f0e08e659742767ce96e78,1,RequestedWithdrawal,0xcc10abf54af5c0718b10b0156dfe1e369ce3eee72423e9e86936a0082e9c5d1b,0x05bbff25f6b15de7e2d0f9eca5819867928d1e09,132.23,1781880251346000,4
475154911,2026-06-19T14:44:19Z,1781880259000,0x383de02b8f79a51e16b5bb1861dd180d85461d02a3a15c3c87fb74b475475e6b,14,FinalizedWithdrawal,0xe5c7fe3a4ffca1590f26d74c8ba8b0db69557f7f4607a2a43f82e93041611978,0xfdbb95d8b6b159aec87246b52816e7de85b3d6a7,634.731894,1781880029568000,4
475155184,2026-06-19T14:45:27Z,1781880327000,0x8687fb0147d47ad5fdf92f18df0e5078b578bc9e028caf2af17cddaebaec21f7,9,RequestedWithdrawal,0xcc10abf54af5c0718b10b0156dfe1e369ce3eee72423e9e86936a0082e9c5d1b,0xd26a478a130943b0e3f3f3128416a5941e49fe54,499.0,1781880293709000,4
475155285,2026-06-19T14:45:53Z,1781880353000,0x53963bcb7ded34122178aaeb4b0f3163a69698ed4fb30dbed449fa2da83aaaed,4,FinalizedWithdrawal,0xe5c7fe3a4ffca1590f26d74c8ba8b0db69557f7f4607a2a43f82e93041611978,0x1b41392427ee5bd9afae93a34e96c3f23acdcb80,9.0,1781880124042000,4
475155679,2026-06-19T14:47:30Z,1781880450000,0x97c8fc2643ff660cbf4fbedbbc418c4d6b76dbe889f502aef62223cd59188031,1,RequestedWithdrawal,0xcc10abf54af5c0718b10b0156dfe1e369ce3eee72423e9e86936a0082e9c5d1b,0x0b38b276c6ccd51c2c75c5dc4d1e06a908fe237a,18.71,1781880422808000,4
475155679,2026-06-19T14:47:30Z,1781880450000,0x97c8fc2643ff660cbf4fbedbbc418c4d6b76dbe889f502aef62223cd59188031,2,RequestedWithdrawal,0xcc10abf54af5c0718b10b0156dfe1e369ce3eee72423e9e86936a0082e9c5d1b,0xae2c47038ca0754c52074ebd1c8ce6f924edc929,15.13,1781880426330000,4
475155687,2026-06-19T14:47:32Z,1781880452000,0x6612dcbfcea90026b1ec90387c4415849e2e456aaad701f8ec1219be93ab0e7d,36,FinalizedWithdrawal,0xe5c7fe3a4ffca1590f26d74c8ba8b0db69557f7f4607a2a43f82e93041611978,0x16365edabf47c90c0b1b9c65c55a2004c1a87cb3,49.0,1781880225205000,4
475155770,2026-06-19T14:47:53Z,1781880473000,0x63705464010b572d2c583b44dbb68386ec46f03859444a7359a4ff76abe7c0b1,1,FinalizedWithdrawal,0xe5c7fe3a4ffca1590f26d74c8ba8b0db69557f7f4607a2a43f82e93041611978,0x05bbff25f6b15de7e2d0f9eca5819867928d1e09,132.23,1781880251346000,4
475156048,2026-06-19T14:49:03Z,1781880543000,0x4c6612a3266d11e98a29f6ff6b8993eeeb888d523676f1da2647b38741ab91eb,1,FinalizedWithdrawal,0xe5c7fe3a4ffca1590f26d74c8ba8b0db69557f7f4607a2a43f82e93041611978,0xd26a478a130943b0e3f3f3128416a5941e49fe54,499.0,1781880293709000,4
475156241,2026-06-19T14:49:51Z,1781880591000,0x6989e589a98ac6488b2c7f51808a4cc6ab2b0ddf1c32fe746efb5fc44bb8bade,0,RequestedWithdrawal,0xcc10abf54af5c0718b10b0156dfe1e369ce3eee72423e9e86936a0082e9c5d1b,0x9e7a23c7f51b64b72b5828cd46f8576d35ae9d42,22.6,1781880571106000,4
475156537,2026-06-19T14:51:05Z,1781880665000,0x0cca211ddda47c7c752f64f8743df2e0cc3c18d0a9ee1c28114ccc0791d237aa,4,FinalizedWithdrawal,0xe5c7fe3a4ffca1590f26d74c8ba8b0db69557f7f4607a2a43f82e93041611978,0xae2c47038ca0754c52074ebd1c8ce6f924edc929,15.13,1781880426330000,4
475156537,2026-06-19T14:51:05Z,1781880665000,0x0cca211ddda47c7c752f64f8743df2e0cc3c18d0a9ee1c28114ccc0791d237aa,6,FinalizedWithdrawal,0xe5c7fe3a4ffca1590f26d74c8ba8b0db69557f7f4607a2a43f82e93041611978,0x0b38b276c6ccd51c2c75c5dc4d1e06a908fe237a,18.71,1781880422808000,4
475156713,2026-06-19T14:51:50Z,1781880710000,0x085c60840fe73d3f81ec95ac9d531eda0e94b6c60cce4de074fca190caeab62b,0,RequestedWithdrawal,0xcc10abf54af5c0718b10b0156dfe1e369ce3eee72423e9e86936a0082e9c5d1b,0xdd7f9ccf50f7dd74f4fa1bcc41fd4970238049f1,20.0,1781880688876000,4
475156897,2026-06-19T14:52:36Z,1781880756000,0x810269992bea0561e8b0c7811286a63262e23981363fc0dc5f95a9df16ff1cc5,2,RequestedWithdrawal,0xcc10abf54af5c0718b10b0156dfe1e369ce3eee72423e9e86936a0082e9c5d1b,0x428babced19064beece58b8a252e3f17aac2a817,299999.0,1781880743411000,4
475156897,2026-06-19T14:52:36Z,1781880756000,0x810269992bea0561e8b0c7811286a63262e23981363fc0dc5f95a9df16ff1cc5,3,RequestedWithdrawal,0xcc10abf54af5c0718b10b0156dfe1e369ce3eee72423e9e86936a0082e9c5d1b,0x428babced19064beece58b8a252e3f17aac2a817,214999.0,1781880743413000,4
475157009,2026-06-19T14:53:04Z,1781880784000,0x264d3606b5dbd3daa3783aec366bd2bab00777678e49930816445803da2eeb76,7,RequestedWithdrawal,0xcc10abf54af5c0718b10b0156dfe1e369ce3eee72423e9e86936a0082e9c5d1b,0x627bf4dc66dfd180479e01b9e9ba844732d7f2a4,24.91,1781880775767000,4
475157009,2026-06-19T14:53:04Z,1781880784000,0x264d3606b5dbd3daa3783aec366bd2bab00777678e49930816445803da2eeb76,8,RequestedWithdrawal,0xcc10abf54af5c0718b10b0156dfe1e369ce3eee72423e9e86936a0082e9c5d1b,0xe221199497ecf48efa70f1303dfa96c6a7076b40,26.39,1781880769176000,4
475157109,2026-06-19T14:53:28Z,1781880808000,0x2255d48119fa4a0840a2d256768acaf459ffbc867ecaaa5236f0b5cb6c80f082,1,RequestedWithdrawal,0xcc10abf54af5c0718b10b0156dfe1e369ce3eee72423e9e86936a0082e9c5d1b,0xdfd37c7de9dbec40b93d539b5fd59531a83d8844,241.35,1781880786309000,4
475157114,2026-06-19T14:53:29Z,1781880809000,0x4c1b10b46dbeb7441f028c89f23381326cc24411f24d46045f335f49976e929d,2,FinalizedWithdrawal,0xe5c7fe3a4ffca1590f26d74c8ba8b0db69557f7f4607a2a43f82e93041611978,0x9e7a23c7f51b64b72b5828cd46f8576d35ae9d42,22.6,1781880571106000,4
475157297,2026-06-19T14:54:15Z,1781880855000,0x802eca8544ae4797095e9be2904bb4726c0a2e67c5507318d5d9a9133adfc53f,86,FailedWithdrawal,0x686cb4bac974cd11b0f8a75fc7c7764ed12cc46faaec53110f807aa802a7acb4,,,,4
475157297,2026-06-19T14:54:15Z,1781880855000,0x802eca8544ae4797095e9be2904bb4726c0a2e67c5507318d5d9a9133adfc53f,87,FailedWithdrawal,0x686cb4bac974cd11b0f8a75fc7c7764ed12cc46faaec53110f807aa802a7acb4,,,,4
475157598,2026-06-19T14:55:31Z,1781880931000,0xf945749d950137fda78f534d341f7d85eec040d28152f2f33c4636c2aff3da73,10,FinalizedWithdrawal,0xe5c7fe3a4ffca1590f26d74c8ba8b0db69557f7f4607a2a43f82e93041611978,0xdd7f9ccf50f7dd74f4fa1bcc41fd4970238049f1,20.0,1781880688876000,4
475157799,2026-06-19T14:56:21Z,1781880981000,0xa969f0a1f6a26590dcfce5e19281a58e1f1806fad3f44d57693659fa5a32cddc,11,FinalizedWithdrawal,0xe5c7fe3a4ffca1590f26d74c8ba8b0db69557f7f4607a2a43f82e93041611978,0x428babced19064beece58b8a252e3f17aac2a817,214999.0,1781880743413000,4
475157799,2026-06-19T14:56:21Z,1781880981000,0xa969f0a1f6a26590dcfce5e19281a58e1f1806fad3f44d57693659fa5a32cddc,13,FinalizedWithdrawal,0xe5c7fe3a4ffca1590f26d74c8ba8b0db69557f7f4607a2a43f82e93041611978,0x428babced19064beece58b8a252e3f17aac2a817,299999.0,1781880743411000,4
475157919,2026-06-19T14:56:51Z,1781881011000,0xa598f3de5802544b233cf40cd03c46af0191f2a623242d1fbf2860a6d9806495,1,FinalizedWithdrawal,0xe5c7fe3a4ffca1590f26d74c8ba8b0db69557f7f4607a2a43f82e93041611978,0xe221199497ecf48efa70f1303dfa96c6a7076b40,26.39,1781880769176000,4
475157919,2026-06-19T14:56:51Z,1781881011000,0xa598f3de5802544b233cf40cd03c46af0191f2a623242d1fbf2860a6d9806495,3,FinalizedWithdrawal,0xe5c7fe3a4ffca1590f26d74c8ba8b0db69557f7f4607a2a43f82e93041611978,0xdfd37c7de9dbec40b93d539b5fd59531a83d8844,241.35,1781880786309000,4
475157919,2026-06-19T14:56:51Z,1781881011000,0xa598f3de5802544b233cf40cd03c46af0191f2a623242d1fbf2860a6d9806495,5,FinalizedWithdrawal,0xe5c7fe3a4ffca1590f26d74c8ba8b0db69557f7f4607a2a43f82e93041611978,0x627bf4dc66dfd180479e01b9e9ba844732d7f2a4,24.91,1781880775767000,4
475158626,2026-06-19T14:59:48Z,1781881188000,0xc217d6d4262d400ad4e8cb02b04c754e581b9b054ef71145ae290287bc92674d,7,RequestedWithdrawal,0xcc10abf54af5c0718b10b0156dfe1e369ce3eee72423e9e86936a0082e9c5d1b,0x1d1ab1df472e6903ce90b3c72a5ac7e54a0b1807,14.0,1781881174231000,4
475158799,2026-06-19T15:00:31Z,1781881231000,0x8aeefa33a4d22c12d801617e869bbdda52ce9f4e3f44ab0bc9d1fd36abd1aa1d,2,RequestedWithdrawal,0xcc10abf54af5c0718b10b0156dfe1e369ce3eee72423e9e86936a0082e9c5d1b,0x414fda192dc94e8087d19c609dcba84ec6c99ad3,28.03,1781881218358000,4
475158799,2026-06-19T15:00:31Z,1781881231000,0x8aeefa33a4d22c12d801617e869bbdda52ce9f4e3f44ab0bc9d1fd36abd1aa1d,3,RequestedWithdrawal,0xcc10abf54af5c0718b10b0156dfe1e369ce3eee72423e9e86936a0082e9c5d1b,0x849911e3ca8a8778018867e4a41f53b32c3b8140,13.0,1781881211803000,4
475158996,2026-06-19T15:01:20Z,1781881280000,0xe0c876a770f0a3c03e38a6ad524c4ba6a628a66acf3b979694bef12e3fdcd22d,16,RequestedWithdrawal,0xcc10abf54af5c0718b10b0156dfe1e369ce3eee72423e9e86936a0082e9c5d1b,0x4cc5b400d5a3e862a5d3183a38404cf084ace504,133.98,1781881256782000,4
475158996,2026-06-19T15:01:20Z,1781881280000,0xe0c876a770f0a3c03e38a6ad524c4ba6a628a66acf3b979694bef12e3fdcd22d,17,RequestedWithdrawal,0xcc10abf54af5c0718b10b0156dfe1e369ce3eee72423e9e86936a0082e9c5d1b,0x80c38022c289be8aaca34fca466c975c427cded3,142932.85,1781881268557000,4
475158996,2026-06-19T15:01:20Z,1781881280000,0xe0c876a770f0a3c03e38a6ad524c4ba6a628a66acf3b979694bef12e3fdcd22d,18,RequestedWithdrawal,0xcc10abf54af5c0718b10b0156dfe1e369ce3eee72423e9e86936a0082e9c5d1b,0x84d3a737d9864b1e483f848f9c61b87b2b720b92,149799.42,1781881263495000,4
475158996,2026-06-19T15:01:20Z,1781881280000,0xe0c876a770f0a3c03e38a6ad524c4ba6a628a66acf3b979694bef12e3fdcd22d,19,RequestedWithdrawal,0xcc10abf54af5c0718b10b0156dfe1e369ce3eee72423e9e86936a0082e9c5d1b,0xeb411f3257be96536bbd17fbaa1b16f6b7d063e4,18.25,1781881253775000,4
475159079,2026-06-19T15:01:41Z,1781881301000,0xd5af4687617811ac9d702669dce9eb280fb099e7dd0267216ebef9ad5e6c733c,0,RequestedWithdrawal,0xcc10abf54af5c0718b10b0156dfe1e369ce3eee72423e9e86936a0082e9c5d1b,0x05bbff25f6b15de7e2d0f9eca5819867928d1e09,494.01,1781881288773000,4
475159296,2026-06-19T15:02:36Z,1781881356000,0x7ff9da1b04c4127283753215903de1108ae5d08a8ba56dd20716c245962637ad,0,FailedPermitDeposit,0xa2dc875d1f90a167d873c30143e7631eb311ea851e74c8c4e9b92c80efeba489,,,,4
475159385,2026-06-19T15:02:58Z,1781881378000,0x0b933ccf8b18967a09798d22892a34c569cbd83cfcba0bd849eac8d524c21b66,0,RequestedWithdrawal,0xcc10abf54af5c0718b10b0156dfe1e369ce3eee72423e9e86936a0082e9c5d1b,0x548f5f7b8f531304def9de4f11c7e0ce3adca9f4,909.1,1781881353847000,4
475159488,2026-06-19T15:03:24Z,1781881404000,0xd9d94b54de63d29a8c03c98333a277fed21651ae8f09ff956ebbb82aaaaea0d6,33,FinalizedWithdrawal,0xe5c7fe3a4ffca1590f26d74c8ba8b0db69557f7f4607a2a43f82e93041611978,0x1d1ab1df472e6903ce90b3c72a5ac7e54a0b1807,14.0,1781881174231000,4
475159661,2026-06-19T15:04:07Z,1781881447000,0xd9ba38e73a605cf7308bbc23cfde09bcf2182615750ff7b7ccd1cda3f4d83e19,4,FinalizedWithdrawal,0xe5c7fe3a4ffca1590f26d74c8ba8b0db69557f7f4607a2a43f82e93041611978,0x849911e3ca8a8778018867e4a41f53b32c3b8140,13.0,1781881211803000,4
475159661,2026-06-19T15:04:07Z,1781881447000,0xd9ba38e73a605cf7308bbc23cfde09bcf2182615750ff7b7ccd1cda3f4d83e19,6,FinalizedWithdrawal,0xe5c7fe3a4ffca1590f26d74c8ba8b0db69557f7f4607a2a43f82e93041611978,0x414fda192dc94e8087d19c609dcba84ec6c99ad3,28.03,1781881218358000,4
475159865,2026-06-19T15:04:58Z,1781881498000,0xc49a152a0b07e7793fbeec0f782c8a33fffccb3f97e1c9155c7ed4de0965aa28,1,FinalizedWithdrawal,0xe5c7fe3a4ffca1590f26d74c8ba8b0db69557f7f4607a2a43f82e93041611978,0xeb411f3257be96536bbd17fbaa1b16f6b7d063e4,18.25,1781881253775000,4
475159865,2026-06-19T15:04:58Z,1781881498000,0xc49a152a0b07e7793fbeec0f782c8a33fffccb3f97e1c9155c7ed4de0965aa28,3,FinalizedWithdrawal,0xe5c7fe3a4ffca1590f26d74c8ba8b0db69557f7f4607a2a43f82e93041611978,0x4cc5b400d5a3e862a5d3183a38404cf084ace504,133.98,1781881256782000,4
475159865,2026-06-19T15:04:58Z,1781881498000,0xc49a152a0b07e7793fbeec0f782c8a33fffccb3f97e1c9155c7ed4de0965aa28,5,FinalizedWithdrawal,0xe5c7fe3a4ffca1590f26d74c8ba8b0db69557f7f4607a2a43f82e93041611978,0x84d3a737d9864b1e483f848f9c61b87b2b720b92,149799.42,1781881263495000,4
475159865,2026-06-19T15:04:58Z,1781881498000,0xc49a152a0b07e7793fbeec0f782c8a33fffccb3f97e1c9155c7ed4de0965aa28,7,FinalizedWithdrawal,0xe5c7fe3a4ffca1590f26d74c8ba8b0db69557f7f4607a2a43f82e93041611978,0x80c38022c289be8aaca34fca466c975c427cded3,142932.85,1781881268557000,4
475159972,2026-06-19T15:05:25Z,1781881525000,0xdf9aee3bafcf22f3a52b3cccfe999ce325217d1381fa3bc92ee83af0a8f7c773,0,RequestedWithdrawal,0xcc10abf54af5c0718b10b0156dfe1e369ce3eee72423e9e86936a0082e9c5d1b,0xf032648dfd22c4d81588bd83e09ab89cfe816705,2172.740786,1781881499721000,4
475159977,2026-06-19T15:05:26Z,1781881526000,0xbde98d9bd43893763b01c0d86787edee7494e62c83890e3cfb78b7df31b9a1bd,2,FinalizedWithdrawal,0xe5c7fe3a4ffca1590f26d74c8ba8b0db69557f7f4607a2a43f82e93041611978,0x05bbff25f6b15de7e2d0f9eca5819867928d1e09,494.01,1781881288773000,4
475160199,2026-06-19T15:06:21Z,1781881581000,0x6f9b1ca6be99a5999ace571d4f8a37154286f8245af29fa6329453973da056c2,8,RequestedWithdrawal,0xcc10abf54af5c0718b10b0156dfe1e369ce3eee72423e9e86936a0082e9c5d1b,0x51cad330429a8ec80371381d125ae846a20bb347,45.53,1781881563212000,4
475160206,2026-06-19T15:06:22Z,1781881582000,0x3fbd6808b657e887f34e102c9722bcd0b0b0b542570cf6cdaae97bb2dcf7fee6,3,FinalizedWithdrawal,0xe5c7fe3a4ffca1590f26d74c8ba8b0db69557f7f4607a2a43f82e93041611978,0x548f5f7b8f531304def9de4f11c7e0ce3adca9f4,909.1,1781881353847000,4
475160292,2026-06-19T15:06:44Z,1781881604000,0xda4f6309b09d82b568f3c8b7cb6ae0f8f4275c861dd15f1056e0883e1780aa76,0,RequestedWithdrawal,0xcc10abf54af5c0718b10b0156dfe1e369ce3eee72423e9e86936a0082e9c5d1b,0x308a33940a7265eca492e16bd35c21e9ec86c132,23.25,1781881585708000,4
475160373,2026-06-19T15:07:04Z,1781881624000,0xe0f504d31b89b5cb268b5b79a2038b2d36e8ae127b4817a15e948fdbe626b5a9,1,FailedPermitDeposit,0xa2dc875d1f90a167d873c30143e7631eb311ea851e74c8c4e9b92c80efeba489,,,,4
475160459,2026-06-19T15:07:26Z,1781881646000,0xb8b802a5b89cbc1c4a6e08d40bca0d5aaf37d1437a22a1dd60df2080240ff650,13,RequestedWithdrawal,0xcc10abf54af5c0718b10b0156dfe1e369ce3eee72423e9e86936a0082e9c5d1b,0x1a44a6bc450d233049d629c27792c5309d9ca12d,192029.66,1781881628528000,4
475160570,2026-06-19T15:07:54Z,1781881674000,0x61279ce6d827d530b38943ea1324771285b638e83c5e771ab0c3a753f2f8e637,1,RequestedWithdrawal,0xcc10abf54af5c0718b10b0156dfe1e369ce3eee72423e9e86936a0082e9c5d1b,0x18282c1a6766c3080d28862501eafaa526f2e707,28.03,1781881667961000,4
475160867,2026-06-19T15:09:08Z,1781881748000,0x136a356077fba7921c352e91ad92c9b96fc23c7b7c3fe2aec5782b223bf94048,10,RequestedWithdrawal,0xcc10abf54af5c0718b10b0156dfe1e369ce3eee72423e9e86936a0082e9c5d1b,0xa6d84bdc8643b81e665599c5e7bd17238379a0c2,149.0,1781881738010000,4
475160874,2026-06-19T15:09:10Z,1781881750000,0x1adf54aac84b66222c7cf833e1e13aa65512f05d309fc3ac71883d841d61265b,34,FinalizedWithdrawal,0xe5c7fe3a4ffca1590f26d74c8ba8b0db69557f7f4607a2a43f82e93041611978,0xf032648dfd22c4d81588bd83e09ab89cfe816705,2172.740786,1781881499721000,4
475160989,2026-06-19T15:09:39Z,1781881779000,0x9b7ce808802dfe2e5b86121303991d7e1039c885ee57a1eddd23d520e3c5e4e7,16,RequestedWithdrawal,0xcc10abf54af5c0718b10b0156dfe1e369ce3eee72423e9e86936a0082e9c5d1b,0xa3f866e2aef7a1e2f08c93c594f41a3e358b408b,3.72,1781881750376000,4
475161104,2026-06-19T15:10:08Z,1781881808000,0xe80dd76d5c36eb05f635352267cc838a040ec24ea2a83e29f1539533cd306f7b,0,RequestedWithdrawal,0xcc10abf54af5c0718b10b0156dfe1e369ce3eee72423e9e86936a0082e9c5d1b,0xa0230423ac8ff3f6da3691466054cd9be9e31292,15.97,1781881787604000,4
475161110,2026-06-19T15:10:09Z,1781881809000,0x537574c5c51c74682bc97802970ea8824b06ec4122a3ec76cb83790f3e49ee39,21,FinalizedWithdrawal,0xe5c7fe3a4ffca1590f26d74c8ba8b0db69557f7f4607a2a43f82e93041611978,0x308a33940a7265eca492e16bd35c21e9ec86c132,23.25,1781881585708000,4
475161110,2026-06-19T15:10:09Z,1781881809000,0x537574c5c51c74682bc97802970ea8824b06ec4122a3ec76cb83790f3e49ee39,23,FinalizedWithdrawal,0xe5c7fe3a4ffca1590f26d74c8ba8b0db69557f7f4607a2a43f82e93041611978,0x51cad330429a8ec80371381d125ae846a20bb347,45.53,1781881563212000,4
475161216,2026-06-19T15:10:36Z,1781881836000,0xd0132ea24ae0391c5d8e5675a5c97d129e877ff847c6a0ac5c5002de60988eff,0,RequestedWithdrawal,0xcc10abf54af5c0718b10b0156dfe1e369ce3eee72423e9e86936a0082e9c5d1b,0x9fa76fe4c83005d12e94607c6853bdd515df4038,9.0,1781881823940000,4
475161312,2026-06-19T15:11:00Z,1781881860000,0xbdfd314f5fd55cc204a08b35e0e81215f002a3c556836061048b55afcf985979,1,FinalizedWithdrawal,0xe5c7fe3a4ffca1590f26d74c8ba8b0db69557f7f4607a2a43f82e93041611978,0x1a44a6bc450d233049d629c27792c5309d9ca12d,192029.66,1781881628528000,4
475161395,2026-06-19T15:11:21Z,1781881881000,0xa627646cb65bcc5fc51d84a262d37d6a8760d586382451d8fca0b692c6244ba3,501,FinalizedWithdrawal,0xe5c7fe3a4ffca1590f26d74c8ba8b0db69557f7f4607a2a43f82e93041611978,0x18282c1a6766c3080d28862501eafaa526f2e707,28.03,1781881667961000,4
475161685,2026-06-19T15:12:33Z,1781881953000,0xc50793cc66149c32c851543a70085dcc0687fab2fbaec7b0b6b2003867a1ad24,1,FinalizedWithdrawal,0xe5c7fe3a4ffca1590f26d74c8ba8b0db69557f7f4607a2a43f82e93041611978,0xa6d84bdc8643b81e665599c5e7bd17238379a0c2,149.0,1781881738010000,4
475161808,2026-06-19T15:13:03Z,1781881983000,0x5b61fdd982b536ad322fee70ed33ec0b6fa03bf783b21e11f7a9350b6c39df58,0,RequestedWithdrawal,0xcc10abf54af5c0718b10b0156dfe1e369ce3eee72423e9e86936a0082e9c5d1b,0x1bfba3a5b65a8154429b29ac42608fb96f55ebfa,25.0,1781881964879000,4
475161822,2026-06-19T15:13:07Z,1781881987000,0xc067d939fa2148133b2825a7c97e629a0ed6d1225f1941d84fbc0193de3dc7eb,11,FinalizedWithdrawal,0xe5c7fe3a4ffca1590f26d74c8ba8b0db69557f7f4607a2a43f82e93041611978,0xa3f866e2aef7a1e2f08c93c594f41a3e358b408b,3.72,1781881750376000,4
475161896,2026-06-19T15:13:25Z,1781882005000,0xb3a2841d16f80aebed6a0e94cdd54a67dd9827a8e46bb5067e2fe3a53c3400c1,0,RequestedWithdrawal,0xcc10abf54af5c0718b10b0156dfe1e369ce3eee72423e9e86936a0082e9c5d1b,0x471198bef024da705c68e8634a7926844377661c,472.06,1781881994062000,4
475161991,2026-06-19T15:13:49Z,1781882029000,0x97f4398fed41ae372db5e80756960ce8dbb30218546855a90a12d29bb9246c2a,1,FinalizedWithdrawal,0xe5c7fe3a4ffca1590f26d74c8ba8b0db69557f7f4607a2a43f82e93041611978,0xa0230423ac8ff3f6da3691466054cd9be9e31292,15.97,1781881787604000,4
475162073,2026-06-19T15:14:10Z,1781882050000,0x7e3ff5c757dafa93faf42adf4025956db036cc6ad196d0d868acec5d2f4bd4d8,15,FinalizedWithdrawal,0xe5c7fe3a4ffca1590f26d74c8ba8b0db69557f7f4607a2a43f82e93041611978,0x9fa76fe4c83005d12e94607c6853bdd515df4038,9.0,1781881823940000,4
475162154,2026-06-19T15:14:30Z,1781882070000,0x4db7550c8e03b26d8b46407b65d7e04ae1c8714fa8141c8037197062f1bf11e1,11,RequestedWithdrawal,0xcc10abf54af5c0718b10b0156dfe1e369ce3eee72423e9e86936a0082e9c5d1b,0x574e5e2a373e0ce66040f4a4c0b9654d2d8ff80d,4999.0,1781882053045000,4
475162435,2026-06-19T15:15:40Z,1781882140000,0x45bd5f18ac4a38b7b5916c756c51af432fcfe2f326602d531fc9e42b93ec73a2,1,RequestedWithdrawal,0xcc10abf54af5c0718b10b0156dfe1e369ce3eee72423e9e86936a0082e9c5d1b,0x74d5f715b512df070e233805a88b4bd601d2dba6,164.0,1781882127912000,4
475162627,2026-06-19T15:16:29Z,1781882189000,0xb94c4c213296ad3751b12ca6af3aa3d854944e2ee774e08750247728bb9cc299,21,FinalizedWithdrawal,0xe5c7fe3a4ffca1590f26d74c8ba8b0db69557f7f4607a2a43f82e93041611978,0x1bfba3a5b65a8154429b29ac42608fb96f55ebfa,25.0,1781881964879000,4
475162731,2026-06-19T15:16:55Z,1781882215000,0xbace10a2560f495af27d709306a1693350f96d531fbb24c947c173d980f4c69e,1,RequestedWithdrawal,0xcc10abf54af5c0718b10b0156dfe1e369ce3eee72423e9e86936a0082e9c5d1b,0xffdff1c67375eff5007a304bce4ca9f0c8e9084d,28.03,1781882204573000,4
475162736,2026-06-19T15:16:56Z,1781882216000,0x9613ca0bd130eeccedbfafca524e257d7d2c264e7b7d0a3d16a8937b2ca331f9,2,FinalizedWithdrawal,0xe5c7fe3a4ffca1590f26d74c8ba8b0db69557f7f4607a2a43f82e93041611978,0x471198bef024da705c68e8634a7926844377661c,472.06,1781881994062000,4
475162841,2026-06-19T15:17:22Z,1781882242000,0x7ddca1a45dd500bf879e146b6810e4c142c535422d224f308bfa3478892a2c38,30,RequestedWithdrawal,0xcc10abf54af5c0718b10b0156dfe1e369ce3eee72423e9e86936a0082e9c5d1b,0x9fa76fe4c83005d12e94607c6853bdd515df4038,9.0,1781882223387000,4
475162955,2026-06-19T15:17:51Z,1781882271000,0xc1f8446c99b75a975a29783cbb9bb7cbe0f4350dcc2f06d540aaa3c2e0e0fe43,7,RequestedWithdrawal,0xcc10abf54af5c0718b10b0156dfe1e369ce3eee72423e9e86936a0082e9c5d1b,0x28f6b2b8a3f589e22bacd70d712e6507ce0e87cb,28.97,1781882263065000,4
475162959,2026-06-19T15:17:52Z,1781882272000,0xea62fcd4c23f1a446af95efbafd26ec23f69b819e09452ac5850d189653c1abf,10,FinalizedWithdrawal,0xe5c7fe3a4ffca1590f26d74c8ba8b0db69557f7f4607a2a43f82e93041611978,0x574e5e2a373e0ce66040f4a4c0b9654d2d8ff80d,4999.0,1781882053045000,4
475163061,2026-06-19T15:18:17Z,1781882297000,0x18a683b0a0c098570864ee545a7ff232aeaa9fcf7b4b9510cffa8945ba1b65f3,0,RequestedWithdrawal,0xcc10abf54af5c0718b10b0156dfe1e369ce3eee72423e9e86936a0082e9c5d1b,0x89d01452ea101f55b2e830e1fb49ea7adf18d7e9,28.97,1781882281818000,4
475163329,2026-06-19T15:19:24Z,1781882364000,0xab2c4142680bc5162e43c9e816a09d0c557300ac845df4ca957afaedb7a5b31a,3,FinalizedWithdrawal,0xe5c7fe3a4ffca1590f26d74c8ba8b0db69557f7f4607a2a43f82e93041611978,0x74d5f715b512df070e233805a88b4bd601d2dba6,164.0,1781882127912000,4
475163427,2026-06-19T15:19:48Z,1781882388000,0x44d5d7e53f232af0c50c42b268cfec0c532ffd1142cb58acf53b7facf7322c0a,0,RequestedWithdrawal,0xcc10abf54af5c0718b10b0156dfe1e369ce3eee72423e9e86936a0082e9c5d1b,0xb143485b2eacb1a3be23af177c45f8f3538186c3,7.38,1781882363118000,4
475163633,2026-06-19T15:20:40Z,1781882440000,0x420303d0d17c08827afde964e4d12378fb1e84b4f7f0bf1d01ab703c5b3c37af,59,FinalizedWithdrawal,0xe5c7fe3a4ffca1590f26d74c8ba8b0db69557f7f4607a2a43f82e93041611978,0xffdff1c67375eff5007a304bce4ca9f0c8e9084d,28.03,1781882204573000,4
475163717,2026-06-19T15:21:01Z,1781882461000,0xf2d623d1d862090c59adbc6ff5ca5645a2c28198522f71b621b68d21c0a273d2,8,FinalizedWithdrawal,0xe5c7fe3a4ffca1590f26d74c8ba8b0db69557f7f4607a2a43f82e93041611978,0x9fa76fe4c83005d12e94607c6853bdd515df4038,9.0,1781882223387000,4
475163818,2026-06-19T15:21:26Z,1781882486000,0x7ab9c4d15a9cfb4ca959fc3de8a0a90abe85738f1cd5ab5de5b10586a4e32ce4,1,FinalizedWithdrawal,0xe5c7fe3a4ffca1590f26d74c8ba8b0db69557f7f4607a2a43f82e93041611978,0x28f6b2b8a3f589e22bacd70d712e6507ce0e87cb,28.97,1781882263065000,4
475163916,2026-06-19T15:21:51Z,1781882511000,0x3e2d98ca0424b15bb8df54c6af0e2de7d295252da47e52f20345dc624602d04f,2,FinalizedWithdrawal,0xe5c7fe3a4ffca1590f26d74c8ba8b0db69557f7f4607a2a43f82e93041611978,0x89d01452ea101f55b2e830e1fb49ea7adf18d7e9,28.97,1781882281818000,4
475164027,2026-06-19T15:22:19Z,1781882539000,0x1f7fc59404ff08f8016e3eb0d6e98fe391bd8937d4704d259bc1bd79d4536ca3,1,RequestedWithdrawal,0xcc10abf54af5c0718b10b0156dfe1e369ce3eee72423e9e86936a0082e9c5d1b,0x16365edabf47c90c0b1b9c65c55a2004c1a87cb3,2749.0,1781882526343000,4
475164141,2026-06-19T15:22:47Z,1781882567000,0x6f681048b3bddd55a8fc70856bef4251dcd7d401a81ecba65ad1161b56131c72,1,RequestedWithdrawal,0xcc10abf54af5c0718b10b0156dfe1e369ce3eee72423e9e86936a0082e9c5d1b,0x72792a032613bba0c4767829fd95f7182c57aba8,34.46,1781882534902000,4
475164241,2026-06-19T15:23:12Z,1781882592000,0x24c2306dd1fb846a6a22ceb13ae21ff060d9ad955dcad26718e897eb09461847,2,RequestedWithdrawal,0xcc10abf54af5c0718b10b0156dfe1e369ce3eee72423e9e86936a0082e9c5d1b,0xa44465d299c10c83f477c9b5f0e9b4b3496f838e,34.45,1781882586846000,4
475164248,2026-06-19T15:23:14Z,1781882594000,0x4d5c56029b9f2ea5e648733376d16bc41df95317bcb0ba41ba48d1f524103dab,1,FinalizedWithdrawal,0xe5c7fe3a4ffca1590f26d74c8ba8b0db69557f7f4607a2a43f82e93041611978,0xb143485b2eacb1a3be23af177c45f8f3538186c3,7.38,1781882363118000,4
475164348,2026-06-19T15:23:39Z,1781882619000,0x5bca48c75d534ce83cfe2a406696e7515e147cf261c85bdc2eee04d1ef07e2d6,0,RequestedWithdrawal,0xcc10abf54af5c0718b10b0156dfe1e369ce3eee72423e9e86936a0082e9c5d1b,0x6a9954ee7b165312a8df3c9059078ef1761d5585,157275.41,1781882614007000,4
475164459,2026-06-19T15:24:07Z,1781882647000,0x4877686447052bab50abdab7b77903e55f3018bc715d8dcff07e4dd86ca146cd,0,RequestedWithdrawal,0xcc10abf54af5c0718b10b0156dfe1e369ce3eee72423e9e86936a0082e9c5d1b,0x4e94c0bc0c7000bb68ddde209a2f7ba82d852246,184426.57602,1781882628111000,4
475164459,2026-06-19T15:24:07Z,1781882647000,0x4877686447052bab50abdab7b77903e55f3018bc715d8dcff07e4dd86ca146cd,1,RequestedWithdrawal,0xcc10abf54af5c0718b10b0156dfe1e369ce3eee72423e9e86936a0082e9c5d1b,0x8a1a4e082618a0a5c3f1153d6430840599d63492,34.5,1781882628866000,4
475164642,2026-06-19T15:24:53Z,1781882693000,0x2da886060baf030a10b1495f10b4e6f4643cc08b5829fdb6491dcf778cde828c,4,RequestedWithdrawal,0xcc10abf54af5c0718b10b0156dfe1e369ce3eee72423e9e86936a0082e9c5d1b,0x4098881b8bbcce25d56f42278ebfa1d481a5740c,34.46,1781882677354000,4
475164743,2026-06-19T15:25:18Z,1781882718000,0x12f2c112a3f76974cef288ae838f17d449c2f7701b0130a2af6f87a06404c297,5,RequestedWithdrawal,0xcc10abf54af5c0718b10b0156dfe1e369ce3eee72423e9e86936a0082e9c5d1b,0x21bdb91661a4472ff0d3871c300d4120a886ad9b,28.69,1781882710620000,4
475164743,2026-06-19T15:25:18Z,1781882718000,0x12f2c112a3f76974cef288ae838f17d449c2f7701b0130a2af6f87a06404c297,6,RequestedWithdrawal,0xcc10abf54af5c0718b10b0156dfe1e369ce3eee72423e9e86936a0082e9c5d1b,0xf032648dfd22c4d81588bd83e09ab89cfe816705,2609.380527,1781882697685000,4
475164866,2026-06-19T15:25:48Z,1781882748000,0xb6bace8385400ade6dea8886f797ed4e1e79e2e440a7a7791885ac773149aab7,12,RequestedWithdrawal,0xcc10abf54af5c0718b10b0156dfe1e369ce3eee72423e9e86936a0082e9c5d1b,0x1992f759814739a910e9aa758a9e8438fcde59e2,29.24,1781882725846000,4
475164866,2026-06-19T15:25:48Z,1781882748000,0xb6bace8385400ade6dea8886f797ed4e1e79e2e440a7a7791885ac773149aab7,13,RequestedWithdrawal,0xcc10abf54af5c0718b10b0156dfe1e369ce3eee72423e9e86936a0082e9c5d1b,0x6e4edf7d6e2c85f2c80c5f0fa4ea22489428d7fe,34.52,1781882721391000,4
475164866,2026-06-19T15:25:48Z,1781882748000,0xb6bace8385400ade6dea8886f797ed4e1e79e2e440a7a7791885ac773149aab7,14,RequestedWithdrawal,0xcc10abf54af5c0718b10b0156dfe1e369ce3eee72423e9e86936a0082e9c5d1b,0x835ca37010f7fa6feba77c037c6f198ad0a0b3c9,28.03,1781882715531000,4
475164872,2026-06-19T15:25:50Z,1781882750000,0xbc0da91f59abeb440fe53b148bb679c2603ffc767766cd5f5ab57970514cf6fe,8,FinalizedWithdrawal,0xe5c7fe3a4ffca1590f26d74c8ba8b0db69557f7f4607a2a43f82e93041611978,0x16365edabf47c90c0b1b9c65c55a2004c1a87cb3,2749.0,1781882526343000,4
475164949,2026-06-19T15:26:09Z,1781882769000,0xb546d4d06ba50aaeeb19a170e7e4d7368a53526c683aa75ae6af9a19b83a503f,13,FinalizedWithdrawal,0xe5c7fe3a4ffca1590f26d74c8ba8b0db69557f7f4607a2a43f82e93041611978,0x72792a032613bba0c4767829fd95f7182c57aba8,34.46,1781882534902000,4
475165050,2026-06-19T15:26:35Z,1781882795000,0x33f869b2b3ce30364cfaf5e1a1546e6b35f6435f4a4a63d77052b01e5dd7387e,4,RequestedWithdrawal,0xcc10abf54af5c0718b10b0156dfe1e369ce3eee72423e9e86936a0082e9c5d1b,0x42345b551428304b5b127f1d5c24844f52b2b4b2,34.48,1781882768130000,4
475165054,2026-06-19T15:26:36Z,1781882796000,0xce3ed972e64b209fc9227f4cfa16c90fcf1c81444c69b2fdaf0354a54ebd634a,6,FinalizedWithdrawal,0xe5c7fe3a4ffca1590f26d74c8ba8b0db69557f7f4607a2a43f82e93041611978,0xa44465d299c10c83f477c9b5f0e9b4b3496f838e,34.45,1781882586846000,4
475165154,2026-06-19T15:27:01Z,1781882821000,0x47592eb69a96bbdda08bde56da5ca15e06f7569714e60beeb51924d823ef7e2f,0,RequestedWithdrawal,0xcc10abf54af5c0718b10b0156dfe1e369ce3eee72423e9e86936a0082e9c5d1b,0x1a793d274c2b8fab6e24e1d8ce32c9a6c072c3fb,34.45,1781882814144000,4
475165162,2026-06-19T15:27:03Z,1781882823000,0xc8af2b4786434f36bdccd7167b589b3febfddb2fdf4ddded8c6a1a800dba094e,1,FinalizedWithdrawal,0xe5c7fe3a4ffca1590f26d74c8ba8b0db69557f7f4607a2a43f82e93041611978,0x6a9954ee7b165312a8df3c9059078ef1761d5585,157275.41,1781882614007000,4
475165347,2026-06-19T15:27:49Z,1781882869000,0x29c671223380885adf589859e1a66b0e51a4e297ea10e28a41d81b7a40d8acef,0,RequestedWithdrawal,0xcc10abf54af5c0718b10b0156dfe1e369ce3eee72423e9e86936a0082e9c5d1b,0xdb53db0733a90c9481d5e5973c692c3caa7df1de,34.46,1781882857669000,4
475165355,2026-06-19T15:27:51Z,1781882871000,0xe267c30a666deaade75078d2eaa18744fd16e44c20aa435b61a3ea2324c95cf2,1,FinalizedWithdrawal,0xe5c7fe3a4ffca1590f26d74c8ba8b0db69557f7f4607a2a43f82e93041611978,0x8a1a4e082618a0a5c3f1153d6430840599d63492,34.5,1781882628866000,4
475165355,2026-06-19T15:27:51Z,1781882871000,0xe267c30a666deaade75078d2eaa18744fd16e44c20aa435b61a3ea2324c95cf2,3,FinalizedWithdrawal,0xe5c7fe3a4ffca1590f26d74c8ba8b0db69557f7f4607a2a43f82e93041611978,0x4e94c0bc0c7000bb68ddde209a2f7ba82d852246,184426.57602,1781882628111000,4
475165432,2026-06-19T15:28:10Z,1781882890000,0xdb654c7f499132e03dc24c2d234354f0b67993298ecce432060a1061dcd08236,9,RequestedWithdrawal,0xcc10abf54af5c0718b10b0156dfe1e369ce3eee72423e9e86936a0082e9c5d1b,0x7a0ca79f6bfac648e4c1eb76e1559749fbcc27f3,4173.998537,1781882872035000,4
475165521,2026-06-19T15:28:33Z,1781882913000,0x86993780d4dff62d3b0dda77bec378a1e6de625289f0c46260e98bd2c2a3b2bc,2,RequestedWithdrawal,0xcc10abf54af5c0718b10b0156dfe1e369ce3eee72423e9e86936a0082e9c5d1b,0xc15cc567c05ce0a7167817a1599c7e170a5e9427,34.52,1781882899495000,4
475165528,2026-06-19T15:28:34Z,1781882914000,0x0f13a55f6d97a3dac00445eb9ef9cfaf7a2254a6bfc5ff71f29cbda37c1343c3,11,FinalizedWithdrawal,0xe5c7fe3a4ffca1590f26d74c8ba8b0db69557f7f4607a2a43f82e93041611978,0x4098881b8bbcce25d56f42278ebfa1d481a5740c,34.46,1781882677354000,4
475165607,2026-06-19T15:28:54Z,1781882934000,0x30e2a3151a6a355d1bf40c9f751bf43e1977e443877e60dc23bc6784eec92496,10,FinalizedWithdrawal,0xe5c7fe3a4ffca1590f26d74c8ba8b0db69557f7f4607a2a43f82e93041611978,0xf032648dfd22c4d81588bd83e09ab89cfe816705,2609.380527,1781882697685000,4
475165607,2026-06-19T15:28:54Z,1781882934000,0x30e2a3151a6a355d1bf40c9f751bf43e1977e443877e60dc23bc6784eec92496,12,FinalizedWithdrawal,0xe5c7fe3a4ffca1590f26d74c8ba8b0db69557f7f4607a2a43f82e93041611978,0x21bdb91661a4472ff0d3871c300d4120a886ad9b,28.69,1781882710620000,4
475165706,2026-06-19T15:29:19Z,1781882959000,0x494d3bdfbb44dabcb9a5d9d6ba4dccaaf65d583477d6e8e4f07812ed1d80efc5,0,RequestedWithdrawal,0xcc10abf54af5c0718b10b0156dfe1e369ce3eee72423e9e86936a0082e9c5d1b,0x4c455af933747cd556a390b97b51ad1fc3cfa1b0,34.48,1781882946075000,4
475165712,2026-06-19T15:29:21Z,1781882961000,0xb5da506cf78ae8e56b3a61839ed068f09b3a308e0d9ba94b4e81f6881001b8a1,2,FinalizedWithdrawal,0xe5c7fe3a4ffca1590f26d74c8ba8b0db69557f7f4607a2a43f82e93041611978,0x835ca37010f7fa6feba77c037c6f198ad0a0b3c9,28.03,1781882715531000,4
475165712,2026-06-19T15:29:21Z,1781882961000,0xb5da506cf78ae8e56b3a61839ed068f09b3a308e0d9ba94b4e81f6881001b8a1,4,FinalizedWithdrawal,0xe5c7fe3a4ffca1590f26d74c8ba8b0db69557f7f4607a2a43f82e93041611978,0x1992f759814739a910e9aa758a9e8438fcde59e2,29.24,1781882725846000,4
475165712,2026-06-19T15:29:21Z,1781882961000,0xb5da506cf78ae8e56b3a61839ed068f09b3a308e0d9ba94b4e81f6881001b8a1,6,FinalizedWithdrawal,0xe5c7fe3a4ffca1590f26d74c8ba8b0db69557f7f4607a2a43f82e93041611978,0x6e4edf7d6e2c85f2c80c5f0fa4ea22489428d7fe,34.52,1781882721391000,4
475165907,2026-06-19T15:30:10Z,1781883010000,0x6c05145ec0a7065f34c999904cafb1fcf0b2fd08460592f9de0895492483dd25,1,RequestedWithdrawal,0xcc10abf54af5c0718b10b0156dfe1e369ce3eee72423e9e86936a0082e9c5d1b,0x205ace64576e9ebec20c847bb7c73d88db83d0ce,34.51,1781882989467000,4
475165907,2026-06-19T15:30:10Z,1781883010000,0x6c05145ec0a7065f34c999904cafb1fcf0b2fd08460592f9de0895492483dd25,2,RequestedWithdrawal,0xcc10abf54af5c0718b10b0156dfe1e369ce3eee72423e9e86936a0082e9c5d1b,0x7542f8b0cd1c4c676f2723029663d9c5aa481354,64.2,1781883000300000,4
475165914,2026-06-19T15:30:12Z,1781883012000,0x1727310dba4468d83c458143d65b6a6549e746d13639d08248014aea0938c3c7,9,FinalizedWithdrawal,0xe5c7fe3a4ffca1590f26d74c8ba8b0db69557f7f4607a2a43f82e93041611978,0x42345b551428304b5b127f1d5c24844f52b2b4b2,34.48,1781882768130000,4
475166021,2026-06-19T15:30:38Z,1781883038000,0x791a1b36b80ed9cbafc93997660e3c84cfa06f8e2047fc3c27e9e6fbbb16e55f,3,FinalizedWithdrawal,0xe5c7fe3a4ffca1590f26d74c8ba8b0db69557f7f4607a2a43f82e93041611978,0x1a793d274c2b8fab6e24e1d8ce32c9a6c072c3fb,34.45,1781882814144000,4
475166101,2026-06-19T15:30:59Z,1781883059000,0x2bc49bc6c9330613d221cc84050f1fc9b22fd8f4d9c0d9b80e87de7d37a0a8c3,0,RequestedWithdrawal,0xcc10abf54af5c0718b10b0156dfe1e369ce3eee72423e9e86936a0082e9c5d1b,0x0cd33c7d2dfcadb3b453d09084700a812b9832a7,34.51,1781883042708000,4
475166101,2026-06-19T15:30:59Z,1781883059000,0x2bc49bc6c9330613d221cc84050f1fc9b22fd8f4d9c0d9b80e87de7d37a0a8c3,1,RequestedWithdrawal,0xcc10abf54af5c0718b10b0156dfe1e369ce3eee72423e9e86936a0082e9c5d1b,0x7e5909687ddff06b45dff51e9b7ddd5c96885325,2.37581,1781883047571000,4
475166191,2026-06-19T15:31:21Z,1781883081000,0xbf963bc6286fe06239b823a3bc4b5ed4a9c8e58c358c81b3d1749a4a8a921730,0,RequestedWithdrawal,0xcc10abf54af5c0718b10b0156dfe1e369ce3eee72423e9e86936a0082e9c5d1b,0xa70823586a85f12bd58197a529890343c112323d,54.1,1781883061521000,4
475166197,2026-06-19T15:31:22Z,1781883082000,0xf979592aa06d3eb4cfede81a630ca1dd7a3b05b662f4b9d96481d59ff3cedcfb,4,FinalizedWithdrawal,0xe5c7fe3a4ffca1590f26d74c8ba8b0db69557f7f4607a2a43f82e93041611978,0xdb53db0733a90c9481d5e5973c692c3caa7df1de,34.46,1781882857669000,4
475166274,2026-06-19T15:31:42Z,1781883102000,0xf6450d77dcc5dd521105a183c37f389fc6723cfe7150b0272e3e82303ff3c91c,14,FinalizedWithdrawal,0xe5c7fe3a4ffca1590f26d74c8ba8b0db69557f7f4607a2a43f82e93041611978,0x7a0ca79f6bfac648e4c1eb76e1559749fbcc27f3,4173.998537,1781882872035000,4
475166356,2026-06-19T15:32:02Z,1781883122000,0xe70560c66aa46dd1c5fd9bc392e909d387cdb7025543aab74896e1d7291dc7cf,1,FinalizedWithdrawal,0xe5c7fe3a4ffca1590f26d74c8ba8b0db69557f7f4607a2a43f82e93041611978,0xc15cc567c05ce0a7167817a1599c7e170a5e9427,34.52,1781882899495000,4
475166548,2026-06-19T15:32:50Z,1781883170000,0x496ec37a264781b37e5867640f284268c45becf6e787bd717baebb97fe8ca567,5,FinalizedWithdrawal,0xe5c7fe3a4ffca1590f26d74c8ba8b0db69557f7f4607a2a43f82e93041611978,0x4c455af933747cd556a390b97b51ad1fc3cfa1b0,34.48,1781882946075000,4
475166765,2026-06-19T15:33:44Z,1781883224000,0x1a85c3af79e9f065bc2a96621f3651017b19eab24487a703d571dd88ba25656a,0,RequestedWithdrawal,0xcc10abf54af5c0718b10b0156dfe1e369ce3eee72423e9e86936a0082e9c5d1b,0xb06a7bdf1babc2e3d19aa986a768c2a8b9ff3aaf,9.0,1781883197251000,4
475166783,2026-06-19T15:33:49Z,1781883229000,0x27c8e1d52a25932bed22d805eeb1d812562b9c389df7f2cdf77eee829e84124c,5,FinalizedWithdrawal,0xe5c7fe3a4ffca1590f26d74c8ba8b0db69557f7f4607a2a43f82e93041611978,0x205ace64576e9ebec20c847bb7c73d88db83d0ce,34.51,1781882989467000,4
475166783,2026-06-19T15:33:49Z,1781883229000,0x27c8e1d52a25932bed22d805eeb1d812562b9c389df7f2cdf77eee829e84124c,7,FinalizedWithdrawal,0xe5c7fe3a4ffca1590f26d74c8ba8b0db69557f7f4607a2a43f82e93041611978,0x7542f8b0cd1c4c676f2723029663d9c5aa481354,64.2,1781883000300000,4
475166859,2026-06-19T15:34:08Z,1781883248000,0x343fa17f48b5b31a6243601e565c3411ebd793b245aa285a7e7c0c9cadf8da73,7,RequestedWithdrawal,0xcc10abf54af5c0718b10b0156dfe1e369ce3eee72423e9e86936a0082e9c5d1b,0x4b2ea94afe5574ff994dbcd691e99961c567e163,9999.0,1781883226271000,4
475166946,2026-06-19T15:34:30Z,1781883270000,0x44c5c4d3030bee8bd85c91da61255f09d3329ce121a5fc0b43700c81f0a300b0,2,FinalizedWithdrawal,0xe5c7fe3a4ffca1590f26d74c8ba8b0db69557f7f4607a2a43f82e93041611978,0x0cd33c7d2dfcadb3b453d09084700a812b9832a7,34.51,1781883042708000,4
475166946,2026-06-19T15:34:30Z,1781883270000,0x44c5c4d3030bee8bd85c91da61255f09d3329ce121a5fc0b43700c81f0a300b0,4,FinalizedWithdrawal,0xe5c7fe3a4ffca1590f26d74c8ba8b0db69557f7f4607a2a43f82e93041611978,0x7e5909687ddff06b45dff51e9b7ddd5c96885325,2.37581,1781883047571000,4
475167048,2026-06-19T15:34:55Z,1781883295000,0x88764866f4e808e947e39a794dd7271121b63a95aabacdc4abd4656d687b2723,1,FinalizedWithdrawal,0xe5c7fe3a4ffca1590f26d74c8ba8b0db69557f7f4607a2a43f82e93041611978,0xa70823586a85f12bd58197a529890343c112323d,54.1,1781883061521000,4
475167233,2026-06-19T15:35:41Z,1781883341000,0x66754cd67313dc6764bec033b0a0626a983b332e279a9972fd48051dca2a1677,24,RequestedWithdrawal,0xcc10abf54af5c0718b10b0156dfe1e369ce3eee72423e9e86936a0082e9c5d1b,0xd157b4cf9a1583f962ef10855677d5406341e33e,19.89,1781883335965000,4
475167597,2026-06-19T15:37:13Z,1781883433000,0xeb5e357e59f8d951977b0de1a3458fddc3b2e192e9aabf73bd56d42f53fa5fec,1,FinalizedWithdrawal,0xe5c7fe3a4ffca1590f26d74c8ba8b0db69557f7f4607a2a43f82e93041611978,0xb06a7bdf1babc2e3d19aa986a768c2a8b9ff3aaf,9.0,1781883197251000,4
475167698,2026-06-19T15:37:38Z,1781883458000,0xe1f7328c5566fb677bff0cfa184c7a089d23ec5b5c9978fc34121ad8c9759c34,3,FinalizedWithdrawal,0xe5c7fe3a4ffca1590f26d74c8ba8b0db69557f7f4607a2a43f82e93041611978,0x4b2ea94afe5574ff994dbcd691e99961c567e163,9999.0,1781883226271000,4
475167787,2026-06-19T15:38:00Z,1781883480000,0x741e0d39d029b50ba92ddd55de78888af01046dbfc3bc13b1b1680e3195937a1,1,RequestedWithdrawal,0xcc10abf54af5c0718b10b0156dfe1e369ce3eee72423e9e86936a0082e9c5d1b,0x5ecbc43beb4efa8303945ccc3f9745ea851309a1,34.41,1781883459106000,4
475167873,2026-06-19T15:38:21Z,1781883501000,0x3b590f62f9533f1361d253b5c58ca725d967ebb35c3aacb0c671963c12ce0fd2,0,RequestedWithdrawal,0xcc10abf54af5c0718b10b0156dfe1e369ce3eee72423e9e86936a0082e9c5d1b,0xac50debe83f7dbf2144239bcb946a2506b2782da,15.97,1781883480033000,4
475167873,2026-06-19T15:38:21Z,1781883501000,0x3b590f62f9533f1361d253b5c58ca725d967ebb35c3aacb0c671963c12ce0fd2,1,RequestedWithdrawal,0xcc10abf54af5c0718b10b0156dfe1e369ce3eee72423e9e86936a0082e9c5d1b,0xfc6f32663d1851aa1dfa4dd4835ccd90e810114c,27.31,1781883484574000,4
475168075,2026-06-19T15:39:11Z,1781883551000,0x1dccd622378d774d1a83c580ce8ba8b67e4f07edf84ac7242fc0a9be1d1509cc,15,RequestedWithdrawal,0xcc10abf54af5c0718b10b0156dfe1e369ce3eee72423e9e86936a0082e9c5d1b,0xea94bf819c7dd7f30d5f3c0eafff399dcd7ea36e,34.06,1781883542312000,4
475168080,2026-06-19T15:39:13Z,1781883553000,0x2df0be701e23c8ec9f871737a766d5296c57fba2c6ef25855e635ff395aef380,1,FinalizedWithdrawal,0xe5c7fe3a4ffca1590f26d74c8ba8b0db69557f7f4607a2a43f82e93041611978,0xd157b4cf9a1583f962ef10855677d5406341e33e,19.89,1781883335965000,4
475168156,2026-06-19T15:39:32Z,1781883572000,0x63db131cc3be545ad5a5d384ec1421c5b46caea624ab5ce795cbf19823554de8,0,RequestedWithdrawal,0xcc10abf54af5c0718b10b0156dfe1e369ce3eee72423e9e86936a0082e9c5d1b,0x18b459d954cbfe49c7918d7ea705591eb5a25346,37566.720562,1781883564028000,4
475168156,2026-06-19T15:39:32Z,1781883572000,0x63db131cc3be545ad5a5d384ec1421c5b46caea624ab5ce795cbf19823554de8,1,RequestedWithdrawal,0xcc10abf54af5c0718b10b0156dfe1e369ce3eee72423e9e86936a0082e9c5d1b,0x428babced19064beece58b8a252e3f17aac2a817,255999.0,1781883564051000,4
475168156,2026-06-19T15:39:32Z,1781883572000,0x63db131cc3be545ad5a5d384ec1421c5b46caea624ab5ce795cbf19823554de8,2,RequestedWithdrawal,0xcc10abf54af5c0718b10b0156dfe1e369ce3eee72423e9e86936a0082e9c5d1b,0x9c3d2d5d354bb9b029ff449a99c60ee99ce6d5b0,199.0,1781883565321000,4
475168156,2026-06-19T15:39:32Z,1781883572000,0x63db131cc3be545ad5a5d384ec1421c5b46caea624ab5ce795cbf19823554de8,3,RequestedWithdrawal,0xcc10abf54af5c0718b10b0156dfe1e369ce3eee72423e9e86936a0082e9c5d1b,0xfd1804ef264220c26cc7d09162d7c2614f48bb23,15.97,1781883552766000,4
475168238,2026-06-19T15:39:52Z,1781883592000,0x8bd90d5b04041999249e2339b23b166a2ad0d0aaefb50d16387c60d2bfcadd6f,1,RequestedWithdrawal,0xcc10abf54af5c0718b10b0156dfe1e369ce3eee72423e9e86936a0082e9c5d1b,0x240a05e0c715d274557e57fb0e68baf21bbe1414,59.98,1781883575512000,4
475168238,2026-06-19T15:39:52Z,1781883592000,0x8bd90d5b04041999249e2339b23b166a2ad0d0aaefb50d16387c60d2bfcadd6f,2,RequestedWithdrawal,0xcc10abf54af5c0718b10b0156dfe1e369ce3eee72423e9e86936a0082e9c5d1b,0xa90513ca1c40f815358775f9c179c7824f56d456,34.25,1781883583880000,4
475168419,2026-06-19T15:40:38Z,1781883638000,0x12b13b566ebd07f5135f5e34f40131aa7dee297a7b227713740cf36ff5f0649c,0,RequestedWithdrawal,0xcc10abf54af5c0718b10b0156dfe1e369ce3eee72423e9e86936a0082e9c5d1b,0x7f79f6249d21f1afb145ffbaa8d4c6437fc782b5,34.96,1781883628003000,4
475168597,2026-06-19T15:41:22Z,1781883682000,0x04a3272bec1518115623381dff3e2b14cc668e7dfa2a89c3d22bc3e436233751,10,FinalizedWithdrawal,0xe5c7fe3a4ffca1590f26d74c8ba8b0db69557f7f4607a2a43f82e93041611978,0x5ecbc43beb4efa8303945ccc3f9745ea851309a1,34.41,1781883459106000,4
475168701,2026-06-19T15:41:48Z,1781883708000,0xbe41cc49eb508e42a9d20e5093cedc70f6312490ad86d849d927ea6b3af9ce21,24,FinalizedWithdrawal,0xe5c7fe3a4ffca1590f26d74c8ba8b0db69557f7f4607a2a43f82e93041611978,0xfc6f32663d1851aa1dfa4dd4835ccd90e810114c,27.31,1781883484574000,4
475168701,2026-06-19T15:41:48Z,1781883708000,0xbe41cc49eb508e42a9d20e5093cedc70f6312490ad86d849d927ea6b3af9ce21,26,FinalizedWithdrawal,0xe5c7fe3a4ffca1590f26d74c8ba8b0db69557f7f4607a2a43f82e93041611978,0xac50debe83f7dbf2144239bcb946a2506b2782da,15.97,1781883480033000,4
475168802,2026-06-19T15:42:14Z,1781883734000,0x57cde79b66a747117e364acd903d6d3aae4325d67ca68bc1db7f3aeb51a19541,0,RequestedWithdrawal,0xcc10abf54af5c0718b10b0156dfe1e369ce3eee72423e9e86936a0082e9c5d1b,0x003fea0436efe4b979ef1a176ea09192816650db,34.89,1781883724752000,4
475168802,2026-06-19T15:42:14Z,1781883734000,0x57cde79b66a747117e364acd903d6d3aae4325d67ca68bc1db7f3aeb51a19541,1,RequestedWithdrawal,0xcc10abf54af5c0718b10b0156dfe1e369ce3eee72423e9e86936a0082e9c5d1b,0xf5552420326d1876ab165278cdf9437755921a08,39.81,1781883723983000,4
475168903,2026-06-19T15:42:39Z,1781883759000,0x53d760c129d8a2aed61cc7def6f207d48f2666bfbd9854bbd905d3fb65dba168,2,RequestedWithdrawal,0xcc10abf54af5c0718b10b0156dfe1e369ce3eee72423e9e86936a0082e9c5d1b,0x2001bdfe322f34c913c42e110957b5cd1d72dfda,142062.75,1781883741778000,4
475168903,2026-06-19T15:42:39Z,1781883759000,0x53d760c129d8a2aed61cc7def6f207d48f2666bfbd9854bbd905d3fb65dba168,3,RequestedWithdrawal,0xcc10abf54af5c0718b10b0156dfe1e369ce3eee72423e9e86936a0082e9c5d1b,0xe8e3dc9bd87f9b948badf16b4c164ff2284b8a20,584.77,1781883745410000,4
475168908,2026-06-19T15:42:40Z,1781883760000,0x00000b0155cf9a75a5756241f9642192de3df3ca30f8ce0c2ede18fc9d62caad,7,FinalizedWithdrawal,0xe5c7fe3a4ffca1590f26d74c8ba8b0db69557f7f4607a2a43f82e93041611978,0xea94bf819c7dd7f30d5f3c0eafff399dcd7ea36e,34.06,1781883542312000,4
475169021,2026-06-19T15:43:09Z,1781883789000,0x4f340cadf516a2431fad9f7aad9407b4c66de887516153655cf16c839980046f,2,RequestedWithdrawal,0xcc10abf54af5c0718b10b0156dfe1e369ce3eee72423e9e86936a0082e9c5d1b,0xd775cdc20d06576b74d1fe178358d85597fa1ab7,9.26,1781883768396000,4
475169028,2026-06-19T15:43:10Z,1781883790000,0xb855857f1f512aebbfbf4c838eae6ffed1a7582814943d3a6aabcccf499018bf,2,FinalizedWithdrawal,0xe5c7fe3a4ffca1590f26d74c8ba8b0db69557f7f4607a2a43f82e93041611978,0x428babced19064beece58b8a252e3f17aac2a817,255999.0,1781883564051000,4
475169028,2026-06-19T15:43:10Z,1781883790000,0xb855857f1f512aebbfbf4c838eae6ffed1a7582814943d3a6aabcccf499018bf,4,FinalizedWithdrawal,0xe5c7fe3a4ffca1590f26d74c8ba8b0db69557f7f4607a2a43f82e93041611978,0xfd1804ef264220c26cc7d09162d7c2614f48bb23,15.97,1781883552766000,4
475169028,2026-06-19T15:43:10Z,1781883790000,0xb855857f1f512aebbfbf4c838eae6ffed1a7582814943d3a6aabcccf499018bf,6,FinalizedWithdrawal,0xe5c7fe3a4ffca1590f26d74c8ba8b0db69557f7f4607a2a43f82e93041611978,0x18b459d954cbfe49c7918d7ea705591eb5a25346,37566.720562,1781883564028000,4
475169028,2026-06-19T15:43:10Z,1781883790000,0xb855857f1f512aebbfbf4c838eae6ffed1a7582814943d3a6aabcccf499018bf,8,FinalizedWithdrawal,0xe5c7fe3a4ffca1590f26d74c8ba8b0db69557f7f4607a2a43f82e93041611978,0x9c3d2d5d354bb9b029ff449a99c60ee99ce6d5b0,199.0,1781883565321000,4
475169105,2026-06-19T15:43:30Z,1781883810000,0x6ca701c9a05c863ab914d1ea1104abfb8342c0811f22639bb82c23a1ef52b757,1,RequestedWithdrawal,0xcc10abf54af5c0718b10b0156dfe1e369ce3eee72423e9e86936a0082e9c5d1b,0xa496bd8998f605931837b90adc3ba1b2d4a0be37,4.0,1781883798986000,4
475169111,2026-06-19T15:43:31Z,1781883811000,0x50a108fc0d441a54891e13d981808369c6cdda386c1ff309c7fbe4a09125b111,97,FinalizedWithdrawal,0xe5c7fe3a4ffca1590f26d74c8ba8b0db69557f7f4607a2a43f82e93041611978,0x240a05e0c715d274557e57fb0e68baf21bbe1414,59.98,1781883575512000,4
475169111,2026-06-19T15:43:31Z,1781883811000,0x50a108fc0d441a54891e13d981808369c6cdda386c1ff309c7fbe4a09125b111,99,FinalizedWithdrawal,0xe5c7fe3a4ffca1590f26d74c8ba8b0db69557f7f4607a2a43f82e93041611978,0xa90513ca1c40f815358775f9c179c7824f56d456,34.25,1781883583880000,4
475169192,2026-06-19T15:43:52Z,1781883832000,0x4716664540c7f13161a32df8a41a8ba9de26d13ce1229df20239ea0decd3a540,0,RequestedWithdrawal,0xcc10abf54af5c0718b10b0156dfe1e369ce3eee72423e9e86936a0082e9c5d1b,0x78cbfbaa7fff60f88a68e97941db8bebe57a82ed,13.6,1781883818585000,4
475169268,2026-06-19T15:44:11Z,1781883851000,0x3a2f520d65b9294f613cb2c0836620db25003bd24c55ba61a3608cc167918050,0,FailedPermitDeposit,0xa2dc875d1f90a167d873c30143e7631eb311ea851e74c8c4e9b92c80efeba489,,,,4
475169298,2026-06-19T15:44:18Z,1781883858000,0x8175f00cf8c077c7ddedb2c7f5e26218c57301a1316141c3e72c88d1f77cb270,13,RequestedWithdrawal,0xcc10abf54af5c0718b10b0156dfe1e369ce3eee72423e9e86936a0082e9c5d1b,0x0fc9a38de382961c0221bb9a49a30d59b5d40720,5.87,1781883829696000,4
475169298,2026-06-19T15:44:18Z,1781883858000,0x8175f00cf8c077c7ddedb2c7f5e26218c57301a1316141c3e72c88d1f77cb270,14,RequestedWithdrawal,0xcc10abf54af5c0718b10b0156dfe1e369ce3eee72423e9e86936a0082e9c5d1b,0xe65b72ef768177dc194657106c181bf36c14a424,21.76,1781883850379000,4
475169306,2026-06-19T15:44:20Z,1781883860000,0xc68382f7bbe72fc46d9fd42d70165dab56a19d99145809c94f693bf279156f3a,1,FinalizedWithdrawal,0xe5c7fe3a4ffca1590f26d74c8ba8b0db69557f7f4607a2a43f82e93041611978,0x7f79f6249d21f1afb145ffbaa8d4c6437fc782b5,34.96,1781883628003000,4
475169468,2026-06-19T15:45:00Z,1781883900000,0x8afbdacb4c72afedfd101430c00918616d09548222eb7c41dba6dcceb09c05ef,3,RequestedWithdrawal,0xcc10abf54af5c0718b10b0156dfe1e369ce3eee72423e9e86936a0082e9c5d1b,0x0e1a3d14589cbc638d08d1d88c00e9c57b52ea7a,11.22,1781883894643000,4
475169468,2026-06-19T15:45:00Z,1781883900000,0x8afbdacb4c72afedfd101430c00918616d09548222eb7c41dba6dcceb09c05ef,4,RequestedWithdrawal,0xcc10abf54af5c0718b10b0156dfe1e369ce3eee72423e9e86936a0082e9c5d1b,0x220932908d91bf859a2cff2f9625111e9abd66b7,528.838263,1781883877837000,4
475169676,2026-06-19T15:45:53Z,1781883953000,0x38fb14c98006c41437f3c117f039fb2186dea8d1bd73ea7c8978dc0f7021f125,0,RequestedWithdrawal,0xcc10abf54af5c0718b10b0156dfe1e369ce3eee72423e9e86936a0082e9c5d1b,0x54e0f6b227b10d9e202d881e91a8679765148e58,39.3,1781883939433000,4
475169676,2026-06-19T15:45:53Z,1781883953000,0x38fb14c98006c41437f3c117f039fb2186dea8d1bd73ea7c8978dc0f7021f125,1,RequestedWithdrawal,0xcc10abf54af5c0718b10b0156dfe1e369ce3eee72423e9e86936a0082e9c5d1b,0xac4f8bd9ed93379dc328e4e12bfa6b834a050e9c,34.69,1781883943795000,4
475169676,2026-06-19T15:45:53Z,1781883953000,0x38fb14c98006c41437f3c117f039fb2186dea8d1bd73ea7c8978dc0f7021f125,2,RequestedWithdrawal,0xcc10abf54af5c0718b10b0156dfe1e369ce3eee72423e9e86936a0082e9c5d1b,0xaec601c7312d63610c6ce0facfd3b1498fd4fe9f,8846.998513,1781883938589000,4
475169676,2026-06-19T15:45:53Z,1781883953000,0x38fb14c98006c41437f3c117f039fb2186dea8d1bd73ea7c8978dc0f7021f125,3,RequestedWithdrawal,0xcc10abf54af5c0718b10b0156dfe1e369ce3eee72423e9e86936a0082e9c5d1b,0xc7041ae8ff2edc2547013b17ec021f8142594b37,13879.998559,1781883939239000,4
475169679,2026-06-19T15:45:53Z,1781883953000,0x6f75075c04f9721262c0e9601402dd3f3d9a2632053d8252c1a0f44d30f105e1,14,FinalizedWithdrawal,0xe5c7fe3a4ffca1590f26d74c8ba8b0db69557f7f4607a2a43f82e93041611978,0xf5552420326d1876ab165278cdf9437755921a08,39.81,1781883723983000,4
475169679,2026-06-19T15:45:53Z,1781883953000,0x6f75075c04f9721262c0e9601402dd3f3d9a2632053d8252c1a0f44d30f105e1,16,FinalizedWithdrawal,0xe5c7fe3a4ffca1590f26d74c8ba8b0db69557f7f4607a2a43f82e93041611978,0x003fea0436efe4b979ef1a176ea09192816650db,34.89,1781883724752000,4
475169794,2026-06-19T15:46:22Z,1781883982000,0x981176dc081ebad937edc55398717359b485862285d4b150801d450b79de9ff7,0,RequestedWithdrawal,0xcc10abf54af5c0718b10b0156dfe1e369ce3eee72423e9e86936a0082e9c5d1b,0x3cff58bb441b505e5fcc83a45c9e6bb58a841a6d,28.97,1781883953981000,4
475169798,2026-06-19T15:46:23Z,1781883983000,0x020ede960ae4d827b06ac982feed93a81d3d3974f883d25bc050f160069912e7,5,FinalizedWithdrawal,0xe5c7fe3a4ffca1590f26d74c8ba8b0db69557f7f4607a2a43f82e93041611978,0xe8e3dc9bd87f9b948badf16b4c164ff2284b8a20,584.77,1781883745410000,4
475169798,2026-06-19T15:46:23Z,1781883983000,0x020ede960ae4d827b06ac982feed93a81d3d3974f883d25bc050f160069912e7,7,FinalizedWithdrawal,0xe5c7fe3a4ffca1590f26d74c8ba8b0db69557f7f4607a2a43f82e93041611978,0x2001bdfe322f34c913c42e110957b5cd1d72dfda,142062.75,1781883741778000,4
475169878,2026-06-19T15:46:43Z,1781884003000,0x41d004f83a0ba83d3cadce146ed26d8f948a489122518b8273285c51191ea925,0,RequestedWithdrawal,0xcc10abf54af5c0718b10b0156dfe1e369ce3eee72423e9e86936a0082e9c5d1b,0xc3712f66bdd94385702cf3c2880f8b4bbf8f7ae2,34.64,1781883986795000,4
475169878,2026-06-19T15:46:43Z,1781884003000,0x41d004f83a0ba83d3cadce146ed26d8f948a489122518b8273285c51191ea925,1,RequestedWithdrawal,0xcc10abf54af5c0718b10b0156dfe1e369ce3eee72423e9e86936a0082e9c5d1b,0xea2aad4be49baa80734e9e555a2cea4edb5a2916,9.24,1781883998127000,4
475169882,2026-06-19T15:46:44Z,1781884004000,0x42f706bc0dbe321a9d6632711848e8c12b3bd48ece27902c04698f0f77802540,1,FinalizedWithdrawal,0xe5c7fe3a4ffca1590f26d74c8ba8b0db69557f7f4607a2a43f82e93041611978,0xd775cdc20d06576b74d1fe178358d85597fa1ab7,9.26,1781883768396000,4
475169970,2026-06-19T15:47:06Z,1781884026000,0x269c8075b25565e48ad7c08795cafc118ffa964e7b29a53ddb5dd302c30e148d,1,FinalizedWithdrawal,0xe5c7fe3a4ffca1590f26d74c8ba8b0db69557f7f4607a2a43f82e93041611978,0xa496bd8998f605931837b90adc3ba1b2d4a0be37,4.0,1781883798986000,4
475170063,2026-06-19T15:47:30Z,1781884050000,0xab7326b094894dfb07bbfe08d8e82e263d2d82154e34e82f08121709c54a9273,2,RequestedWithdrawal,0xcc10abf54af5c0718b10b0156dfe1e369ce3eee72423e9e86936a0082e9c5d1b,0x66995bf7ae92970aac2971e7753818ee4daebcde,34.28,1781884034303000,4
475170070,2026-06-19T15:47:31Z,1781884051000,0x8ae00a3b169ed2ad0aab7d1622cf603bc035b4985b64fa9177c9b986885fca9d,3,FinalizedWithdrawal,0xe5c7fe3a4ffca1590f26d74c8ba8b0db69557f7f4607a2a43f82e93041611978,0x78cbfbaa7fff60f88a68e97941db8bebe57a82ed,13.6,1781883818585000,4
475170166,2026-06-19T15:47:55Z,1781884075000,0x4c0d2a96f81eef969da34aa8f4d4eb0fae55e038405dfb2f508c4ddc4a3659a2,1,FinalizedWithdrawal,0xe5c7fe3a4ffca1590f26d74c8ba8b0db69557f7f4607a2a43f82e93041611978,0x0fc9a38de382961c0221bb9a49a30d59b5d40720,5.87,1781883829696000,4
475170166,2026-06-19T15:47:55Z,1781884075000,0x4c0d2a96f81eef969da34aa8f4d4eb0fae55e038405dfb2f508c4ddc4a3659a2,3,FinalizedWithdrawal,0xe5c7fe3a4ffca1590f26d74c8ba8b0db69557f7f4607a2a43f82e93041611978,0xe65b72ef768177dc194657106c181bf36c14a424,21.76,1781883850379000,4
475170249,2026-06-19T15:48:16Z,1781884096000,0x627c843c374d1a628d9da061b92099ab7f29a764304ff2c58ee5340530265f3e,30,RequestedWithdrawal,0xcc10abf54af5c0718b10b0156dfe1e369ce3eee72423e9e86936a0082e9c5d1b,0x8931d5ad8a2e548a104d9ce7b862b6f2cfb633a3,32.51,1781884086701000,4
475170350,2026-06-19T15:48:42Z,1781884122000,0xd8ebd85f7e28f34d1258d30de4c6a9de245c71ad5a23564d8603e63f14ea97f3,6,FinalizedWithdrawal,0xe5c7fe3a4ffca1590f26d74c8ba8b0db69557f7f4607a2a43f82e93041611978,0x0e1a3d14589cbc638d08d1d88c00e9c57b52ea7a,11.22,1781883894643000,4
475170350,2026-06-19T15:48:42Z,1781884122000,0xd8ebd85f7e28f34d1258d30de4c6a9de245c71ad5a23564d8603e63f14ea97f3,8,FinalizedWithdrawal,0xe5c7fe3a4ffca1590f26d74c8ba8b0db69557f7f4607a2a43f82e93041611978,0x220932908d91bf859a2cff2f9625111e9abd66b7,528.838263,1781883877837000,4
475170450,2026-06-19T15:49:07Z,1781884147000,0xfed854c09a85b4b1654f8fd1dd0e3bdadb0531c9214d3e14df4df8159fbef919,9,RequestedWithdrawal,0xcc10abf54af5c0718b10b0156dfe1e369ce3eee72423e9e86936a0082e9c5d1b,0x4e32a4a27eaf04102bec42b29f55080a290f75ca,128.4,1781884131979000,4
475170450,2026-06-19T15:49:07Z,1781884147000,0xfed854c09a85b4b1654f8fd1dd0e3bdadb0531c9214d3e14df4df8159fbef919,10,RequestedWithdrawal,0xcc10abf54af5c0718b10b0156dfe1e369ce3eee72423e9e86936a0082e9c5d1b,0x682fab9e1af1e722b6d5cc0341efdf1f0443e74d,32.14,1781884129328000,4
475170572,2026-06-19T15:49:37Z,1781884177000,0x51b6f804c983500337a6ce39120194c10b6d59314724195ce4e14cbfa903afd6,2,FinalizedWithdrawal,0xe5c7fe3a4ffca1590f26d74c8ba8b0db69557f7f4607a2a43f82e93041611978,0x54e0f6b227b10d9e202d881e91a8679765148e58,39.3,1781883939433000,4
475170572,2026-06-19T15:49:37Z,1781884177000,0x51b6f804c983500337a6ce39120194c10b6d59314724195ce4e14cbfa903afd6,4,FinalizedWithdrawal,0xe5c7fe3a4ffca1590f26d74c8ba8b0db69557f7f4607a2a43f82e93041611978,0xaec601c7312d63610c6ce0facfd3b1498fd4fe9f,8846.998513,1781883938589000,4
475170572,2026-06-19T15:49:37Z,1781884177000,0x51b6f804c983500337a6ce39120194c10b6d59314724195ce4e14cbfa903afd6,6,FinalizedWithdrawal,0xe5c7fe3a4ffca1590f26d74c8ba8b0db69557f7f4607a2a43f82e93041611978,0xc7041ae8ff2edc2547013b17ec021f8142594b37,13879.998559,1781883939239000,4
475170572,2026-06-19T15:49:37Z,1781884177000,0x51b6f804c983500337a6ce39120194c10b6d59314724195ce4e14cbfa903afd6,8,FinalizedWithdrawal,0xe5c7fe3a4ffca1590f26d74c8ba8b0db69557f7f4607a2a43f82e93041611978,0xac4f8bd9ed93379dc328e4e12bfa6b834a050e9c,34.69,1781883943795000,4
475170643,2026-06-19T15:49:55Z,1781884195000,0xd1ee7b44087caf6b91b2dd8711a763d9c132b915ec53928ae0c917bf300a21bc,0,RequestedWithdrawal,0xcc10abf54af5c0718b10b0156dfe1e369ce3eee72423e9e86936a0082e9c5d1b,0x11bb3039fe628a2c900aaa998a869fa298b11dbc,32.49,1781884177369000,4
475170649,2026-06-19T15:49:57Z,1781884197000,0xfebf2e401e164ab0e761daeacb4470d33097d7d7b3a13e399cbd6788ef4703f5,1,FinalizedWithdrawal,0xe5c7fe3a4ffca1590f26d74c8ba8b0db69557f7f4607a2a43f82e93041611978,0x3cff58bb441b505e5fcc83a45c9e6bb58a841a6d,28.97,1781883953981000,4
475170729,2026-06-19T15:50:17Z,1781884217000,0x7b79beabe011bb60526765289196035e11ef1cb520971c968ed358d1fe5838a4,0,RequestedWithdrawal,0xcc10abf54af5c0718b10b0156dfe1e369ce3eee72423e9e86936a0082e9c5d1b,0x075757c32215efd6f010b60a3770452399961073,29.31,1781884194458000,4
475170745,2026-06-19T15:50:21Z,1781884221000,0xef42a9b48c8a27874b89353a5f3b7ce961d356c09ae6572ae8547e4e8c90e45d,8,FinalizedWithdrawal,0xe5c7fe3a4ffca1590f26d74c8ba8b0db69557f7f4607a2a43f82e93041611978,0xc3712f66bdd94385702cf3c2880f8b4bbf8f7ae2,34.64,1781883986795000,4
475170745,2026-06-19T15:50:21Z,1781884221000,0xef42a9b48c8a27874b89353a5f3b7ce961d356c09ae6572ae8547e4e8c90e45d,10,FinalizedWithdrawal,0xe5c7fe3a4ffca1590f26d74c8ba8b0db69557f7f4607a2a43f82e93041611978,0xea2aad4be49baa80734e9e555a2cea4edb5a2916,9.24,1781883998127000,4
475170836,2026-06-19T15:50:44Z,1781884244000,0x06b00393b85d39d3dbe6deea28c11a3ec29cdbd64eeb8c9c5d938593089472e5,0,RequestedWithdrawal,0xcc10abf54af5c0718b10b0156dfe1e369ce3eee72423e9e86936a0082e9c5d1b,0x0e86657e8920d458dde4784389c5981d210c8e8e,20.49,1781884228457000,4
475170836,2026-06-19T15:50:44Z,1781884244000,0x06b00393b85d39d3dbe6deea28c11a3ec29cdbd64eeb8c9c5d938593089472e5,1,RequestedWithdrawal,0xcc10abf54af5c0718b10b0156dfe1e369ce3eee72423e9e86936a0082e9c5d1b,0xb31356eb32928f69093597bc47a24ccafd1b8ba4,167.83,1781884237453000,4
475170943,2026-06-19T15:51:10Z,1781884270000,0x63e7177bd1e66a8484eaf55e424bd14f8c1a20efc4eb4f7e50df318822d33250,0,RequestedWithdrawal,0xcc10abf54af5c0718b10b0156dfe1e369ce3eee72423e9e86936a0082e9c5d1b,0x7682f579f3cfe82795daf517b709fa45a4ddcfdb,4.713166,1781884253943000,4
475170943,2026-06-19T15:51:10Z,1781884270000,0x63e7177bd1e66a8484eaf55e424bd14f8c1a20efc4eb4f7e50df318822d33250,1,RequestedWithdrawal,0xcc10abf54af5c0718b10b0156dfe1e369ce3eee72423e9e86936a0082e9c5d1b,0xb32f765e208e6b505d447807d2ebd96d031a0a36,32.63,1781884247989000,4
475170948,2026-06-19T15:51:11Z,1781884271000,0x82ffc9995a0116b9fc62641b7c30836f96974e8d0f4546dd1884c7d4d42bc0d8,3,FinalizedWithdrawal,0xe5c7fe3a4ffca1590f26d74c8ba8b0db69557f7f4607a2a43f82e93041611978,0x66995bf7ae92970aac2971e7753818ee4daebcde,34.28,1781884034303000,4
475171063,2026-06-19T15:51:40Z,1781884300000,0x19956a4ae5c0e03c33049dfd93f68b611c7dc10bde552aa9bebdc47b0a6b75d2,15,RequestedWithdrawal,0xcc10abf54af5c0718b10b0156dfe1e369ce3eee72423e9e86936a0082e9c5d1b,0x48706f45fbff4d85035b64e8b91ff7e7dcafbeae,33.84,1781884291344000,4
475171069,2026-06-19T15:51:41Z,1781884301000,0xd7683faf6cb44eb4c171ba26b364f078f726f07cc547dcdaf2b342d5cd540a0d,5,FinalizedWithdrawal,0xe5c7fe3a4ffca1590f26d74c8ba8b0db69557f7f4607a2a43f82e93041611978,0x8931d5ad8a2e548a104d9ce7b862b6f2cfb633a3,32.51,1781884086701000,4
475171237,2026-06-19T15:52:24Z,1781884344000,0x01ecea913fca93f53f33f2d26a2d0641dc6795af67e8819162a668c509b5bffa,0,RequestedWithdrawal,0xcc10abf54af5c0718b10b0156dfe1e369ce3eee72423e9e86936a0082e9c5d1b,0xbb064803d26c50dda735b443f2dcc1a7d60d3a9a,156911.54,1781884321963000,4
475171332,2026-06-19T15:52:47Z,1781884367000,0xc6b18a3967fdfe4c55e562384ab1272689075971285ce611ba4506c207fdaab0,25,FinalizedWithdrawal,0xe5c7fe3a4ffca1590f26d74c8ba8b0db69557f7f4607a2a43f82e93041611978,0x4e32a4a27eaf04102bec42b29f55080a290f75ca,128.4,1781884131979000,4
475171332,2026-06-19T15:52:47Z,1781884367000,0xc6b18a3967fdfe4c55e562384ab1272689075971285ce611ba4506c207fdaab0,27,FinalizedWithdrawal,0xe5c7fe3a4ffca1590f26d74c8ba8b0db69557f7f4607a2a43f82e93041611978,0x682fab9e1af1e722b6d5cc0341efdf1f0443e74d,32.14,1781884129328000,4
475171532,2026-06-19T15:53:37Z,1781884417000,0x7d0455ec475abc71b369002787bde8ef7c49d8d296d3cb9e3f547ac700a18a2c,29,RequestedWithdrawal,0xcc10abf54af5c0718b10b0156dfe1e369ce3eee72423e9e86936a0082e9c5d1b,0xdd3f8e8f4efc2fc1c8cb5383b8c174255ca0ae08,32.62,1781884392826000,4
475171539,2026-06-19T15:53:39Z,1781884419000,0x2031399a79ebc5cd55e2d0bd21415fc1af6591994396e81af4ab21c294dfec19,8,FinalizedWithdrawal,0xe5c7fe3a4ffca1590f26d74c8ba8b0db69557f7f4607a2a43f82e93041611978,0x11bb3039fe628a2c900aaa998a869fa298b11dbc,32.49,1781884177369000,4
475171539,2026-06-19T15:53:39Z,1781884419000,0x2031399a79ebc5cd55e2d0bd21415fc1af6591994396e81af4ab21c294dfec19,10,FinalizedWithdrawal,0xe5c7fe3a4ffca1590f26d74c8ba8b0db69557f7f4607a2a43f82e93041611978,0x075757c32215efd6f010b60a3770452399961073,29.31,1781884194458000,4
475171619,2026-06-19T15:53:59Z,1781884439000,0x47a4925a3df96c93dbe12c0095b8806685638a77b037827f51964df95f9d19dc,52,RequestedWithdrawal,0xcc10abf54af5c0718b10b0156dfe1e369ce3eee72423e9e86936a0082e9c5d1b,0x988f0a7b1cf427ab08e7aa661844b109dff74ea1,16.03,1781884422377000,4
475171701,2026-06-19T15:54:20Z,1781884460000,0x3e3ff545f3d54f8dda53ac2ff1d7254f112be38a56e425424aa2f721654dddb1,0,RequestedWithdrawal,0xcc10abf54af5c0718b10b0156dfe1e369ce3eee72423e9e86936a0082e9c5d1b,0x6fdddc3bbca7291e197f1dba561c311ce7615d4f,32.38,1781884452436000,4
475171707,2026-06-19T15:54:21Z,1781884461000,0xaaa75808c94d1a7340c86eb9400ba2b6b99f4d1062be4fc592ed40ec3dca961e,2,FinalizedWithdrawal,0xe5c7fe3a4ffca1590f26d74c8ba8b0db69557f7f4607a2a43f82e93041611978,0x0e86657e8920d458dde4784389c5981d210c8e8e,20.49,1781884228457000,4
475171707,2026-06-19T15:54:21Z,1781884461000,0xaaa75808c94d1a7340c86eb9400ba2b6b99f4d1062be4fc592ed40ec3dca961e,4,FinalizedWithdrawal,0xe5c7fe3a4ffca1590f26d74c8ba8b0db69557f7f4607a2a43f82e93041611978,0xb31356eb32928f69093597bc47a24ccafd1b8ba4,167.83,1781884237453000,4
475171815,2026-06-19T15:54:48Z,1781884488000,0x996ad1b2bd02e52d02312656b81d85b0b4959c7b6918487c7f7f4b983ee1a187,2,FinalizedWithdrawal,0xe5c7fe3a4ffca1590f26d74c8ba8b0db69557f7f4607a2a43f82e93041611978,0x7682f579f3cfe82795daf517b709fa45a4ddcfdb,4.713166,1781884253943000,4
475171815,2026-06-19T15:54:48Z,1781884488000,0x996ad1b2bd02e52d02312656b81d85b0b4959c7b6918487c7f7f4b983ee1a187,4,FinalizedWithdrawal,0xe5c7fe3a4ffca1590f26d74c8ba8b0db69557f7f4607a2a43f82e93041611978,0xb32f765e208e6b505d447807d2ebd96d031a0a36,32.63,1781884247989000,4
475171894,2026-06-19T15:55:08Z,1781884508000,0x1e4d09f83f8ae49644625c9c0710698e5d3b2fee74840bffce984b1469cdcc63,4,RequestedWithdrawal,0xcc10abf54af5c0718b10b0156dfe1e369ce3eee72423e9e86936a0082e9c5d1b,0x3027f1d4685e5a275fcbbf09dfb83172060931a8,11.56,1781884490409000,4
475171894,2026-06-19T15:55:08Z,1781884508000,0x1e4d09f83f8ae49644625c9c0710698e5d3b2fee74840bffce984b1469cdcc63,5,RequestedWithdrawal,0xcc10abf54af5c0718b10b0156dfe1e369ce3eee72423e9e86936a0082e9c5d1b,0x4349a3ccff4b559762b792f8e8e50fab1a9d61d5,31.8,1781884500092000,4
475171899,2026-06-19T15:55:10Z,1781884510000,0x393f4a60b17a62c6d00337bc5266f231c0656e88f7324fcc57e5aa9c9021d1de,14,FinalizedWithdrawal,0xe5c7fe3a4ffca1590f26d74c8ba8b0db69557f7f4607a2a43f82e93041611978,0x48706f45fbff4d85035b64e8b91ff7e7dcafbeae,33.84,1781884291344000,4
475172008,2026-06-19T15:55:37Z,1781884537000,0x609661d2f1ce82cb091ba4aa039bad8d81b55dec3be2548106fb2923b7f5579b,45,RequestedWithdrawal,0xcc10abf54af5c0718b10b0156dfe1e369ce3eee72423e9e86936a0082e9c5d1b,0x5c9bf45157304cca914a8f45cfeb36d1a4d98c13,28.97,1781884512814000,4
475172105,2026-06-19T15:56:01Z,1781884561000,0xade1c6ab1f724f94b20d6b448cbddb180ee514b1fbc8e97749f20be9fffeec66,0,RequestedWithdrawal,0xcc10abf54af5c0718b10b0156dfe1e369ce3eee72423e9e86936a0082e9c5d1b,0xf06bbaebd20b60288a045970ac7ed72d89dbdde8,32.19,1781884549593000,4
475172119,2026-06-19T15:56:05Z,1781884565000,0x66f2f02a88e986657db8de0bfb0e2570c208e601d897f32118e57f506808d65c,1,FinalizedWithdrawal,0xe5c7fe3a4ffca1590f26d74c8ba8b0db69557f7f4607a2a43f82e93041611978,0xbb064803d26c50dda735b443f2dcc1a7d60d3a9a,156911.54,1781884321963000,4
475172300,2026-06-19T15:56:51Z,1781884611000,0xa95f439ba83488c47fa563d9b2ef8b9a02819d67e4dcc8208dcf6261f3d1084e,50,RequestedWithdrawal,0xcc10abf54af5c0718b10b0156dfe1e369ce3eee72423e9e86936a0082e9c5d1b,0x27d04485a9299decf378e4d1d575f2dc99080317,32.3,1781884601120000,4
475172300,2026-06-19T15:56:51Z,1781884611000,0xa95f439ba83488c47fa563d9b2ef8b9a02819d67e4dcc8208dcf6261f3d1084e,51,RequestedWithdrawal,0xcc10abf54af5c0718b10b0156dfe1e369ce3eee72423e9e86936a0082e9c5d1b,0xf8b53ec15863fb7bc32a0a27f1631b6952c70389,1.0,1781884591979000,4
475172409,2026-06-19T15:57:18Z,1781884638000,0x863b32b92e6634014e084b7be7b4fa466712b852f2ebc7a599883f2d61c75d14,1,FinalizedWithdrawal,0xe5c7fe3a4ffca1590f26d74c8ba8b0db69557f7f4607a2a43f82e93041611978,0xdd3f8e8f4efc2fc1c8cb5383b8c174255ca0ae08,32.62,1781884392826000,4
475172531,2026-06-19T15:57:48Z,1781884668000,0x3c997c3c6a0f2a18ab9a2e94cb17eb335caf17b78114b7811e223bc9dbaf805f,5,RequestedWithdrawal,0xcc10abf54af5c0718b10b0156dfe1e369ce3eee72423e9e86936a0082e9c5d1b,0x43bce461a3aaca44a89e1ee5fecd138499a91186,32.34,1781884645052000,4
475172540,2026-06-19T15:57:50Z,1781884670000,0x061ae3a0d9cabe22d1ff925e54b4c21e7e6df6d1b266114d716d20ae7cb67b0a,5,FinalizedWithdrawal,0xe5c7fe3a4ffca1590f26d74c8ba8b0db69557f7f4607a2a43f82e93041611978,0x988f0a7b1cf427ab08e7aa661844b109dff74ea1,16.03,1781884422377000,4
475172540,2026-06-19T15:57:50Z,1781884670000,0x061ae3a0d9cabe22d1ff925e54b4c21e7e6df6d1b266114d716d20ae7cb67b0a,7,FinalizedWithdrawal,0xe5c7fe3a4ffca1590f26d74c8ba8b0db69557f7f4607a2a43f82e93041611978,0x6fdddc3bbca7291e197f1dba561c311ce7615d4f,32.38,1781884452436000,4
475172614,2026-06-19T15:58:09Z,1781884689000,0xf280d049598b662b59066b6342d3c12194ec27fccca98137f193c491c021b979,0,RequestedWithdrawal,0xcc10abf54af5c0718b10b0156dfe1e369ce3eee72423e9e86936a0082e9c5d1b,0xe85b72c05dae981a6f238b7f0c37aba278356812,44.86,1781884668723000,4
475172732,2026-06-19T15:58:38Z,1781884718000,0x97b80fb9066f66b87432bfc7621999eb5ee0872a30c5b891422dea81ce8be381,0,RequestedWithdrawal,0xcc10abf54af5c0718b10b0156dfe1e369ce3eee72423e9e86936a0082e9c5d1b,0x191f9a149b36311c4b1877822c090f677803bebb,53.7,1781884708020000,4
475172732,2026-06-19T15:58:38Z,1781884718000,0x97b80fb9066f66b87432bfc7621999eb5ee0872a30c5b891422dea81ce8be381,1,RequestedWithdrawal,0xcc10abf54af5c0718b10b0156dfe1e369ce3eee72423e9e86936a0082e9c5d1b,0xbaa3a45f9532617d5d0cb00597097806e3f780cb,8.39,1781884704302000,4
475172732,2026-06-19T15:58:38Z,1781884718000,0x97b80fb9066f66b87432bfc7621999eb5ee0872a30c5b891422dea81ce8be381,2,RequestedWithdrawal,0xcc10abf54af5c0718b10b0156dfe1e369ce3eee72423e9e86936a0082e9c5d1b,0xfeca4d9c6394c5c497c4b38960cbd0445e0f1bc8,48.45,1781884697439000,4
475172738,2026-06-19T15:58:40Z,1781884720000,0x9204b8f622d7efa07de9570c48f3970fd6050c3429f3812c2026f1bb5ad58498,1,FinalizedWithdrawal,0xe5c7fe3a4ffca1590f26d74c8ba8b0db69557f7f4607a2a43f82e93041611978,0x4349a3ccff4b559762b792f8e8e50fab1a9d61d5,31.8,1781884500092000,4
475172738,2026-06-19T15:58:40Z,1781884720000,0x9204b8f622d7efa07de9570c48f3970fd6050c3429f3812c2026f1bb5ad58498,3,FinalizedWithdrawal,0xe5c7fe3a4ffca1590f26d74c8ba8b0db69557f7f4607a2a43f82e93041611978,0x3027f1d4685e5a275fcbbf09dfb83172060931a8,11.56,1781884490409000,4
475172848,2026-06-19T15:59:08Z,1781884748000,0x3ccbc9f060e0570b1aff5e8a4711e710acfcfe7d422e2ecdc291e55aa59aa857,62,FinalizedWithdrawal,0xe5c7fe3a4ffca1590f26d74c8ba8b0db69557f7f4607a2a43f82e93041611978,0x5c9bf45157304cca914a8f45cfeb36d1a4d98c13,28.97,1781884512814000,4
475172925,2026-06-19T15:59:27Z,1781884767000,0xbe05248cbc2d7c4c4280ded31de1b57db12c4d86216b2c325625b2a45345a299,34,FinalizedWithdrawal,0xe5c7fe3a4ffca1590f26d74c8ba8b0db69557f7f4607a2a43f82e93041611978,0xf06bbaebd20b60288a045970ac7ed72d89dbdde8,32.19,1781884549593000,4
475173037,2026-06-19T15:59:55Z,1781884795000,0x7c8b808f10b59fea9049f3c2d651b8fa0106cdb725a4524538f5031b80df325b,1,RequestedWithdrawal,0xcc10abf54af5c0718b10b0156dfe1e369ce3eee72423e9e86936a0082e9c5d1b,0x9008e206328c20206dbe9881ae49bb235fe9c329,1387.42,1781884782420000,4
475173037,2026-06-19T15:59:55Z,1781884795000,0x7c8b808f10b59fea9049f3c2d651b8fa0106cdb725a4524538f5031b80df325b,2,RequestedWithdrawal,0xcc10abf54af5c0718b10b0156dfe1e369ce3eee72423e9e86936a0082e9c5d1b,0xa3606be2b90e0e8221c9bc8fe95823da0c9100ae,0.1,1781884768676000,4
475173142,2026-06-19T16:00:21Z,1781884821000,0x37d3d3f5218b42b544581fd54f2160be56fd3db119cb43c93bed09a4475e14c2,1,RequestedWithdrawal,0xcc10abf54af5c0718b10b0156dfe1e369ce3eee72423e9e86936a0082e9c5d1b,0xbc7b0ebfbe3c626b4a91e0ad57c920cdb90b20bc,21.25375,1781884813850000,4
475173142,2026-06-19T16:00:21Z,1781884821000,0x37d3d3f5218b42b544581fd54f2160be56fd3db119cb43c93bed09a4475e14c2,2,RequestedWithdrawal,0xcc10abf54af5c0718b10b0156dfe1e369ce3eee72423e9e86936a0082e9c5d1b,0xd19d1d6e89624254ab6e5f8d2f1ab289214c4927,19.785591,1781884800738000,4
475173142,2026-06-19T16:00:21Z,1781884821000,0x37d3d3f5218b42b544581fd54f2160be56fd3db119cb43c93bed09a4475e14c2,3,RequestedWithdrawal,0xcc10abf54af5c0718b10b0156dfe1e369ce3eee72423e9e86936a0082e9c5d1b,0xd6db8b6b271e1144b4d80e1296f8a6366b010e70,49145.178113,1781884802172000,4
475173142,2026-06-19T16:00:21Z,1781884821000,0x37d3d3f5218b42b544581fd54f2160be56fd3db119cb43c93bed09a4475e14c2,4,RequestedWithdrawal,0xcc10abf54af5c0718b10b0156dfe1e369ce3eee72423e9e86936a0082e9c5d1b,0xd8b1fd0e1838aef84bb7273e9db1de2bb820def0,7.969182,1781884807218000,4
475173142,2026-06-19T16:00:21Z,1781884821000,0x37d3d3f5218b42b544581fd54f2160be56fd3db119cb43c93bed09a4475e14c2,5,RequestedWithdrawal,0xcc10abf54af5c0718b10b0156dfe1e369ce3eee72423e9e86936a0082e9c5d1b,0xf3e03dbcaca9b4ce8c6af8dd7262af51b9bdcc84,53.7,1781884802106000,4
475173147,2026-06-19T16:00:22Z,1781884822000,0xd6667ed588b76115d7f4eae94e6357ecf3bbc19b883b220073b20d1a781d4d2b,4,FinalizedWithdrawal,0xe5c7fe3a4ffca1590f26d74c8ba8b0db69557f7f4607a2a43f82e93041611978,0x27d04485a9299decf378e4d1d575f2dc99080317,32.3,1781884601120000,4
475173147,2026-06-19T16:00:22Z,1781884822000,0xd6667ed588b76115d7f4eae94e6357ecf3bbc19b883b220073b20d1a781d4d2b,6,FinalizedWithdrawal,0xe5c7fe3a4ffca1590f26d74c8ba8b0db69557f7f4607a2a43f82e93041611978,0xf8b53ec15863fb7bc32a0a27f1631b6952c70389,1.0,1781884591979000,4
475173230,2026-06-19T16:00:43Z,1781884843000,0xfbae6bd1fe67bb99a38ad6162114cc1acd76e6555f9afabafb6c5d48cce2cbb9,0,RequestedWithdrawal,0xcc10abf54af5c0718b10b0156dfe1e369ce3eee72423e9e86936a0082e9c5d1b,0x160bc68d190d1b7535de4d473b1bf687ad0ae7b2,138482.13,1781884821584000,4
475173438,2026-06-19T16:01:35Z,1781884895000,0x974b9f9f803b6a48b5d1082d1ac7607e02bc5b206563c0e6164443ab13b7d904,4,FinalizedWithdrawal,0xe5c7fe3a4ffca1590f26d74c8ba8b0db69557f7f4607a2a43f82e93041611978,0xe85b72c05dae981a6f238b7f0c37aba278356812,44.86,1781884668723000,4
475173438,2026-06-19T16:01:35Z,1781884895000,0x974b9f9f803b6a48b5d1082d1ac7607e02bc5b206563c0e6164443ab13b7d904,6,FinalizedWithdrawal,0xe5c7fe3a4ffca1590f26d74c8ba8b0db69557f7f4607a2a43f82e93041611978,0x43bce461a3aaca44a89e1ee5fecd138499a91186,32.34,1781884645052000,4
475173510,2026-06-19T16:01:53Z,1781884913000,0xaab7102c84806d2d97e730311acae2f14c41dd8aef5b4a8a87cb63e73f2f32ca,11,RequestedWithdrawal,0xcc10abf54af5c0718b10b0156dfe1e369ce3eee72423e9e86936a0082e9c5d1b,0x98e31ed4d83c1977a43f14dd7d7972d0d55f8632,53.7,1781884896393000,4
475173620,2026-06-19T16:02:21Z,1781884941000,0xcad9bcda0a3f2b1c3044b25c59dd38f33f3eaf9c499170a95dac6348360e7b59,1,FinalizedWithdrawal,0xe5c7fe3a4ffca1590f26d74c8ba8b0db69557f7f4607a2a43f82e93041611978,0x191f9a149b36311c4b1877822c090f677803bebb,53.7,1781884708020000,4
475173620,2026-06-19T16:02:21Z,1781884941000,0xcad9bcda0a3f2b1c3044b25c59dd38f33f3eaf9c499170a95dac6348360e7b59,3,FinalizedWithdrawal,0xe5c7fe3a4ffca1590f26d74c8ba8b0db69557f7f4607a2a43f82e93041611978,0xfeca4d9c6394c5c497c4b38960cbd0445e0f1bc8,48.45,1781884697439000,4
475173620,2026-06-19T16:02:21Z,1781884941000,0xcad9bcda0a3f2b1c3044b25c59dd38f33f3eaf9c499170a95dac6348360e7b59,5,FinalizedWithdrawal,0xe5c7fe3a4ffca1590f26d74c8ba8b0db69557f7f4607a2a43f82e93041611978,0xbaa3a45f9532617d5d0cb00597097806e3f780cb,8.39,1781884704302000,4
475173735,2026-06-19T16:02:50Z,1781884970000,0xb837d1aa31c507f8f75dcd87dd36117d926899721ca0fbd6603f285d46da1ae2,4,RequestedWithdrawal,0xcc10abf54af5c0718b10b0156dfe1e369ce3eee72423e9e86936a0082e9c5d1b,0x058589ed65f03c86ec562937f9059faeb8ce0292,1999.0,1781884951957000,4
475173735,2026-06-19T16:02:50Z,1781884970000,0xb837d1aa31c507f8f75dcd87dd36117d926899721ca0fbd6603f285d46da1ae2,5,RequestedWithdrawal,0xcc10abf54af5c0718b10b0156dfe1e369ce3eee72423e9e86936a0082e9c5d1b,0x12e3ebc7747c32c22e90120b17d290369dabf1ab,53.69,1781884945871000,4
475173735,2026-06-19T16:02:50Z,1781884970000,0xb837d1aa31c507f8f75dcd87dd36117d926899721ca0fbd6603f285d46da1ae2,6,RequestedWithdrawal,0xcc10abf54af5c0718b10b0156dfe1e369ce3eee72423e9e86936a0082e9c5d1b,0xcdfdf153b7ae88eab154c71c35507b0193737071,9.87,1781884961355000,4
475173937,2026-06-19T16:03:41Z,1781885021000,0x326deb0d483a4a32f69ad6ddd7711ffd4ec560baaefc8074147e0e6c1594e524,4,RequestedWithdrawal,0xcc10abf54af5c0718b10b0156dfe1e369ce3eee72423e9e86936a0082e9c5d1b,0x77565d40a36ec50ffd4f5952913d4f7b9bfe310f,9244.0877,1781885004250000,4
475173937,2026-06-19T16:03:41Z,1781885021000,0x326deb0d483a4a32f69ad6ddd7711ffd4ec560baaefc8074147e0e6c1594e524,5,RequestedWithdrawal,0xcc10abf54af5c0718b10b0156dfe1e369ce3eee72423e9e86936a0082e9c5d1b,0x9cce8e5d405b9dceff39d3e92c5322ec731f23f6,53.77,1781885009126000,4
475173945,2026-06-19T16:03:43Z,1781885023000,0x5f9e378c43f8320e2b6b5aa4745939acc8b5c332843cb76d01d4a9317dbcf980,1,FinalizedWithdrawal,0xe5c7fe3a4ffca1590f26d74c8ba8b0db69557f7f4607a2a43f82e93041611978,0xbc7b0ebfbe3c626b4a91e0ad57c920cdb90b20bc,21.25375,1781884813850000,4
475173945,2026-06-19T16:03:43Z,1781885023000,0x5f9e378c43f8320e2b6b5aa4745939acc8b5c332843cb76d01d4a9317dbcf980,3,FinalizedWithdrawal,0xe5c7fe3a4ffca1590f26d74c8ba8b0db69557f7f4607a2a43f82e93041611978,0xd19d1d6e89624254ab6e5f8d2f1ab289214c4927,19.785591,1781884800738000,4
475173945,2026-06-19T16:03:43Z,1781885023000,0x5f9e378c43f8320e2b6b5aa4745939acc8b5c332843cb76d01d4a9317dbcf980,5,FinalizedWithdrawal,0xe5c7fe3a4ffca1590f26d74c8ba8b0db69557f7f4607a2a43f82e93041611978,0x9008e206328c20206dbe9881ae49bb235fe9c329,1387.42,1781884782420000,4
475173945,2026-06-19T16:03:43Z,1781885023000,0x5f9e378c43f8320e2b6b5aa4745939acc8b5c332843cb76d01d4a9317dbcf980,7,FinalizedWithdrawal,0xe5c7fe3a4ffca1590f26d74c8ba8b0db69557f7f4607a2a43f82e93041611978,0xa3606be2b90e0e8221c9bc8fe95823da0c9100ae,0.1,1781884768676000,4
475173945,2026-06-19T16:03:43Z,1781885023000,0x5f9e378c43f8320e2b6b5aa4745939acc8b5c332843cb76d01d4a9317dbcf980,9,FinalizedWithdrawal,0xe5c7fe3a4ffca1590f26d74c8ba8b0db69557f7f4607a2a43f82e93041611978,0xf3e03dbcaca9b4ce8c6af8dd7262af51b9bdcc84,53.7,1781884802106000,4
475173945,2026-06-19T16:03:43Z,1781885023000,0x5f9e378c43f8320e2b6b5aa4745939acc8b5c332843cb76d01d4a9317dbcf980,11,FinalizedWithdrawal,0xe5c7fe3a4ffca1590f26d74c8ba8b0db69557f7f4607a2a43f82e93041611978,0xd8b1fd0e1838aef84bb7273e9db1de2bb820def0,7.969182,1781884807218000,4
475173945,2026-06-19T16:03:43Z,1781885023000,0x5f9e378c43f8320e2b6b5aa4745939acc8b5c332843cb76d01d4a9317dbcf980,13,FinalizedWithdrawal,0xe5c7fe3a4ffca1590f26d74c8ba8b0db69557f7f4607a2a43f82e93041611978,0xd6db8b6b271e1144b4d80e1296f8a6366b010e70,49145.178113,1781884802172000,4
475174131,2026-06-19T16:04:29Z,1781885069000,0x0b60fe307c140dde60bd6d08ba6fad844e972e2b6f64b72217cc77a8d8b7441d,3,RequestedWithdrawal,0xcc10abf54af5c0718b10b0156dfe1e369ce3eee72423e9e86936a0082e9c5d1b,0x349ab453cbadd8e62cfd29557a5742adc64ed04b,53.77,1781885053207000,4
475174131,2026-06-19T16:04:29Z,1781885069000,0x0b60fe307c140dde60bd6d08ba6fad844e972e2b6f64b72217cc77a8d8b7441d,4,RequestedWithdrawal,0xcc10abf54af5c0718b10b0156dfe1e369ce3eee72423e9e86936a0082e9c5d1b,0xb24ae97a52205865df6c979f5ae010a3d2976843,4161.315322,1781885045695000,4
475174131,2026-06-19T16:04:29Z,1781885069000,0x0b60fe307c140dde60bd6d08ba6fad844e972e2b6f64b72217cc77a8d8b7441d,5,RequestedWithdrawal,0xcc10abf54af5c0718b10b0156dfe1e369ce3eee72423e9e86936a0082e9c5d1b,0xd43e2ccbf30edfc68b7e4daebc042a9effd6c2b1,1799.0,1781885046474000,4
475174137,2026-06-19T16:04:31Z,1781885071000,0x323e4275c1ee4365fedb55a689989c32c81c8818065dd34f5dd8323ec9ad4ffa,2,FinalizedWithdrawal,0xe5c7fe3a4ffca1590f26d74c8ba8b0db69557f7f4607a2a43f82e93041611978,0x160bc68d190d1b7535de4d473b1bf687ad0ae7b2,138482.13,1781884821584000,4
475174311,2026-06-19T16:05:15Z,1781885115000,0x69b48a12b8fa7a02428c088e68f463e560972478a49ac30cbc2f031bf81abad7,4,RequestedWithdrawal,0xcc10abf54af5c0718b10b0156dfe1e369ce3eee72423e9e86936a0082e9c5d1b,0x109840249823668391867426bc04a97b35f9efa9,53.81,1781885099429000,4
475174315,2026-06-19T16:05:16Z,1781885116000,0xf4e51e3d0b131378a1330639588784ae06cfdd2e7af688cba0afbd29667f9ef5,7,FinalizedWithdrawal,0xe5c7fe3a4ffca1590f26d74c8ba8b0db69557f7f4607a2a43f82e93041611978,0x98e31ed4d83c1977a43f14dd7d7972d0d55f8632,53.7,1781884896393000,4
475174586,2026-06-19T16:06:24Z,1781885184000,0xf5ff6d0c75a6b24b8c107a028ee8852509c9db394d2e979743051c0cba84339d,0,RequestedWithdrawal,0xcc10abf54af5c0718b10b0156dfe1e369ce3eee72423e9e86936a0082e9c5d1b,0xda393bf9163621c4932753cb6e52defe42e5d230,53.82,1781885178068000,4
475174590,2026-06-19T16:06:25Z,1781885185000,0x6978e85da95ee5cf4eed24ec7769a2a57a01ce710bcc552f79d810f9f89b8608,1,FinalizedWithdrawal,0xe5c7fe3a4ffca1590f26d74c8ba8b0db69557f7f4607a2a43f82e93041611978,0xcdfdf153b7ae88eab154c71c35507b0193737071,9.87,1781884961355000,4
475174590,2026-06-19T16:06:25Z,1781885185000,0x6978e85da95ee5cf4eed24ec7769a2a57a01ce710bcc552f79d810f9f89b8608,3,FinalizedWithdrawal,0xe5c7fe3a4ffca1590f26d74c8ba8b0db69557f7f4607a2a43f82e93041611978,0x058589ed65f03c86ec562937f9059faeb8ce0292,1999.0,1781884951957000,4
475174590,2026-06-19T16:06:25Z,1781885185000,0x6978e85da95ee5cf4eed24ec7769a2a57a01ce710bcc552f79d810f9f89b8608,5,FinalizedWithdrawal,0xe5c7fe3a4ffca1590f26d74c8ba8b0db69557f7f4607a2a43f82e93041611978,0x12e3ebc7747c32c22e90120b17d290369dabf1ab,53.69,1781884945871000,4
475174791,2026-06-19T16:07:15Z,1781885235000,0x3271d92e695f4f75b6d4aea43550bca1ec8e5e580165078f96dc3bb2db0d45f1,0,RequestedWithdrawal,0xcc10abf54af5c0718b10b0156dfe1e369ce3eee72423e9e86936a0082e9c5d1b,0x4cf3a05d5d6e633cf279e765f580ec0d250219a0,53.92,1781885224277000,4
475174791,2026-06-19T16:07:15Z,1781885235000,0x3271d92e695f4f75b6d4aea43550bca1ec8e5e580165078f96dc3bb2db0d45f1,1,RequestedWithdrawal,0xcc10abf54af5c0718b10b0156dfe1e369ce3eee72423e9e86936a0082e9c5d1b,0xb8c5dfdc6f8de47d635659e75d8e306ea1049abe,1.02,1781885225387000,4
475174797,2026-06-19T16:07:16Z,1781885236000,0xd510a8d16f9ba62b1087b4abc41927f56e43f977f22d71bc727edfd120c16925,1,FinalizedWithdrawal,0xe5c7fe3a4ffca1590f26d74c8ba8b0db69557f7f4607a2a43f82e93041611978,0x77565d40a36ec50ffd4f5952913d4f7b9bfe310f,9244.0877,1781885004250000,4
475174797,2026-06-19T16:07:16Z,1781885236000,0xd510a8d16f9ba62b1087b4abc41927f56e43f977f22d71bc727edfd120c16925,3,FinalizedWithdrawal,0xe5c7fe3a4ffca1590f26d74c8ba8b0db69557f7f4607a2a43f82e93041611978,0x9cce8e5d405b9dceff39d3e92c5322ec731f23f6,53.77,1781885009126000,4
475174897,2026-06-19T16:07:42Z,1781885262000,0x6f642512f6bf6dc5b5fac6466e31a16117b9682e34fcc2181719ba2b85d9494b,0,RequestedWithdrawal,0xcc10abf54af5c0718b10b0156dfe1e369ce3eee72423e9e86936a0082e9c5d1b,0x627b7713146a86ca3d9375a06af5d7a19169bd1b,166.642968,1781885242996000,4
475175000,2026-06-19T16:08:07Z,1781885287000,0x1b6fd9be3b46514b7b3bec2465c2e763216c6ed6c701e92ca1f9ffdf628fb48a,0,RequestedWithdrawal,0xcc10abf54af5c0718b10b0156dfe1e369ce3eee72423e9e86936a0082e9c5d1b,0x3c66ee952ec2116cf023c20329bc59d7445d5fb2,54.42,1781885271514000,4
475175006,2026-06-19T16:08:09Z,1781885289000,0xd05230bbfe1c190071d2b56916c43e5edaca31a51ef769a535665bf7896944f3,3,FinalizedWithdrawal,0xe5c7fe3a4ffca1590f26d74c8ba8b0db69557f7f4607a2a43f82e93041611978,0x349ab453cbadd8e62cfd29557a5742adc64ed04b,53.77,1781885053207000,4
475175006,2026-06-19T16:08:09Z,1781885289000,0xd05230bbfe1c190071d2b56916c43e5edaca31a51ef769a535665bf7896944f3,5,FinalizedWithdrawal,0xe5c7fe3a4ffca1590f26d74c8ba8b0db69557f7f4607a2a43f82e93041611978,0xb24ae97a52205865df6c979f5ae010a3d2976843,4161.315322,1781885045695000,4
475175006,2026-06-19T16:08:09Z,1781885289000,0xd05230bbfe1c190071d2b56916c43e5edaca31a51ef769a535665bf7896944f3,7,FinalizedWithdrawal,0xe5c7fe3a4ffca1590f26d74c8ba8b0db69557f7f4607a2a43f82e93041611978,0xd43e2ccbf30edfc68b7e4daebc042a9effd6c2b1,1799.0,1781885046474000,4
475175182,2026-06-19T16:08:53Z,1781885333000,0xe154b55527d7e7202930b36493893938001321bea0a6dc765ff2ffac8491ddfe,1,RequestedWithdrawal,0xcc10abf54af5c0718b10b0156dfe1e369ce3eee72423e9e86936a0082e9c5d1b,0x5fb775e9c57a3c120ed6b9158ba6d93bf1aa3e7c,56.42,1781885327075000,4
475175182,2026-06-19T16:08:53Z,1781885333000,0xe154b55527d7e7202930b36493893938001321bea0a6dc765ff2ffac8491ddfe,2,RequestedWithdrawal,0xcc10abf54af5c0718b10b0156dfe1e369ce3eee72423e9e86936a0082e9c5d1b,0xc53d217cd80fd21d76529f03da266ddeeb8b2edb,124.0,1781885324275000,4
475175190,2026-06-19T16:08:55Z,1781885335000,0xc420f1e2c3f2211d0a5b2bacf85a869d16fa808debefa2aec1ea5f44b820ccd0,1,FinalizedWithdrawal,0xe5c7fe3a4ffca1590f26d74c8ba8b0db69557f7f4607a2a43f82e93041611978,0x109840249823668391867426bc04a97b35f9efa9,53.81,1781885099429000,4
475175261,2026-06-19T16:09:13Z,1781885353000,0xee429145c58ce32eee5aff8a73fdab7add8de0f4921ad6c9a59cbf15f03da095,0,RequestedWithdrawal,0xcc10abf54af5c0718b10b0156dfe1e369ce3eee72423e9e86936a0082e9c5d1b,0x577e2bd1493638311eead4c9a2fd88782d4e2046,4.0,1781885341484000,4
475175368,2026-06-19T16:09:40Z,1781885380000,0x16b5dc9acf64eb17e64f19cf80e8ca5912e3f03e728530addc7e3aacb497849e,5,RequestedWithdrawal,0xcc10abf54af5c0718b10b0156dfe1e369ce3eee72423e9e86936a0082e9c5d1b,0xa4846efa10851a8cb5d361a894cd396f61ebddd9,56.41,1781885373886000,4
475175478,2026-06-19T16:10:08Z,1781885408000,0x360261ccb7214f7cd69f0aed06e3dd062331c502cbc21c15b22176eee339a802,14,FinalizedWithdrawal,0xe5c7fe3a4ffca1590f26d74c8ba8b0db69557f7f4607a2a43f82e93041611978,0xda393bf9163621c4932753cb6e52defe42e5d230,53.82,1781885178068000,4
475175599,2026-06-19T16:10:37Z,1781885437000,0x8e542f3c3d5b4e5cc63369798212481e71d82509a5b3bdf6868fa19a3f5ce349,11,RequestedWithdrawal,0xcc10abf54af5c0718b10b0156dfe1e369ce3eee72423e9e86936a0082e9c5d1b,0x4d53652004e58919ec92acfe3e555ae8a716ad9d,56.19,1781885418560000,4
475175606,2026-06-19T16:10:39Z,1781885439000,0x4fbb91a3bffa73cc1f9fae83e2534a20788316c3fcc4aed9b4b6c71f5c753300,1,FinalizedWithdrawal,0xe5c7fe3a4ffca1590f26d74c8ba8b0db69557f7f4607a2a43f82e93041611978,0xb8c5dfdc6f8de47d635659e75d8e306ea1049abe,1.02,1781885225387000,4
475175606,2026-06-19T16:10:39Z,1781885439000,0x4fbb91a3bffa73cc1f9fae83e2534a20788316c3fcc4aed9b4b6c71f5c753300,3,FinalizedWithdrawal,0xe5c7fe3a4ffca1590f26d74c8ba8b0db69557f7f4607a2a43f82e93041611978,0x4cf3a05d5d6e633cf279e765f580ec0d250219a0,53.92,1781885224277000,4
475175775,2026-06-19T16:11:21Z,1781885481000,0xbff925a8c9af592a9e398278eba46ef6a81f3490c3cbf6d733a4ab660fc5148a,0,RequestedWithdrawal,0xcc10abf54af5c0718b10b0156dfe1e369ce3eee72423e9e86936a0082e9c5d1b,0x645b105377ac57d1393c443be78aa2cd22fbe798,56.13,1781885465507000,4
475175780,2026-06-19T16:11:22Z,1781885482000,0x6e0a5041fa0fb1fc18f5385207ccd8265eb5084a41d2a415f6d3e7896bddfccf,22,FinalizedWithdrawal,0xe5c7fe3a4ffca1590f26d74c8ba8b0db69557f7f4607a2a43f82e93041611978,0x627b7713146a86ca3d9375a06af5d7a19169bd1b,166.642968,1781885242996000,4
475175857,2026-06-19T16:11:42Z,1781885502000,0x9cf1cb3bb44d9355ee2762a9e91b407bd22df1e8d66cb838f8c2f868013a88ad,1,RequestedWithdrawal,0xcc10abf54af5c0718b10b0156dfe1e369ce3eee72423e9e86936a0082e9c5d1b,0xf110e40e3e02e8d8ca3bc3931472268d1b3d3815,186376.9,1781885493937000,4
475175866,2026-06-19T16:11:44Z,1781885504000,0xc96479a236c72a2526071c8fb6d84dec97f400b2bc7748b83d930acfbb088cd7,1,FinalizedWithdrawal,0xe5c7fe3a4ffca1590f26d74c8ba8b0db69557f7f4607a2a43f82e93041611978,0x3c66ee952ec2116cf023c20329bc59d7445d5fb2,54.42,1781885271514000,4
475175944,2026-06-19T16:12:04Z,1781885524000,0x589a63e2322e8e6277c67ea32604fe4247e59e563d23cd8d345d588c99204bf0,0,RequestedWithdrawal,0xcc10abf54af5c0718b10b0156dfe1e369ce3eee72423e9e86936a0082e9c5d1b,0x00a331b978dac6a874e6264e65775bb02bafe743,127.648,1781885517087000,4
475175944,2026-06-19T16:12:04Z,1781885524000,0x589a63e2322e8e6277c67ea32604fe4247e59e563d23cd8d345d588c99204bf0,1,RequestedWithdrawal,0xcc10abf54af5c0718b10b0156dfe1e369ce3eee72423e9e86936a0082e9c5d1b,0x17231d07931081c65c1cf5b8b348454e262ed7b8,752.11762,1781885488619000,4
475175944,2026-06-19T16:12:04Z,1781885524000,0x589a63e2322e8e6277c67ea32604fe4247e59e563d23cd8d345d588c99204bf0,2,RequestedWithdrawal,0xcc10abf54af5c0718b10b0156dfe1e369ce3eee72423e9e86936a0082e9c5d1b,0x95813cce69699a66fae0ae92fcec991dc5ef48ac,4999.0,1781885470986000,4
475175944,2026-06-19T16:12:04Z,1781885524000,0x589a63e2322e8e6277c67ea32604fe4247e59e563d23cd8d345d588c99204bf0,3,RequestedWithdrawal,0xcc10abf54af5c0718b10b0156dfe1e369ce3eee72423e9e86936a0082e9c5d1b,0xce6632b176788e87372749fec17f6d6f15dbf0c8,55.69,1781885517544000,4
475176051,2026-06-19T16:12:30Z,1781885550000,0xd56ceba6ca02719d75f1265c066631ac0da5ee84c85ca085c59892c882ff8fd3,0,RequestedWithdrawal,0xcc10abf54af5c0718b10b0156dfe1e369ce3eee72423e9e86936a0082e9c5d1b,0xae8af9b841aa2a3d69e8db4449d572d900ea5946,330.0,1781885532554000,4
475176057,2026-06-19T16:12:32Z,1781885552000,0x9fee5a175e4522fab8cad3df03dd03ef4717215998be7df6a29f7e1994e92239,1,FinalizedWithdrawal,0xe5c7fe3a4ffca1590f26d74c8ba8b0db69557f7f4607a2a43f82e93041611978,0xc53d217cd80fd21d76529f03da266ddeeb8b2edb,124.0,1781885324275000,4
475176057,2026-06-19T16:12:32Z,1781885552000,0x9fee5a175e4522fab8cad3df03dd03ef4717215998be7df6a29f7e1994e92239,3,FinalizedWithdrawal,0xe5c7fe3a4ffca1590f26d74c8ba8b0db69557f7f4607a2a43f82e93041611978,0x5fb775e9c57a3c120ed6b9158ba6d93bf1aa3e7c,56.42,1781885327075000,4
475176135,2026-06-19T16:12:51Z,1781885571000,0x531fb2efccc946390ea68343c88781beb20327379de1a4c2bed381f98976cfed,2,RequestedWithdrawal,0xcc10abf54af5c0718b10b0156dfe1e369ce3eee72423e9e86936a0082e9c5d1b,0x8f0ff79fa828f9fc9cb600eb7cf8ef98d6f75ec4,48.95,1781885565480000,4
475176142,2026-06-19T16:12:53Z,1781885573000,0xe04f4f6cfbb1ea3a8e9884f28d921f38cdf66f410a72dc87b960e2d91161d474,2,FinalizedWithdrawal,0xe5c7fe3a4ffca1590f26d74c8ba8b0db69557f7f4607a2a43f82e93041611978,0x577e2bd1493638311eead4c9a2fd88782d4e2046,4.0,1781885341484000,4
475176258,2026-06-19T16:13:22Z,1781885602000,0x397e6b1cd36bc957481008f9b8cb63a56a295526cf0a1f33a0b33e1f71dd2ebc,3,FinalizedWithdrawal,0xe5c7fe3a4ffca1590f26d74c8ba8b0db69557f7f4607a2a43f82e93041611978,0xa4846efa10851a8cb5d361a894cd396f61ebddd9,56.41,1781885373886000,4
475176358,2026-06-19T16:13:47Z,1781885627000,0x6238725cebf7508d0e696134f8de4ea31e1c0676e9692652c035946e0ccb110e,0,RequestedWithdrawal,0xcc10abf54af5c0718b10b0156dfe1e369ce3eee72423e9e86936a0082e9c5d1b,0x88ce47d5a0f83fd9f55fa04798359a14418ce8b0,48.95,1781885617809000,4
475176454,2026-06-19T16:14:11Z,1781885651000,0x1c8706dd403080bcf5f5f3ce26f49e2789f24ae22f436815540838d4f6266444,26,FinalizedWithdrawal,0xe5c7fe3a4ffca1590f26d74c8ba8b0db69557f7f4607a2a43f82e93041611978,0x4d53652004e58919ec92acfe3e555ae8a716ad9d,56.19,1781885418560000,4
475176537,2026-06-19T16:14:32Z,1781885672000,0x567667824ded511a45d8bb7f172ee972a9f99862a59c40d15fb3cc1c8195b312,13,RequestedWithdrawal,0xcc10abf54af5c0718b10b0156dfe1e369ce3eee72423e9e86936a0082e9c5d1b,0x70b5fac2e52f3d999b5fcf359d8421076a080a61,31.0,1781885650082000,4
475176537,2026-06-19T16:14:32Z,1781885672000,0x567667824ded511a45d8bb7f172ee972a9f99862a59c40d15fb3cc1c8195b312,14,RequestedWithdrawal,0xcc10abf54af5c0718b10b0156dfe1e369ce3eee72423e9e86936a0082e9c5d1b,0xf41db31d9a7262bf2f9e3ae52b93e57e63d56359,48.95,1781885665706000,4
475176637,2026-06-19T16:14:57Z,1781885697000,0x9bf86dcef760544c9240386d783cea5a088aa44e662368b7ab60660ff412c557,40,FinalizedWithdrawal,0xe5c7fe3a4ffca1590f26d74c8ba8b0db69557f7f4607a2a43f82e93041611978,0x645b105377ac57d1393c443be78aa2cd22fbe798,56.13,1781885465507000,4
475176722,2026-06-19T16:15:19Z,1781885719000,0x2999599d000db532861546a087849d0a8b409057c04e37af50a194fc00d72e04,4,RequestedWithdrawal,0xcc10abf54af5c0718b10b0156dfe1e369ce3eee72423e9e86936a0082e9c5d1b,0x3d346612fccd5e0d74238995389b3c7fa48207a0,49.01,1781885707582000,4
475176722,2026-06-19T16:15:19Z,1781885719000,0x2999599d000db532861546a087849d0a8b409057c04e37af50a194fc00d72e04,5,RequestedWithdrawal,0xcc10abf54af5c0718b10b0156dfe1e369ce3eee72423e9e86936a0082e9c5d1b,0x48088e7f206ce5e2d7139de28095c46251d3f6d8,508.41,1781885696093000,4
475176727,2026-06-19T16:15:20Z,1781885720000,0xccdd3671a848bb1a58e4671b6e906a7214e474c984dd27531632ebad2082581e,1,FinalizedWithdrawal,0xe5c7fe3a4ffca1590f26d74c8ba8b0db69557f7f4607a2a43f82e93041611978,0xf110e40e3e02e8d8ca3bc3931472268d1b3d3815,186376.9,1781885493937000,4
475176803,2026-06-19T16:15:39Z,1781885739000,0xa82098035e8762b0186b5747af75d873c598d7e7e4f6ab5f04c903723ed84849,14,FinalizedWithdrawal,0xe5c7fe3a4ffca1590f26d74c8ba8b0db69557f7f4607a2a43f82e93041611978,0x95813cce69699a66fae0ae92fcec991dc5ef48ac,4999.0,1781885470986000,4
475176803,2026-06-19T16:15:39Z,1781885739000,0xa82098035e8762b0186b5747af75d873c598d7e7e4f6ab5f04c903723ed84849,16,FinalizedWithdrawal,0xe5c7fe3a4ffca1590f26d74c8ba8b0db69557f7f4607a2a43f82e93041611978,0x00a331b978dac6a874e6264e65775bb02bafe743,127.648,1781885517087000,4
475176803,2026-06-19T16:15:39Z,1781885739000,0xa82098035e8762b0186b5747af75d873c598d7e7e4f6ab5f04c903723ed84849,18,FinalizedWithdrawal,0xe5c7fe3a4ffca1590f26d74c8ba8b0db69557f7f4607a2a43f82e93041611978,0x17231d07931081c65c1cf5b8b348454e262ed7b8,752.11762,1781885488619000,4
475176803,2026-06-19T16:15:39Z,1781885739000,0xa82098035e8762b0186b5747af75d873c598d7e7e4f6ab5f04c903723ed84849,20,FinalizedWithdrawal,0xe5c7fe3a4ffca1590f26d74c8ba8b0db69557f7f4607a2a43f82e93041611978,0xce6632b176788e87372749fec17f6d6f15dbf0c8,55.69,1781885517544000,4
475176887,2026-06-19T16:16:00Z,1781885760000,0x146863c5a88659bed83cc939a92ae9094150eee8319e60749ed57e4fe2ce0767,12,FinalizedWithdrawal,0xe5c7fe3a4ffca1590f26d74c8ba8b0db69557f7f4607a2a43f82e93041611978,0xae8af9b841aa2a3d69e8db4449d572d900ea5946,330.0,1781885532554000,4
475177002,2026-06-19T16:16:29Z,1781885789000,0x067eecb5cc7e1f915ae6dee91a72f3440700b20b58f8db955702b9cb311f948b,0,RequestedWithdrawal,0xcc10abf54af5c0718b10b0156dfe1e369ce3eee72423e9e86936a0082e9c5d1b,0x8a3400000c56e9d0920af5dc34a31163396d1783,48.78,1781885765243000,4
475177002,2026-06-19T16:16:29Z,1781885789000,0x067eecb5cc7e1f915ae6dee91a72f3440700b20b58f8db955702b9cb311f948b,1,RequestedWithdrawal,0xcc10abf54af5c0718b10b0156dfe1e369ce3eee72423e9e86936a0082e9c5d1b,0xc53d217cd80fd21d76529f03da266ddeeb8b2edb,29.0,1781885773933000,4
475177002,2026-06-19T16:16:29Z,1781885789000,0x067eecb5cc7e1f915ae6dee91a72f3440700b20b58f8db955702b9cb311f948b,2,RequestedWithdrawal,0xcc10abf54af5c0718b10b0156dfe1e369ce3eee72423e9e86936a0082e9c5d1b,0xdf5b5f536333687252cc68b441ddd1a397c9688f,19.0,1781885774309000,4
475177009,2026-06-19T16:16:31Z,1781885791000,0x30bc2c3beef14cf833f15469ea228bf95e60c64fecc311583dfd66625e701db7,14,FinalizedWithdrawal,0xe5c7fe3a4ffca1590f26d74c8ba8b0db69557f7f4607a2a43f82e93041611978,0x8f0ff79fa828f9fc9cb600eb7cf8ef98d6f75ec4,48.95,1781885565480000,4
475177096,2026-06-19T16:16:52Z,1781885812000,0x6401a61adedd2346cb3ce44454b092c1e667ebc1393606ed295da30edbee92ce,2,RequestedWithdrawal,0xcc10abf54af5c0718b10b0156dfe1e369ce3eee72423e9e86936a0082e9c5d1b,0x95aeadc731fb5858b3d77f0a3a138b90db8282b7,102.736426,1781885800028000,4
475177200,2026-06-19T16:17:18Z,1781885838000,0x4759ed83405ef3525d8c1a619aa0fdba0345383587bab5f031a51de92cf3bfac,48,RequestedWithdrawal,0xcc10abf54af5c0718b10b0156dfe1e369ce3eee72423e9e86936a0082e9c5d1b,0x3806feeead511dc496df24b1fe7930db80f190c1,48.8,1781885809431000,4
475177206,2026-06-19T16:17:19Z,1781885839000,0x2e2163f32d4d80ff59669cf5334e5a80876f323c98cc8696e3a7c54d55e962aa,40,FinalizedWithdrawal,0xe5c7fe3a4ffca1590f26d74c8ba8b0db69557f7f4607a2a43f82e93041611978,0x88ce47d5a0f83fd9f55fa04798359a14418ce8b0,48.95,1781885617809000,4
475177296,2026-06-19T16:17:42Z,1781885862000,0x2fc972cdd239ff44ffe93efcd3a27124ad6e01d75af010e5a11bd9440cd8f553,20,RequestedWithdrawal,0xcc10abf54af5c0718b10b0156dfe1e369ce3eee72423e9e86936a0082e9c5d1b,0x0d17d17b3fd5f476409cb9df835376751200be72,50.78,1781885852888000,4
475177296,2026-06-19T16:17:42Z,1781885862000,0x2fc972cdd239ff44ffe93efcd3a27124ad6e01d75af010e5a11bd9440cd8f553,21,RequestedWithdrawal,0xcc10abf54af5c0718b10b0156dfe1e369ce3eee72423e9e86936a0082e9c5d1b,0x75b662f07d3d59b8a199cf2d458a3e1dd560f231,76.5,1781885846400000,4
475177416,2026-06-19T16:18:12Z,1781885892000,0xdf1a40d267d9be51e2f9512848711533212ef29596d41b823272cd84f9a3c5e7,0,RequestedWithdrawal,0xcc10abf54af5c0718b10b0156dfe1e369ce3eee72423e9e86936a0082e9c5d1b,0x5d18edb8e4b230ce97c3d6fd1646a4fbfe889112,4.0,1781885863515000,4
475177416,2026-06-19T16:18:12Z,1781885892000,0xdf1a40d267d9be51e2f9512848711533212ef29596d41b823272cd84f9a3c5e7,1,RequestedWithdrawal,0xcc10abf54af5c0718b10b0156dfe1e369ce3eee72423e9e86936a0082e9c5d1b,0x838db3adf23feff002e762a5ecca951faccbd2c7,15.32045,1781885867589000,4
475177421,2026-06-19T16:18:13Z,1781885893000,0x475ed8f8073bb8a018ad8434791cd044a93573c0bdbc068726877cc0e5d1f488,2,FinalizedWithdrawal,0xe5c7fe3a4ffca1590f26d74c8ba8b0db69557f7f4607a2a43f82e93041611978,0xf41db31d9a7262bf2f9e3ae52b93e57e63d56359,48.95,1781885665706000,4
475177421,2026-06-19T16:18:13Z,1781885893000,0x475ed8f8073bb8a018ad8434791cd044a93573c0bdbc068726877cc0e5d1f488,4,FinalizedWithdrawal,0xe5c7fe3a4ffca1590f26d74c8ba8b0db69557f7f4607a2a43f82e93041611978,0x70b5fac2e52f3d999b5fcf359d8421076a080a61,31.0,1781885650082000,4
475177503,2026-06-19T16:18:34Z,1781885914000,0xacc78300af8bb9a124d12c448ff5ba06223c8e8c0093c62983cccd08cf8da764,16,RequestedWithdrawal,0xcc10abf54af5c0718b10b0156dfe1e369ce3eee72423e9e86936a0082e9c5d1b,0x00000000f2708738d4886bc4aedefd8dd04818b0,1294.76,1781885907092000,4
475177503,2026-06-19T16:18:34Z,1781885914000,0xacc78300af8bb9a124d12c448ff5ba06223c8e8c0093c62983cccd08cf8da764,17,RequestedWithdrawal,0xcc10abf54af5c0718b10b0156dfe1e369ce3eee72423e9e86936a0082e9c5d1b,0x51c23f099470d037a8f406189e297049bb325020,15.62,1781885896244000,4
475177503,2026-06-19T16:18:34Z,1781885914000,0xacc78300af8bb9a124d12c448ff5ba06223c8e8c0093c62983cccd08cf8da764,18,RequestedWithdrawal,0xcc10abf54af5c0718b10b0156dfe1e369ce3eee72423e9e86936a0082e9c5d1b,0x9900c4e6a5c3682ac65e23bd4bbd0f57559e3bed,50.96,1781885905474000,4
475177603,2026-06-19T16:18:59Z,1781885939000,0xdd75dc5ddd6c0f7c734210bd78b6f094e845c82477ac4cafa89d10f0caa4a099,1,FinalizedWithdrawal,0xe5c7fe3a4ffca1590f26d74c8ba8b0db69557f7f4607a2a43f82e93041611978,0x3d346612fccd5e0d74238995389b3c7fa48207a0,49.01,1781885707582000,4
475177603,2026-06-19T16:18:59Z,1781885939000,0xdd75dc5ddd6c0f7c734210bd78b6f094e845c82477ac4cafa89d10f0caa4a099,3,FinalizedWithdrawal,0xe5c7fe3a4ffca1590f26d74c8ba8b0db69557f7f4607a2a43f82e93041611978,0x48088e7f206ce5e2d7139de28095c46251d3f6d8,508.41,1781885696093000,4
475177688,2026-06-19T16:19:20Z,1781885960000,0x2b47709d317a94c7fb08a3f1923b7779a42cb538afdbdd620000b1310bdf1c77,12,RequestedWithdrawal,0xcc10abf54af5c0718b10b0156dfe1e369ce3eee72423e9e86936a0082e9c5d1b,0xbe4a0a9134366f637f871eaa53240e85ce25d477,50.76,1781885946350000,4
475177891,2026-06-19T16:20:11Z,1781886011000,0xb5858900f7164c5335133e97f4b2b8994afce19aea97cfa137461642056aafe8,0,RequestedWithdrawal,0xcc10abf54af5c0718b10b0156dfe1e369ce3eee72423e9e86936a0082e9c5d1b,0xd9a90ba61863b24ceb96c0847d657aa0d37be141,50.78,1781885994088000,4
475177901,2026-06-19T16:20:14Z,1781886014000,0x1f440c0b6fb3a9b40f8679c75a2ff142d33e6710cf2f312919f5e5e2bf8a76cc,14,FinalizedWithdrawal,0xe5c7fe3a4ffca1590f26d74c8ba8b0db69557f7f4607a2a43f82e93041611978,0xc53d217cd80fd21d76529f03da266ddeeb8b2edb,29.0,1781885773933000,4
475177901,2026-06-19T16:20:14Z,1781886014000,0x1f440c0b6fb3a9b40f8679c75a2ff142d33e6710cf2f312919f5e5e2bf8a76cc,16,FinalizedWithdrawal,0xe5c7fe3a4ffca1590f26d74c8ba8b0db69557f7f4607a2a43f82e93041611978,0xdf5b5f536333687252cc68b441ddd1a397c9688f,19.0,1781885774309000,4
475177901,2026-06-19T16:20:14Z,1781886014000,0x1f440c0b6fb3a9b40f8679c75a2ff142d33e6710cf2f312919f5e5e2bf8a76cc,18,FinalizedWithdrawal,0xe5c7fe3a4ffca1590f26d74c8ba8b0db69557f7f4607a2a43f82e93041611978,0x8a3400000c56e9d0920af5dc34a31163396d1783,48.78,1781885765243000,4
475177996,2026-06-19T16:20:37Z,1781886037000,0x5e246aba2e8d78bb4296d8e118fcab727494f49235713a11d77aa41853afbbd4,39,FinalizedWithdrawal,0xe5c7fe3a4ffca1590f26d74c8ba8b0db69557f7f4607a2a43f82e93041611978,0x95aeadc731fb5858b3d77f0a3a138b90db8282b7,102.736426,1781885800028000,4
475178120,2026-06-19T16:21:09Z,1781886069000,0xc1942e521c158b44927e9df03de5e8910e4abe140577d30c611e64a4355e2234,40,RequestedWithdrawal,0xcc10abf54af5c0718b10b0156dfe1e369ce3eee72423e9e86936a0082e9c5d1b,0xb2ec5f8ee01fc9f9acf3e16773b6a5712f7b5f80,49.94,1781886036780000,4
475178126,2026-06-19T16:21:10Z,1781886070000,0xec68757aff901e1f5eb878c7efb4555b8272f6320de7522e454dcbfa36b2df01,1,FinalizedWithdrawal,0xe5c7fe3a4ffca1590f26d74c8ba8b0db69557f7f4607a2a43f82e93041611978,0x0d17d17b3fd5f476409cb9df835376751200be72,50.78,1781885852888000,4
475178126,2026-06-19T16:21:10Z,1781886070000,0xec68757aff901e1f5eb878c7efb4555b8272f6320de7522e454dcbfa36b2df01,3,FinalizedWithdrawal,0xe5c7fe3a4ffca1590f26d74c8ba8b0db69557f7f4607a2a43f82e93041611978,0x3806feeead511dc496df24b1fe7930db80f190c1,48.8,1781885809431000,4
475178126,2026-06-19T16:21:10Z,1781886070000,0xec68757aff901e1f5eb878c7efb4555b8272f6320de7522e454dcbfa36b2df01,5,FinalizedWithdrawal,0xe5c7fe3a4ffca1590f26d74c8ba8b0db69557f7f4607a2a43f82e93041611978,0x75b662f07d3d59b8a199cf2d458a3e1dd560f231,76.5,1781885846400000,4
475178309,2026-06-19T16:21:56Z,1781886116000,0x14cfec033dc6b6bfb8be46b353c0377eedfe33f81a59dc4a2898888ee93d18ca,22,RequestedWithdrawal,0xcc10abf54af5c0718b10b0156dfe1e369ce3eee72423e9e86936a0082e9c5d1b,0xcf22e45ed6096c680aef470bc5cd904c7f885428,49.87,1781886098894000,4
475178314,2026-06-19T16:21:57Z,1781886117000,0x477c87885a63b14016a4125a51dc1843c69e418a6f0a3ea0e86f5d61f5d0979e,29,FinalizedWithdrawal,0xe5c7fe3a4ffca1590f26d74c8ba8b0db69557f7f4607a2a43f82e93041611978,0x51c23f099470d037a8f406189e297049bb325020,15.62,1781885896244000,4
475178314,2026-06-19T16:21:57Z,1781886117000,0x477c87885a63b14016a4125a51dc1843c69e418a6f0a3ea0e86f5d61f5d0979e,31,FinalizedWithdrawal,0xe5c7fe3a4ffca1590f26d74c8ba8b0db69557f7f4607a2a43f82e93041611978,0x9900c4e6a5c3682ac65e23bd4bbd0f57559e3bed,50.96,1781885905474000,4
475178314,2026-06-19T16:21:57Z,1781886117000,0x477c87885a63b14016a4125a51dc1843c69e418a6f0a3ea0e86f5d61f5d0979e,33,FinalizedWithdrawal,0xe5c7fe3a4ffca1590f26d74c8ba8b0db69557f7f4607a2a43f82e93041611978,0x838db3adf23feff002e762a5ecca951faccbd2c7,15.32045,1781885867589000,4
475178314,2026-06-19T16:21:57Z,1781886117000,0x477c87885a63b14016a4125a51dc1843c69e418a6f0a3ea0e86f5d61f5d0979e,35,FinalizedWithdrawal,0xe5c7fe3a4ffca1590f26d74c8ba8b0db69557f7f4607a2a43f82e93041611978,0x00000000f2708738d4886bc4aedefd8dd04818b0,1294.76,1781885907092000,4
475178314,2026-06-19T16:21:57Z,1781886117000,0x477c87885a63b14016a4125a51dc1843c69e418a6f0a3ea0e86f5d61f5d0979e,37,FinalizedWithdrawal,0xe5c7fe3a4ffca1590f26d74c8ba8b0db69557f7f4607a2a43f82e93041611978,0x5d18edb8e4b230ce97c3d6fd1646a4fbfe889112,4.0,1781885863515000,4
475178584,2026-06-19T16:23:05Z,1781886185000,0xd1424675dd194c351bfb090c6c01cd0bad007077acd0405b4346c53f8f3cdbfa,0,RequestedWithdrawal,0xcc10abf54af5c0718b10b0156dfe1e369ce3eee72423e9e86936a0082e9c5d1b,0xfb35ae2cce2727ea89c813f2a8c177a06de97b51,50.03,1781886170623000,4
475178590,2026-06-19T16:23:07Z,1781886187000,0xb890da52a6272a58c0d4f76a85bcfd872ed1c82d8a17883f2a052ae279b08d2e,9,FinalizedWithdrawal,0xe5c7fe3a4ffca1590f26d74c8ba8b0db69557f7f4607a2a43f82e93041611978,0xbe4a0a9134366f637f871eaa53240e85ce25d477,50.76,1781885946350000,4
475178783,2026-06-19T16:23:54Z,1781886234000,0xf17c45e35f7aaf38820309cd14e46f85d5cd3a1f76cccc4d022a436e535922fe,5,FinalizedWithdrawal,0xe5c7fe3a4ffca1590f26d74c8ba8b0db69557f7f4607a2a43f82e93041611978,0xd9a90ba61863b24ceb96c0847d657aa0d37be141,50.78,1781885994088000,4
475178986,2026-06-19T16:24:45Z,1781886285000,0xb5425b836c814f9c8b686fbd50672e877f6cc73c6ae8216c58782afa7ad26c24,16,RequestedWithdrawal,0xcc10abf54af5c0718b10b0156dfe1e369ce3eee72423e9e86936a0082e9c5d1b,0x3021d12f4313fbc890acad7b6667b0ea772fd20e,50.03,1781886256456000,4
475178986,2026-06-19T16:24:45Z,1781886285000,0xb5425b836c814f9c8b686fbd50672e877f6cc73c6ae8216c58782afa7ad26c24,17,RequestedWithdrawal,0xcc10abf54af5c0718b10b0156dfe1e369ce3eee72423e9e86936a0082e9c5d1b,0x58d6f28df73632c7c47261bc46987121ebe4d13d,172001.11,1781886256387000,4
475178986,2026-06-19T16:24:45Z,1781886285000,0xb5425b836c814f9c8b686fbd50672e877f6cc73c6ae8216c58782afa7ad26c24,18,RequestedWithdrawal,0xcc10abf54af5c0718b10b0156dfe1e369ce3eee72423e9e86936a0082e9c5d1b,0xcf72884624fc3363d367a9b73e3c9976db81001b,54.0,1781886267254000,4
475178991,2026-06-19T16:24:46Z,1781886286000,0x4f430b7eddac6d766ebe7b933999ef1a1fb549f495f2ead55468212eb8894c28,1,FinalizedWithdrawal,0xe5c7fe3a4ffca1590f26d74c8ba8b0db69557f7f4607a2a43f82e93041611978,0xb2ec5f8ee01fc9f9acf3e16773b6a5712f7b5f80,49.94,1781886036780000,4
475179188,2026-06-19T16:25:36Z,1781886336000,0x7030abb2fcf7968b407c6d599115c245811e91e5948e443e84bd0e8a7e547095,7,FinalizedWithdrawal,0xe5c7fe3a4ffca1590f26d74c8ba8b0db69557f7f4607a2a43f82e93041611978,0xcf22e45ed6096c680aef470bc5cd904c7f885428,49.87,1781886098894000,4
475179467,2026-06-19T16:26:47Z,1781886407000,0xa759db16536b14ae40c882408ce48310c05c3bb02f6195f15a0dfd2287e9546c,3,RequestedWithdrawal,0xcc10abf54af5c0718b10b0156dfe1e369ce3eee72423e9e86936a0082e9c5d1b,0xb6dd692047b1dfc6a6109a4171b2a1b2a873f6da,50.03,1781886382614000,4
475179467,2026-06-19T16:26:47Z,1781886407000,0xa759db16536b14ae40c882408ce48310c05c3bb02f6195f15a0dfd2287e9546c,4,RequestedWithdrawal,0xcc10abf54af5c0718b10b0156dfe1e369ce3eee72423e9e86936a0082e9c5d1b,0xd3b3108b0924146ffb24ac1b305bf3bf37ac1165,5.43,1781886383826000,4
475179472,2026-06-19T16:26:48Z,1781886408000,0x8d9eb815433039d8a19ae52836e692ef0fb67e5f402f5fce9d81a1d8402c2a82,1,FinalizedWithdrawal,0xe5c7fe3a4ffca1590f26d74c8ba8b0db69557f7f4607a2a43f82e93041611978,0xfb35ae2cce2727ea89c813f2a8c177a06de97b51,50.03,1781886170623000,4
475179553,2026-06-19T16:27:08Z,1781886428000,0x3cf524da9bdea4876e866177ae37367a35ec4e3dc90e57c06dc0362fae7bd4ca,0,RequestedWithdrawal,0xcc10abf54af5c0718b10b0156dfe1e369ce3eee72423e9e86936a0082e9c5d1b,0x23cf90c5c50366e11898f1067b6516f883a5e907,34.0,1781886419981000,4
475179669,2026-06-19T16:27:37Z,1781886457000,0x34d7ffc9220aaff2e49a2504a2536beb1f00d6991b89fe9e65dd44f253ef3a79,16,RequestedWithdrawal,0xcc10abf54af5c0718b10b0156dfe1e369ce3eee72423e9e86936a0082e9c5d1b,0x3697aa1d89aac1705931133b860b1ba5d86db2ee,79.0,1781886445932000,4
475179847,2026-06-19T16:28:22Z,1781886502000,0x05db8c15ea54a9e52730aaad7607ec856a3df07b4557af161ef36ed2b7be13a7,34,RequestedWithdrawal,0xcc10abf54af5c0718b10b0156dfe1e369ce3eee72423e9e86936a0082e9c5d1b,0x5d18edb8e4b230ce97c3d6fd1646a4fbfe889112,180.45,1781886478722000,4
475179854,2026-06-19T16:28:24Z,1781886504000,0x3e5b0b84fc40879edac640a1147a9764d8afb5b3a20a2df077e1e63dada0ff68,1,FinalizedWithdrawal,0xe5c7fe3a4ffca1590f26d74c8ba8b0db69557f7f4607a2a43f82e93041611978,0xcf72884624fc3363d367a9b73e3c9976db81001b,54.0,1781886267254000,4
475179854,2026-06-19T16:28:24Z,1781886504000,0x3e5b0b84fc40879edac640a1147a9764d8afb5b3a20a2df077e1e63dada0ff68,3,FinalizedWithdrawal,0xe5c7fe3a4ffca1590f26d74c8ba8b0db69557f7f4607a2a43f82e93041611978,0x3021d12f4313fbc890acad7b6667b0ea772fd20e,50.03,1781886256456000,4
475179854,2026-06-19T16:28:24Z,1781886504000,0x3e5b0b84fc40879edac640a1147a9764d8afb5b3a20a2df077e1e63dada0ff68,5,FinalizedWithdrawal,0xe5c7fe3a4ffca1590f26d74c8ba8b0db69557f7f4607a2a43f82e93041611978,0x58d6f28df73632c7c47261bc46987121ebe4d13d,172001.11,1781886256387000,4
475179926,2026-06-19T16:28:42Z,1781886522000,0x3d7c6865379ce0c0b4ce54c37572e6043f9006dee325aa114bf009c5d406f421,4,RequestedWithdrawal,0xcc10abf54af5c0718b10b0156dfe1e369ce3eee72423e9e86936a0082e9c5d1b,0x3697aa1d89aac1705931133b860b1ba5d86db2ee,188.0,1781886516751000,4
475180137,2026-06-19T16:29:34Z,1781886574000,0x524e89e56d1cbcac7e28fcdd36746c06b681c101d39e8d023d2e1fd1ba591299,0,RequestedWithdrawal,0xcc10abf54af5c0718b10b0156dfe1e369ce3eee72423e9e86936a0082e9c5d1b,0xe95a5e31904e005066614247d309e00d8ad753aa,16397.588114,1781886564642000,4
475180307,2026-06-19T16:30:16Z,1781886616000,0xbc5d4c56ba12bdb0e9c4bb32377b291693787798577392e358a9936c2d894d4d,12,RequestedWithdrawal,0xcc10abf54af5c0718b10b0156dfe1e369ce3eee72423e9e86936a0082e9c5d1b,0x5a65c4014049df73545e47dafd568281602d3844,13973.117089,1781886593305000,4
475180312,2026-06-19T16:30:18Z,1781886618000,0xf6629deea53383f34a8df7eee69bc827279f4e380d0db07f74b5e6e056320a69,82,FinalizedWithdrawal,0xe5c7fe3a4ffca1590f26d74c8ba8b0db69557f7f4607a2a43f82e93041611978,0xb6dd692047b1dfc6a6109a4171b2a1b2a873f6da,50.03,1781886382614000,4
475180312,2026-06-19T16:30:18Z,1781886618000,0xf6629deea53383f34a8df7eee69bc827279f4e380d0db07f74b5e6e056320a69,84,FinalizedWithdrawal,0xe5c7fe3a4ffca1590f26d74c8ba8b0db69557f7f4607a2a43f82e93041611978,0xd3b3108b0924146ffb24ac1b305bf3bf37ac1165,5.43,1781886383826000,4
475180419,2026-06-19T16:30:45Z,1781886645000,0x72092e96d77128b9dd9165593890d64a6c6c496bad24062350563edf2915d4f9,1,FinalizedWithdrawal,0xe5c7fe3a4ffca1590f26d74c8ba8b0db69557f7f4607a2a43f82e93041611978,0x23cf90c5c50366e11898f1067b6516f883a5e907,34.0,1781886419981000,4
475180500,2026-06-19T16:31:05Z,1781886665000,0x3d1894f9e6d1a806a48823a93ddd44fe1a4f21c90b29abf54b60d770d66b0b71,5,FinalizedWithdrawal,0xe5c7fe3a4ffca1590f26d74c8ba8b0db69557f7f4607a2a43f82e93041611978,0x3697aa1d89aac1705931133b860b1ba5d86db2ee,79.0,1781886445932000,4
475180606,2026-06-19T16:31:32Z,1781886692000,0x800fd4a8d905c632c3012569cfca6279ba397ce1a94ddcde72ce95169e1b7ec6,1,RequestedWithdrawal,0xcc10abf54af5c0718b10b0156dfe1e369ce3eee72423e9e86936a0082e9c5d1b,0x20d72e4dfb3610da08f4377aca7a092e4db05d00,1064.45,1781886673215000,4
475180606,2026-06-19T16:31:32Z,1781886692000,0x800fd4a8d905c632c3012569cfca6279ba397ce1a94ddcde72ce95169e1b7ec6,2,RequestedWithdrawal,0xcc10abf54af5c0718b10b0156dfe1e369ce3eee72423e9e86936a0082e9c5d1b,0x2c6abc37452fd5a707fe92a2a399bec78a84b131,16.58,1781886664836000,4
475180713,2026-06-19T16:31:58Z,1781886718000,0xdc925d0cfadd659dbcefdb395a1ca1846047ae94cde33b7bc4d72c6d6deb15e2,1,FinalizedWithdrawal,0xe5c7fe3a4ffca1590f26d74c8ba8b0db69557f7f4607a2a43f82e93041611978,0x5d18edb8e4b230ce97c3d6fd1646a4fbfe889112,180.45,1781886478722000,4
475180803,2026-06-19T16:32:21Z,1781886741000,0x10db416169f2026597cd8389e4aedbe5c1bc0fe4c4d8c30e3ef4e9ae15f01871,1,FinalizedWithdrawal,0xe5c7fe3a4ffca1590f26d74c8ba8b0db69557f7f4607a2a43f82e93041611978,0x3697aa1d89aac1705931133b860b1ba5d86db2ee,188.0,1781886516751000,4
475181009,2026-06-19T16:33:13Z,1781886793000,0x3a3fbaa3d458f1b8f6c269378ce9f8c361e124067a6eb8803c1b8377b439a40b,11,FinalizedWithdrawal,0xe5c7fe3a4ffca1590f26d74c8ba8b0db69557f7f4607a2a43f82e93041611978,0xe95a5e31904e005066614247d309e00d8ad753aa,16397.588114,1781886564642000,4
475181107,2026-06-19T16:33:38Z,1781886818000,0x40091dd1c19ee3cd8d09429124c40439389c7ee4420abf6e7e649953cedf4406,3,FinalizedWithdrawal,0xe5c7fe3a4ffca1590f26d74c8ba8b0db69557f7f4607a2a43f82e93041611978,0x5a65c4014049df73545e47dafd568281602d3844,13973.117089,1781886593305000,4
475181487,2026-06-19T16:35:13Z,1781886913000,0x9a9c9981055303b2e0e5c879e59b30aaca846b6acb81252a72c3864aa282f344,6,FinalizedWithdrawal,0xe5c7fe3a4ffca1590f26d74c8ba8b0db69557f7f4607a2a43f82e93041611978,0x20d72e4dfb3610da08f4377aca7a092e4db05d00,1064.45,1781886673215000,4
475181487,2026-06-19T16:35:13Z,1781886913000,0x9a9c9981055303b2e0e5c879e59b30aaca846b6acb81252a72c3864aa282f344,8,FinalizedWithdrawal,0xe5c7fe3a4ffca1590f26d74c8ba8b0db69557f7f4607a2a43f82e93041611978,0x2c6abc37452fd5a707fe92a2a399bec78a84b131,16.58,1781886664836000,4
475181589,2026-06-19T16:35:39Z,1781886939000,0xb1114d798c1f6fd36eae04db2de8c6feb3d869eab74c4f0d3ffa0b032b1c57f9,6,RequestedWithdrawal,0xcc10abf54af5c0718b10b0156dfe1e369ce3eee72423e9e86936a0082e9c5d1b,0xc01ec376d9d8a2fc8fb08254fd1adf3a6300e800,16.66,1781886933352000,4
475181796,2026-06-19T16:36:30Z,1781886990000,0x28d899e71687d181bdd8345c76aafe88e83814fc907ded541bfaddad9c25b5d4,2,RequestedWithdrawal,0xcc10abf54af5c0718b10b0156dfe1e369ce3eee72423e9e86936a0082e9c5d1b,0xdf2ae14b051e245194f6a0582083676f7279c21b,217374.32,1781886985702000,4
475182106,2026-06-19T16:37:48Z,1781887068000,0xeba7536b294f354fc5e561e28c4dae111274c8219dac1dd4b80c353d7e6f7ab0,0,RequestedWithdrawal,0xcc10abf54af5c0718b10b0156dfe1e369ce3eee72423e9e86936a0082e9c5d1b,0x76a1f197c2a7e8cf5a83f0c87358c61bf1a83be4,130.71,1781887051004000,4
475182106,2026-06-19T16:37:48Z,1781887068000,0xeba7536b294f354fc5e561e28c4dae111274c8219dac1dd4b80c353d7e6f7ab0,1,RequestedWithdrawal,0xcc10abf54af5c0718b10b0156dfe1e369ce3eee72423e9e86936a0082e9c5d1b,0xf70b10a1441b6897e5b7160e00c06f3c2cae4ca4,135.29,1781887062767000,4
475182394,2026-06-19T16:39:01Z,1781887141000,0x027f27023dda7f536694779935bc2719cc7f5da77d0e17a86472503fe0c798fc,0,RequestedWithdrawal,0xcc10abf54af5c0718b10b0156dfe1e369ce3eee72423e9e86936a0082e9c5d1b,0x2cacde670846877f25bfebee146f8223b077bc6e,16.32,1781887124726000,4
475182403,2026-06-19T16:39:03Z,1781887143000,0x797dcb49a910e6bb513b0e5f9997ced5d3464b040ef8c0e7696014327e936856,1,FinalizedWithdrawal,0xe5c7fe3a4ffca1590f26d74c8ba8b0db69557f7f4607a2a43f82e93041611978,0xc01ec376d9d8a2fc8fb08254fd1adf3a6300e800,16.66,1781886933352000,4
475182665,2026-06-19T16:40:08Z,1781887208000,0x61232c339a47a5c46669b7d8bbaa67a6dcf3e0e842821ac78eb9843a7aaf3d16,5,FinalizedWithdrawal,0xe5c7fe3a4ffca1590f26d74c8ba8b0db69557f7f4607a2a43f82e93041611978,0xdf2ae14b051e245194f6a0582083676f7279c21b,217374.32,1781886985702000,4
475182960,2026-06-19T16:41:22Z,1781887282000,0x052c39b19b23baa8d6329db304e66851de9531bbc74945ce71004f20f2fd9ca9,1,FinalizedWithdrawal,0xe5c7fe3a4ffca1590f26d74c8ba8b0db69557f7f4607a2a43f82e93041611978,0x76a1f197c2a7e8cf5a83f0c87358c61bf1a83be4,130.71,1781887051004000,4
475182960,2026-06-19T16:41:22Z,1781887282000,0x052c39b19b23baa8d6329db304e66851de9531bbc74945ce71004f20f2fd9ca9,3,FinalizedWithdrawal,0xe5c7fe3a4ffca1590f26d74c8ba8b0db69557f7f4607a2a43f82e93041611978,0xf70b10a1441b6897e5b7160e00c06f3c2cae4ca4,135.29,1781887062767000,4
475183263,2026-06-19T16:42:37Z,1781887357000,0x967d93af96ac86060468dfcd6d0a14feeeee12f90a8e8a502815c6d0a428938a,1,FinalizedWithdrawal,0xe5c7fe3a4ffca1590f26d74c8ba8b0db69557f7f4607a2a43f82e93041611978,0x2cacde670846877f25bfebee146f8223b077bc6e,16.32,1781887124726000,4
475183456,2026-06-19T16:43:26Z,1781887406000,0x254ff40204a517bf68e76ce777f7c39d41c28b79ad2b6e0605e52bdf37fdf5cc,0,RequestedWithdrawal,0xcc10abf54af5c0718b10b0156dfe1e369ce3eee72423e9e86936a0082e9c5d1b,0xca12887dfd44df6d813c05772ecabdc8ce199bd7,22.49,1781887387320000,4
475183576,2026-06-19T16:43:56Z,1781887436000,0x8e9a69ac13707c479c65f6c2043d22bb3289918fbafa4f30a6246d421c8a79f4,1,RequestedWithdrawal,0xcc10abf54af5c0718b10b0156dfe1e369ce3eee72423e9e86936a0082e9c5d1b,0x118d1124c31ff54076ee22f1262e6509bde60bb4,19.32,1781887404009000,4
475183657,2026-06-19T16:44:16Z,1781887456000,0x5451acdfa1ae805c98a1b705af47fc6e8ba549f5accdfbfa376fcd0307061304,0,RequestedWithdrawal,0xcc10abf54af5c0718b10b0156dfe1e369ce3eee72423e9e86936a0082e9c5d1b,0x781e95fdc049433565cf8e05265361b8402196b7,319999.0,1781887443831000,4
475183980,2026-06-19T16:45:37Z,1781887537000,0xc03bf8ff7d9bed4ee7ad9f1cefec05ed4b063aaf13e434d265b6acbd7d12d9dd,0,RequestedWithdrawal,0xcc10abf54af5c0718b10b0156dfe1e369ce3eee72423e9e86936a0082e9c5d1b,0x6fbd2faed79ad51fea4f2f1e01bd7f0c76cd1643,15.58,1781887512203000,4
475184354,2026-06-19T16:47:11Z,1781887631000,0x21386f8c8f3d30ba0871af79a1ab3ca3d67a8737548fee3204b85676eb3f5663,24,RequestedWithdrawal,0xcc10abf54af5c0718b10b0156dfe1e369ce3eee72423e9e86936a0082e9c5d1b,0xb2684bde8c0890502371b22f5a6657bbaef2e103,399.0,1781887617442000,4
475184361,2026-06-19T16:47:13Z,1781887633000,0xa0905b32aa880c43e28c2551db83ccd09480a56738cdfc05da055a9cb66e0dfa,30,FinalizedWithdrawal,0xe5c7fe3a4ffca1590f26d74c8ba8b0db69557f7f4607a2a43f82e93041611978,0xca12887dfd44df6d813c05772ecabdc8ce199bd7,22.49,1781887387320000,4
475184465,2026-06-19T16:47:39Z,1781887659000,0xa4dfc9881e06ba2f958c6e0f8c85735b66322a295bafb22be5b728485527521b,0,RequestedWithdrawal,0xcc10abf54af5c0718b10b0156dfe1e369ce3eee72423e9e86936a0082e9c5d1b,0x080bd31eb1487c9c2f38115bfde84a87026f53ef,15.91,1781887652028000,4
475184471,2026-06-19T16:47:41Z,1781887661000,0x4239600585c5adc3c6b6cbb3836813a53f309d09bf3544e883255ec0dd153c0b,2,FinalizedWithdrawal,0xe5c7fe3a4ffca1590f26d74c8ba8b0db69557f7f4607a2a43f82e93041611978,0x781e95fdc049433565cf8e05265361b8402196b7,319999.0,1781887443831000,4
475184471,2026-06-19T16:47:41Z,1781887661000,0x4239600585c5adc3c6b6cbb3836813a53f309d09bf3544e883255ec0dd153c0b,4,FinalizedWithdrawal,0xe5c7fe3a4ffca1590f26d74c8ba8b0db69557f7f4607a2a43f82e93041611978,0x118d1124c31ff54076ee22f1262e6509bde60bb4,19.32,1781887404009000,4
475184786,2026-06-19T16:48:59Z,1781887739000,0xba9d9341453ea8f670307b18ffcd65952ccfef034f6f3b2a2046e0a61fa27ae7,9,RequestedWithdrawal,0xcc10abf54af5c0718b10b0156dfe1e369ce3eee72423e9e86936a0082e9c5d1b,0x8c0eaf3f9e7f85d0ed1fd7265f0e7875e2e658c4,5.21,1781887731758000,4
475184791,2026-06-19T16:49:00Z,1781887740000,0xbd516ba75a86c983224245d624294d3572fe02836a23f5c012f37df79b359978,20,FinalizedWithdrawal,0xe5c7fe3a4ffca1590f26d74c8ba8b0db69557f7f4607a2a43f82e93041611978,0x6fbd2faed79ad51fea4f2f1e01bd7f0c76cd1643,15.58,1781887512203000,4
475185076,2026-06-19T16:50:12Z,1781887812000,0xe7ac53c434887193fa4dc21769805d6daece863b09d525ccdbfceddcab9d6286,113,RequestedWithdrawal,0xcc10abf54af5c0718b10b0156dfe1e369ce3eee72423e9e86936a0082e9c5d1b,0xf032648dfd22c4d81588bd83e09ab89cfe816705,2734.016774,1781887792991000,4
475185184,2026-06-19T16:50:39Z,1781887839000,0xa9055202b6f255f7f1dc36e02bffac3d48a1154812e1bb07653eb8311e3e2774,1,FinalizedWithdrawal,0xe5c7fe3a4ffca1590f26d74c8ba8b0db69557f7f4607a2a43f82e93041611978,0xb2684bde8c0890502371b22f5a6657bbaef2e103,399.0,1781887617442000,4
475185297,2026-06-19T16:51:07Z,1781887867000,0x061153ee4c0a4351f7d6a4b73b84d7dd163423951a0f3b76d1c42000de12e6ec,1,FinalizedWithdrawal,0xe5c7fe3a4ffca1590f26d74c8ba8b0db69557f7f4607a2a43f82e93041611978,0x080bd31eb1487c9c2f38115bfde84a87026f53ef,15.91,1781887652028000,4
475185382,2026-06-19T16:51:29Z,1781887889000,0xc2a839de4ca06c4049f74a5153211aeaa974663013dd489ba8d87ff007fb78cb,0,RequestedWithdrawal,0xcc10abf54af5c0718b10b0156dfe1e369ce3eee72423e9e86936a0082e9c5d1b,0x052cb3908a4f0c12357d793bb6894b609e75fd8c,4.0,1781887866012000,4
475185666,2026-06-19T16:52:40Z,1781887960000,0x67484c5535445372cc74336608e118383527bbbd10ca510db65061d5081e7c71,6,RequestedWithdrawal,0xcc10abf54af5c0718b10b0156dfe1e369ce3eee72423e9e86936a0082e9c5d1b,0x7066bdd43dfab4698f6a2989711dd034755aa8b6,15.57,1781887946333000,4
475185670,2026-06-19T16:52:41Z,1781887961000,0x54484bf594129cbea5647cdf49322baae8fd7cb260b16d123bdfab5a64c40a80,1,FinalizedWithdrawal,0xe5c7fe3a4ffca1590f26d74c8ba8b0db69557f7f4607a2a43f82e93041611978,0x8c0eaf3f9e7f85d0ed1fd7265f0e7875e2e658c4,5.21,1781887731758000,4
475185788,2026-06-19T16:53:11Z,1781887991000,0x5c5389f873187e05b689d10a910cd984cc08bdd8d398064d440bdac39c91e8ca,0,RequestedWithdrawal,0xcc10abf54af5c0718b10b0156dfe1e369ce3eee72423e9e86936a0082e9c5d1b,0x4c5637b320c61fede6b1eb45e7c2a858460a7d00,573.0,1781887942341000,4
475185908,2026-06-19T16:53:41Z,1781888021000,0x67b1e1aa16ed7369476c639bef0d9c709b70c8c3224b100708e8f99374a62ce8,1,FinalizedWithdrawal,0xe5c7fe3a4ffca1590f26d74c8ba8b0db69557f7f4607a2a43f82e93041611978,0xf032648dfd22c4d81588bd83e09ab89cfe816705,2734.016774,1781887792991000,4
475186008,2026-06-19T16:54:06Z,1781888046000,0xeddf5a51f4728e38234e2b5f8c8693313b0d2c9367ed7e9efa7a7ff94231947f,18,RequestedWithdrawal,0xcc10abf54af5c0718b10b0156dfe1e369ce3eee72423e9e86936a0082e9c5d1b,0x7912876b78ed09b9466349420d2e838b05d39067,15.62,1781888027718000,4
475186008,2026-06-19T16:54:06Z,1781888046000,0xeddf5a51f4728e38234e2b5f8c8693313b0d2c9367ed7e9efa7a7ff94231947f,19,RequestedWithdrawal,0xcc10abf54af5c0718b10b0156dfe1e369ce3eee72423e9e86936a0082e9c5d1b,0xe77f2f063c152248a9893a59065a1b98094a7286,28.41423,1781888031399000,4
475186208,2026-06-19T16:54:56Z,1781888096000,0xe49c86f429cfcd9d1e76d5f0982e46963d759b97a02cd77a50d5d0b965e0e8f7,3,RequestedWithdrawal,0xcc10abf54af5c0718b10b0156dfe1e369ce3eee72423e9e86936a0082e9c5d1b,0x91642e1d91a790e9bae2afd1144237fd06713fa6,16.012834,1781888068677000,4
475186212,2026-06-19T16:54:57Z,1781888097000,0xe85dad41d3203b6d46c8f40d246c9333310c2fdb3a0383b89471cf20f255d1d7,7,FinalizedWithdrawal,0xe5c7fe3a4ffca1590f26d74c8ba8b0db69557f7f4607a2a43f82e93041611978,0x052cb3908a4f0c12357d793bb6894b609e75fd8c,4.0,1781887866012000,4
475186300,2026-06-19T16:55:18Z,1781888118000,0xf26a7957d447e603648145216ca1c8d2db77a210fd6923e32191cefdaa6f82fe,5,RequestedWithdrawal,0xcc10abf54af5c0718b10b0156dfe1e369ce3eee72423e9e86936a0082e9c5d1b,0x229e7122e22450d73e016dc5f35ecd1abf710977,15.62,1781888096130000,4
475186505,2026-06-19T16:56:10Z,1781888170000,0xe25e842b05b62f19298c83e2249c69b935c4c1a5f9f345aa35a1aa3c79c40c7b,10,FinalizedWithdrawal,0xe5c7fe3a4ffca1590f26d74c8ba8b0db69557f7f4607a2a43f82e93041611978,0x7066bdd43dfab4698f6a2989711dd034755aa8b6,15.57,1781887946333000,4
475186608,2026-06-19T16:56:36Z,1781888196000,0x2386eb5dabac40450a3610c23b043fd0e525e01246352818a3323152d5ce143c,13,RequestedWithdrawal,0xcc10abf54af5c0718b10b0156dfe1e369ce3eee72423e9e86936a0082e9c5d1b,0x97cee11e7d80f8bdc4d014015f96a8f232492883,14.06,1781888175092000,4
475186617,2026-06-19T16:56:38Z,1781888198000,0x47509d52a65a48585d834004d6f4cc0251b4b5e89d12e2e802406a415661a909,1,FinalizedWithdrawal,0xe5c7fe3a4ffca1590f26d74c8ba8b0db69557f7f4607a2a43f82e93041611978,0x4c5637b320c61fede6b1eb45e7c2a858460a7d00,573.0,1781887942341000,4
475186697,2026-06-19T16:56:58Z,1781888218000,0x5349361de8529b1731a1cb0c05214dac8c2525a5a1a6d03d6d168d19da6cdcf4,19,RequestedWithdrawal,0xcc10abf54af5c0718b10b0156dfe1e369ce3eee72423e9e86936a0082e9c5d1b,0x7f431d28ad41f0d0d5d0fed431db89a42c17d0da,20.03,1781888209302000,4
475186697,2026-06-19T16:56:58Z,1781888218000,0x5349361de8529b1731a1cb0c05214dac8c2525a5a1a6d03d6d168d19da6cdcf4,20,RequestedWithdrawal,0xcc10abf54af5c0718b10b0156dfe1e369ce3eee72423e9e86936a0082e9c5d1b,0xdc16d682f5922870cfb2278cae5fc3293ae384b6,13.937779,1781888211183000,4
475186799,2026-06-19T16:57:24Z,1781888244000,0xf6311c86130b4e64faddf28440087c95bf6a18838615a1dce412dca83be67d7a,5,RequestedWithdrawal,0xcc10abf54af5c0718b10b0156dfe1e369ce3eee72423e9e86936a0082e9c5d1b,0x47a366ff5fe1804f15f05d23352434fa345b4f1b,2.39,1781888216910000,4
475186914,2026-06-19T16:57:52Z,1781888272000,0x054dd420aea182353647bba3a57617c80734b9301a7211ef92ab5694f562d8e4,4,FinalizedWithdrawal,0xe5c7fe3a4ffca1590f26d74c8ba8b0db69557f7f4607a2a43f82e93041611978,0x7912876b78ed09b9466349420d2e838b05d39067,15.62,1781888027718000,4
475186914,2026-06-19T16:57:52Z,1781888272000,0x054dd420aea182353647bba3a57617c80734b9301a7211ef92ab5694f562d8e4,6,FinalizedWithdrawal,0xe5c7fe3a4ffca1590f26d74c8ba8b0db69557f7f4607a2a43f82e93041611978,0xe77f2f063c152248a9893a59065a1b98094a7286,28.41423,1781888031399000,4
475187002,2026-06-19T16:58:14Z,1781888294000,0x5cda45b57201e6d9ba9f0b3fa615a89464101729f8aa2beb29ec82d5730df449,3,RequestedWithdrawal,0xcc10abf54af5c0718b10b0156dfe1e369ce3eee72423e9e86936a0082e9c5d1b,0xf34e96fee9087fd7cf5c6740926262881b47a459,15.58,1781888289198000,4
475187107,2026-06-19T16:58:41Z,1781888321000,0xe763b86b4f236d314592e204874ffba5cc3eed8bb5b06d9dd7f38370547f9c17,13,FinalizedWithdrawal,0xe5c7fe3a4ffca1590f26d74c8ba8b0db69557f7f4607a2a43f82e93041611978,0x91642e1d91a790e9bae2afd1144237fd06713fa6,16.012834,1781888068677000,4
475187107,2026-06-19T16:58:41Z,1781888321000,0xe763b86b4f236d314592e204874ffba5cc3eed8bb5b06d9dd7f38370547f9c17,15,FinalizedWithdrawal,0xe5c7fe3a4ffca1590f26d74c8ba8b0db69557f7f4607a2a43f82e93041611978,0x229e7122e22450d73e016dc5f35ecd1abf710977,15.62,1781888096130000,4
475187187,2026-06-19T16:59:01Z,1781888341000,0xb23943a3772a5467ee17fdb0dd32647ec24431d234c8599a2ccdf4be82872d6e,0,RequestedWithdrawal,0xcc10abf54af5c0718b10b0156dfe1e369ce3eee72423e9e86936a0082e9c5d1b,0x5a0e171290c5f89318ec90581e06080976805441,216152.68,1781888324493000,4
475187187,2026-06-19T16:59:01Z,1781888341000,0xb23943a3772a5467ee17fdb0dd32647ec24431d234c8599a2ccdf4be82872d6e,1,RequestedWithdrawal,0xcc10abf54af5c0718b10b0156dfe1e369ce3eee72423e9e86936a0082e9c5d1b,0xf48acd1c89294b1291bbb97e26d14b26580a8ae8,424.17,1781888335099000,4
475187187,2026-06-19T16:59:01Z,1781888341000,0xb23943a3772a5467ee17fdb0dd32647ec24431d234c8599a2ccdf4be82872d6e,2,RequestedWithdrawal,0xcc10abf54af5c0718b10b0156dfe1e369ce3eee72423e9e86936a0082e9c5d1b,0xfedd446296680fcc30379bdd268bd6a84aab844e,26.59,1781888334953000,4
475187291,2026-06-19T16:59:27Z,1781888367000,0x9c66bcbaeaca92309af021fe783c55eeebe573afecad07d0524b30bcc2784a68,0,RequestedWithdrawal,0xcc10abf54af5c0718b10b0156dfe1e369ce3eee72423e9e86936a0082e9c5d1b,0xef9b4f2e73b589754807067ed23703cd070dee4e,16.22,1781888354118000,4
475187465,2026-06-19T17:00:11Z,1781888411000,0x36196bd8ffeaa22daa3a0c56b931e7521adc9f9d69ddd13a49cf01db9c95a9d5,1,RequestedWithdrawal,0xcc10abf54af5c0718b10b0156dfe1e369ce3eee72423e9e86936a0082e9c5d1b,0xf032648dfd22c4d81588bd83e09ab89cfe816705,2574.12887,1781888393096000,4
475187470,2026-06-19T17:00:12Z,1781888412000,0x8048cc2c18d02aded7d15f16ae40bdc1cb84b7bc45ff2fd4273b145111a2acd7,1,FinalizedWithdrawal,0xe5c7fe3a4ffca1590f26d74c8ba8b0db69557f7f4607a2a43f82e93041611978,0x97cee11e7d80f8bdc4d014015f96a8f232492883,14.06,1781888175092000,4
475187553,2026-06-19T17:00:33Z,1781888433000,0xc60d651ced066c756d17ee056d0f954792aa2a8e3f2b1a160666f134312f6e94,3,RequestedWithdrawal,0xcc10abf54af5c0718b10b0156dfe1e369ce3eee72423e9e86936a0082e9c5d1b,0x201d3241253b994882eaa47ab64501383fc828d5,16.17,1781888434570000,4
475187559,2026-06-19T17:00:34Z,1781888434000,0x21397bb89188111ed72daadd2b68d361957b5456fbcf06e66192740fd2e5fc86,1,FinalizedWithdrawal,0xe5c7fe3a4ffca1590f26d74c8ba8b0db69557f7f4607a2a43f82e93041611978,0x7f431d28ad41f0d0d5d0fed431db89a42c17d0da,20.03,1781888209302000,4
475187559,2026-06-19T17:00:34Z,1781888434000,0x21397bb89188111ed72daadd2b68d361957b5456fbcf06e66192740fd2e5fc86,3,FinalizedWithdrawal,0xe5c7fe3a4ffca1590f26d74c8ba8b0db69557f7f4607a2a43f82e93041611978,0xdc16d682f5922870cfb2278cae5fc3293ae384b6,13.937779,1781888211183000,4
475187635,2026-06-19T17:00:53Z,1781888453000,0xe54747ec38103bc203a251a8c8acebfaf151a9ecf4dba08b8b41d65f3a580bf8,9,FinalizedWithdrawal,0xe5c7fe3a4ffca1590f26d74c8ba8b0db69557f7f4607a2a43f82e93041611978,0x47a366ff5fe1804f15f05d23352434fa345b4f1b,2.39,1781888216910000,4
475187732,2026-06-19T17:01:18Z,1781888478000,0xb8f799720b4ed863d9827d35ec3e5322b35ef9988e74a395db97980106dd0e09,3,RequestedWithdrawal,0xcc10abf54af5c0718b10b0156dfe1e369ce3eee72423e9e86936a0082e9c5d1b,0x6898f2d3fac756cf2cec45dbfeb509016280d985,15.57,1781888452873000,4
475187821,2026-06-19T17:01:39Z,1781888499000,0xf237b2e7f750a0744f2eefc7fe4dc0b778a24f1ae6d01ef86257031c541e0541,1,FinalizedWithdrawal,0xe5c7fe3a4ffca1590f26d74c8ba8b0db69557f7f4607a2a43f82e93041611978,0xf34e96fee9087fd7cf5c6740926262881b47a459,15.58,1781888289198000,4
475187998,2026-06-19T17:02:24Z,1781888544000,0x84db042aeaa1674c6f9be5ca99769398563faae3deecd14c142f73a1df2c8371,0,RequestedWithdrawal,0xcc10abf54af5c0718b10b0156dfe1e369ce3eee72423e9e86936a0082e9c5d1b,0x023a3d058020fb76cca98f01b3c48c8938a22355,350647.0,1781888537050000,4
475187998,2026-06-19T17:02:24Z,1781888544000,0x84db042aeaa1674c6f9be5ca99769398563faae3deecd14c142f73a1df2c8371,1,RequestedWithdrawal,0xcc10abf54af5c0718b10b0156dfe1e369ce3eee72423e9e86936a0082e9c5d1b,0x023a3d058020fb76cca98f01b3c48c8938a22355,899169.0,1781888537056000,4
475187998,2026-06-19T17:02:24Z,1781888544000,0x84db042aeaa1674c6f9be5ca99769398563faae3deecd14c142f73a1df2c8371,2,RequestedWithdrawal,0xcc10abf54af5c0718b10b0156dfe1e369ce3eee72423e9e86936a0082e9c5d1b,0xbf214362ff42e6284ca84c54e7fedf8862e487fb,15.59,1781888532375000,4
475187998,2026-06-19T17:02:24Z,1781888544000,0x84db042aeaa1674c6f9be5ca99769398563faae3deecd14c142f73a1df2c8371,3,RequestedWithdrawal,0xcc10abf54af5c0718b10b0156dfe1e369ce3eee72423e9e86936a0082e9c5d1b,0xfbdc2240761f408995f3b7754234f01e10d6e9c7,110.16,1781888527818000,4
475188006,2026-06-19T17:02:26Z,1781888546000,0x3832d4b5e5081922a2d5f684b08cbb74b9d5cfd6f0173958621964d666538fb1,1,FinalizedWithdrawal,0xe5c7fe3a4ffca1590f26d74c8ba8b0db69557f7f4607a2a43f82e93041611978,0x5a0e171290c5f89318ec90581e06080976805441,216152.68,1781888324493000,4
475188006,2026-06-19T17:02:26Z,1781888546000,0x3832d4b5e5081922a2d5f684b08cbb74b9d5cfd6f0173958621964d666538fb1,3,FinalizedWithdrawal,0xe5c7fe3a4ffca1590f26d74c8ba8b0db69557f7f4607a2a43f82e93041611978,0xfedd446296680fcc30379bdd268bd6a84aab844e,26.59,1781888334953000,4
475188006,2026-06-19T17:02:26Z,1781888546000,0x3832d4b5e5081922a2d5f684b08cbb74b9d5cfd6f0173958621964d666538fb1,5,FinalizedWithdrawal,0xe5c7fe3a4ffca1590f26d74c8ba8b0db69557f7f4607a2a43f82e93041611978,0xf48acd1c89294b1291bbb97e26d14b26580a8ae8,424.17,1781888335099000,4
475188100,2026-06-19T17:02:49Z,1781888569000,0x7b0671d1b014ec4492435dd4fe422d38a41d0469d323827e4d75763f239782b1,1,FinalizedWithdrawal,0xe5c7fe3a4ffca1590f26d74c8ba8b0db69557f7f4607a2a43f82e93041611978,0xef9b4f2e73b589754807067ed23703cd070dee4e,16.22,1781888354118000,4
475188183,2026-06-19T17:03:10Z,1781888590000,0x6352ecffe02a6566a90f8830f710b67a5173c5899e3a319a6843f7d61239c8fa,0,RequestedWithdrawal,0xcc10abf54af5c0718b10b0156dfe1e369ce3eee72423e9e86936a0082e9c5d1b,0x023a3d058020fb76cca98f01b3c48c8938a22355,371421.12,1781888577157000,4
475188183,2026-06-19T17:03:10Z,1781888590000,0x6352ecffe02a6566a90f8830f710b67a5173c5899e3a319a6843f7d61239c8fa,1,RequestedWithdrawal,0xcc10abf54af5c0718b10b0156dfe1e369ce3eee72423e9e86936a0082e9c5d1b,0x023a3d058020fb76cca98f01b3c48c8938a22355,530654.62,1781888577278000,4
475188183,2026-06-19T17:03:10Z,1781888590000,0x6352ecffe02a6566a90f8830f710b67a5173c5899e3a319a6843f7d61239c8fa,2,RequestedWithdrawal,0xcc10abf54af5c0718b10b0156dfe1e369ce3eee72423e9e86936a0082e9c5d1b,0x91f3b1036feb1e315d3e75ea23f4bdbc74fa853a,330.0,1781888584790000,4
475188302,2026-06-19T17:03:40Z,1781888620000,0x3adae74f55718bb471b772dbee999be26c4f5c66447fd5f4882ad57910a6c1de,1,FinalizedWithdrawal,0xe5c7fe3a4ffca1590f26d74c8ba8b0db69557f7f4607a2a43f82e93041611978,0xf032648dfd22c4d81588bd83e09ab89cfe816705,2574.12887,1781888393096000,4
475188410,2026-06-19T17:04:07Z,1781888647000,0xf3441abf1bb21a06d30f09bc37f84aa4dc43cc7d7d8eead40285eee6d5ae7968,6,RequestedWithdrawal,0xcc10abf54af5c0718b10b0156dfe1e369ce3eee72423e9e86936a0082e9c5d1b,0xb0e410fb3b88d52b02574abcb8a6d46f08042b4f,2495.0,1781888625221000,4
475188415,2026-06-19T17:04:09Z,1781888649000,0x1c389a2b4effcd588c13a7b48f5f0f1bbf0a185f786f1172d3369379229a3a43,6,FinalizedWithdrawal,0xe5c7fe3a4ffca1590f26d74c8ba8b0db69557f7f4607a2a43f82e93041611978,0x201d3241253b994882eaa47ab64501383fc828d5,16.17,1781888434570000,4
475188520,2026-06-19T17:04:35Z,1781888675000,0x4173ef7d6c9ab4a6e69dd01c4e2d8241a58739e02e15ac364e5cbbf411a8267d,0,RequestedWithdrawal,0xcc10abf54af5c0718b10b0156dfe1e369ce3eee72423e9e86936a0082e9c5d1b,0x19ec3b1dcc8b196f6bfac609ef4a8007fc73c5c4,15.59,1781888668576000,4
475188520,2026-06-19T17:04:35Z,1781888675000,0x4173ef7d6c9ab4a6e69dd01c4e2d8241a58739e02e15ac364e5cbbf411a8267d,1,RequestedWithdrawal,0xcc10abf54af5c0718b10b0156dfe1e369ce3eee72423e9e86936a0082e9c5d1b,0x61387d7e85508811de339276e013e0517f3782ad,7911.958,1781888668476000,4
475188608,2026-06-19T17:04:57Z,1781888697000,0x8256dc3af3fbace643686295c865ebe9d30c5440a02309e25b77f1b8921ae0da,43,FinalizedWithdrawal,0xe5c7fe3a4ffca1590f26d74c8ba8b0db69557f7f4607a2a43f82e93041611978,0x6898f2d3fac756cf2cec45dbfeb509016280d985,15.57,1781888452873000,4
475188795,2026-06-19T17:05:44Z,1781888744000,0x37266938df1810bbb05cc24c89958b07e5709704ac04cc1fad913cf92a3ddcc2,0,RequestedWithdrawal,0xcc10abf54af5c0718b10b0156dfe1e369ce3eee72423e9e86936a0082e9c5d1b,0xd222b686f5ebd2eff18da7e35d97518bdc887ba3,36.35,1781888737972000,4
475188900,2026-06-19T17:06:10Z,1781888770000,0x0e568e14636f1d453970fceb28b335018af3842fc17fe153c5230cd5659ed104,1,FinalizedWithdrawal,0xe5c7fe3a4ffca1590f26d74c8ba8b0db69557f7f4607a2a43f82e93041611978,0x023a3d058020fb76cca98f01b3c48c8938a22355,350647.0,1781888537050000,4
475188900,2026-06-19T17:06:10Z,1781888770000,0x0e568e14636f1d453970fceb28b335018af3842fc17fe153c5230cd5659ed104,3,FinalizedWithdrawal,0xe5c7fe3a4ffca1590f26d74c8ba8b0db69557f7f4607a2a43f82e93041611978,0x023a3d058020fb76cca98f01b3c48c8938a22355,899169.0,1781888537056000,4
475188900,2026-06-19T17:06:10Z,1781888770000,0x0e568e14636f1d453970fceb28b335018af3842fc17fe153c5230cd5659ed104,5,FinalizedWithdrawal,0xe5c7fe3a4ffca1590f26d74c8ba8b0db69557f7f4607a2a43f82e93041611978,0xbf214362ff42e6284ca84c54e7fedf8862e487fb,15.59,1781888532375000,4
475188900,2026-06-19T17:06:10Z,1781888770000,0x0e568e14636f1d453970fceb28b335018af3842fc17fe153c5230cd5659ed104,7,FinalizedWithdrawal,0xe5c7fe3a4ffca1590f26d74c8ba8b0db69557f7f4607a2a43f82e93041611978,0xfbdc2240761f408995f3b7754234f01e10d6e9c7,110.16,1781888527818000,4
475189080,2026-06-19T17:06:55Z,1781888815000,0xde591b0a49a6e7c5d58f7b2d0bc43350163696f5a4ceb65f6c6a99827f116c81,1,RequestedWithdrawal,0xcc10abf54af5c0718b10b0156dfe1e369ce3eee72423e9e86936a0082e9c5d1b,0x1abb2f722f3d8a9b032708f4de1dc130e9d51191,36.89,1781888792799000,4
475189086,2026-06-19T17:06:57Z,1781888817000,0x14b6265912b26e1b1f18ba8313d0c778de57fa7e3f1c63bc531b4616daed32ca,124,FinalizedWithdrawal,0xe5c7fe3a4ffca1590f26d74c8ba8b0db69557f7f4607a2a43f82e93041611978,0x023a3d058020fb76cca98f01b3c48c8938a22355,530654.62,1781888577278000,4
475189086,2026-06-19T17:06:57Z,1781888817000,0x14b6265912b26e1b1f18ba8313d0c778de57fa7e3f1c63bc531b4616daed32ca,126,FinalizedWithdrawal,0xe5c7fe3a4ffca1590f26d74c8ba8b0db69557f7f4607a2a43f82e93041611978,0x91f3b1036feb1e315d3e75ea23f4bdbc74fa853a,330.0,1781888584790000,4
475189086,2026-06-19T17:06:57Z,1781888817000,0x14b6265912b26e1b1f18ba8313d0c778de57fa7e3f1c63bc531b4616daed32ca,128,FinalizedWithdrawal,0xe5c7fe3a4ffca1590f26d74c8ba8b0db69557f7f4607a2a43f82e93041611978,0x023a3d058020fb76cca98f01b3c48c8938a22355,371421.12,1781888577157000,4
475189293,2026-06-19T17:07:48Z,1781888868000,0x4e8f6ecefa1a3e91ab1a37798ff13cf00850cbbbbbbecfc3fc44020679b15b26,0,RequestedWithdrawal,0xcc10abf54af5c0718b10b0156dfe1e369ce3eee72423e9e86936a0082e9c5d1b,0xf6beecdb6952fc318393509c4820c637188fe3fa,36.1,1781888859423000,4
475189298,2026-06-19T17:07:49Z,1781888869000,0xf4672793f45629a65b83ad7eb8457e81b7caa8974c4a1cff357de6f9d3b16ded,18,FinalizedWithdrawal,0xe5c7fe3a4ffca1590f26d74c8ba8b0db69557f7f4607a2a43f82e93041611978,0xb0e410fb3b88d52b02574abcb8a6d46f08042b4f,2495.0,1781888625221000,4
475189370,2026-06-19T17:08:07Z,1781888887000,0x32749a89d1acf17dd1f4890c521886165ecb0ccbac648161b2d34560c12d7e86,1,FinalizedWithdrawal,0xe5c7fe3a4ffca1590f26d74c8ba8b0db69557f7f4607a2a43f82e93041611978,0x19ec3b1dcc8b196f6bfac609ef4a8007fc73c5c4,15.59,1781888668576000,4
475189370,2026-06-19T17:08:07Z,1781888887000,0x32749a89d1acf17dd1f4890c521886165ecb0ccbac648161b2d34560c12d7e86,3,FinalizedWithdrawal,0xe5c7fe3a4ffca1590f26d74c8ba8b0db69557f7f4607a2a43f82e93041611978,0x61387d7e85508811de339276e013e0517f3782ad,7911.958,1781888668476000,4
475189554,2026-06-19T17:08:54Z,1781888934000,0xecca68848e5d8471e25581d4d6b1115c9e2ef9fcafc722fe27e59cdeab1c56a2,4,RequestedWithdrawal,0xcc10abf54af5c0718b10b0156dfe1e369ce3eee72423e9e86936a0082e9c5d1b,0xe37f4b72d4cbd7804e272f7f6283df18955ff62f,36.04,1781888910518000,4
475189656,2026-06-19T17:09:19Z,1781888959000,0x9fc33ed55d4cc369fbd6361b2660e71dbd6baffba74b13688acb4569868072cf,1,FinalizedWithdrawal,0xe5c7fe3a4ffca1590f26d74c8ba8b0db69557f7f4607a2a43f82e93041611978,0xd222b686f5ebd2eff18da7e35d97518bdc887ba3,36.35,1781888737972000,4
475189756,2026-06-19T17:09:44Z,1781888984000,0x93fffffbdf3103ecb1adca6d9369b69d4f290103e6cf93f85cbeb2cfc9632600,9,RequestedWithdrawal,0xcc10abf54af5c0718b10b0156dfe1e369ce3eee72423e9e86936a0082e9c5d1b,0x001b91b15467eb0e36f65fbef58487957c6eb679,36.36,1781888964002000,4
475189756,2026-06-19T17:09:44Z,1781888984000,0x93fffffbdf3103ecb1adca6d9369b69d4f290103e6cf93f85cbeb2cfc9632600,10,RequestedWithdrawal,0xcc10abf54af5c0718b10b0156dfe1e369ce3eee72423e9e86936a0082e9c5d1b,0xa4c057fb07ac0e6add4549b41220c767911b01f0,77.905962,1781888980825000,4
475189953,2026-06-19T17:10:34Z,1781889034000,0x9b52ceb57bc64406b6ebb13b6ee7bec7ab6229d9a6f2b7ea27f8ae7ff9bea866,5,FinalizedWithdrawal,0xe5c7fe3a4ffca1590f26d74c8ba8b0db69557f7f4607a2a43f82e93041611978,0x1abb2f722f3d8a9b032708f4de1dc130e9d51191,36.89,1781888792799000,4
475190112,2026-06-19T17:11:14Z,1781889074000,0xfe6786682e2cd9562fa8bc7e08901889df4c9e099ff03ff61a02d69da337f0c4,3,RequestedWithdrawal,0xcc10abf54af5c0718b10b0156dfe1e369ce3eee72423e9e86936a0082e9c5d1b,0xea98be642dbb139cecf2d987b8ceb75729759f51,25.35,1781889058330000,4
475190139,2026-06-19T17:11:21Z,1781889081000,0xfd13d73b018b888acdd6f7fafc6d3f4b433b49bf1400c5f9f2a4493d1d8a5135,3,FinalizedWithdrawal,0xe5c7fe3a4ffca1590f26d74c8ba8b0db69557f7f4607a2a43f82e93041611978,0xf6beecdb6952fc318393509c4820c637188fe3fa,36.1,1781888859423000,4
475190324,2026-06-19T17:12:07Z,1781889127000,0xbf5dcfe79c840f5c9e127b43edefd22e7ce8d35b8e3e3af894c7e9a2f47e8cae,40,RequestedWithdrawal,0xcc10abf54af5c0718b10b0156dfe1e369ce3eee72423e9e86936a0082e9c5d1b,0x5e241c0072e25ab8bde9542d58be036612e76e8f,25.11,1781889106505000,4
475190419,2026-06-19T17:12:31Z,1781889151000,0x28513621ef0fd003cb393788566410a2bed2e11459748dcaf00dcac507f41125,4,RequestedWithdrawal,0xcc10abf54af5c0718b10b0156dfe1e369ce3eee72423e9e86936a0082e9c5d1b,0x4d4eb8042f0da0782a7e708e6c592826d221b779,9.0,1781889147878000,4
475190426,2026-06-19T17:12:33Z,1781889153000,0xbfc043c6d140532ea4fdc11fcba85cde4f884344ba54edfd3183a8cbd3902c17,7,FinalizedWithdrawal,0xe5c7fe3a4ffca1590f26d74c8ba8b0db69557f7f4607a2a43f82e93041611978,0xe37f4b72d4cbd7804e272f7f6283df18955ff62f,36.04,1781888910518000,4
475190509,2026-06-19T17:12:53Z,1781889173000,0xf27cdb4c498ee9815bf6258d9f278c9527d3420e62b7d644d3b7cf3d7e5d06c0,0,RequestedWithdrawal,0xcc10abf54af5c0718b10b0156dfe1e369ce3eee72423e9e86936a0082e9c5d1b,0xb97380b867ae5b667651c32e66559af6cb0fa0b1,624.900967,1781889147689000,4
475190509,2026-06-19T17:12:53Z,1781889173000,0xf27cdb4c498ee9815bf6258d9f278c9527d3420e62b7d644d3b7cf3d7e5d06c0,1,RequestedWithdrawal,0xcc10abf54af5c0718b10b0156dfe1e369ce3eee72423e9e86936a0082e9c5d1b,0xc420cc6336ab34df706bf75c4d48afc9a02b855d,25.14,1781889164673000,4
475190620,2026-06-19T17:13:21Z,1781889201000,0x4753c79fe2a911d06295e5147bade78fd6d20e7fb171bbc581a4206923018eac,1,FinalizedWithdrawal,0xe5c7fe3a4ffca1590f26d74c8ba8b0db69557f7f4607a2a43f82e93041611978,0xa4c057fb07ac0e6add4549b41220c767911b01f0,77.905962,1781888980825000,4
475190620,2026-06-19T17:13:21Z,1781889201000,0x4753c79fe2a911d06295e5147bade78fd6d20e7fb171bbc581a4206923018eac,3,FinalizedWithdrawal,0xe5c7fe3a4ffca1590f26d74c8ba8b0db69557f7f4607a2a43f82e93041611978,0x001b91b15467eb0e36f65fbef58487957c6eb679,36.36,1781888964002000,4
475190804,2026-06-19T17:14:07Z,1781889247000,0xda05334916ca89ab7c6a8ddf79fa74d5c22646840d6878f8f75c037af5f181d0,67,RequestedWithdrawal,0xcc10abf54af5c0718b10b0156dfe1e369ce3eee72423e9e86936a0082e9c5d1b,0x09c1f481f66da496ec8a9e68d0740e47cc0c6755,17.71,1781889236347000,4
475190804,2026-06-19T17:14:07Z,1781889247000,0xda05334916ca89ab7c6a8ddf79fa74d5c22646840d6878f8f75c037af5f181d0,68,RequestedWithdrawal,0xcc10abf54af5c0718b10b0156dfe1e369ce3eee72423e9e86936a0082e9c5d1b,0x87cefb749d657cba6dde790f64c2c8cdbab366d4,25.37,1781889222507000,4
475191010,2026-06-19T17:14:58Z,1781889298000,0xeaef76623a56ae261aa1cc9ae5c9edf5b5236a55a615c34adf6c3bead07a4df7,0,RequestedWithdrawal,0xcc10abf54af5c0718b10b0156dfe1e369ce3eee72423e9e86936a0082e9c5d1b,0x63e0354ee852f9ed5059a5379a90e2885482470c,25.35,1781889281630000,4
475191018,2026-06-19T17:15:00Z,1781889300000,0xf4913b9342f04a6ce17ff171cbf822aa78b76a6b989f56671706e2900d978c23,1,FinalizedWithdrawal,0xe5c7fe3a4ffca1590f26d74c8ba8b0db69557f7f4607a2a43f82e93041611978,0xea98be642dbb139cecf2d987b8ceb75729759f51,25.35,1781889058330000,4
475191095,2026-06-19T17:15:19Z,1781889319000,0x6bf0b161c6ab73bd8768abb19ee3e87490e20dfdfb4b34f79a7f3388d68c034f,8,RequestedWithdrawal,0xcc10abf54af5c0718b10b0156dfe1e369ce3eee72423e9e86936a0082e9c5d1b,0x3bc3497a7f20d47aa81bb0dde741905ab0c6128d,35.44,1781889299747000,4
475191178,2026-06-19T17:15:40Z,1781889340000,0x635fab34cf23450669ef78880bf6a400a9fc0e39f033342746a21b2d8e35e9f0,31,RequestedWithdrawal,0xcc10abf54af5c0718b10b0156dfe1e369ce3eee72423e9e86936a0082e9c5d1b,0xdf3fc6cebb8b07fa6a4be71a4c31aada2fa24191,25.79,1781889329408000,4
475191183,2026-06-19T17:15:41Z,1781889341000,0x0d0a235aa18232105b475b454b34fb7813f2093143c31aa08178f104bda23ca8,2,FinalizedWithdrawal,0xe5c7fe3a4ffca1590f26d74c8ba8b0db69557f7f4607a2a43f82e93041611978,0x5e241c0072e25ab8bde9542d58be036612e76e8f,25.11,1781889106505000,4
475191294,2026-06-19T17:16:09Z,1781889369000,0xee096c8ab58eb01b796d3e098df1c9d5314bf5c87058edbe7c75a243cefef502,40,FinalizedWithdrawal,0xe5c7fe3a4ffca1590f26d74c8ba8b0db69557f7f4607a2a43f82e93041611978,0x4d4eb8042f0da0782a7e708e6c592826d221b779,9.0,1781889147878000,4
475191373,2026-06-19T17:16:29Z,1781889389000,0x55a5ab15bcf778d32d95dbf985000725606924f1b465732f3050d26bd38b089b,13,RequestedWithdrawal,0xcc10abf54af5c0718b10b0156dfe1e369ce3eee72423e9e86936a0082e9c5d1b,0xf79b6ad9603148f2db5f28e86a8ca2891a791f05,25.88,1781889375355000,4
475191380,2026-06-19T17:16:31Z,1781889391000,0xc4c6fc26aff611ade2c815d66702c0be53eaec99c54ab24fc5e90dc63f769f03,16,FinalizedWithdrawal,0xe5c7fe3a4ffca1590f26d74c8ba8b0db69557f7f4607a2a43f82e93041611978,0xc420cc6336ab34df706bf75c4d48afc9a02b855d,25.14,1781889164673000,4
475191380,2026-06-19T17:16:31Z,1781889391000,0xc4c6fc26aff611ade2c815d66702c0be53eaec99c54ab24fc5e90dc63f769f03,18,FinalizedWithdrawal,0xe5c7fe3a4ffca1590f26d74c8ba8b0db69557f7f4607a2a43f82e93041611978,0xb97380b867ae5b667651c32e66559af6cb0fa0b1,624.900967,1781889147689000,4
475191480,2026-06-19T17:16:56Z,1781889416000,0xe2268f8068d969d2d75901957b05de315d5982a2e5475be4616285c8abd53447,0,RequestedWithdrawal,0xcc10abf54af5c0718b10b0156dfe1e369ce3eee72423e9e86936a0082e9c5d1b,0x4d4eb8042f0da0782a7e708e6c592826d221b779,2.52,1781889408444000,4
475191691,2026-06-19T17:17:48Z,1781889468000,0x86558ce4c2186eedeb9d963db04b10ec91aa9aaa85f265a31995dada44079450,0,RequestedWithdrawal,0xcc10abf54af5c0718b10b0156dfe1e369ce3eee72423e9e86936a0082e9c5d1b,0xc848d3bc17e2f115eb54d8422ca32610c675481e,25.97,1781889435376000,4
475191702,2026-06-19T17:17:51Z,1781889471000,0x2b62abaa27cc8cf2f8a800d87222303032d64aa831d4c2e1519d7645fd1476b9,2,FinalizedWithdrawal,0xe5c7fe3a4ffca1590f26d74c8ba8b0db69557f7f4607a2a43f82e93041611978,0x87cefb749d657cba6dde790f64c2c8cdbab366d4,25.37,1781889222507000,4
475191702,2026-06-19T17:17:51Z,1781889471000,0x2b62abaa27cc8cf2f8a800d87222303032d64aa831d4c2e1519d7645fd1476b9,4,FinalizedWithdrawal,0xe5c7fe3a4ffca1590f26d74c8ba8b0db69557f7f4607a2a43f82e93041611978,0x09c1f481f66da496ec8a9e68d0740e47cc0c6755,17.71,1781889236347000,4
475191778,2026-06-19T17:18:10Z,1781889490000,0xb7769d98c1f01aa555a69283b3c5fbd0e64b404fd8eef9306911354072193b2a,0,RequestedWithdrawal,0xcc10abf54af5c0718b10b0156dfe1e369ce3eee72423e9e86936a0082e9c5d1b,0x5ea428fd6b5b0368f7a90d8ac69cac6c296280c6,25.86,1781889483173000,4
475191884,2026-06-19T17:18:37Z,1781889517000,0x3692174306c3b4c7b304fd5df86da856e380e34eaa0a4b1a4fe533021e398288,4,FinalizedWithdrawal,0xe5c7fe3a4ffca1590f26d74c8ba8b0db69557f7f4607a2a43f82e93041611978,0x63e0354ee852f9ed5059a5379a90e2885482470c,25.35,1781889281630000,4
475192005,2026-06-19T17:19:07Z,1781889547000,0x29626c4600b4795d6a1fe7270041f06bf546b9cd625d3ead944bfe12f1769d14,0,RequestedWithdrawal,0xcc10abf54af5c0718b10b0156dfe1e369ce3eee72423e9e86936a0082e9c5d1b,0xd698c757a6425422bd3b82987dc0e58512c22e06,25.37,1781889542395000,4
475192011,2026-06-19T17:19:09Z,1781889549000,0xed5f7f4ffa177198f9269421266c1e1109881da0ea062f9173d533577017b0f5,9,FinalizedWithdrawal,0xe5c7fe3a4ffca1590f26d74c8ba8b0db69557f7f4607a2a43f82e93041611978,0xdf3fc6cebb8b07fa6a4be71a4c31aada2fa24191,25.79,1781889329408000,4
475192011,2026-06-19T17:19:09Z,1781889549000,0xed5f7f4ffa177198f9269421266c1e1109881da0ea062f9173d533577017b0f5,11,FinalizedWithdrawal,0xe5c7fe3a4ffca1590f26d74c8ba8b0db69557f7f4607a2a43f82e93041611978,0x3bc3497a7f20d47aa81bb0dde741905ab0c6128d,35.44,1781889299747000,4
475192188,2026-06-19T17:19:53Z,1781889593000,0xd608513133093525fb0c919ec243db9f56736d3e674595aa27ed8171b9143fa0,0,RequestedWithdrawal,0xcc10abf54af5c0718b10b0156dfe1e369ce3eee72423e9e86936a0082e9c5d1b,0x34bf4c1d1eaa9c7af20e02d193944884295a53ad,22.13,1781889588484000,4
475192188,2026-06-19T17:19:53Z,1781889593000,0xd608513133093525fb0c919ec243db9f56736d3e674595aa27ed8171b9143fa0,1,RequestedWithdrawal,0xcc10abf54af5c0718b10b0156dfe1e369ce3eee72423e9e86936a0082e9c5d1b,0xbbdb7107ece2c61908c12c2c14c4def14119ab6c,53.87,1781889574611000,4
475192196,2026-06-19T17:19:55Z,1781889595000,0xa08906e895a93e974cdf78d05471a0d761d6287a574b3041db0f75b2b5d26a28,1,FinalizedWithdrawal,0xe5c7fe3a4ffca1590f26d74c8ba8b0db69557f7f4607a2a43f82e93041611978,0xf79b6ad9603148f2db5f28e86a8ca2891a791f05,25.88,1781889375355000,4
475192299,2026-06-19T17:20:21Z,1781889621000,0x0372048f2e8eed6ff7db8e4c1e65b801080b5def80ed4b61e0820e177a97c2ce,0,RequestedWithdrawal,0xcc10abf54af5c0718b10b0156dfe1e369ce3eee72423e9e86936a0082e9c5d1b,0xb9b00f5a5182946d61983c91432eaf05aacec42e,13.59,1781889588669000,4
475192306,2026-06-19T17:20:23Z,1781889623000,0x0f31b98f31b29d51943272f6b27ec05cb0561f44ee84fbecfe2222af78011046,1,FinalizedWithdrawal,0xe5c7fe3a4ffca1590f26d74c8ba8b0db69557f7f4607a2a43f82e93041611978,0x4d4eb8042f0da0782a7e708e6c592826d221b779,2.52,1781889408444000,4
475192381,2026-06-19T17:20:42Z,1781889642000,0xb3954470c973261a8cc3baa92fcb8222e8ad0a1b71625fd36ae423e5f5ec9341,13,RequestedWithdrawal,0xcc10abf54af5c0718b10b0156dfe1e369ce3eee72423e9e86936a0082e9c5d1b,0x0e3b377c4fe94422c061b5b1031cdda5feb29b3e,22.11,1781889634957000,4
475192490,2026-06-19T17:21:08Z,1781889668000,0xdb09c94e0d9b3eea7329303a91d4e38c2ea4d3d4b091a3f22cb032f56e1961ee,1,RequestedWithdrawal,0xcc10abf54af5c0718b10b0156dfe1e369ce3eee72423e9e86936a0082e9c5d1b,0x78f529fd1df726c08a6eaf8c6bd3a044cbebff0d,238810.36,1781889661864000,4
475192545,2026-06-19T17:21:22Z,1781889682000,0x9a38fb610466db11783b1ae191879c7a0600e6cb83d87a96e7e7adc789c00132,1,FailedPermitDeposit,0xa2dc875d1f90a167d873c30143e7631eb311ea851e74c8c4e9b92c80efeba489,,,,4
475192546,2026-06-19T17:21:22Z,1781889682000,0x7c00766e3a141cde45897a38ba628322e9a2b77df38d48c5e4f4b408811f421b,3,FailedPermitDeposit,0xa2dc875d1f90a167d873c30143e7631eb311ea851e74c8c4e9b92c80efeba489,,,,4
475192600,2026-06-19T17:21:36Z,1781889696000,0x7593d7288385a008c077428c1bce583c2fa435de02f044e5e1bce717c2980058,8,RequestedWithdrawal,0xcc10abf54af5c0718b10b0156dfe1e369ce3eee72423e9e86936a0082e9c5d1b,0x0009345a49b39a74133caa76988c27206019925d,998.0,1781889669280000,4
475192606,2026-06-19T17:21:37Z,1781889697000,0xb6c233027b5874bee68f5a036353c8bd0e86d266e6491a5b13b5ff83355efbbe,9,FinalizedWithdrawal,0xe5c7fe3a4ffca1590f26d74c8ba8b0db69557f7f4607a2a43f82e93041611978,0xc848d3bc17e2f115eb54d8422ca32610c675481e,25.97,1781889435376000,4
475192606,2026-06-19T17:21:37Z,1781889697000,0xb6c233027b5874bee68f5a036353c8bd0e86d266e6491a5b13b5ff83355efbbe,11,FinalizedWithdrawal,0xe5c7fe3a4ffca1590f26d74c8ba8b0db69557f7f4607a2a43f82e93041611978,0x5ea428fd6b5b0368f7a90d8ac69cac6c296280c6,25.86,1781889483173000,4
475192682,2026-06-19T17:21:56Z,1781889716000,0x753bd16d919034b05c02bfeb81f823a88dcce657dbde17e7df61a3a3399e4081,0,RequestedWithdrawal,0xcc10abf54af5c0718b10b0156dfe1e369ce3eee72423e9e86936a0082e9c5d1b,0xf18000f8feb44ef2eb07aa6dda166d36b2358278,22.19,1781889693373000,4
475787727,2026-06-21T10:54:55Z,1782039295000,0x7141a50945be34a3d10eab47d80846327548599a9e1c73dd3fec59c51fc8f6e9,5,FinalizedWithdrawal,0xe5c7fe3a4ffca1590f26d74c8ba8b0db69557f7f4607a2a43f82e93041611978,0x8efea47ec7225e2f9ab849b19e6eedaad0e0d866,56.849655,1782039068258000,3
475788078,2026-06-21T10:56:23Z,1782039383000,0x68abe6792864b8fb96e4eccdc617efd3846b9e2871c009c52a132b3bfa6d2682,1,RequestedWithdrawal,0xcc10abf54af5c0718b10b0156dfe1e369ce3eee72423e9e86936a0082e9c5d1b,0x5062602f083fa3b1bcc14c8e888be08c86abaad0,769.0,1782039358732000,3
475788286,2026-06-21T10:57:15Z,1782039435000,0xf815019ffdb9af2b4481b570b48a7abcedd44ee60d120749801f23b25827a2be,19,RequestedWithdrawal,0xcc10abf54af5c0718b10b0156dfe1e369ce3eee72423e9e86936a0082e9c5d1b,0x6fde0e2f1261360ead7208bcdfca70b2826705ac,39.24,1782039407544000,3
475788924,2026-06-21T10:59:56Z,1782039596000,0x692db706699c8e6bb3cd654d18902766abf8c9f6392a79b685c0a40d93cb83cd,4,FinalizedWithdrawal,0xe5c7fe3a4ffca1590f26d74c8ba8b0db69557f7f4607a2a43f82e93041611978,0x5062602f083fa3b1bcc14c8e888be08c86abaad0,769.0,1782039358732000,3
475789115,2026-06-21T11:00:44Z,1782039644000,0x6e883a30c7ecf5451654c5da7664c0a6307eb48e4a55f7cda1bb42206af72902,7,FinalizedWithdrawal,0xe5c7fe3a4ffca1590f26d74c8ba8b0db69557f7f4607a2a43f82e93041611978,0x6fde0e2f1261360ead7208bcdfca70b2826705ac,39.24,1782039407544000,3
475789769,2026-06-21T11:03:28Z,1782039808000,0x6771e61df87f27a1736631f86ec2a80838fdb22acc52712cac00888d4c7c7d18,13,RequestedWithdrawal,0xcc10abf54af5c0718b10b0156dfe1e369ce3eee72423e9e86936a0082e9c5d1b,0x5210a81cc60adf8065b00c5ab0e39f521582d029,14.0,1782039788448000,3
475789769,2026-06-21T11:03:28Z,1782039808000,0x6771e61df87f27a1736631f86ec2a80838fdb22acc52712cac00888d4c7c7d18,14,RequestedWithdrawal,0xcc10abf54af5c0718b10b0156dfe1e369ce3eee72423e9e86936a0082e9c5d1b,0xe1fb36d268a1092ea14f928158461da3b8cb6412,2568.655286,1782039796952000,3
475789953,2026-06-21T11:04:14Z,1782039854000,0xa070f618a391201fd97a6b0fbe433f70238d4235274f7c6f61eb40d953903b34,0,RequestedWithdrawal,0xcc10abf54af5c0718b10b0156dfe1e369ce3eee72423e9e86936a0082e9c5d1b,0xa25e8f81301de957430b955da14ae094674d3319,887.286382,1782039834854000,3
475790054,2026-06-21T11:04:40Z,1782039880000,0x7575c7935ac182c003c59a85f3ee5e00a8fb345c24db90c768776db5ddae048a,3,RequestedWithdrawal,0xcc10abf54af5c0718b10b0156dfe1e369ce3eee72423e9e86936a0082e9c5d1b,0xbef66fdfe74ba2971e1e61b26bb8d7e7b43d004f,101.48,1782039868236000,3
475790518,2026-06-21T11:06:36Z,1782039996000,0xe54203c8459696b0919a0ba584ae73816ddbdb19309dcd765b76dc2179158f34,11,RequestedWithdrawal,0xcc10abf54af5c0718b10b0156dfe1e369ce3eee72423e9e86936a0082e9c5d1b,0x43ffa50382866b166e08fe320bdc433faaefe6e6,510.896266,1782039976478000,3
475790612,2026-06-21T11:07:00Z,1782040020000,0xd85e4eaf01febdf54947e0870651e7c55a628a1c1655735a8f4cea23bd607446,2,FinalizedWithdrawal,0xe5c7fe3a4ffca1590f26d74c8ba8b0db69557f7f4607a2a43f82e93041611978,0x5210a81cc60adf8065b00c5ab0e39f521582d029,14.0,1782039788448000,3
475790612,2026-06-21T11:07:00Z,1782040020000,0xd85e4eaf01febdf54947e0870651e7c55a628a1c1655735a8f4cea23bd607446,4,FinalizedWithdrawal,0xe5c7fe3a4ffca1590f26d74c8ba8b0db69557f7f4607a2a43f82e93041611978,0xe1fb36d268a1092ea14f928158461da3b8cb6412,2568.655286,1782039796952000,3
475790715,2026-06-21T11:07:26Z,1782040046000,0xab84553f52ec41e7b4d3eba8c529284851183555f63fb38022dfba0cee25afe1,0,RequestedWithdrawal,0xcc10abf54af5c0718b10b0156dfe1e369ce3eee72423e9e86936a0082e9c5d1b,0x8fce5f156979a38da906deb7fd00f1aa204d48d7,45.6,1782039984817000,3
475790821,2026-06-21T11:07:52Z,1782040072000,0xe9a857fc8a89306a12b3a918954fe60f474f5d38f812f2ec3cb48c19b338c4be,7,FinalizedWithdrawal,0xe5c7fe3a4ffca1590f26d74c8ba8b0db69557f7f4607a2a43f82e93041611978,0xa25e8f81301de957430b955da14ae094674d3319,887.286382,1782039834854000,3
475790898,2026-06-21T11:08:11Z,1782040091000,0x6cef271052de454ede9e79131356739566fbaa851f0c7cdda0326e63045a8e1e,4,FinalizedWithdrawal,0xe5c7fe3a4ffca1590f26d74c8ba8b0db69557f7f4607a2a43f82e93041611978,0xbef66fdfe74ba2971e1e61b26bb8d7e7b43d004f,101.48,1782039868236000,3
475791371,2026-06-21T11:10:10Z,1782040210000,0x1a29d074e714b0ad919e018736951ebcc6ef700e20c4ed6d03e18cb05c4fa759,1,FinalizedWithdrawal,0xe5c7fe3a4ffca1590f26d74c8ba8b0db69557f7f4607a2a43f82e93041611978,0x43ffa50382866b166e08fe320bdc433faaefe6e6,510.896266,1782039976478000,3
475791477,2026-06-21T11:10:36Z,1782040236000,0x031a2c8895a75478907cf585073e140fe81eef176b3714be22b513469a58f1b4,0,RequestedWithdrawal,0xcc10abf54af5c0718b10b0156dfe1e369ce3eee72423e9e86936a0082e9c5d1b,0xaec2da49e7cb1e8c5d1931445bb11c78a0154f59,18.34,1782040229035000,3
475791477,2026-06-21T11:10:36Z,1782040236000,0x031a2c8895a75478907cf585073e140fe81eef176b3714be22b513469a58f1b4,1,RequestedWithdrawal,0xcc10abf54af5c0718b10b0156dfe1e369ce3eee72423e9e86936a0082e9c5d1b,0xe59fa5e7610549257416f969c44d29b377158f14,57.7,1782040226335000,3
475791579,2026-06-21T11:11:02Z,1782040262000,0x44a2775386c62c52f274dfa64641abf043ce97a240acabf6851c55a276b897e0,20,FinalizedWithdrawal,0xe5c7fe3a4ffca1590f26d74c8ba8b0db69557f7f4607a2a43f82e93041611978,0x8fce5f156979a38da906deb7fd00f1aa204d48d7,45.6,1782039984817000,3
475792241,2026-06-21T11:13:50Z,1782040430000,0x49f7d65f27029d4bd99688d375732f64bde43d1764d435f357771fa5eee9f0ca,3,RequestedWithdrawal,0xcc10abf54af5c0718b10b0156dfe1e369ce3eee72423e9e86936a0082e9c5d1b,0xb5a5a6187a9b7d0c38e793137a8f177701052f9e,151.45885,1782040421805000,3
475792307,2026-06-21T11:14:07Z,1782040447000,0x04b82c97a2da5775f332ad084aefb8ac4b0e3d735b870acf8914188965172f64,2,FinalizedWithdrawal,0xe5c7fe3a4ffca1590f26d74c8ba8b0db69557f7f4607a2a43f82e93041611978,0xe59fa5e7610549257416f969c44d29b377158f14,57.7,1782040226335000,3
475792307,2026-06-21T11:14:07Z,1782040447000,0x04b82c97a2da5775f332ad084aefb8ac4b0e3d735b870acf8914188965172f64,4,FinalizedWithdrawal,0xe5c7fe3a4ffca1590f26d74c8ba8b0db69557f7f4607a2a43f82e93041611978,0xaec2da49e7cb1e8c5d1931445bb11c78a0154f59,18.34,1782040229035000,3
475792575,2026-06-21T11:15:15Z,1782040515000,0xe1ab0c5538de369f35e495f4de9e6797c19af81fe42c1bded8ea906d1d6292dc,9,RequestedWithdrawal,0xcc10abf54af5c0718b10b0156dfe1e369ce3eee72423e9e86936a0082e9c5d1b,0xf42b1bac20db49b1ac3891345f066c68a46d1c67,9.3,1782040491964000,3
475792670,2026-06-21T11:15:39Z,1782040539000,0xd051ccf06abb2c6e069db26ddf3b853734ff63cd38e87326ebbf7f1171c4285d,0,RequestedWithdrawal,0xcc10abf54af5c0718b10b0156dfe1e369ce3eee72423e9e86936a0082e9c5d1b,0xf032648dfd22c4d81588bd83e09ab89cfe816705,2098.170509,1782040508077000,3
475793071,2026-06-21T11:17:18Z,1782040638000,0xc71ea41c1a606842688c6b4ec224cd9b6512a8f55e46f0e959a0b9b2547f25b9,3,FinalizedWithdrawal,0xe5c7fe3a4ffca1590f26d74c8ba8b0db69557f7f4607a2a43f82e93041611978,0xb5a5a6187a9b7d0c38e793137a8f177701052f9e,151.45885,1782040421805000,3
475793435,2026-06-21T11:18:50Z,1782040730000,0x013ad2849f4d9f3fbd587cfc544694c0b15dfe1be88481f5b5adb7a751b31afc,2,RequestedWithdrawal,0xcc10abf54af5c0718b10b0156dfe1e369ce3eee72423e9e86936a0082e9c5d1b,0x7725a7f2bb0e1c448d6fe361d53c840486ec6557,7406.0,1782040707588000,3
475793435,2026-06-21T11:18:50Z,1782040730000,0x013ad2849f4d9f3fbd587cfc544694c0b15dfe1be88481f5b5adb7a751b31afc,3,RequestedWithdrawal,0xcc10abf54af5c0718b10b0156dfe1e369ce3eee72423e9e86936a0082e9c5d1b,0xa08f9ea2ea5d30c8be84a9712b1f3debb6d364fd,35.57,1782040710856000,3
475793441,2026-06-21T11:18:51Z,1782040731000,0x0dc5f92195fd728581af222c6e550480247a4884ea2b553c75f49a175e81de03,12,FinalizedWithdrawal,0xe5c7fe3a4ffca1590f26d74c8ba8b0db69557f7f4607a2a43f82e93041611978,0xf42b1bac20db49b1ac3891345f066c68a46d1c67,9.3,1782040491964000,3
475793543,2026-06-21T11:19:17Z,1782040757000,0xa58eced0e990051f206009993ef11f784bcc31fab59c32b158ed20de9a1f8937,5,FinalizedWithdrawal,0xe5c7fe3a4ffca1590f26d74c8ba8b0db69557f7f4607a2a43f82e93041611978,0xf032648dfd22c4d81588bd83e09ab89cfe816705,2098.170509,1782040508077000,3
475793744,2026-06-21T11:20:07Z,1782040807000,0x187eaf6457ee29d7d06d4d18946d8af26f85d92904d026cab61eea94ea86b454,0,RequestedWithdrawal,0xcc10abf54af5c0718b10b0156dfe1e369ce3eee72423e9e86936a0082e9c5d1b,0xf032648dfd22c4d81588bd83e09ab89cfe816705,2732.819938,1782040795269000,3
475794217,2026-06-21T11:22:06Z,1782040926000,0xf4838d2e4097b9a1d62a2c355a15261d7eb2a357b736261efd59b703606ff79f,5,RequestedWithdrawal,0xcc10abf54af5c0718b10b0156dfe1e369ce3eee72423e9e86936a0082e9c5d1b,0x54fa27c054d2f34376bf5c8dbe1264739ee0cf4c,75.29,1782040897789000,3
475794296,2026-06-21T11:22:26Z,1782040946000,0xeefd0aab674f36baa7d75e04585a62c6cc6615ca445cecfd1eb5025e0b5b1907,10,FinalizedWithdrawal,0xe5c7fe3a4ffca1590f26d74c8ba8b0db69557f7f4607a2a43f82e93041611978,0xa08f9ea2ea5d30c8be84a9712b1f3debb6d364fd,35.57,1782040710856000,3
475794296,2026-06-21T11:22:26Z,1782040946000,0xeefd0aab674f36baa7d75e04585a62c6cc6615ca445cecfd1eb5025e0b5b1907,12,FinalizedWithdrawal,0xe5c7fe3a4ffca1590f26d74c8ba8b0db69557f7f4607a2a43f82e93041611978,0x7725a7f2bb0e1c448d6fe361d53c840486ec6557,7406.0,1782040707588000,3
475794582,2026-06-21T11:23:38Z,1782041018000,0x079c89acb901f91b7d5fc95dabe5c29a13c964a858fcd84913653782d1c0f8d8,3,FinalizedWithdrawal,0xe5c7fe3a4ffca1590f26d74c8ba8b0db69557f7f4607a2a43f82e93041611978,0xf032648dfd22c4d81588bd83e09ab89cfe816705,2732.819938,1782040795269000,3
475795090,2026-06-21T11:25:46Z,1782041146000,0x18dacb7bd244baf10ebb7c607cfc70aaf47e86b68ea8909de1d1b0cd7770dbb4,2,FinalizedWithdrawal,0xe5c7fe3a4ffca1590f26d74c8ba8b0db69557f7f4607a2a43f82e93041611978,0x54fa27c054d2f34376bf5c8dbe1264739ee0cf4c,75.29,1782040897789000,3
475795573,2026-06-21T11:27:50Z,1782041270000,0x89d041541c959b414dd191a8205c5dbcd2a3d275ae659f02c7774c0d3d7bea37,0,RequestedWithdrawal,0xcc10abf54af5c0718b10b0156dfe1e369ce3eee72423e9e86936a0082e9c5d1b,0x47dc23bf415ccb05559583195820e0f4972ef55e,999.0,1782041260006000,3
475796349,2026-06-21T11:31:06Z,1782041466000,0x76659219d8595ef7359fb4b18713a0ffa9c7ab2d24e90975a6de91904884b8a9,0,RequestedWithdrawal,0xcc10abf54af5c0718b10b0156dfe1e369ce3eee72423e9e86936a0082e9c5d1b,0x069d8b848296e9eda30740c898a2a8a2e09c7bcd,165.19,1782041450385000,3
475796420,2026-06-21T11:31:24Z,1782041484000,0xa41373ada82a22243fc0132f2f7ed6867dfa8702503ca0fe0eb4e9493452f9c5,1,FinalizedWithdrawal,0xe5c7fe3a4ffca1590f26d74c8ba8b0db69557f7f4607a2a43f82e93041611978,0x47dc23bf415ccb05559583195820e0f4972ef55e,999.0,1782041260006000,3
475796799,2026-06-21T11:33:00Z,1782041580000,0x6afd9aac26eed5f80588b82cf140705fb0a6ac5d301b72602cf8a883d836a1d9,0,RequestedWithdrawal,0xcc10abf54af5c0718b10b0156dfe1e369ce3eee72423e9e86936a0082e9c5d1b,0xd4c1f7e8d876c4749228d515473d36f919583d1d,526543.0,1782041570419000,3
475797092,2026-06-21T11:34:13Z,1782041653000,0xe3af3edd74fcbfda2c40d5a687afdeb51204eae0a13afd3643e751c4f29cf462,4,RequestedWithdrawal,0xcc10abf54af5c0718b10b0156dfe1e369ce3eee72423e9e86936a0082e9c5d1b,0x51f63885534cb494f4592a0311551f369bff2b39,63255.0,1782041615758000,3
475797196,2026-06-21T11:34:40Z,1782041680000,0x94c239400e3467f02276692903f2ee969be42ebedba46516d00f03d00c2a229b,3,RequestedWithdrawal,0xcc10abf54af5c0718b10b0156dfe1e369ce3eee72423e9e86936a0082e9c5d1b,0x6e1e3c428117a6c86fb9c0b93d40323e6ecfa9c6,24.57,1782041659790000,3
475797196,2026-06-21T11:34:40Z,1782041680000,0x94c239400e3467f02276692903f2ee969be42ebedba46516d00f03d00c2a229b,4,RequestedWithdrawal,0xcc10abf54af5c0718b10b0156dfe1e369ce3eee72423e9e86936a0082e9c5d1b,0xf4048f51944dafba764e3c4644435ff7b4c7aa06,10.49,1782041667866000,3
475797202,2026-06-21T11:34:41Z,1782041681000,0xbf71e1624dcb1eab0baea9a67e0754958e93643fd603b8ad6f4add8a9321bd29,13,FinalizedWithdrawal,0xe5c7fe3a4ffca1590f26d74c8ba8b0db69557f7f4607a2a43f82e93041611978,0x069d8b848296e9eda30740c898a2a8a2e09c7bcd,165.19,1782041450385000,3
475797683,2026-06-21T11:36:42Z,1782041802000,0x9a67501213f4e3fbe408cb40d84bc60148152232f642c13300a14440597b2c60,6,FinalizedWithdrawal,0xe5c7fe3a4ffca1590f26d74c8ba8b0db69557f7f4607a2a43f82e93041611978,0xd4c1f7e8d876c4749228d515473d36f919583d1d,526543.0,1782041570419000,3
475797909,2026-06-21T11:37:38Z,1782041858000,0x682b95806fb9268599194cfe440e63e31ed664c5300e6d50750bf82d07c6960e,0,RequestedWithdrawal,0xcc10abf54af5c0718b10b0156dfe1e369ce3eee72423e9e86936a0082e9c5d1b,0xbd10511e7c83b9aca098b746e0cf95d9faaaf481,119.0,1782041838795000,3
475797917,2026-06-21T11:37:40Z,1782041860000,0x4a207116c6bd393e95b8ac69f9a2ad51e9455f62fc2a2ce01e4015ed3408483b,7,FinalizedWithdrawal,0xe5c7fe3a4ffca1590f26d74c8ba8b0db69557f7f4607a2a43f82e93041611978,0x51f63885534cb494f4592a0311551f369bff2b39,63255.0,1782041615758000,3
475798078,2026-06-21T11:38:21Z,1782041901000,0x6a34dee3bc955f22384c629753e299278d8437a77d9452a975638939f4d5538f,4,FinalizedWithdrawal,0xe5c7fe3a4ffca1590f26d74c8ba8b0db69557f7f4607a2a43f82e93041611978,0xf4048f51944dafba764e3c4644435ff7b4c7aa06,10.49,1782041667866000,3
475798078,2026-06-21T11:38:21Z,1782041901000,0x6a34dee3bc955f22384c629753e299278d8437a77d9452a975638939f4d5538f,6,FinalizedWithdrawal,0xe5c7fe3a4ffca1590f26d74c8ba8b0db69557f7f4607a2a43f82e93041611978,0x6e1e3c428117a6c86fb9c0b93d40323e6ecfa9c6,24.57,1782041659790000,3
475798277,2026-06-21T11:39:11Z,1782041951000,0x2ecf6fb825e4665193e9098700b9e199ab061fd9001925cb8e73ef18fa02825c,11,RequestedWithdrawal,0xcc10abf54af5c0718b10b0156dfe1e369ce3eee72423e9e86936a0082e9c5d1b,0x195acee718552c24edf2c894b3de1a0e9559de40,4.0,1782041928403000,3
475798753,2026-06-21T11:41:11Z,1782042071000,0x6a1b1bf777f3027faf8b4234ad8cdcd12a1270c61878feef05a9d8b9c7c16080,1,FinalizedWithdrawal,0xe5c7fe3a4ffca1590f26d74c8ba8b0db69557f7f4607a2a43f82e93041611978,0xbd10511e7c83b9aca098b746e0cf95d9faaaf481,119.0,1782041838795000,3
475799157,2026-06-21T11:42:52Z,1782042172000,0x77072c57d5e1138dc884ad8c03467a33fbaaee44cdef1b622189c45ec6eea0f6,1,FinalizedWithdrawal,0xe5c7fe3a4ffca1590f26d74c8ba8b0db69557f7f4607a2a43f82e93041611978,0x195acee718552c24edf2c894b3de1a0e9559de40,4.0,1782041928403000,3
475799234,2026-06-21T11:43:12Z,1782042192000,0xa584af1f709f7c0c8070a89787a5e0d0c2face22c2272b62b16f9741c5173cb4,1,RequestedWithdrawal,0xcc10abf54af5c0718b10b0156dfe1e369ce3eee72423e9e86936a0082e9c5d1b,0x6c1651d4235214947dae6f588251a4950a96bc6c,106.455,1782042174310000,3
475799339,2026-06-21T11:43:38Z,1782042218000,0x79e82663204945015a2e5e26d1e2592a73098551a26afa13086bbf415ea379c8,3,RequestedWithdrawal,0xcc10abf54af5c0718b10b0156dfe1e369ce3eee72423e9e86936a0082e9c5d1b,0x4227a6b691dfeaa69d1114afdaad2453925c89d0,222.16,1782042194349000,3
475799339,2026-06-21T11:43:38Z,1782042218000,0x79e82663204945015a2e5e26d1e2592a73098551a26afa13086bbf415ea379c8,4,RequestedWithdrawal,0xcc10abf54af5c0718b10b0156dfe1e369ce3eee72423e9e86936a0082e9c5d1b,0x9f0793d5dc452867ae370c81c3252b73b4a5b1d6,6.789182,1782042205490000,3
475799504,2026-06-21T11:44:20Z,1782042260000,0x1d4da31ec2227e0748da43d4842e605ba04e4a209d40d6f249971962e73a758e,0,RequestedWithdrawal,0xcc10abf54af5c0718b10b0156dfe1e369ce3eee72423e9e86936a0082e9c5d1b,0xb390e4d8e96cbb60e9fa3c82b098314a2cee082d,1.0,1782042250759000,3
475799695,2026-06-21T11:45:10Z,1782042310000,0xb41616edd2c8cceb323b77f28d6e2d0685b98a2a99669ba13a795e9349745fa0,30,RequestedWithdrawal,0xcc10abf54af5c0718b10b0156dfe1e369ce3eee72423e9e86936a0082e9c5d1b,0x195acee718552c24edf2c894b3de1a0e9559de40,183.33,1782042282660000,3
475799998,2026-06-21T11:46:26Z,1782042386000,0x87f98b3bdd3be5d6b4c1dd3212254041040a86fa9795f3fef556e2decfb00062,0,RequestedWithdrawal,0xcc10abf54af5c0718b10b0156dfe1e369ce3eee72423e9e86936a0082e9c5d1b,0x5f4fcf9ca56ccdf52e07b6e48f02e23c2608df89,66.87,1782042382370000,3
475800103,2026-06-21T11:46:53Z,1782042413000,0x0284867ccddf8de8ad66942756481482b4385260e121db9cdd829a69f963a999,2,FinalizedWithdrawal,0xe5c7fe3a4ffca1590f26d74c8ba8b0db69557f7f4607a2a43f82e93041611978,0x6c1651d4235214947dae6f588251a4950a96bc6c,106.455,1782042174310000,3
475800184,2026-06-21T11:47:13Z,1782042433000,0x18859326eede4e34576d36bce70a11482abc5f06a67b18817f1f32a256532491,1,FinalizedWithdrawal,0xe5c7fe3a4ffca1590f26d74c8ba8b0db69557f7f4607a2a43f82e93041611978,0x9f0793d5dc452867ae370c81c3252b73b4a5b1d6,6.789182,1782042205490000,3
475800184,2026-06-21T11:47:13Z,1782042433000,0x18859326eede4e34576d36bce70a11482abc5f06a67b18817f1f32a256532491,3,FinalizedWithdrawal,0xe5c7fe3a4ffca1590f26d74c8ba8b0db69557f7f4607a2a43f82e93041611978,0x4227a6b691dfeaa69d1114afdaad2453925c89d0,222.16,1782042194349000,3
475800384,2026-06-21T11:48:03Z,1782042483000,0x1aad1dc138c3a9e85d112db65ee8eaff3185ef8fa2bb7f6eca0d7f3a61fdff4e,1,FinalizedWithdrawal,0xe5c7fe3a4ffca1590f26d74c8ba8b0db69557f7f4607a2a43f82e93041611978,0xb390e4d8e96cbb60e9fa3c82b098314a2cee082d,1.0,1782042250759000,3
475800459,2026-06-21T11:48:22Z,1782042502000,0x45e85c5edf21e9f5e5104f318a78d5238369bbd094e3ddc05e73d73089b69829,1,RequestedWithdrawal,0xcc10abf54af5c0718b10b0156dfe1e369ce3eee72423e9e86936a0082e9c5d1b,0x8e6d60c1862d424fd52763e7ba60bb54fe1fc4b3,109.76,1782042494716000,3
475800557,2026-06-21T11:48:46Z,1782042526000,0xe690f680f0489d9e1e2b21ca0d29717ea4505fc29584270532d14abf87e9e10a,0,RequestedWithdrawal,0xcc10abf54af5c0718b10b0156dfe1e369ce3eee72423e9e86936a0082e9c5d1b,0x6cd20321c082ea12cc1fac958c0a76c55abcff53,327.02,1782042501464000,3
475800563,2026-06-21T11:48:48Z,1782042528000,0x305ad1d59c8041750e387ad1e5796e8254597e05b229f32d67d8d581736918ce,1,FinalizedWithdrawal,0xe5c7fe3a4ffca1590f26d74c8ba8b0db69557f7f4607a2a43f82e93041611978,0x195acee718552c24edf2c894b3de1a0e9559de40,183.33,1782042282660000,3
475800839,2026-06-21T11:49:57Z,1782042597000,0xd96651744c111438dfb1849db2810a16532bb9cc6a08aa8a45220d2951d44f45,2,FinalizedWithdrawal,0xe5c7fe3a4ffca1590f26d74c8ba8b0db69557f7f4607a2a43f82e93041611978,0x5f4fcf9ca56ccdf52e07b6e48f02e23c2608df89,66.87,1782042382370000,3
475800947,2026-06-21T11:50:24Z,1782042624000,0x7015cc4b0a936f5670526fea9b7a31c067a42787617b9fa3f01c184cbc46aa5c,0,RequestedWithdrawal,0xcc10abf54af5c0718b10b0156dfe1e369ce3eee72423e9e86936a0082e9c5d1b,0x9c2545dee5740715023d27539db520f39f78d8f8,121.363497,1782042617865000,3
475801344,2026-06-21T11:52:04Z,1782042724000,0x27132817aa48ba21ce8d0ebbf1c7b8237e8aa2a76ae983761f72767bd50e1978,0,RequestedWithdrawal,0xcc10abf54af5c0718b10b0156dfe1e369ce3eee72423e9e86936a0082e9c5d1b,0xc3a1a39362fbf5f545ca8794399eff714a6d5184,6.46,1782042714904000,3
475801359,2026-06-21T11:52:08Z,1782042728000,0xcd75b230503b9a91ecddd10811de16695e0f5ba47ea4c0e0aa9dc41c63872765,1,FinalizedWithdrawal,0xe5c7fe3a4ffca1590f26d74c8ba8b0db69557f7f4607a2a43f82e93041611978,0x8e6d60c1862d424fd52763e7ba60bb54fe1fc4b3,109.76,1782042494716000,3
475801435,2026-06-21T11:52:27Z,1782042747000,0x8cb100b1fe1be6a2c2de7d6ffa58c5d4e0beb6eed63df004d8e8b0054a71efa0,1,FinalizedWithdrawal,0xe5c7fe3a4ffca1590f26d74c8ba8b0db69557f7f4607a2a43f82e93041611978,0x6cd20321c082ea12cc1fac958c0a76c55abcff53,327.02,1782042501464000,3
475801514,2026-06-21T11:52:47Z,1782042767000,0xf3b882743a18255c80791197555cde2079ca5cccdefb56c6e59ba9653fbf1288,1,RequestedWithdrawal,0xcc10abf54af5c0718b10b0156dfe1e369ce3eee72423e9e86936a0082e9c5d1b,0x73de899a62531e4247dbb6ddec9b2ceeb4f60c25,11.39,1782042755410000,3
475801514,2026-06-21T11:52:47Z,1782042767000,0xf3b882743a18255c80791197555cde2079ca5cccdefb56c6e59ba9653fbf1288,2,RequestedWithdrawal,0xcc10abf54af5c0718b10b0156dfe1e369ce3eee72423e9e86936a0082e9c5d1b,0xc49228eb6e6a5967740e06379317040a38b5d860,199.0,1782042751005000,3
475801808,2026-06-21T11:54:01Z,1782042841000,0x27025676111da11a692656421ef367380060ebbf54f677861c10b007b0c660fe,6,FinalizedWithdrawal,0xe5c7fe3a4ffca1590f26d74c8ba8b0db69557f7f4607a2a43f82e93041611978,0x9c2545dee5740715023d27539db520f39f78d8f8,121.363497,1782042617865000,3
475802120,2026-06-21T11:55:19Z,1782042919000,0x7e536a9f1685e3e8f4c5a0e011cb4928c6abe922916ab437838e1a90336160a4,14,RequestedWithdrawal,0xcc10abf54af5c0718b10b0156dfe1e369ce3eee72423e9e86936a0082e9c5d1b,0xb390e4d8e96cbb60e9fa3c82b098314a2cee082d,1.0,1782042897587000,3
475802242,2026-06-21T11:55:50Z,1782042950000,0xb9c193770f486cbaf94cfb2705b59012df2848d0690967ac3d8510e84ce05e33,25,RequestedWithdrawal,0xcc10abf54af5c0718b10b0156dfe1e369ce3eee72423e9e86936a0082e9c5d1b,0xf032648dfd22c4d81588bd83e09ab89cfe816705,3565.323084,1782042914188000,3
475802247,2026-06-21T11:55:51Z,1782042951000,0x43e4d698caf253679b42647cb6615e44ec1ea45ed5a60b0bbd64d6f9fd627ad2,13,FinalizedWithdrawal,0xe5c7fe3a4ffca1590f26d74c8ba8b0db69557f7f4607a2a43f82e93041611978,0xc3a1a39362fbf5f545ca8794399eff714a6d5184,6.46,1782042714904000,3
475802323,2026-06-21T11:56:10Z,1782042970000,0x787d899dd2c0d10f9d13a6303ca1b4df8679ebd109bdd6e5bf75cac207836339,24,RequestedWithdrawal,0xcc10abf54af5c0718b10b0156dfe1e369ce3eee72423e9e86936a0082e9c5d1b,0x6e7cf04b0948e153fb462185a0c3e8721579644e,9.0,1782042963463000,3
475802330,2026-06-21T11:56:12Z,1782042972000,0xac6e62ea391385cfd98726aa375226d9e099d887d55ee53a82f2d1a37e62cc4a,7,FinalizedWithdrawal,0xe5c7fe3a4ffca1590f26d74c8ba8b0db69557f7f4607a2a43f82e93041611978,0x73de899a62531e4247dbb6ddec9b2ceeb4f60c25,11.39,1782042755410000,3
475802330,2026-06-21T11:56:12Z,1782042972000,0xac6e62ea391385cfd98726aa375226d9e099d887d55ee53a82f2d1a37e62cc4a,9,FinalizedWithdrawal,0xe5c7fe3a4ffca1590f26d74c8ba8b0db69557f7f4607a2a43f82e93041611978,0xc49228eb6e6a5967740e06379317040a38b5d860,199.0,1782042751005000,3
475802521,2026-06-21T11:57:02Z,1782043022000,0xe990916d508f884aca92d21fc2198f896b5f9649c9e7ac2fdab15145916f6943,0,RequestedWithdrawal,0xcc10abf54af5c0718b10b0156dfe1e369ce3eee72423e9e86936a0082e9c5d1b,0x392032983e7f98e71b20c0078ce300cd552b9a49,7.95,1782043016435000,3
475802710,2026-06-21T11:57:50Z,1782043070000,0x6f4a41093fce200184d4c17e67eff9088e049ccae31c50296080bcb008d90aab,0,RequestedWithdrawal,0xcc10abf54af5c0718b10b0156dfe1e369ce3eee72423e9e86936a0082e9c5d1b,0x7725a7f2bb0e1c448d6fe361d53c840486ec6557,2698.0,1782043034437000,3
475802908,2026-06-21T11:58:40Z,1782043120000,0x4ea31533822a8f5b1a97ff2e658bdfe44157193482f8fd5757343ba4a15a5d27,0,RequestedWithdrawal,0xcc10abf54af5c0718b10b0156dfe1e369ce3eee72423e9e86936a0082e9c5d1b,0xf4fc3eab5ec3f10b1fdb078a90f28e9a4f964e1e,923.377887,1782043103389000,3
475802913,2026-06-21T11:58:41Z,1782043121000,0x89db379582dc3ff44f11f4fc0c061e61367f77c2f7ba7f176165bdc7da28d060,1,FinalizedWithdrawal,0xe5c7fe3a4ffca1590f26d74c8ba8b0db69557f7f4607a2a43f82e93041611978,0xb390e4d8e96cbb60e9fa3c82b098314a2cee082d,1.0,1782042897587000,3
475803017,2026-06-21T11:59:07Z,1782043147000,0xa5f5552595d277ac3fdd6b1558470da2ad34cf3edcca952297da520e3496e6ea,14,RequestedWithdrawal,0xcc10abf54af5c0718b10b0156dfe1e369ce3eee72423e9e86936a0082e9c5d1b,0x47ec2355ceb2ccf154a7f07999cf4ba303db654f,7.353,1782043126644000,3
475803109,2026-06-21T11:59:30Z,1782043170000,0xd54d63891cb5726b793380b74e47b08de6411353ebf23b61c07677f43a9dae5d,0,RequestedWithdrawal,0xcc10abf54af5c0718b10b0156dfe1e369ce3eee72423e9e86936a0082e9c5d1b,0x98039607bae0d4e073729f48b8005abc9297589e,27.56,1782043145136000,3
475803142,2026-06-21T11:59:39Z,1782043179000,0x0489c7a9283722fdb6a87d681f4c2f5de921c23c24bd61ad198d969b209c7891,1,FinalizedWithdrawal,0xe5c7fe3a4ffca1590f26d74c8ba8b0db69557f7f4607a2a43f82e93041611978,0xf032648dfd22c4d81588bd83e09ab89cfe816705,3565.323084,1782042914188000,3
475803215,2026-06-21T11:59:57Z,1782043197000,0xf517ab7280852556f2e5f3376509a6213efa221d6b1179273b2b4f9110d766b3,1,FinalizedWithdrawal,0xe5c7fe3a4ffca1590f26d74c8ba8b0db69557f7f4607a2a43f82e93041611978,0x6e7cf04b0948e153fb462185a0c3e8721579644e,9.0,1782042963463000,3
475803318,2026-06-21T12:00:23Z,1782043223000,0x37e798e972cadf83c91fa20e8a89f21896b766c32370955cb39bbfac7859716d,4,RequestedWithdrawal,0xcc10abf54af5c0718b10b0156dfe1e369ce3eee72423e9e86936a0082e9c5d1b,0x37d5357e6f1c428fc6d46aadfb28615814f0cebd,0.5,1782043212222000,3
475803325,2026-06-21T12:00:25Z,1782043225000,0x3962f5934f8a15e3cdd8c9d78fff34eea6a5bb68d8a4b41095efcff9f20485a5,1,FinalizedWithdrawal,0xe5c7fe3a4ffca1590f26d74c8ba8b0db69557f7f4607a2a43f82e93041611978,0x392032983e7f98e71b20c0078ce300cd552b9a49,7.95,1782043016435000,3
475803526,2026-06-21T12:01:15Z,1782043275000,0x8b82e8b30c6273a89fd39cb49b6f4a0cde3c7cefa5a272a57ac14c60a7f7d912,0,RequestedWithdrawal,0xcc10abf54af5c0718b10b0156dfe1e369ce3eee72423e9e86936a0082e9c5d1b,0x956bc4d0fca828b7ccb572799b53f8f58db4d6a6,114.64,1782043234465000,3
475803535,2026-06-21T12:01:17Z,1782043277000,0xd5ac56f893d4f4ba1997c35751e773e6741bae824cfbe1b5f671652b2ed2a6ac,5,FinalizedWithdrawal,0xe5c7fe3a4ffca1590f26d74c8ba8b0db69557f7f4607a2a43f82e93041611978,0x7725a7f2bb0e1c448d6fe361d53c840486ec6557,2698.0,1782043034437000,3
475803720,2026-06-21T12:02:04Z,1782043324000,0x50de05b1837fd81240028c52e27c7785b1ac472aacee9e4b44e438c9c4a489da,0,RequestedWithdrawal,0xcc10abf54af5c0718b10b0156dfe1e369ce3eee72423e9e86936a0082e9c5d1b,0x74d2a7ba7ec712a1e5e4f24a92351ea0e1cafca9,184.65,1782043311146000,3
475803720,2026-06-21T12:02:04Z,1782043324000,0x50de05b1837fd81240028c52e27c7785b1ac472aacee9e4b44e438c9c4a489da,1,RequestedWithdrawal,0xcc10abf54af5c0718b10b0156dfe1e369ce3eee72423e9e86936a0082e9c5d1b,0xb390e4d8e96cbb60e9fa3c82b098314a2cee082d,1.0,1782043292181000,3
475803731,2026-06-21T12:02:07Z,1782043327000,0xd006a5d73691f1bebe227d2061e47efe14dba58786fa456cd6a9b5c1facc0359,14,FinalizedWithdrawal,0xe5c7fe3a4ffca1590f26d74c8ba8b0db69557f7f4607a2a43f82e93041611978,0xf4fc3eab5ec3f10b1fdb078a90f28e9a4f964e1e,923.377887,1782043103389000,3
475803908,2026-06-21T12:02:52Z,1782043372000,0x6eb663a12e1c8ae2e73317489f78f3d9d2763e62c0870077197d80b7436b01d8,0,RequestedWithdrawal,0xcc10abf54af5c0718b10b0156dfe1e369ce3eee72423e9e86936a0082e9c5d1b,0x45f3b9b320af36dc78141d860e590e9f20e01137,4255.97,1782043342106000,3
475803916,2026-06-21T12:02:54Z,1782043374000,0x0cf4404f99811055f4145307bb3b0aa3e17655c5e92a1699801400028e78deb8,1,FinalizedWithdrawal,0xe5c7fe3a4ffca1590f26d74c8ba8b0db69557f7f4607a2a43f82e93041611978,0x47ec2355ceb2ccf154a7f07999cf4ba303db654f,7.353,1782043126644000,3
475803916,2026-06-21T12:02:54Z,1782043374000,0x0cf4404f99811055f4145307bb3b0aa3e17655c5e92a1699801400028e78deb8,3,FinalizedWithdrawal,0xe5c7fe3a4ffca1590f26d74c8ba8b0db69557f7f4607a2a43f82e93041611978,0x98039607bae0d4e073729f48b8005abc9297589e,27.56,1782043145136000,3
475803999,2026-06-21T12:03:15Z,1782043395000,0x679235a2652e678ae607ba49eaca7379d6350fae8005ffc1885d231bf2b08709,15,RequestedWithdrawal,0xcc10abf54af5c0718b10b0156dfe1e369ce3eee72423e9e86936a0082e9c5d1b,0x7725a7f2bb0e1c448d6fe361d53c840486ec6557,481.0,1782043356259000,3
475803999,2026-06-21T12:03:15Z,1782043395000,0x679235a2652e678ae607ba49eaca7379d6350fae8005ffc1885d231bf2b08709,16,RequestedWithdrawal,0xcc10abf54af5c0718b10b0156dfe1e369ce3eee72423e9e86936a0082e9c5d1b,0x946a1218013613d866ae6b65e194dad96ca8124b,2000.194404,1782043389788000,3
475804034,2026-06-21T12:03:24Z,1782043404000,0x8e44fcf1ec5f9ac0f3fae323a5354c84d37f408c18640a4da669251dda495336,0,FailedPermitDeposit,0xa2dc875d1f90a167d873c30143e7631eb311ea851e74c8c4e9b92c80efeba489,,,,3
475804269,2026-06-21T12:04:23Z,1782043463000,0xe411b952f91b58babe3e65c40cd7c91468f38da8a25bc6942ed0849c3a37bbbf,5,FailedPermitDeposit,0xa2dc875d1f90a167d873c30143e7631eb311ea851e74c8c4e9b92c80efeba489,,,,3
475804272,2026-06-21T12:04:24Z,1782043464000,0x672964c3f6655955e4569efcb6190c8ed74eb45a71a1af3a7aa7fd27382a3e7c,1,FinalizedWithdrawal,0xe5c7fe3a4ffca1590f26d74c8ba8b0db69557f7f4607a2a43f82e93041611978,0x37d5357e6f1c428fc6d46aadfb28615814f0cebd,0.5,1782043212222000,3
475804377,2026-06-21T12:04:50Z,1782043490000,0xcac862e6efd416fe60afa6512107d469d8f45d6364cd3fa315829c0f7049c99e,1,FinalizedWithdrawal,0xe5c7fe3a4ffca1590f26d74c8ba8b0db69557f7f4607a2a43f82e93041611978,0x956bc4d0fca828b7ccb572799b53f8f58db4d6a6,114.64,1782043234465000,3
475804457,2026-06-21T12:05:10Z,1782043510000,0x2d933b43b59f417477e02ea812629934d0eeb17f4864559e0d736d33ebff7df0,2,RequestedWithdrawal,0xcc10abf54af5c0718b10b0156dfe1e369ce3eee72423e9e86936a0082e9c5d1b,0xcbff71dfeeb004f3aad279b2b616ade8ca446980,99.45,1782043498442000,3
475804571,2026-06-21T12:05:39Z,1782043539000,0x1f0b872ba2fc6d06739f58239e64aff9e4c66d31e63d7a0205da6ca182f7a118,0,RequestedWithdrawal,0xcc10abf54af5c0718b10b0156dfe1e369ce3eee72423e9e86936a0082e9c5d1b,0x37d5357e6f1c428fc6d46aadfb28615814f0cebd,53.73,1782043504469000,3
475804576,2026-06-21T12:05:40Z,1782043540000,0xe5e5c1ceb7f961be3afcc6cb98ec34f23280ce01c67c5d92d439eb86c29bbdf6,1,FinalizedWithdrawal,0xe5c7fe3a4ffca1590f26d74c8ba8b0db69557f7f4607a2a43f82e93041611978,0x74d2a7ba7ec712a1e5e4f24a92351ea0e1cafca9,184.65,1782043311146000,3
475804576,2026-06-21T12:05:40Z,1782043540000,0xe5e5c1ceb7f961be3afcc6cb98ec34f23280ce01c67c5d92d439eb86c29bbdf6,3,FinalizedWithdrawal,0xe5c7fe3a4ffca1590f26d74c8ba8b0db69557f7f4607a2a43f82e93041611978,0xb390e4d8e96cbb60e9fa3c82b098314a2cee082d,1.0,1782043292181000,3
475804747,2026-06-21T12:06:23Z,1782043583000,0xecf92f2172255890c2bb304d2e6732cdcec30b659f9fb1da56f54712a5b97382,1,FinalizedWithdrawal,0xe5c7fe3a4ffca1590f26d74c8ba8b0db69557f7f4607a2a43f82e93041611978,0x45f3b9b320af36dc78141d860e590e9f20e01137,4255.97,1782043342106000,3
475804808,2026-06-21T12:06:39Z,1782043599000,0xb60c6c96a9a2e14e4cd49b61b463f8f63848862241ffaf50534efd95a07a8dd8,0,FailedPermitDeposit,0xa2dc875d1f90a167d873c30143e7631eb311ea851e74c8c4e9b92c80efeba489,,,,3
475804847,2026-06-21T12:06:48Z,1782043608000,0x794dbf1a89acbb71ea6a74089a05c9d82b4d97042bd791a4913a58052f0197ad,4,FinalizedWithdrawal,0xe5c7fe3a4ffca1590f26d74c8ba8b0db69557f7f4607a2a43f82e93041611978,0x7725a7f2bb0e1c448d6fe361d53c840486ec6557,481.0,1782043356259000,3
475804847,2026-06-21T12:06:48Z,1782043608000,0x794dbf1a89acbb71ea6a74089a05c9d82b4d97042bd791a4913a58052f0197ad,6,FinalizedWithdrawal,0xe5c7fe3a4ffca1590f26d74c8ba8b0db69557f7f4607a2a43f82e93041611978,0x946a1218013613d866ae6b65e194dad96ca8124b,2000.194404,1782043389788000,3
475805085,2026-06-21T12:07:47Z,1782043667000,0xa4d9433d45f0278a30bc9d0db8f5a672a3c368cf6d66fc16e1da8f1c53340a23,0,FailedPermitDeposit,0xa2dc875d1f90a167d873c30143e7631eb311ea851e74c8c4e9b92c80efeba489,,,,3
475805363,2026-06-21T12:08:57Z,1782043737000,0x1a69201d9320bf75bcb6ad46c66928f02212ff6c911d7cc9bc9dd4d1dea5342e,4,FinalizedWithdrawal,0xe5c7fe3a4ffca1590f26d74c8ba8b0db69557f7f4607a2a43f82e93041611978,0xcbff71dfeeb004f3aad279b2b616ade8ca446980,99.45,1782043498442000,3
475805458,2026-06-21T12:09:21Z,1782043761000,0x8c1051e82eaa832964305774b7afdbbe6b26aeb8ca659a7b10d108d986b649c2,3,FinalizedWithdrawal,0xe5c7fe3a4ffca1590f26d74c8ba8b0db69557f7f4607a2a43f82e93041611978,0x37d5357e6f1c428fc6d46aadfb28615814f0cebd,53.73,1782043504469000,3
475805579,2026-06-21T12:09:52Z,1782043792000,0x9b10f56792bc9457d489f01f963bb9e12961e69a9c2ed86f1e1c3dc86de853f6,0,RequestedWithdrawal,0xcc10abf54af5c0718b10b0156dfe1e369ce3eee72423e9e86936a0082e9c5d1b,0xb28c200776fec15d5522ec3edfc0e3074c002b42,385.055,1782043776791000,3
475805947,2026-06-21T12:11:25Z,1782043885000,0xb88f4dff46faf9d8f2b654fce6375301d1709ea1726b326be8cf29bf986b6fdc,0,RequestedWithdrawal,0xcc10abf54af5c0718b10b0156dfe1e369ce3eee72423e9e86936a0082e9c5d1b,0x6e9033eee64b3e4ba99a5244007de98b1afec44d,85.38,1782043868863000,3
475806140,2026-06-21T12:12:13Z,1782043933000,0x2286935c2c0c8d838a5f2f4edbdef16b363cb2b683156b8d9265f279ae268d51,0,RequestedWithdrawal,0xcc10abf54af5c0718b10b0156dfe1e369ce3eee72423e9e86936a0082e9c5d1b,0x3fb5d3894c4392152a839f4b13c5a88023c9224e,100.56,1782043901450000,3
475806482,2026-06-21T12:13:39Z,1782044019000,0x2a84e9f1a47abe4d464d9d8a0adecbb82ccc50ac47c1940c4751df43c410aebc,10,RequestedWithdrawal,0xcc10abf54af5c0718b10b0156dfe1e369ce3eee72423e9e86936a0082e9c5d1b,0x7725a7f2bb0e1c448d6fe361d53c840486ec6557,3889.0,1782043997823000,3
475806482,2026-06-21T12:13:39Z,1782044019000,0x2a84e9f1a47abe4d464d9d8a0adecbb82ccc50ac47c1940c4751df43c410aebc,11,RequestedWithdrawal,0xcc10abf54af5c0718b10b0156dfe1e369ce3eee72423e9e86936a0082e9c5d1b,0xde9050488881630f42ee3255e2e0e5f45f908975,10.98,1782043997370000,3
475806490,2026-06-21T12:13:41Z,1782044021000,0xcbb80cce6a47953c6ee139cba7b2bbc14c30d089bdb3bf24c914c408038cf33f,1,FinalizedWithdrawal,0xe5c7fe3a4ffca1590f26d74c8ba8b0db69557f7f4607a2a43f82e93041611978,0xb28c200776fec15d5522ec3edfc0e3074c002b42,385.055,1782043776791000,3
475806563,2026-06-21T12:13:59Z,1782044039000,0x2c707b8b33701a65e3a8e993fcdfdf22265e7157e3d1d342521675ff32e0a394,5,RequestedWithdrawal,0xcc10abf54af5c0718b10b0156dfe1e369ce3eee72423e9e86936a0082e9c5d1b,0x4b1c09fa8322548360a76a3747e32a60a864bc38,30380.0,1782044003372000,3
475806563,2026-06-21T12:13:59Z,1782044039000,0x2c707b8b33701a65e3a8e993fcdfdf22265e7157e3d1d342521675ff32e0a394,6,RequestedWithdrawal,0xcc10abf54af5c0718b10b0156dfe1e369ce3eee72423e9e86936a0082e9c5d1b,0x51f63885534cb494f4592a0311551f369bff2b39,35260.0,1782044014656000,3
475806672,2026-06-21T12:14:26Z,1782044066000,0x7fdad18b245829a4b5d59f12e4984971a1ca0618887669ddddbc39c7075235d5,83,RequestedWithdrawal,0xcc10abf54af5c0718b10b0156dfe1e369ce3eee72423e9e86936a0082e9c5d1b,0x9ed2e98f2d296941577365f4829e1d7ea6e5f04c,18.871545,1782044041422000,3
475806756,2026-06-21T12:14:47Z,1782044087000,0xe2572768840cd79961382ae4b3c6e8e4e6650356653ca9d6ca612df29fbb7306,6,FinalizedWithdrawal,0xe5c7fe3a4ffca1590f26d74c8ba8b0db69557f7f4607a2a43f82e93041611978,0x6e9033eee64b3e4ba99a5244007de98b1afec44d,85.38,1782043868863000,3
475806961,2026-06-21T12:15:39Z,1782044139000,0x35d6ea12ad7d974372a23a7851bd16d07daaa062613df6070678d2ace3aa445b,1,FinalizedWithdrawal,0xe5c7fe3a4ffca1590f26d74c8ba8b0db69557f7f4607a2a43f82e93041611978,0x3fb5d3894c4392152a839f4b13c5a88023c9224e,100.56,1782043901450000,3
475807323,2026-06-21T12:17:09Z,1782044229000,0x32e349e1721b84b62545b00f934a11c9085f7cff637bfccd1058409903f09a2d,1,FinalizedWithdrawal,0xe5c7fe3a4ffca1590f26d74c8ba8b0db69557f7f4607a2a43f82e93041611978,0xde9050488881630f42ee3255e2e0e5f45f908975,10.98,1782043997370000,3
475807323,2026-06-21T12:17:09Z,1782044229000,0x32e349e1721b84b62545b00f934a11c9085f7cff637bfccd1058409903f09a2d,3,FinalizedWithdrawal,0xe5c7fe3a4ffca1590f26d74c8ba8b0db69557f7f4607a2a43f82e93041611978,0x7725a7f2bb0e1c448d6fe361d53c840486ec6557,3889.0,1782043997823000,3
475807434,2026-06-21T12:17:37Z,1782044257000,0xce13c59bd0bd8daeefff9dbf1ef0bf51e7f7ab411c953dcbd48471a0c5612f02,6,FinalizedWithdrawal,0xe5c7fe3a4ffca1590f26d74c8ba8b0db69557f7f4607a2a43f82e93041611978,0x4b1c09fa8322548360a76a3747e32a60a864bc38,30380.0,1782044003372000,3
475807434,2026-06-21T12:17:37Z,1782044257000,0xce13c59bd0bd8daeefff9dbf1ef0bf51e7f7ab411c953dcbd48471a0c5612f02,8,FinalizedWithdrawal,0xe5c7fe3a4ffca1590f26d74c8ba8b0db69557f7f4607a2a43f82e93041611978,0x51f63885534cb494f4592a0311551f369bff2b39,35260.0,1782044014656000,3
475807508,2026-06-21T12:17:56Z,1782044276000,0xbd077318fbcf981e307f1699f2a8beda9d79bf592a555a6bc6ed981727dcf675,15,FinalizedWithdrawal,0xe5c7fe3a4ffca1590f26d74c8ba8b0db69557f7f4607a2a43f82e93041611978,0x9ed2e98f2d296941577365f4829e1d7ea6e5f04c,18.871545,1782044041422000,3
475807693,2026-06-21T12:18:42Z,1782044322000,0xb634173af5a148ec8485d7f54ca58c06975c34800ed08543b593edd7ced70142,2,RequestedWithdrawal,0xcc10abf54af5c0718b10b0156dfe1e369ce3eee72423e9e86936a0082e9c5d1b,0x2f01afc9f9437c4fcb8f2e8612c57bf522bcc81d,20025.8,1782044311630000,3
475807797,2026-06-21T12:19:08Z,1782044348000,0xe8b79c36b14e71f8462cefeb6945dd7ce1cae9e3e8f6a0e1ccc54ea6eaa0341c,1,RequestedWithdrawal,0xcc10abf54af5c0718b10b0156dfe1e369ce3eee72423e9e86936a0082e9c5d1b,0x7725a7f2bb0e1c448d6fe361d53c840486ec6557,20342.0,1782044320027000,3
475808507,2026-06-21T12:22:05Z,1782044525000,0xe613b5a94cf261404b2661a09865fed9f75f0825e0ed813947a495070419479a,9,RequestedWithdrawal,0xcc10abf54af5c0718b10b0156dfe1e369ce3eee72423e9e86936a0082e9c5d1b,0x2454e29d139de0511bf456faec8ccbe08cf01144,384.0,1782044510708000,3
475808513,2026-06-21T12:22:07Z,1782044527000,0x7877f8615fe65f3451e0e71695b3287f54feb4dea497817221f833d07e7bd313,1,FinalizedWithdrawal,0xe5c7fe3a4ffca1590f26d74c8ba8b0db69557f7f4607a2a43f82e93041611978,0x2f01afc9f9437c4fcb8f2e8612c57bf522bcc81d,20025.8,1782044311630000,3
475808675,2026-06-21T12:22:47Z,1782044567000,0xcc1a43a8eaa0e3bd52787b220edd160f44707a0a20d93868e1f1c5c1996608a8,16,FinalizedWithdrawal,0xe5c7fe3a4ffca1590f26d74c8ba8b0db69557f7f4607a2a43f82e93041611978,0x7725a7f2bb0e1c448d6fe361d53c840486ec6557,20342.0,1782044320027000,3
475808778,2026-06-21T12:23:13Z,1782044593000,0x060f292b770201949b838531d473d5e5a74a0c2bec5c9bfbe31c2016199972b9,8,RequestedWithdrawal,0xcc10abf54af5c0718b10b0156dfe1e369ce3eee72423e9e86936a0082e9c5d1b,0x7f4cdf53b13df4687a0d788d9a7237b6bd17374b,27.84,1782044582687000,3
475808882,2026-06-21T12:23:39Z,1782044619000,0x9dd4675645d5a0cb9dd9b261635b14e5a499113597c0cb7da76f3104ad4da9c8,1,RequestedWithdrawal,0xcc10abf54af5c0718b10b0156dfe1e369ce3eee72423e9e86936a0082e9c5d1b,0x781e95fdc049433565cf8e05265361b8402196b7,62378.0,1782044590056000,3
475808962,2026-06-21T12:23:59Z,1782044639000,0x2663957cfb27ededb2b5123e164ac46b48c08565795047bde9570e90242f2a79,1,RequestedWithdrawal,0xcc10abf54af5c0718b10b0156dfe1e369ce3eee72423e9e86936a0082e9c5d1b,0x51f63885534cb494f4592a0311551f369bff2b39,67409.0,1782044614983000,3
475809357,2026-06-21T12:25:38Z,1782044738000,0xc453ce33410cb7eb7e9c7a931b909ead19e951deb888ac527e863eb4d5f2df09,1,FinalizedWithdrawal,0xe5c7fe3a4ffca1590f26d74c8ba8b0db69557f7f4607a2a43f82e93041611978,0x2454e29d139de0511bf456faec8ccbe08cf01144,384.0,1782044510708000,3
475809431,2026-06-21T12:25:57Z,1782044757000,0x898808f5e34e9325631c4eb0844993f3cafdde81392182a14c295680d3ddd093,0,RequestedWithdrawal,0xcc10abf54af5c0718b10b0156dfe1e369ce3eee72423e9e86936a0082e9c5d1b,0xdc3529ae55d013ecb89d1a17b03a0949348ffbce,185.88,1782044739887000,3
475809648,2026-06-21T12:26:50Z,1782044810000,0x07845090d530c6e853baef3167afba79efaa9b046a1202bfd97d897864956204,4,FinalizedWithdrawal,0xe5c7fe3a4ffca1590f26d74c8ba8b0db69557f7f4607a2a43f82e93041611978,0x7f4cdf53b13df4687a0d788d9a7237b6bd17374b,27.84,1782044582687000,3
475809746,2026-06-21T12:27:15Z,1782044835000,0xa47cb2cd8b8b9cf74943ab7617ef998a09420ce107d40e1d5a501b5c1693a32a,1,FinalizedWithdrawal,0xe5c7fe3a4ffca1590f26d74c8ba8b0db69557f7f4607a2a43f82e93041611978,0x781e95fdc049433565cf8e05265361b8402196b7,62378.0,1782044590056000,3
475809846,2026-06-21T12:27:40Z,1782044860000,0x8b07d0c73ed207cbf83ede503b3ec8b59950ef17f431c86abae3371d78911f8e,5,RequestedWithdrawal,0xcc10abf54af5c0718b10b0156dfe1e369ce3eee72423e9e86936a0082e9c5d1b,0xc21095c0b6155c2ff2aafebbe253abc771c1093a,99.0,1782044848683000,3
475809854,2026-06-21T12:27:42Z,1782044862000,0x23c82cba42639ca548867f9287be187834f8852e1bff04e9098de4dbb090b3b9,1,FinalizedWithdrawal,0xe5c7fe3a4ffca1590f26d74c8ba8b0db69557f7f4607a2a43f82e93041611978,0x51f63885534cb494f4592a0311551f369bff2b39,67409.0,1782044614983000,3
475810044,2026-06-21T12:28:29Z,1782044909000,0x7ea66d3801946489cb192cf8595b13f4f02cb02fb3047ee0ecb81e5913e26a0f,0,RequestedWithdrawal,0xcc10abf54af5c0718b10b0156dfe1e369ce3eee72423e9e86936a0082e9c5d1b,0x0d43859bc88e404cfdbf655a82614cc4a9fe54f4,46.0783,1782044881900000,3
475810330,2026-06-21T12:29:41Z,1782044981000,0xb2578b10477ff8e2367a66d5bd4e2e9e78c712df370b4eabf37e8ac249a36b08,8,FinalizedWithdrawal,0xe5c7fe3a4ffca1590f26d74c8ba8b0db69557f7f4607a2a43f82e93041611978,0xdc3529ae55d013ecb89d1a17b03a0949348ffbce,185.88,1782044739887000,3
475810617,2026-06-21T12:30:53Z,1782045053000,0xac56d4792a9f1c670841ebc78812b76b4585d60eb116737fe3ebad32b4d645c8,5,RequestedWithdrawal,0xcc10abf54af5c0718b10b0156dfe1e369ce3eee72423e9e86936a0082e9c5d1b,0x7725a7f2bb0e1c448d6fe361d53c840486ec6557,2275.0,1782045026515000,3
475810718,2026-06-21T12:31:18Z,1782045078000,0xe6125e8c5f32cb04443b35f59ea869336672fc8bc3cbccf01a84412148594b47,1,FinalizedWithdrawal,0xe5c7fe3a4ffca1590f26d74c8ba8b0db69557f7f4607a2a43f82e93041611978,0xc21095c0b6155c2ff2aafebbe253abc771c1093a,99.0,1782044848683000,3
475810919,2026-06-21T12:32:09Z,1782045129000,0x6e804f8ec60327e7adf0ec4db84682907c2258a730c4dace92be210f61bbd82a,7,FinalizedWithdrawal,0xe5c7fe3a4ffca1590f26d74c8ba8b0db69557f7f4607a2a43f82e93041611978,0x0d43859bc88e404cfdbf655a82614cc4a9fe54f4,46.0783,1782044881900000,3
475811001,2026-06-21T12:32:29Z,1782045149000,0xf0d157837e3e932670c425abfa5f677fc846e88425fa76e43d123ecd2ba98674,0,RequestedWithdrawal,0xcc10abf54af5c0718b10b0156dfe1e369ce3eee72423e9e86936a0082e9c5d1b,0xe3bba5aa1c44fa786a7712aa5994e97d3e8386ad,169.0,1782045120810000,3
475811295,2026-06-21T12:33:42Z,1782045222000,0x0ba672b49869add823c5e3aba37b9ec59e5f5a63288f93f1d0e94845b05e9f3b,26,RequestedWithdrawal,0xcc10abf54af5c0718b10b0156dfe1e369ce3eee72423e9e86936a0082e9c5d1b,0x5426f039c05b65dba6ce6e775f1bc24cd057e51a,1000.0,1782045216353000,3
475811524,2026-06-21T12:34:39Z,1782045279000,0x625f4ba61111e65a7bb5bee2df62eae4d6447ea6ad189bbba55f07a49b6157e5,5,FinalizedWithdrawal,0xe5c7fe3a4ffca1590f26d74c8ba8b0db69557f7f4607a2a43f82e93041611978,0x7725a7f2bb0e1c448d6fe361d53c840486ec6557,2275.0,1782045026515000,3
475811894,2026-06-21T12:36:12Z,1782045372000,0xe8f78affa43e6adbd97a8d3cb97e056145c6bd820fd13226d1229127db9eb6f7,0,RequestedWithdrawal,0xcc10abf54af5c0718b10b0156dfe1e369ce3eee72423e9e86936a0082e9c5d1b,0xd8db00b49f061b4577db9d37bab3decdc251be7c,36.36,1782045347664000,3
475811901,2026-06-21T12:36:14Z,1782045374000,0xe3687b5215e97774643f2997e05d4d4a65e1736d58ccb5626f8014445125cc3f,36,FinalizedWithdrawal,0xe5c7fe3a4ffca1590f26d74c8ba8b0db69557f7f4607a2a43f82e93041611978,0xe3bba5aa1c44fa786a7712aa5994e97d3e8386ad,169.0,1782045120810000,3
475812006,2026-06-21T12:36:40Z,1782045400000,0xeddd673a920043124889d8fe1ef56e19093792588a3ded935f58acc1f362ba85,16,RequestedWithdrawal,0xcc10abf54af5c0718b10b0156dfe1e369ce3eee72423e9e86936a0082e9c5d1b,0x7725a7f2bb0e1c448d6fe361d53c840486ec6557,3149.0,1782045380172000,3
475812129,2026-06-21T12:37:11Z,1782045431000,0xeb0df445f92a5bdf4c33e2f6fffa780b375f2d0cc0101a5d7745a61c852471f8,1,FinalizedWithdrawal,0xe5c7fe3a4ffca1590f26d74c8ba8b0db69557f7f4607a2a43f82e93041611978,0x5426f039c05b65dba6ce6e775f1bc24cd057e51a,1000.0,1782045216353000,3
475812219,2026-06-21T12:37:33Z,1782045453000,0xb7c0ef4ca2bf937e585b9ba6d3ad57e5d78677372d5ce6256a222d4ccdc906c5,1,RequestedWithdrawal,0xcc10abf54af5c0718b10b0156dfe1e369ce3eee72423e9e86936a0082e9c5d1b,0xff91237329bcea935f6db6a75cf3310358f7e1bf,31.2,1782045442510000,3
475812711,2026-06-21T12:39:36Z,1782045576000,0x7a67d98fbfcd3aeb50d6b40988fc74174ef28d75ada48c28b2bf31d22fe3de33,2,FinalizedWithdrawal,0xe5c7fe3a4ffca1590f26d74c8ba8b0db69557f7f4607a2a43f82e93041611978,0xd8db00b49f061b4577db9d37bab3decdc251be7c,36.36,1782045347664000,3
475812789,2026-06-21T12:39:56Z,1782045596000,0x12d9508cb1339530d6474fb6a336f226aa1e54d8e7503a4f378e0e08ebd5cce0,0,RequestedWithdrawal,0xcc10abf54af5c0718b10b0156dfe1e369ce3eee72423e9e86936a0082e9c5d1b,0xd4c1f7e8d876c4749228d515473d36f919583d1d,523753.0,1782045581456000,3
475812877,2026-06-21T12:40:18Z,1782045618000,0x3c46ebef64d3de524e7741cf97867ed8a7f77ca3a07ba1626f41ceea23d44097,1,FinalizedWithdrawal,0xe5c7fe3a4ffca1590f26d74c8ba8b0db69557f7f4607a2a43f82e93041611978,0x7725a7f2bb0e1c448d6fe361d53c840486ec6557,3149.0,1782045380172000,3
475813091,2026-06-21T12:41:12Z,1782045672000,0xd38b03d5656eafb99ba0af130b520a210629ce020733ce5d1d45befe1158a3e2,1,FinalizedWithdrawal,0xe5c7fe3a4ffca1590f26d74c8ba8b0db69557f7f4607a2a43f82e93041611978,0xff91237329bcea935f6db6a75cf3310358f7e1bf,31.2,1782045442510000,3
475813387,2026-06-21T12:42:26Z,1782045746000,0xb201562c0fe669d7b3c3d9ed516a488a083b8082b34c5a1e31e16e76f1fd99b4,0,RequestedWithdrawal,0xcc10abf54af5c0718b10b0156dfe1e369ce3eee72423e9e86936a0082e9c5d1b,0x0583dc627747eb137728fad864bc20ca09883966,8.52,1782045735515000,3
475813469,2026-06-21T12:42:46Z,1782045766000,0x38b6b6d0516408070380d3caa1a3accbfcbca391dd25fa2275b9c32f8d78868b,2,RequestedWithdrawal,0xcc10abf54af5c0718b10b0156dfe1e369ce3eee72423e9e86936a0082e9c5d1b,0xbbc26e3e4e177146dd6dfab9be54ae42eb83f80c,922.0,1782045750861000,3
475813578,2026-06-21T12:43:14Z,1782045794000,0xf15abd1f6bebd174c6e0ffad92adb64d42543ccf55ec6cc43cbc3864d5c8984c,2,RequestedWithdrawal,0xcc10abf54af5c0718b10b0156dfe1e369ce3eee72423e9e86936a0082e9c5d1b,0x2fbf4964c7d8c652d33a328cc3e17cc4e7b57c44,399.0,1782045775650000,3
475813683,2026-06-21T12:43:40Z,1782045820000,0x3bf3dfd7a3f6e4df0b27eea3614b4bcc208f3c21a6b6fce251a7f9ae7969fd5b,2,FinalizedWithdrawal,0xe5c7fe3a4ffca1590f26d74c8ba8b0db69557f7f4607a2a43f82e93041611978,0xd4c1f7e8d876c4749228d515473d36f919583d1d,523753.0,1782045581456000,3
475814083,2026-06-21T12:45:20Z,1782045920000,0x519918626ea6818730e83e3daf729c457a81a511e1ac4cc18a7233f9ded4d2b9,5,RequestedWithdrawal,0xcc10abf54af5c0718b10b0156dfe1e369ce3eee72423e9e86936a0082e9c5d1b,0xee8cf71b614a8916f223078e98609e53774c0542,39.0,1782045914298000,3
475814201,2026-06-21T12:45:49Z,1782045949000,0x51e2b103e8a2fe6e23a83ae99754c863d45a1ac41abff1f7859e191b8a8b3da6,1,FinalizedWithdrawal,0xe5c7fe3a4ffca1590f26d74c8ba8b0db69557f7f4607a2a43f82e93041611978,0x0583dc627747eb137728fad864bc20ca09883966,8.52,1782045735515000,3
475814282,2026-06-21T12:46:09Z,1782045969000,0xb33796650f0b9e446bac7bcc763a6213e456470a6bd2692b5dc916d47d0ea085,6,RequestedWithdrawal,0xcc10abf54af5c0718b10b0156dfe1e369ce3eee72423e9e86936a0082e9c5d1b,0x36e9992e7e1e2709b466d1fa54b8276bcec57e99,16.2,1782045944734000,3
475814288,2026-06-21T12:46:11Z,1782045971000,0x55a4e2f92d977dee1d4e0352ad6850236c474b2d1bd5578e8171d338f5547dfb,4,FinalizedWithdrawal,0xe5c7fe3a4ffca1590f26d74c8ba8b0db69557f7f4607a2a43f82e93041611978,0xbbc26e3e4e177146dd6dfab9be54ae42eb83f80c,922.0,1782045750861000,3
475814464,2026-06-21T12:46:55Z,1782046015000,0xd7e0404a78cf0c5756ab417c2ab1078b599385dff6ff9cd3fb47db73ed9d8b61,1,FinalizedWithdrawal,0xe5c7fe3a4ffca1590f26d74c8ba8b0db69557f7f4607a2a43f82e93041611978,0x2fbf4964c7d8c652d33a328cc3e17cc4e7b57c44,399.0,1782045775650000,3
475814982,2026-06-21T12:49:05Z,1782046145000,0x1c70c75b68e514dfff36bd3377d1073e6665529eb119fef6b2c5b0221d3ac2b0,2,FinalizedWithdrawal,0xe5c7fe3a4ffca1590f26d74c8ba8b0db69557f7f4607a2a43f82e93041611978,0xee8cf71b614a8916f223078e98609e53774c0542,39.0,1782045914298000,3
475815167,2026-06-21T12:49:51Z,1782046191000,0x78b5ee659b5812dc4ada7fc0e2baad8845ad26a97db4c2fb13491f8556710fba,13,FinalizedWithdrawal,0xe5c7fe3a4ffca1590f26d74c8ba8b0db69557f7f4607a2a43f82e93041611978,0x36e9992e7e1e2709b466d1fa54b8276bcec57e99,16.2,1782045944734000,3
475815726,2026-06-21T12:52:10Z,1782046330000,0xff65540ec4ca4458d9f0c194e6216e68e728fb7ccfc28b0c706c1e8164c6c0e7,3,FailedPermitDeposit,0xa2dc875d1f90a167d873c30143e7631eb311ea851e74c8c4e9b92c80efeba489,,,,3
475815832,2026-06-21T12:52:37Z,1782046357000,0x06bf650c6ef4724a71957a039f64397ad83326992136553b960daa3e897e460b,0,RequestedWithdrawal,0xcc10abf54af5c0718b10b0156dfe1e369ce3eee72423e9e86936a0082e9c5d1b,0x36e9992e7e1e2709b466d1fa54b8276bcec57e99,15.19,1782046345661000,3
475815832,2026-06-21T12:52:37Z,1782046357000,0x06bf650c6ef4724a71957a039f64397ad83326992136553b960daa3e897e460b,1,RequestedWithdrawal,0xcc10abf54af5c0718b10b0156dfe1e369ce3eee72423e9e86936a0082e9c5d1b,0x428babced19064beece58b8a252e3f17aac2a817,299999.0,1782046338090000,3
475816608,2026-06-21T12:55:51Z,1782046551000,0x96f23025fcdee696dfa960596bda078821ba43e4c63f71af38557395019cf7e3,19,RequestedWithdrawal,0xcc10abf54af5c0718b10b0156dfe1e369ce3eee72423e9e86936a0082e9c5d1b,0x10c3a9115622eea61e3f0e696ab89a6ead82b7cb,289.72,1782046526392000,3
475816700,2026-06-21T12:56:14Z,1782046574000,0x63150c0bd77f11ee0df4e08948c5aa3a1605518dd2beef9c7d3607fa2933b379,3,RequestedWithdrawal,0xcc10abf54af5c0718b10b0156dfe1e369ce3eee72423e9e86936a0082e9c5d1b,0x373e9e125d30ac02cc640568169e5009549b0ec7,9.0,1782046550199000,3
475816704,2026-06-21T12:56:15Z,1782046575000,0x5d78a01476d15e9e33bb72d8082ed4f2c4168d628b31ce227877270611418e90,15,FinalizedWithdrawal,0xe5c7fe3a4ffca1590f26d74c8ba8b0db69557f7f4607a2a43f82e93041611978,0x428babced19064beece58b8a252e3f17aac2a817,299999.0,1782046338090000,3
475816704,2026-06-21T12:56:15Z,1782046575000,0x5d78a01476d15e9e33bb72d8082ed4f2c4168d628b31ce227877270611418e90,17,FinalizedWithdrawal,0xe5c7fe3a4ffca1590f26d74c8ba8b0db69557f7f4607a2a43f82e93041611978,0x36e9992e7e1e2709b466d1fa54b8276bcec57e99,15.19,1782046345661000,3
475817188,2026-06-21T12:58:17Z,1782046697000,0x74887a8edc2c7e3e1574a37790d50fa14b2d5f967d9ca6667228c20ced535f89,0,RequestedWithdrawal,0xcc10abf54af5c0718b10b0156dfe1e369ce3eee72423e9e86936a0082e9c5d1b,0x835192aec06e536cc641fb34123801eaecf4d067,9.0,1782046689759000,3
475817473,2026-06-21T12:59:27Z,1782046767000,0x66e0e31b3daddc19fba3cbeead6bdda92a1a0995def8f646ddecbf920207f9f5,1,FinalizedWithdrawal,0xe5c7fe3a4ffca1590f26d74c8ba8b0db69557f7f4607a2a43f82e93041611978,0x10c3a9115622eea61e3f0e696ab89a6ead82b7cb,289.72,1782046526392000,3
475817555,2026-06-21T12:59:48Z,1782046788000,0xd6859c3c555eb717cc8d305c61435a901ec4158496e1ee16e8f3cea104b1ab16,0,RequestedWithdrawal,0xcc10abf54af5c0718b10b0156dfe1e369ce3eee72423e9e86936a0082e9c5d1b,0x428babced19064beece58b8a252e3f17aac2a817,126999.0,1782046783193000,3
475817555,2026-06-21T12:59:48Z,1782046788000,0xd6859c3c555eb717cc8d305c61435a901ec4158496e1ee16e8f3cea104b1ab16,1,RequestedWithdrawal,0xcc10abf54af5c0718b10b0156dfe1e369ce3eee72423e9e86936a0082e9c5d1b,0x526985a5c2eee232110e820a5ac14e3ad6e9801d,449.0,1782046746201000,3
475817555,2026-06-21T12:59:48Z,1782046788000,0xd6859c3c555eb717cc8d305c61435a901ec4158496e1ee16e8f3cea104b1ab16,2,RequestedWithdrawal,0xcc10abf54af5c0718b10b0156dfe1e369ce3eee72423e9e86936a0082e9c5d1b,0xc4cee943e4f7140f568a38a0ebb967ba79600cc2,179.0,1782046783457000,3
475817561,2026-06-21T12:59:49Z,1782046789000,0xe049d5c131b4602df66409e3979317125781f9cc6484f3d2c595f1e5a457730d,2,FinalizedWithdrawal,0xe5c7fe3a4ffca1590f26d74c8ba8b0db69557f7f4607a2a43f82e93041611978,0x373e9e125d30ac02cc640568169e5009549b0ec7,9.0,1782046550199000,3
475817774,2026-06-21T13:00:43Z,1782046843000,0xcee233cf3e7bb3bf267d03c06b724bfd47e9a1288a88361d6a2db3e43c83ba49,3,RequestedWithdrawal,0xcc10abf54af5c0718b10b0156dfe1e369ce3eee72423e9e86936a0082e9c5d1b,0x53a224f964927720384d3a49cbcaed3ca4373260,244.82,1782046816743000,3
475818049,2026-06-21T13:01:52Z,1782046912000,0xd1596fbabbe8701231e82497c2cbf359978ffbd44f706e6a7f5a38ace69407e0,7,RequestedWithdrawal,0xcc10abf54af5c0718b10b0156dfe1e369ce3eee72423e9e86936a0082e9c5d1b,0x463cdf29309bde52c0603a9a84ac5604f2940531,187.57,1782046890999000,3
475818049,2026-06-21T13:01:52Z,1782046912000,0xd1596fbabbe8701231e82497c2cbf359978ffbd44f706e6a7f5a38ace69407e0,8,RequestedWithdrawal,0xcc10abf54af5c0718b10b0156dfe1e369ce3eee72423e9e86936a0082e9c5d1b,0x893525a9fd0db48885ea0c3fd30070729150873e,0.39,1782046896899000,3
475818056,2026-06-21T13:01:53Z,1782046913000,0x347a9baca49f01efd410a643a6c37c201b93999217bc89d096bfa7945e037a88,17,FinalizedWithdrawal,0xe5c7fe3a4ffca1590f26d74c8ba8b0db69557f7f4607a2a43f82e93041611978,0x835192aec06e536cc641fb34123801eaecf4d067,9.0,1782046689759000,3
475818164,2026-06-21T13:02:21Z,1782046941000,0x84a830caee5d2056db2cd0b8ed00dafe110d6f992d8e57ca72c199283887354a,3,RequestedWithdrawal,0xcc10abf54af5c0718b10b0156dfe1e369ce3eee72423e9e86936a0082e9c5d1b,0x030a149ba6950da7667f72b9d0b150a913a473d3,10843.27,1782046927246000,3
475818364,2026-06-21T13:03:11Z,1782046991000,0x04ad07e125950f6cde18e8bb2b7ee9a6ec819137c20557e949ace1a41c857c8a,3,RequestedWithdrawal,0xcc10abf54af5c0718b10b0156dfe1e369ce3eee72423e9e86936a0082e9c5d1b,0x0f6813bc49e292d7583b1966e151ec5680f33874,0.985,1782046968216000,3
475818364,2026-06-21T13:03:11Z,1782046991000,0x04ad07e125950f6cde18e8bb2b7ee9a6ec819137c20557e949ace1a41c857c8a,4,RequestedWithdrawal,0xcc10abf54af5c0718b10b0156dfe1e369ce3eee72423e9e86936a0082e9c5d1b,0x4ac51b86efe17ea713bc8859baaaa08a56006c1a,1.151307,1782046976061000,3
475818370,2026-06-21T13:03:12Z,1782046992000,0x1996e19a32f4f4a71402908a58c2fc42fbebbb04aadbb4e055dd34f3a4e3dd85,24,FinalizedWithdrawal,0xe5c7fe3a4ffca1590f26d74c8ba8b0db69557f7f4607a2a43f82e93041611978,0x428babced19064beece58b8a252e3f17aac2a817,126999.0,1782046783193000,3
475818370,2026-06-21T13:03:12Z,1782046992000,0x1996e19a32f4f4a71402908a58c2fc42fbebbb04aadbb4e055dd34f3a4e3dd85,26,FinalizedWithdrawal,0xe5c7fe3a4ffca1590f26d74c8ba8b0db69557f7f4607a2a43f82e93041611978,0xc4cee943e4f7140f568a38a0ebb967ba79600cc2,179.0,1782046783457000,3
475818370,2026-06-21T13:03:12Z,1782046992000,0x1996e19a32f4f4a71402908a58c2fc42fbebbb04aadbb4e055dd34f3a4e3dd85,28,FinalizedWithdrawal,0xe5c7fe3a4ffca1590f26d74c8ba8b0db69557f7f4607a2a43f82e93041611978,0x526985a5c2eee232110e820a5ac14e3ad6e9801d,449.0,1782046746201000,3
475818665,2026-06-21T13:04:26Z,1782047066000,0xe9c33bc599d5b8d1cfe223490ede3b8543acf795d7638a06a60781f9fd00b243,1,FinalizedWithdrawal,0xe5c7fe3a4ffca1590f26d74c8ba8b0db69557f7f4607a2a43f82e93041611978,0x53a224f964927720384d3a49cbcaed3ca4373260,244.82,1782046816743000,3
475818739,2026-06-21T13:04:45Z,1782047085000,0x6a3fa69f80511f80691b633b46c09eff788864341bc00b1ff4085cbdca29b032,0,FailedPermitDeposit,0xa2dc875d1f90a167d873c30143e7631eb311ea851e74c8c4e9b92c80efeba489,,,,3
475818871,2026-06-21T13:05:17Z,1782047117000,0xe987b9d5cef4b24277724968390b27e4b9fbfb8f72ad486673092cdeecc69ac3,1,FinalizedWithdrawal,0xe5c7fe3a4ffca1590f26d74c8ba8b0db69557f7f4607a2a43f82e93041611978,0x463cdf29309bde52c0603a9a84ac5604f2940531,187.57,1782046890999000,3
475818871,2026-06-21T13:05:17Z,1782047117000,0xe987b9d5cef4b24277724968390b27e4b9fbfb8f72ad486673092cdeecc69ac3,3,FinalizedWithdrawal,0xe5c7fe3a4ffca1590f26d74c8ba8b0db69557f7f4607a2a43f82e93041611978,0x893525a9fd0db48885ea0c3fd30070729150873e,0.39,1782046896899000,3
475818981,2026-06-21T13:05:44Z,1782047144000,0x7364f3a06943e96ca4a1f3621fe807b715ceccb5323f990e98a960e414fb4459,5,FinalizedWithdrawal,0xe5c7fe3a4ffca1590f26d74c8ba8b0db69557f7f4607a2a43f82e93041611978,0x030a149ba6950da7667f72b9d0b150a913a473d3,10843.27,1782046927246000,3
475819251,2026-06-21T13:06:52Z,1782047212000,0x33a3802d204fd989f416aa228a81534b11f100f75c1e599706b6e778f55568e9,1,RequestedWithdrawal,0xcc10abf54af5c0718b10b0156dfe1e369ce3eee72423e9e86936a0082e9c5d1b,0xb390e4d8e96cbb60e9fa3c82b098314a2cee082d,4.0,1782047194831000,3
475819251,2026-06-21T13:06:52Z,1782047212000,0x33a3802d204fd989f416aa228a81534b11f100f75c1e599706b6e778f55568e9,2,RequestedWithdrawal,0xcc10abf54af5c0718b10b0156dfe1e369ce3eee72423e9e86936a0082e9c5d1b,0xd54cb93f758f08c1a209429719373fb9de6b17cf,17.9,1782047198227000,3
475819259,2026-06-21T13:06:54Z,1782047214000,0x628b2be6fdca82b07ded4cb509e3e70467eee5e6df3098cbf3e80060f9030b23,1,FinalizedWithdrawal,0xe5c7fe3a4ffca1590f26d74c8ba8b0db69557f7f4607a2a43f82e93041611978,0x4ac51b86efe17ea713bc8859baaaa08a56006c1a,1.151307,1782046976061000,3
475819259,2026-06-21T13:06:54Z,1782047214000,0x628b2be6fdca82b07ded4cb509e3e70467eee5e6df3098cbf3e80060f9030b23,3,FinalizedWithdrawal,0xe5c7fe3a4ffca1590f26d74c8ba8b0db69557f7f4607a2a43f82e93041611978,0x0f6813bc49e292d7583b1966e151ec5680f33874,0.985,1782046968216000,3
475819429,2026-06-21T13:07:37Z,1782047257000,0x1fec7665ab0dcede284736da2488829d56ba9f7a6ecee5310791cbf47e3f7031,0,RequestedWithdrawal,0xcc10abf54af5c0718b10b0156dfe1e369ce3eee72423e9e86936a0082e9c5d1b,0x5a3bc60b0a99a7f4fbf0d15554fa5fe88e7628c2,6999.0,1782047251894000,3
475820091,2026-06-21T13:10:23Z,1782047423000,0xb891db116a71e74e99b8a3a162b247526a9295a448db3d3b546a396b103eda65,3,FinalizedWithdrawal,0xe5c7fe3a4ffca1590f26d74c8ba8b0db69557f7f4607a2a43f82e93041611978,0xd54cb93f758f08c1a209429719373fb9de6b17cf,17.9,1782047198227000,3
475820091,2026-06-21T13:10:23Z,1782047423000,0xb891db116a71e74e99b8a3a162b247526a9295a448db3d3b546a396b103eda65,5,FinalizedWithdrawal,0xe5c7fe3a4ffca1590f26d74c8ba8b0db69557f7f4607a2a43f82e93041611978,0xb390e4d8e96cbb60e9fa3c82b098314a2cee082d,4.0,1782047194831000,3
475820280,2026-06-21T13:11:09Z,1782047469000,0x6d0ea4ee138fe37687f8b4da492b343704c0f26e96ea1994897db1b25527ccf4,1,FinalizedWithdrawal,0xe5c7fe3a4ffca1590f26d74c8ba8b0db69557f7f4607a2a43f82e93041611978,0x5a3bc60b0a99a7f4fbf0d15554fa5fe88e7628c2,6999.0,1782047251894000,3
475820453,2026-06-21T13:11:52Z,1782047512000,0xb16546b02922cbd556473a1865291e08008e8114b141743149e97ff8ac69364b,15,RequestedWithdrawal,0xcc10abf54af5c0718b10b0156dfe1e369ce3eee72423e9e86936a0082e9c5d1b,0x7a8e953bfd7364e199a0bf878f9786c63161e420,13.01,1782047498261000,3
475820836,2026-06-21T13:13:28Z,1782047608000,0x45b96c17c969c87b163b74966337c77b4ab7e8d69abcbe32852840858e18ea03,0,RequestedWithdrawal,0xcc10abf54af5c0718b10b0156dfe1e369ce3eee72423e9e86936a0082e9c5d1b,0xa918f28044465c483f27f5be17f894f77c37e8d1,28.63853,1782047602239000,3
475821293,2026-06-21T13:15:23Z,1782047723000,0xf634c4d0404ecde5bad1d4cadb8b9222e0d4b7f64ced53e074c4f9cbae48bca9,1,RequestedWithdrawal,0xcc10abf54af5c0718b10b0156dfe1e369ce3eee72423e9e86936a0082e9c5d1b,0xb390e4d8e96cbb60e9fa3c82b098314a2cee082d,2.0,1782047699400000,3
475821299,2026-06-21T13:15:24Z,1782047724000,0xc774f7639f908218c9100b49529894f59cbc78c14c39f24503bd7ad95ea1221a,10,FinalizedWithdrawal,0xe5c7fe3a4ffca1590f26d74c8ba8b0db69557f7f4607a2a43f82e93041611978,0x7a8e953bfd7364e199a0bf878f9786c63161e420,13.01,1782047498261000,3
475821665,2026-06-21T13:16:56Z,1782047816000,0x35bad984db7666037b7d23e71c8c0a3e471282959c05a2f502bdfdab6358291b,6,FinalizedWithdrawal,0xe5c7fe3a4ffca1590f26d74c8ba8b0db69557f7f4607a2a43f82e93041611978,0xa918f28044465c483f27f5be17f894f77c37e8d1,28.63853,1782047602239000,3
475821772,2026-06-21T13:17:23Z,1782047843000,0x2e4821c7a669642eac51749c85ad950c16f9ea3d2606c168dff6da915aa2405b,15,RequestedWithdrawal,0xcc10abf54af5c0718b10b0156dfe1e369ce3eee72423e9e86936a0082e9c5d1b,0x99318df344397a26971b3ed66851b8354b090ac1,12.12,1782047834021000,3
475822072,2026-06-21T13:18:37Z,1782047917000,0xfc0e5ea03f903ee0276ae3de7a49fd9368401da98f383e0166a3783eed8a6b40,3,RequestedWithdrawal,0xcc10abf54af5c0718b10b0156dfe1e369ce3eee72423e9e86936a0082e9c5d1b,0xbf73931a6f7a38ecfdea543832aaeff55c933304,29.0,1782047906197000,3
475822187,2026-06-21T13:19:06Z,1782047946000,0xa8aaa1b20ed9606ce7e021c37345434b2db1a69b41c3bacf7a2d5b2edf22d9b4,2,FinalizedWithdrawal,0xe5c7fe3a4ffca1590f26d74c8ba8b0db69557f7f4607a2a43f82e93041611978,0xb390e4d8e96cbb60e9fa3c82b098314a2cee082d,2.0,1782047699400000,3
475822469,2026-06-21T13:20:17Z,1782048017000,0x34a148a7f80d43e679c1778b1bf82b8138115684d66ea78f8656897f7a3a332c,1,RequestedWithdrawal,0xcc10abf54af5c0718b10b0156dfe1e369ce3eee72423e9e86936a0082e9c5d1b,0xe482bdd1d4fc9a9fed4c0413e0e0d470a5b7677b,50.41,1782047987658000,3
475822675,2026-06-21T13:21:08Z,1782048068000,0x4e227109a7f6c25d12b4ceae78e81911685d03d96247e39cf31ffd259c91dd53,14,FinalizedWithdrawal,0xe5c7fe3a4ffca1590f26d74c8ba8b0db69557f7f4607a2a43f82e93041611978,0x99318df344397a26971b3ed66851b8354b090ac1,12.12,1782047834021000,3
475822750,2026-06-21T13:21:27Z,1782048087000,0xceb1a971f81803f1fad6edc309c097310cd5e339101df83ba6c98e183f20c0ca,4,RequestedWithdrawal,0xcc10abf54af5c0718b10b0156dfe1e369ce3eee72423e9e86936a0082e9c5d1b,0x34758d0c260f0bf324a2b90b8a215aca5ce66e04,195.3085,1782048076416000,3
475822944,2026-06-21T13:22:16Z,1782048136000,0x52a33c203f10d540eee6bd2a9dd075a9e0d35002237cd070b9334984efd5284a,1,FinalizedWithdrawal,0xe5c7fe3a4ffca1590f26d74c8ba8b0db69557f7f4607a2a43f82e93041611978,0xbf73931a6f7a38ecfdea543832aaeff55c933304,29.0,1782047906197000,3
475822947,2026-06-21T13:22:17Z,1782048137000,0x22de92c82a97de0d9a6df2d4e3756a3910731a52333e3ad459367816c632c7de,0,FailedPermitDeposit,0xa2dc875d1f90a167d873c30143e7631eb311ea851e74c8c4e9b92c80efeba489,,,,3
475823331,2026-06-21T13:23:52Z,1782048232000,0x8e4a064033e3326a9ead3e4d18c8243697f63d9f34b0b35cfdfb933d077247b3,12,FinalizedWithdrawal,0xe5c7fe3a4ffca1590f26d74c8ba8b0db69557f7f4607a2a43f82e93041611978,0xe482bdd1d4fc9a9fed4c0413e0e0d470a5b7677b,50.41,1782047987658000,3
475823632,2026-06-21T13:25:07Z,1782048307000,0x830bf6176702350c9d0c414d14ecfa9cd29720ee3cca598f65ab694d215506b2,14,FinalizedWithdrawal,0xe5c7fe3a4ffca1590f26d74c8ba8b0db69557f7f4607a2a43f82e93041611978,0x34758d0c260f0bf324a2b90b8a215aca5ce66e04,195.3085,1782048076416000,3
475823908,2026-06-21T13:26:16Z,1782048376000,0x1b74e66c87203f0296635e5a5c09238996552cc768dbdf86f133a0f278e70d40,3,RequestedWithdrawal,0xcc10abf54af5c0718b10b0156dfe1e369ce3eee72423e9e86936a0082e9c5d1b,0x9582460ff3c3304ddacf1bc1ca61d99139c90a34,3999.0,1782048365737000,3
475824007,2026-06-21T13:26:41Z,1782048401000,0x32b1645197a52e91bdabc22affea2bddd14e24dc327b184589ab508a257243d5,7,RequestedWithdrawal,0xcc10abf54af5c0718b10b0156dfe1e369ce3eee72423e9e86936a0082e9c5d1b,0xbe8252852f0eb9d399e6d043ecf634fa572fdc4d,40.43,1782048384623000,3
475824538,2026-06-21T13:28:54Z,1782048534000,0x50ab05af3336b795968269dd3ba75244090a8b5eaba330c606227c69bcdec279,3,RequestedWithdrawal,0xcc10abf54af5c0718b10b0156dfe1e369ce3eee72423e9e86936a0082e9c5d1b,0xe1d4acaf2f9f911a7b4bfe1f43deacce80a6687f,6.76,1782048525870000,3
475824761,2026-06-21T13:29:50Z,1782048590000,0xdbcfde3cd4cdd8226c521e932337ed0bf3e2b1efea5bd38e7d57e07332dd4d2e,0,RequestedWithdrawal,0xcc10abf54af5c0718b10b0156dfe1e369ce3eee72423e9e86936a0082e9c5d1b,0x11fc92990084f535fc28417bc31df7cc5ec2116f,98.0,1782048566158000,3
475824761,2026-06-21T13:29:50Z,1782048590000,0xdbcfde3cd4cdd8226c521e932337ed0bf3e2b1efea5bd38e7d57e07332dd4d2e,1,RequestedWithdrawal,0xcc10abf54af5c0718b10b0156dfe1e369ce3eee72423e9e86936a0082e9c5d1b,0xf64f06e1cc486484e61bb403cb3ff863e6644561,75.01,1782048564480000,3
475824768,2026-06-21T13:29:52Z,1782048592000,0xa31360677bd9644852cf05d93f6547420e928bda76b004c9c12a629ae3d2b057,7,FinalizedWithdrawal,0xe5c7fe3a4ffca1590f26d74c8ba8b0db69557f7f4607a2a43f82e93041611978,0x9582460ff3c3304ddacf1bc1ca61d99139c90a34,3999.0,1782048365737000,3
475824839,2026-06-21T13:30:09Z,1782048609000,0x6ee9781ea0e2e8fff38659a003fa592fe6098bb94b6dabafc653bc59bf83a25b,62,FinalizedWithdrawal,0xe5c7fe3a4ffca1590f26d74c8ba8b0db69557f7f4607a2a43f82e93041611978,0xbe8252852f0eb9d399e6d043ecf634fa572fdc4d,40.43,1782048384623000,3
475825037,2026-06-21T13:30:57Z,1782048657000,0x0ebd5a33881d14a6032170b9dfa1522940fe8400595b954ad29e359e0cf67806,11,RequestedWithdrawal,0xcc10abf54af5c0718b10b0156dfe1e369ce3eee72423e9e86936a0082e9c5d1b,0x0f6813bc49e292d7583b1966e151ec5680f33874,9.94,1782048643573000,3
475825227,2026-06-21T13:31:44Z,1782048704000,0x71fa454ecf442e4587d65dc4c6f298fbf1d0348f531f2adaa9d703390eafd2c3,11,RequestedWithdrawal,0xcc10abf54af5c0718b10b0156dfe1e369ce3eee72423e9e86936a0082e9c5d1b,0x7d6cc96f96714527620b00fa954291a1f0d07f4a,10.0,1782048697422000,3
475825443,2026-06-21T13:32:39Z,1782048759000,0x30af6e16b403b54743758103e63f234641d78d47699715f0898867d908270595,36,FinalizedWithdrawal,0xe5c7fe3a4ffca1590f26d74c8ba8b0db69557f7f4607a2a43f82e93041611978,0xe1d4acaf2f9f911a7b4bfe1f43deacce80a6687f,6.76,1782048525870000,3
475825622,2026-06-21T13:33:23Z,1782048803000,0xc4d41f82003cb1ecc352ab4b228dfa2de639ba5632adb2479accbb10405ea959,1,FinalizedWithdrawal,0xe5c7fe3a4ffca1590f26d74c8ba8b0db69557f7f4607a2a43f82e93041611978,0xf64f06e1cc486484e61bb403cb3ff863e6644561,75.01,1782048564480000,3
475825622,2026-06-21T13:33:23Z,1782048803000,0xc4d41f82003cb1ecc352ab4b228dfa2de639ba5632adb2479accbb10405ea959,3,FinalizedWithdrawal,0xe5c7fe3a4ffca1590f26d74c8ba8b0db69557f7f4607a2a43f82e93041611978,0x11fc92990084f535fc28417bc31df7cc5ec2116f,98.0,1782048566158000,3
475825726,2026-06-21T13:33:50Z,1782048830000,0x59e8551fca9b62d03796fb9ea216c3ba7261c769e2effa4142e1367affad4354,2,RequestedWithdrawal,0xcc10abf54af5c0718b10b0156dfe1e369ce3eee72423e9e86936a0082e9c5d1b,0xbeef99d0a79f0eb7d26b681c81ced2622b410e2d,88.241234,1782048815579000,3
475825925,2026-06-21T13:34:39Z,1782048879000,0x711d891ff27c51d2fb5e2aa50e4a86a5ae2bbb4b061ede6749cbe2c5e2db01da,7,FinalizedWithdrawal,0xe5c7fe3a4ffca1590f26d74c8ba8b0db69557f7f4607a2a43f82e93041611978,0x0f6813bc49e292d7583b1966e151ec5680f33874,9.94,1782048643573000,3
475826092,2026-06-21T13:35:21Z,1782048921000,0xd4a64f77f5e982f93430467d718d86046388cbdbfb783de42431310b82a6cbc1,5,RequestedWithdrawal,0xcc10abf54af5c0718b10b0156dfe1e369ce3eee72423e9e86936a0082e9c5d1b,0x37bff207a38d7e7415898dcc962385296582a7da,199.84567,1782048904548000,3
475826097,2026-06-21T13:35:23Z,1782048923000,0x8773695be7884f0dc04eaa72f63ad498e6b3389e16dc7c4e620c85cf91b4135b,2,FinalizedWithdrawal,0xe5c7fe3a4ffca1590f26d74c8ba8b0db69557f7f4607a2a43f82e93041611978,0x7d6cc96f96714527620b00fa954291a1f0d07f4a,10.0,1782048697422000,3
475826357,2026-06-21T13:36:28Z,1782048988000,0x06df00e1c64f03b12f3359437079911ffa8c670b2332deac5fc6e523e71f4292,2,RequestedWithdrawal,0xcc10abf54af5c0718b10b0156dfe1e369ce3eee72423e9e86936a0082e9c5d1b,0x3ad896ca11bd374e69ff9f6f147005a74511fb93,99.385705,1782048968757000,3
475826578,2026-06-21T13:37:20Z,1782049040000,0xdfe92145f1cb76260d88a10ea8b2b8471b0c1c59e1a3929a9f1a219d8db1ce55,1,FinalizedWithdrawal,0xe5c7fe3a4ffca1590f26d74c8ba8b0db69557f7f4607a2a43f82e93041611978,0xbeef99d0a79f0eb7d26b681c81ced2622b410e2d,88.241234,1782048815579000,3
475826947,2026-06-21T13:38:52Z,1782049132000,0x10f2b8687c7c495b51f8ef673ac418334456deea4166075a34f2dfa0c5d17c49,34,FinalizedWithdrawal,0xe5c7fe3a4ffca1590f26d74c8ba8b0db69557f7f4607a2a43f82e93041611978,0x37bff207a38d7e7415898dcc962385296582a7da,199.84567,1782048904548000,3
475827232,2026-06-21T13:40:04Z,1782049204000,0x5c4908db258fa1b0a898182d4c10b5f3a92972e69b34a7ee590e3ad355af33cc,2,FinalizedWithdrawal,0xe5c7fe3a4ffca1590f26d74c8ba8b0db69557f7f4607a2a43f82e93041611978,0x3ad896ca11bd374e69ff9f6f147005a74511fb93,99.385705,1782048968757000,3
475829782,2026-06-21T13:50:39Z,1782049839000,0xe0f7605638d8ed234313fa7e27ecfb3aa5ead759b8fbf125c701f1f5e9c2b6a8,0,RequestedWithdrawal,0xcc10abf54af5c0718b10b0156dfe1e369ce3eee72423e9e86936a0082e9c5d1b,0xfa33d7c7bbb6587ed94e9608d566b1c4de7861b0,998.07,1782049829014000,3
475830363,2026-06-21T13:53:04Z,1782049984000,0xf2935f2c516b6ccfd672a55759a313bc6e0fd4926e5d560cf8953dffc2ad4727,5,RequestedWithdrawal,0xcc10abf54af5c0718b10b0156dfe1e369ce3eee72423e9e86936a0082e9c5d1b,0x7d6cc96f96714527620b00fa954291a1f0d07f4a,78.96,1782049974277000,3
475830634,2026-06-21T13:54:12Z,1782050052000,0xd7c2f7af139a1be78e183f6403957676213e052ce9da3253c76625aca0005e1e,2,FinalizedWithdrawal,0xe5c7fe3a4ffca1590f26d74c8ba8b0db69557f7f4607a2a43f82e93041611978,0xfa33d7c7bbb6587ed94e9608d566b1c4de7861b0,998.07,1782049829014000,3
475830739,2026-06-21T13:54:38Z,1782050078000,0x14f762a20c0ac641ac4c5c2cb969aa8795cf64fe210f78777b792805711597df,2,RequestedWithdrawal,0xcc10abf54af5c0718b10b0156dfe1e369ce3eee72423e9e86936a0082e9c5d1b,0x19c01765463e7cb86bbbcf22e0192a2c27c80ad9,5092.26,1782050070352000,3
475830847,2026-06-21T13:55:06Z,1782050106000,0xbad637e5f30dd61b385df3e159f855b0ee3371c53ce9728761acb16983981cb7,1,RequestedWithdrawal,0xcc10abf54af5c0718b10b0156dfe1e369ce3eee72423e9e86936a0082e9c5d1b,0xf032648dfd22c4d81588bd83e09ab89cfe816705,2716.910761,1782050092317000,3
475831225,2026-06-21T13:56:37Z,1782050197000,0x31cdf7d3f4db1085f3a4a95aece74be8ee3c50faa67aba7ff9f8c6415b1ef94e,1,FinalizedWithdrawal,0xe5c7fe3a4ffca1590f26d74c8ba8b0db69557f7f4607a2a43f82e93041611978,0x7d6cc96f96714527620b00fa954291a1f0d07f4a,78.96,1782049974277000,3
475831405,2026-06-21T13:57:23Z,1782050243000,0x31914f33e14fd10c184d92c9c2268ad70aa0b94afb74c1f2c05211f387300ddc,1,RequestedWithdrawal,0xcc10abf54af5c0718b10b0156dfe1e369ce3eee72423e9e86936a0082e9c5d1b,0x1f2ecf3efe2afc47f3aa218960611f341d5b6b7c,31.73,1782050228393000,3
475831509,2026-06-21T13:57:49Z,1782050269000,0x3e767e6ff975c9450c9529c152d1c042b07fbd75b7524355b7aa666508bf4b33,5,RequestedWithdrawal,0xcc10abf54af5c0718b10b0156dfe1e369ce3eee72423e9e86936a0082e9c5d1b,0x511473bf0187fb57c82e8ef505f9f651f252b6a2,97.5,1782050256699000,3
475831605,2026-06-21T13:58:13Z,1782050293000,0x4d50cd866ab93f3e17fd9cb001f5b506aa25fb7c7bbc29885b144a55c0a4a469,52,FinalizedWithdrawal,0xe5c7fe3a4ffca1590f26d74c8ba8b0db69557f7f4607a2a43f82e93041611978,0x19c01765463e7cb86bbbcf22e0192a2c27c80ad9,5092.26,1782050070352000,3
475831717,2026-06-21T13:58:41Z,1782050321000,0xeee98e1df2f437f10852f5fb97d861e68d511238decc2521b27d542d1c3532d5,6,FinalizedWithdrawal,0xe5c7fe3a4ffca1590f26d74c8ba8b0db69557f7f4607a2a43f82e93041611978,0xf032648dfd22c4d81588bd83e09ab89cfe816705,2716.910761,1782050092317000,3
475831948,2026-06-21T13:59:39Z,1782050379000,0x78bab3355b71d0bff5d5a34cf8aed47c5ebf6a9b7ddcebead67fe7fdf53b14d9,1,RequestedWithdrawal,0xcc10abf54af5c0718b10b0156dfe1e369ce3eee72423e9e86936a0082e9c5d1b,0x9d2e6da223995a8cc045da666bd0a348ad23fbdd,0.5,1782050383201000,3
475832026,2026-06-21T13:59:58Z,1782050398000,0xe20c8cf0d5806c3be5ac651776b7ca9b67c46e9923487b46ef1de48fe580f26e,0,RequestedWithdrawal,0xcc10abf54af5c0718b10b0156dfe1e369ce3eee72423e9e86936a0082e9c5d1b,0x6be2af05698614277f1f5bd35297f1f552b16dc3,302.721177,1782050381098000,3
475832224,2026-06-21T14:00:48Z,1782050448000,0x9e7da3566c02935193c3e85b5bc5b047f81458d18a973041f25755439cecfddd,3,FinalizedWithdrawal,0xe5c7fe3a4ffca1590f26d74c8ba8b0db69557f7f4607a2a43f82e93041611978,0x1f2ecf3efe2afc47f3aa218960611f341d5b6b7c,31.73,1782050228393000,3
475832323,2026-06-21T14:01:13Z,1782050473000,0x0273a2113704a2bf86b7323266003c29e0d612dbe1083f5b73a5978909888764,13,RequestedWithdrawal,0xcc10abf54af5c0718b10b0156dfe1e369ce3eee72423e9e86936a0082e9c5d1b,0xe7689fff6569908286e13bf4b8423b449a467fbd,20.22,1782050399307000,3
475832328,2026-06-21T14:01:14Z,1782050474000,0xc494ae5363b1eb154c87fd75877ea5f865dd3e31c615a0b365d862ebe4f41c36,1,FinalizedWithdrawal,0xe5c7fe3a4ffca1590f26d74c8ba8b0db69557f7f4607a2a43f82e93041611978,0x511473bf0187fb57c82e8ef505f9f651f252b6a2,97.5,1782050256699000,3
475832426,2026-06-21T14:01:38Z,1782050498000,0x5f522ec1a2ae7f21f35f2df320edd9c6842956257e42c258058e4b75dd8cf007,0,RequestedWithdrawal,0xcc10abf54af5c0718b10b0156dfe1e369ce3eee72423e9e86936a0082e9c5d1b,0xa50c86495ee43b8f1d7195e8827bdfc9c6a0fb10,597.16,1782050469009000,3
475832426,2026-06-21T14:01:38Z,1782050498000,0x5f522ec1a2ae7f21f35f2df320edd9c6842956257e42c258058e4b75dd8cf007,1,RequestedWithdrawal,0xcc10abf54af5c0718b10b0156dfe1e369ce3eee72423e9e86936a0082e9c5d1b,0xdfedec3b63f6063d243bb7d560d5aa588ba426f7,19.016023,1782050471647000,3
475832583,2026-06-21T14:02:18Z,1782050538000,0xfc9fffd22203b83c168efe9b687d890d7611c71c445a2bbc083f899f3d332d8a,0,FailedPermitDeposit,0xa2dc875d1f90a167d873c30143e7631eb311ea851e74c8c4e9b92c80efeba489,,,,3
475832798,2026-06-21T14:03:09Z,1782050589000,0x8a880d036a619a951f785649ea1ccd8e92ea3dd357c345e84ed297571c944fec,1,FinalizedWithdrawal,0xe5c7fe3a4ffca1590f26d74c8ba8b0db69557f7f4607a2a43f82e93041611978,0x9d2e6da223995a8cc045da666bd0a348ad23fbdd,0.5,1782050383201000,3
475832916,2026-06-21T14:03:39Z,1782050619000,0xaa9af466a1afec02e1c064eeb4e5b109a2dc1db855740d1dd71f621fd0ed7e35,1,FinalizedWithdrawal,0xe5c7fe3a4ffca1590f26d74c8ba8b0db69557f7f4607a2a43f82e93041611978,0x6be2af05698614277f1f5bd35297f1f552b16dc3,302.721177,1782050381098000,3
475833189,2026-06-21T14:04:47Z,1782050687000,0xcc66df0e119f863feb4f99d8a49b810fabcc4d50f5a76670ef187039558dfd81,1,FinalizedWithdrawal,0xe5c7fe3a4ffca1590f26d74c8ba8b0db69557f7f4607a2a43f82e93041611978,0xe7689fff6569908286e13bf4b8423b449a467fbd,20.22,1782050399307000,3
475833304,2026-06-21T14:05:16Z,1782050716000,0x31c20575eda9764e12c995d2595f758d2672d3ab17c88590e7937860d58a055b,1,FinalizedWithdrawal,0xe5c7fe3a4ffca1590f26d74c8ba8b0db69557f7f4607a2a43f82e93041611978,0xdfedec3b63f6063d243bb7d560d5aa588ba426f7,19.016023,1782050471647000,3
475833304,2026-06-21T14:05:16Z,1782050716000,0x31c20575eda9764e12c995d2595f758d2672d3ab17c88590e7937860d58a055b,3,FinalizedWithdrawal,0xe5c7fe3a4ffca1590f26d74c8ba8b0db69557f7f4607a2a43f82e93041611978,0xa50c86495ee43b8f1d7195e8827bdfc9c6a0fb10,597.16,1782050469009000,3
475833394,2026-06-21T14:05:39Z,1782050739000,0x6ddcc8574ef4be17a16705d738efc2e417abc1653adad800f202f3abfa36e5ee,0,RequestedWithdrawal,0xcc10abf54af5c0718b10b0156dfe1e369ce3eee72423e9e86936a0082e9c5d1b,0x9d067df0c9e6bb08d96924e8b109abcc50e5a7e8,84.07,1782050716901000,3
475833470,2026-06-21T14:05:58Z,1782050758000,0x92440a172f56ad9b48f6b6bf5c861a5242319663530abf833574ee4843e2801b,0,RequestedWithdrawal,0xcc10abf54af5c0718b10b0156dfe1e369ce3eee72423e9e86936a0082e9c5d1b,0xad797095caec80706d58f325bce745c454e20e41,7.7,1782050739930000,3
475833470,2026-06-21T14:05:58Z,1782050758000,0x92440a172f56ad9b48f6b6bf5c861a5242319663530abf833574ee4843e2801b,1,RequestedWithdrawal,0xcc10abf54af5c0718b10b0156dfe1e369ce3eee72423e9e86936a0082e9c5d1b,0xe681154e26a9c78d658cfdc6daa03a08bd21124a,57.72,1782050747078000,3
475833584,2026-06-21T14:06:26Z,1782050786000,0x9cb074211b75b037de2340ebebb6c11907d32d20991eaa5440c2e1d76a25134a,0,RequestedWithdrawal,0xcc10abf54af5c0718b10b0156dfe1e369ce3eee72423e9e86936a0082e9c5d1b,0x703fa6ecb45570340da8dd0761ead898b3fded82,126.115968,1782050949066000,3
475833584,2026-06-21T14:06:26Z,1782050786000,0x9cb074211b75b037de2340ebebb6c11907d32d20991eaa5440c2e1d76a25134a,1,RequestedWithdrawal,0xcc10abf54af5c0718b10b0156dfe1e369ce3eee72423e9e86936a0082e9c5d1b,0x7bbf178a7e9f864d948dad64f3e04cfd60c7c289,3.46,1782050792036000,3
475833584,2026-06-21T14:06:26Z,1782050786000,0x9cb074211b75b037de2340ebebb6c11907d32d20991eaa5440c2e1d76a25134a,2,RequestedWithdrawal,0xcc10abf54af5c0718b10b0156dfe1e369ce3eee72423e9e86936a0082e9c5d1b,0xb096d28f7c3cbd05d10df56da202c5eb06e9ac8c,39.266177,1782050776899000,3
475833874,2026-06-21T14:07:39Z,1782050859000,0x38cd6d55815377f294cebaa7c11a79fb0d7b1cebeb6e9026079e0f7dcb5bc337,1,RequestedWithdrawal,0xcc10abf54af5c0718b10b0156dfe1e369ce3eee72423e9e86936a0082e9c5d1b,0x41275b09c4bf32e3b092d50891f594afe919cc1e,106.46,1782050846211000,3
475834281,2026-06-21T14:09:19Z,1782050959000,0x4cfe158fda2cb56a57fab54e3883605139e4c5edde45914deb391da967dba597,5,RequestedWithdrawal,0xcc10abf54af5c0718b10b0156dfe1e369ce3eee72423e9e86936a0082e9c5d1b,0x9864bb6d8359a7eea4ea112dd82c6134bfd0c611,195.667044,1782050895180000,3
475834287,2026-06-21T14:09:20Z,1782050960000,0xc33ef738943d979118b86ec55a31e1b588537b78cbf22672ea0eb3dfec48001f,8,FinalizedWithdrawal,0xe5c7fe3a4ffca1590f26d74c8ba8b0db69557f7f4607a2a43f82e93041611978,0xe681154e26a9c78d658cfdc6daa03a08bd21124a,57.72,1782050747078000,3
475834287,2026-06-21T14:09:20Z,1782050960000,0xc33ef738943d979118b86ec55a31e1b588537b78cbf22672ea0eb3dfec48001f,10,FinalizedWithdrawal,0xe5c7fe3a4ffca1590f26d74c8ba8b0db69557f7f4607a2a43f82e93041611978,0xad797095caec80706d58f325bce745c454e20e41,7.7,1782050739930000,3
475834287,2026-06-21T14:09:20Z,1782050960000,0xc33ef738943d979118b86ec55a31e1b588537b78cbf22672ea0eb3dfec48001f,12,FinalizedWithdrawal,0xe5c7fe3a4ffca1590f26d74c8ba8b0db69557f7f4607a2a43f82e93041611978,0x9d067df0c9e6bb08d96924e8b109abcc50e5a7e8,84.07,1782050716901000,3
475834407,2026-06-21T14:09:50Z,1782050990000,0x7022d8337cb30b9c92a38e2033e33c88454533ed9c57657da61c2e4e9af7cc41,2,FinalizedWithdrawal,0xe5c7fe3a4ffca1590f26d74c8ba8b0db69557f7f4607a2a43f82e93041611978,0xb096d28f7c3cbd05d10df56da202c5eb06e9ac8c,39.266177,1782050776899000,3
475834407,2026-06-21T14:09:50Z,1782050990000,0x7022d8337cb30b9c92a38e2033e33c88454533ed9c57657da61c2e4e9af7cc41,4,FinalizedWithdrawal,0xe5c7fe3a4ffca1590f26d74c8ba8b0db69557f7f4607a2a43f82e93041611978,0x703fa6ecb45570340da8dd0761ead898b3fded82,126.115968,1782050949066000,3
475834407,2026-06-21T14:09:50Z,1782050990000,0x7022d8337cb30b9c92a38e2033e33c88454533ed9c57657da61c2e4e9af7cc41,6,FinalizedWithdrawal,0xe5c7fe3a4ffca1590f26d74c8ba8b0db69557f7f4607a2a43f82e93041611978,0x7bbf178a7e9f864d948dad64f3e04cfd60c7c289,3.46,1782050792036000,3
475834583,2026-06-21T14:10:34Z,1782051034000,0x9bda41d81f0aaafe1834654d1afd7ae650794e04cc99d54eb97afa528c189f1c,2,RequestedWithdrawal,0xcc10abf54af5c0718b10b0156dfe1e369ce3eee72423e9e86936a0082e9c5d1b,0xb968dcad041665fafa8289177330300c01c0ccf9,492.726316,1782051012092000,3
475834687,2026-06-21T14:11:00Z,1782051060000,0x2cfed9222ec61307220612b64022ebe80659fd8364af539ecb3e734050f4ab19,11,FailedPermitDeposit,0xa2dc875d1f90a167d873c30143e7631eb311ea851e74c8c4e9b92c80efeba489,,,,3
475834758,2026-06-21T14:11:18Z,1782051078000,0xf2e18e5aa0debdc18b1b42744ac55b0dc7f01e757581ddda15330114f4ea68ce,2,FinalizedWithdrawal,0xe5c7fe3a4ffca1590f26d74c8ba8b0db69557f7f4607a2a43f82e93041611978,0x41275b09c4bf32e3b092d50891f594afe919cc1e,106.46,1782050846211000,3
475835145,2026-06-21T14:12:55Z,1782051175000,0xeaaaa178b66d316a118177a816a3fe37a9f74bf84e648f453e5b8d6573f21f3b,2,FinalizedWithdrawal,0xe5c7fe3a4ffca1590f26d74c8ba8b0db69557f7f4607a2a43f82e93041611978,0x9864bb6d8359a7eea4ea112dd82c6134bfd0c611,195.667044,1782050895180000,3
475835421,2026-06-21T14:14:04Z,1782051244000,0xe8a4268d387983250a5a98459a708c792d3815245c3611e69aacf5d23d7036aa,2,FinalizedWithdrawal,0xe5c7fe3a4ffca1590f26d74c8ba8b0db69557f7f4607a2a43f82e93041611978,0xb968dcad041665fafa8289177330300c01c0ccf9,492.726316,1782051012092000,3
475835913,2026-06-21T14:16:06Z,1782051366000,0xf9b50be0a32ea35bfd494156d724b47bcfe02806b5140e7c634733933b134e2e,16,RequestedWithdrawal,0xcc10abf54af5c0718b10b0156dfe1e369ce3eee72423e9e86936a0082e9c5d1b,0x80dd2ffeb77a562b2c0a6e7d60ce5fdce52cdf48,159.0,1782051348007000,3
475836415,2026-06-21T14:18:11Z,1782051491000,0x74ff8a69bf7815198bd4b586c52ddcd4677e143e88d9505ad73aa4443342646f,37,RequestedWithdrawal,0xcc10abf54af5c0718b10b0156dfe1e369ce3eee72423e9e86936a0082e9c5d1b,0xa873f612ec841e99a2adaf33a2dc62321536ce72,4.0,1782051467051000,3
475836526,2026-06-21T14:18:39Z,1782051519000,0xf54b12e4c9c0825239651c6c0d380cd991886eadeb7b143d1f087892247b70a5,2,RequestedWithdrawal,0xcc10abf54af5c0718b10b0156dfe1e369ce3eee72423e9e86936a0082e9c5d1b,0xfc8327bae7d4239d1a2a0a8faf7477637747c9bc,19.0,1782051487801000,3
475836537,2026-06-21T14:18:42Z,1782051522000,0xce7beba5e938dd5c9489e32a144f9b10289bf023cb4cb1df2d9500705e559176,7,FailedPermitDeposit,0xa2dc875d1f90a167d873c30143e7631eb311ea851e74c8c4e9b92c80efeba489,,,,3
475836812,2026-06-21T14:19:51Z,1782051591000,0x8d6b58aa04af80a94704162434cc6c106c40b5d2e466c13cc7f464dcd34710e7,22,FinalizedWithdrawal,0xe5c7fe3a4ffca1590f26d74c8ba8b0db69557f7f4607a2a43f82e93041611978,0x80dd2ffeb77a562b2c0a6e7d60ce5fdce52cdf48,159.0,1782051348007000,3
475837012,2026-06-21T14:20:41Z,1782051641000,0x59c1322d4f5a3a1bc1b84698409830d9cc3453f2c97f006a7cb54ba47dbe9d3e,0,RequestedWithdrawal,0xcc10abf54af5c0718b10b0156dfe1e369ce3eee72423e9e86936a0082e9c5d1b,0xe97d1aa69b6186c142fa5500f1bd93cceaffadd6,9.0,1782051633562000,3
475837307,2026-06-21T14:21:54Z,1782051714000,0x376831a2ef8c3775f5be0a6b32724fb50dd037d428355745ce4364403af3a6e0,6,FinalizedWithdrawal,0xe5c7fe3a4ffca1590f26d74c8ba8b0db69557f7f4607a2a43f82e93041611978,0xa873f612ec841e99a2adaf33a2dc62321536ce72,4.0,1782051467051000,3
475837425,2026-06-21T14:22:23Z,1782051743000,0xcf1be4193611de763bbcea8c88032298b5d0faa80a135a5887e997795bf3414c,9,RequestedWithdrawal,0xcc10abf54af5c0718b10b0156dfe1e369ce3eee72423e9e86936a0082e9c5d1b,0x7a8ace0a172b713fdd37f8a8cb1bea5eaf6ce3da,2.25,1782051729871000,3
475837430,2026-06-21T14:22:25Z,1782051745000,0x6430b3f2e7a9e414c584ee9d2d745bcb996862a1ebe0efeba1168d7d305368f8,13,FinalizedWithdrawal,0xe5c7fe3a4ffca1590f26d74c8ba8b0db69557f7f4607a2a43f82e93041611978,0xfc8327bae7d4239d1a2a0a8faf7477637747c9bc,19.0,1782051487801000,3
476450040,2026-06-23T08:54:07Z,1782204847000,0x4521e6fff0fc4419ad99a9b44aa19560b99c0a5ecf0a546052ebc51596fc7aaa,0,RequestedWithdrawal,0xcc10abf54af5c0718b10b0156dfe1e369ce3eee72423e9e86936a0082e9c5d1b,0x40e463bf570305443d8d84c4138ee7770eaa1525,52.45,1782204818667000,2
476450040,2026-06-23T08:54:07Z,1782204847000,0x4521e6fff0fc4419ad99a9b44aa19560b99c0a5ecf0a546052ebc51596fc7aaa,1,RequestedWithdrawal,0xcc10abf54af5c0718b10b0156dfe1e369ce3eee72423e9e86936a0082e9c5d1b,0x6ef8857194a450ae0ef8898ac41c6b4221edd765,2.0,1782204834947000,2
476450147,2026-06-23T08:54:33Z,1782204873000,0x71b107bb90c4e6439f7f0196819f0bc4af9422f66197446fa48616921718da7d,0,RequestedWithdrawal,0xcc10abf54af5c0718b10b0156dfe1e369ce3eee72423e9e86936a0082e9c5d1b,0x6ef8857194a450ae0ef8898ac41c6b4221edd765,4.0,1782204868609000,2
476450147,2026-06-23T08:54:33Z,1782204873000,0x71b107bb90c4e6439f7f0196819f0bc4af9422f66197446fa48616921718da7d,1,RequestedWithdrawal,0xcc10abf54af5c0718b10b0156dfe1e369ce3eee72423e9e86936a0082e9c5d1b,0xeadb35fd8d6a12c81188dd7c48e9342f1d6afe55,6.952253,1782204847595000,2
476450354,2026-06-23T08:55:24Z,1782204924000,0x773262c003f14919afa897d2802360d2c5cdec95526c56656d426ea117d69b29,0,RequestedWithdrawal,0xcc10abf54af5c0718b10b0156dfe1e369ce3eee72423e9e86936a0082e9c5d1b,0x67f73604c5a84ebfca98dcb62da0fcd9db20bb0a,9.0,1782204910878000,2
476450360,2026-06-23T08:55:26Z,1782204926000,0x080de65e9f54c94276477ab7d08e292419b154676bc40c7cd1b95b4ff9513325,3,FinalizedWithdrawal,0xe5c7fe3a4ffca1590f26d74c8ba8b0db69557f7f4607a2a43f82e93041611978,0x8e1393f24e8265b74ed67645dd914b2f4374a205,216.618031,1782204698883000,2
476450360,2026-06-23T08:55:26Z,1782204926000,0x080de65e9f54c94276477ab7d08e292419b154676bc40c7cd1b95b4ff9513325,5,FinalizedWithdrawal,0xe5c7fe3a4ffca1590f26d74c8ba8b0db69557f7f4607a2a43f82e93041611978,0xc42cae590deea2a1ea7c0470efc915b6d94a084a,62.1,1782204668942000,2
476450546,2026-06-23T08:56:12Z,1782204972000,0x39c0d7848a250361353969c2d61ea382d6da45f83d5e88d329893425f23cb36d,8,RequestedWithdrawal,0xcc10abf54af5c0718b10b0156dfe1e369ce3eee72423e9e86936a0082e9c5d1b,0x404febc45bfc04cfa7db59a5c948c502b82865be,122.0,1782204961285000,2
476450546,2026-06-23T08:56:12Z,1782204972000,0x39c0d7848a250361353969c2d61ea382d6da45f83d5e88d329893425f23cb36d,9,RequestedWithdrawal,0xcc10abf54af5c0718b10b0156dfe1e369ce3eee72423e9e86936a0082e9c5d1b,0x4275c4297b556ac73611704f2c31d0b887d5bdb7,300.48,1782204954165000,2
476450647,2026-06-23T08:56:38Z,1782204998000,0xdd3df1b0d6cf758245a77307d43dcf7c0371b69f528d6bb0eeb6e9707bc9b874,56,FinalizedWithdrawal,0xe5c7fe3a4ffca1590f26d74c8ba8b0db69557f7f4607a2a43f82e93041611978,0xc95b91dc31eca5aa45fcbe9d90dbffdf113ba154,128.857228,1782204768077000,2
476450850,2026-06-23T08:57:29Z,1782205049000,0xfac0a2fa8a2b5df2c2fbb0ea18f43a41c52737c93be5f3eedb94bf4dd5b8de1c,4,FinalizedWithdrawal,0xe5c7fe3a4ffca1590f26d74c8ba8b0db69557f7f4607a2a43f82e93041611978,0x6ef8857194a450ae0ef8898ac41c6b4221edd765,2.0,1782204834947000,2
476450850,2026-06-23T08:57:29Z,1782205049000,0xfac0a2fa8a2b5df2c2fbb0ea18f43a41c52737c93be5f3eedb94bf4dd5b8de1c,6,FinalizedWithdrawal,0xe5c7fe3a4ffca1590f26d74c8ba8b0db69557f7f4607a2a43f82e93041611978,0x40e463bf570305443d8d84c4138ee7770eaa1525,52.45,1782204818667000,2
476451047,2026-06-23T08:58:18Z,1782205098000,0x768bd9f40c02f3b85001a4a3dcce34199281724769dddb88fd50c98783e4d548,7,RequestedWithdrawal,0xcc10abf54af5c0718b10b0156dfe1e369ce3eee72423e9e86936a0082e9c5d1b,0xae6446c95cc4e455e9cf56f28757ab728d88e81e,47099.0,1782205090569000,2
476451047,2026-06-23T08:58:18Z,1782205098000,0x768bd9f40c02f3b85001a4a3dcce34199281724769dddb88fd50c98783e4d548,8,RequestedWithdrawal,0xcc10abf54af5c0718b10b0156dfe1e369ce3eee72423e9e86936a0082e9c5d1b,0xfba43deb49c94e19316d9e1ee3d146292ccaa87b,230.62815,1782205067367000,2
476451051,2026-06-23T08:58:19Z,1782205099000,0x841ff3e7c3405b67697e1b1a7f00fb667f0fc32e3f10a94e64e1b8731c3d9d45,4,FinalizedWithdrawal,0xe5c7fe3a4ffca1590f26d74c8ba8b0db69557f7f4607a2a43f82e93041611978,0xeadb35fd8d6a12c81188dd7c48e9342f1d6afe55,6.952253,1782204847595000,2
476451051,2026-06-23T08:58:19Z,1782205099000,0x841ff3e7c3405b67697e1b1a7f00fb667f0fc32e3f10a94e64e1b8731c3d9d45,6,FinalizedWithdrawal,0xe5c7fe3a4ffca1590f26d74c8ba8b0db69557f7f4607a2a43f82e93041611978,0x6ef8857194a450ae0ef8898ac41c6b4221edd765,4.0,1782204868609000,2
476451126,2026-06-23T08:58:38Z,1782205118000,0xc7c5f638de82cd2f97186a42a9a9b6cfb78b193c1a9cf1bdad110199b29c91a4,6,RequestedWithdrawal,0xcc10abf54af5c0718b10b0156dfe1e369ce3eee72423e9e86936a0082e9c5d1b,0x567b55dc78a84d38ffb5643d382dfd198d3a6557,4.0,1782205104402000,2
476451222,2026-06-23T08:59:02Z,1782205142000,0xfc3ede5a58151b599ed1289b825d519c70d497a84318daa24d9eabfc5ada06af,4,RequestedWithdrawal,0xcc10abf54af5c0718b10b0156dfe1e369ce3eee72423e9e86936a0082e9c5d1b,0xdeac1a02905cd205d30b9b2ee5d76588fe5410d7,42.08,1782205124480000,2
476451231,2026-06-23T08:59:04Z,1782205144000,0x305138007a1c35195ef5b35d328462e104398168174669c2126aa8c06d5cefed,45,FinalizedWithdrawal,0xe5c7fe3a4ffca1590f26d74c8ba8b0db69557f7f4607a2a43f82e93041611978,0x67f73604c5a84ebfca98dcb62da0fcd9db20bb0a,9.0,1782204910878000,2
476451411,2026-06-23T08:59:49Z,1782205189000,0x8b5a651cde2863b90fbdda97e48de89042314947baf8f5b9a6990864564fa31c,2,FinalizedWithdrawal,0xe5c7fe3a4ffca1590f26d74c8ba8b0db69557f7f4607a2a43f82e93041611978,0x404febc45bfc04cfa7db59a5c948c502b82865be,122.0,1782204961285000,2
476451411,2026-06-23T08:59:49Z,1782205189000,0x8b5a651cde2863b90fbdda97e48de89042314947baf8f5b9a6990864564fa31c,4,FinalizedWithdrawal,0xe5c7fe3a4ffca1590f26d74c8ba8b0db69557f7f4607a2a43f82e93041611978,0x4275c4297b556ac73611704f2c31d0b887d5bdb7,300.48,1782204954165000,2
476451489,2026-06-23T09:00:09Z,1782205209000,0x8c3cb607cdefa401102b6eaaa9a0d68e833c8fbfd9bf47f776289ef627ef1001,9,RequestedWithdrawal,0xcc10abf54af5c0718b10b0156dfe1e369ce3eee72423e9e86936a0082e9c5d1b,0x404ca2035b37bf2e83505134ebcf8d03babb5f03,304502.734495,1782205202842000,2
476451597,2026-06-23T09:00:36Z,1782205236000,0xbdcd04f3002d44f3a6ea36fa33d1376c64b052cdc656b4c54bb2d0811fe3a5f5,59,RequestedWithdrawal,0xcc10abf54af5c0718b10b0156dfe1e369ce3eee72423e9e86936a0082e9c5d1b,0xb4dd18a565fb1f815bac6f5e6f99c166900c2ced,424.125005,1782205230944000,2
476451881,2026-06-23T09:01:46Z,1782205306000,0x8918c3d6628847c502c73a6b23f81a4d161200bd1b68715c7a8c4781914d0a54,25,RequestedWithdrawal,0xcc10abf54af5c0718b10b0156dfe1e369ce3eee72423e9e86936a0082e9c5d1b,0x3ef7f176cbc7aa914b8b257ed7adc3a0c2410b51,53.87,1782205288886000,2
476451888,2026-06-23T09:01:48Z,1782205308000,0xc776e4a2b39c14c8a6241aded4f53313b293fb67e72f461692cf060fa98cd124,14,FinalizedWithdrawal,0xe5c7fe3a4ffca1590f26d74c8ba8b0db69557f7f4607a2a43f82e93041611978,0xae6446c95cc4e455e9cf56f28757ab728d88e81e,47099.0,1782205090569000,2
476451888,2026-06-23T09:01:48Z,1782205308000,0xc776e4a2b39c14c8a6241aded4f53313b293fb67e72f461692cf060fa98cd124,16,FinalizedWithdrawal,0xe5c7fe3a4ffca1590f26d74c8ba8b0db69557f7f4607a2a43f82e93041611978,0xfba43deb49c94e19316d9e1ee3d146292ccaa87b,230.62815,1782205067367000,2
476451961,2026-06-23T09:02:06Z,1782205326000,0x6e90e19844b7166f2e21578839812676e2774ec44f50e2a5cb24a399fffefd88,10,RequestedWithdrawal,0xcc10abf54af5c0718b10b0156dfe1e369ce3eee72423e9e86936a0082e9c5d1b,0xfa8ba8d5b443d5932f57576a2b3d0a40d4c1da70,9.64,1782205312528000,2
476451968,2026-06-23T09:02:08Z,1782205328000,0x34abca1433d136fa7143f84e04c6d3cd96ef2ff95f653ab4709fa38197c91b06,5,FinalizedWithdrawal,0xe5c7fe3a4ffca1590f26d74c8ba8b0db69557f7f4607a2a43f82e93041611978,0x567b55dc78a84d38ffb5643d382dfd198d3a6557,4.0,1782205104402000,2
476452068,2026-06-23T09:02:33Z,1782205353000,0x8e5f8f480f58d25af72c98c8d2541fba4225007d1a9767987e03c3b6220e8e49,2,FinalizedWithdrawal,0xe5c7fe3a4ffca1590f26d74c8ba8b0db69557f7f4607a2a43f82e93041611978,0xdeac1a02905cd205d30b9b2ee5d76588fe5410d7,42.08,1782205124480000,2
476452145,2026-06-23T09:02:52Z,1782205372000,0x5555e024ca000ef79096f84aa5aa58ae454c77647664dcb84180352a29d2c6af,3,RequestedWithdrawal,0xcc10abf54af5c0718b10b0156dfe1e369ce3eee72423e9e86936a0082e9c5d1b,0x64944f6e52d2f770f80c40c400b572556205482c,14.39,1782205358001000,2
476452368,2026-06-23T09:03:48Z,1782205428000,0xd73b2d7fab47c756b37d818ae8958e129c730e4c21e4ad7401da136d445730df,16,FinalizedWithdrawal,0xe5c7fe3a4ffca1590f26d74c8ba8b0db69557f7f4607a2a43f82e93041611978,0x404ca2035b37bf2e83505134ebcf8d03babb5f03,304502.734495,1782205202842000,2
476452473,2026-06-23T09:04:14Z,1782205454000,0x00d68cc503877c97fcc493b1b3e250ef5ded0506a698b1f97219ef4e0ca21455,2,FinalizedWithdrawal,0xe5c7fe3a4ffca1590f26d74c8ba8b0db69557f7f4607a2a43f82e93041611978,0xb4dd18a565fb1f815bac6f5e6f99c166900c2ced,424.125005,1782205230944000,2
476452573,2026-06-23T09:04:39Z,1782205479000,0x79028519fc886876182654b48f8cb541aa8f973fac23c9bb2d927ba99de8ea86,0,RequestedWithdrawal,0xcc10abf54af5c0718b10b0156dfe1e369ce3eee72423e9e86936a0082e9c5d1b,0xcc38656267d9bf9ef6a9b2d6cb748f427960592c,134.073296,1782205452706000,2
476452796,2026-06-23T09:05:35Z,1782205535000,0x194b49683043adb48a960ac068b3b16fc6b22736fbf525f899e962c1bb2770af,0,RequestedWithdrawal,0xcc10abf54af5c0718b10b0156dfe1e369ce3eee72423e9e86936a0082e9c5d1b,0x0905d185f1dc65ecb5f8f9cb04c95f717c607a0d,1.08,1782205518971000,2
476452803,2026-06-23T09:05:37Z,1782205537000,0x3d911134de9824d02e73c97eada851fe547b9fd1d8c1e17fe8150f257a44dba7,6,FinalizedWithdrawal,0xe5c7fe3a4ffca1590f26d74c8ba8b0db69557f7f4607a2a43f82e93041611978,0x3ef7f176cbc7aa914b8b257ed7adc3a0c2410b51,53.87,1782205288886000,2
476452803,2026-06-23T09:05:37Z,1782205537000,0x3d911134de9824d02e73c97eada851fe547b9fd1d8c1e17fe8150f257a44dba7,8,FinalizedWithdrawal,0xe5c7fe3a4ffca1590f26d74c8ba8b0db69557f7f4607a2a43f82e93041611978,0xfa8ba8d5b443d5932f57576a2b3d0a40d4c1da70,9.64,1782205312528000,2
476452872,2026-06-23T09:05:54Z,1782205554000,0x9caebda3d1faf257c7af4d2cf4546a5f420c3cd7c79d858898d4ea18ba24858d,4,RequestedWithdrawal,0xcc10abf54af5c0718b10b0156dfe1e369ce3eee72423e9e86936a0082e9c5d1b,0x260b31fab72abfb0d3377eefb99d42e445cab8e9,30064.95,1782205511428000,2
476452976,2026-06-23T09:06:20Z,1782205580000,0x6c3036f092cc27c41fce5bb81b71e5a2d89903e6ebf90017e3c4a16267779246,16,RequestedWithdrawal,0xcc10abf54af5c0718b10b0156dfe1e369ce3eee72423e9e86936a0082e9c5d1b,0xa6daa94914977076a37f2e3d970704284e8118f2,27.012042,1782205560247000,2
476452980,2026-06-23T09:06:21Z,1782205581000,0x181fe66d2b469d2807dc92b812f0fb3e3f89f64ad3f300f1ebdc9f8606da35ba,14,FinalizedWithdrawal,0xe5c7fe3a4ffca1590f26d74c8ba8b0db69557f7f4607a2a43f82e93041611978,0x64944f6e52d2f770f80c40c400b572556205482c,14.39,1782205358001000,2
476453485,2026-06-23T09:08:26Z,1782205706000,0x6d372d93376c0c13a4f6d8533057e20f76e3788b2448d4e06fe956670c47c06e,14,RequestedWithdrawal,0xcc10abf54af5c0718b10b0156dfe1e369ce3eee72423e9e86936a0082e9c5d1b,0xaeff138d35f1dd205c550776bb82290d9f7e3aee,164.9,1782205685355000,2
476453518,2026-06-23T09:08:35Z,1782205715000,0x76938273a2f953552a3fdba258772441a5817045ed95506ef97eaf08afb2d549,7,FinalizedWithdrawal,0xe5c7fe3a4ffca1590f26d74c8ba8b0db69557f7f4607a2a43f82e93041611978,0xcc38656267d9bf9ef6a9b2d6cb748f427960592c,134.073296,1782205452706000,2
476453696,2026-06-23T09:09:19Z,1782205759000,0xad1d7110d118179c0030f749c5ab5c8f4b00cd35df466fd21e836830780ae56d,6,RequestedWithdrawal,0xcc10abf54af5c0718b10b0156dfe1e369ce3eee72423e9e86936a0082e9c5d1b,0x5c528f002b4089e552f0b6b52555e5552a6da930,563.38,1782205751395000,2
476453700,2026-06-23T09:09:20Z,1782205760000,0xd035f9bf13e76afb8b738b094895438207876ee22f7ac93b86ded8a2f4fec86e,10,FinalizedWithdrawal,0xe5c7fe3a4ffca1590f26d74c8ba8b0db69557f7f4607a2a43f82e93041611978,0x0905d185f1dc65ecb5f8f9cb04c95f717c607a0d,1.08,1782205518971000,2
476453700,2026-06-23T09:09:20Z,1782205760000,0xd035f9bf13e76afb8b738b094895438207876ee22f7ac93b86ded8a2f4fec86e,12,FinalizedWithdrawal,0xe5c7fe3a4ffca1590f26d74c8ba8b0db69557f7f4607a2a43f82e93041611978,0x260b31fab72abfb0d3377eefb99d42e445cab8e9,30064.95,1782205511428000,2
476453888,2026-06-23T09:10:07Z,1782205807000,0xd88bcc5d7d3cf089efbd8f743447ddb4f736377f03a46cb4b8e94c7d378f7ce7,33,FinalizedWithdrawal,0xe5c7fe3a4ffca1590f26d74c8ba8b0db69557f7f4607a2a43f82e93041611978,0xa6daa94914977076a37f2e3d970704284e8118f2,27.012042,1782205560247000,2
476454264,2026-06-23T09:11:41Z,1782205901000,0x9b822cb080c985d890dff4129c2131a0a8f28aa9e38f67afa581b85d53f8e47c,0,RequestedWithdrawal,0xcc10abf54af5c0718b10b0156dfe1e369ce3eee72423e9e86936a0082e9c5d1b,0x781e95fdc049433565cf8e05265361b8402196b7,219999.0,1782205870052000,2
476454354,2026-06-23T09:12:04Z,1782205924000,0x1f694a363a673a08506c902d82f9458b0d827bfdf9cc74d7ca9ed3705f98fe0f,0,RequestedWithdrawal,0xcc10abf54af5c0718b10b0156dfe1e369ce3eee72423e9e86936a0082e9c5d1b,0x47048957eefc3ff93677a0ec038442fbbf80a31e,17.839061,1782205912132000,2
476454360,2026-06-23T09:12:06Z,1782205926000,0x76b3de97164bc5cc70535999078ad341c94bece7bc9922e369c8fa2a8a05ae56,4,FinalizedWithdrawal,0xe5c7fe3a4ffca1590f26d74c8ba8b0db69557f7f4607a2a43f82e93041611978,0xaeff138d35f1dd205c550776bb82290d9f7e3aee,164.9,1782205685355000,2
476454558,2026-06-23T09:12:55Z,1782205975000,0xdf8fbf756d6c83008c0ff4b7b63c8b2c35c79899f510338ccc8350ba0137edb4,1,FinalizedWithdrawal,0xe5c7fe3a4ffca1590f26d74c8ba8b0db69557f7f4607a2a43f82e93041611978,0x5c528f002b4089e552f0b6b52555e5552a6da930,563.38,1782205751395000,2
476454642,2026-06-23T09:13:16Z,1782205996000,0x9ed83d306de6df49e72bf726f356f5f0e55886386931d1b60c2c4ce9e711ec61,2,RequestedWithdrawal,0xcc10abf54af5c0718b10b0156dfe1e369ce3eee72423e9e86936a0082e9c5d1b,0x29a0bb47f7d94524bdf09f447a293f0b74b508a6,44.27,1782205981563000,2
476454826,2026-06-23T09:14:02Z,1782206042000,0x6755448013fb0107f9ea693af6e5483d00135cfba03c467e7b7c7e39f19fb51a,3,RequestedWithdrawal,0xcc10abf54af5c0718b10b0156dfe1e369ce3eee72423e9e86936a0082e9c5d1b,0x0a41921749012d47e5cc4602c95fe86f3bef741c,235.21,1782206034664000,2
476454932,2026-06-23T09:14:27Z,1782206067000,0xe41f062df14c8bb8beb5174cd22f26a0f0c659ff75309e874f2100d0fcc7d718,13,RequestedWithdrawal,0xcc10abf54af5c0718b10b0156dfe1e369ce3eee72423e9e86936a0082e9c5d1b,0x411e53e1eb7ff115755f4ea885069127f030c0bd,9.61,1782206033487000,2
476455018,2026-06-23T09:14:49Z,1782206089000,0x029cbf3895b19d2b584c3697d45903a6467abfbd2dcc84bb3e76bee9004d0b29,8,RequestedWithdrawal,0xcc10abf54af5c0718b10b0156dfe1e369ce3eee72423e9e86936a0082e9c5d1b,0x953790e00ad96f6fe94ff600f2b44e7e15a1dc68,1088.39681,1782206048369000,2
476455018,2026-06-23T09:14:49Z,1782206089000,0x029cbf3895b19d2b584c3697d45903a6467abfbd2dcc84bb3e76bee9004d0b29,9,RequestedWithdrawal,0xcc10abf54af5c0718b10b0156dfe1e369ce3eee72423e9e86936a0082e9c5d1b,0x992aad02e8f74fc38290b42785ea4da6ad1ecff1,311.55,1782206064524000,2
476455115,2026-06-23T09:15:13Z,1782206113000,0x8245cc1c573ac56b6620ebec179630a69de93a6e01af0a71f709793b58958391,1,RequestedWithdrawal,0xcc10abf54af5c0718b10b0156dfe1e369ce3eee72423e9e86936a0082e9c5d1b,0xa1d08b307a51a8caf302791445640bde80482bbf,193022.37,1782206085033000,2
476455128,2026-06-23T09:15:16Z,1782206116000,0x51857ca432f6b337a4d9540455e79e6386dd9af5b13cbb0a4da6f38cd50e2d72,6,FinalizedWithdrawal,0xe5c7fe3a4ffca1590f26d74c8ba8b0db69557f7f4607a2a43f82e93041611978,0x781e95fdc049433565cf8e05265361b8402196b7,219999.0,1782205870052000,2
476455221,2026-06-23T09:15:40Z,1782206140000,0x1805d954f6ea5ad0bbf608d1ad7dbe1782cc67da68f30cd282408b91f000ce92,1,FinalizedWithdrawal,0xe5c7fe3a4ffca1590f26d74c8ba8b0db69557f7f4607a2a43f82e93041611978,0x47048957eefc3ff93677a0ec038442fbbf80a31e,17.839061,1782205912132000,2
476455439,2026-06-23T09:16:34Z,1782206194000,0xdaf76a0d9cb03ea6cb777fc01b81eded5d7837056b3934ec6a4fc920ffe3a3d8,6,RequestedWithdrawal,0xcc10abf54af5c0718b10b0156dfe1e369ce3eee72423e9e86936a0082e9c5d1b,0x1d08a8f5dc96eedcfaf3226e612498bc1982946b,172.76141,1782206174974000,2
476455439,2026-06-23T09:16:34Z,1782206194000,0xdaf76a0d9cb03ea6cb777fc01b81eded5d7837056b3934ec6a4fc920ffe3a3d8,7,RequestedWithdrawal,0xcc10abf54af5c0718b10b0156dfe1e369ce3eee72423e9e86936a0082e9c5d1b,0x27d79a9d27d7c984375f36ee7fe606f663400ef5,2899.003279,1782206173661000,2
476455537,2026-06-23T09:16:59Z,1782206219000,0xf433e5a50616c6118f6c8722b3e0a962d420d434bf2fc0348ac5bd31118671ac,0,RequestedWithdrawal,0xcc10abf54af5c0718b10b0156dfe1e369ce3eee72423e9e86936a0082e9c5d1b,0x671a8609d6a1c0a475e40f89df3bf1a11044ae7a,50.66,1782206196243000,2
476455543,2026-06-23T09:17:00Z,1782206220000,0xae27601a9def4a619cf00f1652174eb1f52a3ac29dd48e8cc8e78a6461f11205,14,FinalizedWithdrawal,0xe5c7fe3a4ffca1590f26d74c8ba8b0db69557f7f4607a2a43f82e93041611978,0x29a0bb47f7d94524bdf09f447a293f0b74b508a6,44.27,1782205981563000,2
476455718,2026-06-23T09:17:44Z,1782206264000,0x2a956dc0c1fd93b6371c38e6c950b05bf777f30f02c19232bf3444a13a326e2b,4,FinalizedWithdrawal,0xe5c7fe3a4ffca1590f26d74c8ba8b0db69557f7f4607a2a43f82e93041611978,0x0a41921749012d47e5cc4602c95fe86f3bef741c,235.21,1782206034664000,2
476455818,2026-06-23T09:18:09Z,1782206289000,0x1ff66c999306eb080cb3390e00fbe149f924da4af981bc5e964aeea9d20e511f,3,FinalizedWithdrawal,0xe5c7fe3a4ffca1590f26d74c8ba8b0db69557f7f4607a2a43f82e93041611978,0x411e53e1eb7ff115755f4ea885069127f030c0bd,9.61,1782206033487000,2
476455897,2026-06-23T09:18:29Z,1782206309000,0xd2eced278627849e473cad438673f400abafe179ff4a84f3860f3407dce1877e,0,RequestedWithdrawal,0xcc10abf54af5c0718b10b0156dfe1e369ce3eee72423e9e86936a0082e9c5d1b,0xd261a7d75591b2c114f51b8ad2837b0e5d8c5d41,658.54,1782206294730000,2
476455902,2026-06-23T09:18:30Z,1782206310000,0xd63df45a406b4e7de7c244f08d3369bbdd2fb15f7c126698f2fddbc997cab05b,1,FinalizedWithdrawal,0xe5c7fe3a4ffca1590f26d74c8ba8b0db69557f7f4607a2a43f82e93041611978,0x992aad02e8f74fc38290b42785ea4da6ad1ecff1,311.55,1782206064524000,2
476455902,2026-06-23T09:18:30Z,1782206310000,0xd63df45a406b4e7de7c244f08d3369bbdd2fb15f7c126698f2fddbc997cab05b,3,FinalizedWithdrawal,0xe5c7fe3a4ffca1590f26d74c8ba8b0db69557f7f4607a2a43f82e93041611978,0x953790e00ad96f6fe94ff600f2b44e7e15a1dc68,1088.39681,1782206048369000,2
476456001,2026-06-23T09:18:55Z,1782206335000,0xae300e0ed103428d1b9c17e9a7bd4acd927139d998cbf574b6084ea2db500782,1,FinalizedWithdrawal,0xe5c7fe3a4ffca1590f26d74c8ba8b0db69557f7f4607a2a43f82e93041611978,0xa1d08b307a51a8caf302791445640bde80482bbf,193022.37,1782206085033000,2
476456103,2026-06-23T09:19:21Z,1782206361000,0x78c92d4882c34cee4bfea4fd38e848081f05fe5761d4de9092e4b093584f22c0,1,RequestedWithdrawal,0xcc10abf54af5c0718b10b0156dfe1e369ce3eee72423e9e86936a0082e9c5d1b,0x67b44a97c772458803856fc58cded2f757b37d05,13999.0,1782206352416000,2
476456291,2026-06-23T09:20:08Z,1782206408000,0xbc1f2a04b438228d4273977ec794b41ac6ef7af34be7859e3145b1e6085cb028,42,FinalizedWithdrawal,0xe5c7fe3a4ffca1590f26d74c8ba8b0db69557f7f4607a2a43f82e93041611978,0x27d79a9d27d7c984375f36ee7fe606f663400ef5,2899.003279,1782206173661000,2
476456291,2026-06-23T09:20:08Z,1782206408000,0xbc1f2a04b438228d4273977ec794b41ac6ef7af34be7859e3145b1e6085cb028,44,FinalizedWithdrawal,0xe5c7fe3a4ffca1590f26d74c8ba8b0db69557f7f4607a2a43f82e93041611978,0x1d08a8f5dc96eedcfaf3226e612498bc1982946b,172.76141,1782206174974000,2
476456403,2026-06-23T09:20:36Z,1782206436000,0x00a779d32c102171bf1ddeb079fc0c80d2c703e597612e9553214a8dd0b72405,1,FinalizedWithdrawal,0xe5c7fe3a4ffca1590f26d74c8ba8b0db69557f7f4607a2a43f82e93041611978,0x671a8609d6a1c0a475e40f89df3bf1a11044ae7a,50.66,1782206196243000,2
476456613,2026-06-23T09:21:28Z,1782206488000,0xe8aab5c6c176c120de5e405bc2e3c25f500ca887382f2e367b805643dd274783,0,RequestedWithdrawal,0xcc10abf54af5c0718b10b0156dfe1e369ce3eee72423e9e86936a0082e9c5d1b,0x1d08a8f5dc96eedcfaf3226e612498bc1982946b,141.475804,1782206474396000,2
476456704,2026-06-23T09:21:51Z,1782206511000,0xc4df319bbdbb47eabf4583c60f7361c8e8d247c03841409757c45ba3ab7bd40b,44,FinalizedWithdrawal,0xe5c7fe3a4ffca1590f26d74c8ba8b0db69557f7f4607a2a43f82e93041611978,0xd261a7d75591b2c114f51b8ad2837b0e5d8c5d41,658.54,1782206294730000,2
476457003,2026-06-23T09:23:05Z,1782206585000,0xec938705826787363b79dba2a69cfe5429d0555c62f0d898973f2fb49402fa3f,17,FinalizedWithdrawal,0xe5c7fe3a4ffca1590f26d74c8ba8b0db69557f7f4607a2a43f82e93041611978,0x67b44a97c772458803856fc58cded2f757b37d05,13999.0,1782206352416000,2
476457079,2026-06-23T09:23:25Z,1782206605000,0xff04b45047963070a5796117b95484b1790e18e6af45b8544e1659c6054781e0,55,RequestedWithdrawal,0xcc10abf54af5c0718b10b0156dfe1e369ce3eee72423e9e86936a0082e9c5d1b,0xfa8ba8d5b443d5932f57576a2b3d0a40d4c1da70,9.2,1782206586379000,2
476457284,2026-06-23T09:24:16Z,1782206656000,0xf0742b356c607f5d1c8f6a189c216242191a3342dcb4e51b8821cfc8b81a9513,1,RequestedWithdrawal,0xcc10abf54af5c0718b10b0156dfe1e369ce3eee72423e9e86936a0082e9c5d1b,0x32ece0899978e885e281470dda78bf0e67ba43f7,21919.0,1782206635046000,2
476457470,2026-06-23T09:25:03Z,1782206703000,0xd14bc14ab9398d5f88d4e9676266537658ab66005517b934fc5920b0ffe07f36,29,FinalizedWithdrawal,0xe5c7fe3a4ffca1590f26d74c8ba8b0db69557f7f4607a2a43f82e93041611978,0x1d08a8f5dc96eedcfaf3226e612498bc1982946b,141.475804,1782206474396000,2
476457776,2026-06-23T09:26:19Z,1782206779000,0x50eddcbaaaf1b6e2826cfa649aa628ca136a33b683f1abf16e62f2752d650ea1,1,RequestedWithdrawal,0xcc10abf54af5c0718b10b0156dfe1e369ce3eee72423e9e86936a0082e9c5d1b,0x1aaaac883ba39d3bc9a20d5cbd6429f7de28d617,33.85,1782206750838000,2
476457960,2026-06-23T09:27:05Z,1782206825000,0x5df876cb4a641043e8f3fc274dbb084b4cbdba4b2afee164459f912b3aac9a60,1,FinalizedWithdrawal,0xe5c7fe3a4ffca1590f26d74c8ba8b0db69557f7f4607a2a43f82e93041611978,0xfa8ba8d5b443d5932f57576a2b3d0a40d4c1da70,9.2,1782206586379000,2
476458154,2026-06-23T09:27:53Z,1782206873000,0x7cc5ed096cbeeb86c91dffa6dc749dece42757fb53b919e1388e2665f9420e5e,11,FinalizedWithdrawal,0xe5c7fe3a4ffca1590f26d74c8ba8b0db69557f7f4607a2a43f82e93041611978,0x32ece0899978e885e281470dda78bf0e67ba43f7,21919.0,1782206635046000,2
476458258,2026-06-23T09:28:20Z,1782206900000,0x930bd06dd14c9b2e8c75feafcc12cfa4d29e5cdf68ceb66a8e49a434657047f4,3,RequestedWithdrawal,0xcc10abf54af5c0718b10b0156dfe1e369ce3eee72423e9e86936a0082e9c5d1b,0x305b9ae60e9030d0eb831ef447dd99c31c08eaf1,3802.14,1782206874923000,2
476458636,2026-06-23T09:29:54Z,1782206994000,0x08a4e0f7eab980b770d653eb8e2b8c9cecfc282d20d515c6b4c61633ffd752f7,44,FinalizedWithdrawal,0xe5c7fe3a4ffca1590f26d74c8ba8b0db69557f7f4607a2a43f82e93041611978,0x1aaaac883ba39d3bc9a20d5cbd6429f7de28d617,33.85,1782206750838000,2
476458736,2026-06-23T09:30:19Z,1782207019000,0xef9382e98d2817fc21c3919a177b4b1ea60628ae7feb4c4f3e471412a19a3997,4,RequestedWithdrawal,0xcc10abf54af5c0718b10b0156dfe1e369ce3eee72423e9e86936a0082e9c5d1b,0x2b7156924cbb8b11850fbf22be49f48f9fca82ff,11.04711,1782207011347000,2
476458834,2026-06-23T09:30:44Z,1782207044000,0x569c522799d1bbec9cd00431756afb33796747ed67c8863cb14853d51605d2d0,16,RequestedWithdrawal,0xcc10abf54af5c0718b10b0156dfe1e369ce3eee72423e9e86936a0082e9c5d1b,0xee8cf71b614a8916f223078e98609e53774c0542,44.0,1782207030102000,2
476459047,2026-06-23T09:31:37Z,1782207097000,0x54e70563e7e6507525c591461de947b751090b18341e411faa6d309abdf5dfb2,21,RequestedWithdrawal,0xcc10abf54af5c0718b10b0156dfe1e369ce3eee72423e9e86936a0082e9c5d1b,0x1a44a6bc450d233049d629c27792c5309d9ca12d,166048.52,1782207076132000,2
476459047,2026-06-23T09:31:37Z,1782207097000,0x54e70563e7e6507525c591461de947b751090b18341e411faa6d309abdf5dfb2,22,RequestedWithdrawal,0xcc10abf54af5c0718b10b0156dfe1e369ce3eee72423e9e86936a0082e9c5d1b,0xbcd786a45a244a06477dfb79523010408c71a49c,4.0,1782207066724000,2
476459152,2026-06-23T09:32:04Z,1782207124000,0x374ff33888ffa0e782b0d87b0f6c517a0a669e410c26e6d4787bfa89c8e9278a,2,FinalizedWithdrawal,0xe5c7fe3a4ffca1590f26d74c8ba8b0db69557f7f4607a2a43f82e93041611978,0x305b9ae60e9030d0eb831ef447dd99c31c08eaf1,3802.14,1782206874923000,2
476459328,2026-06-23T09:32:48Z,1782207168000,0x71a242386905cf8a6f0e8fba2ed3a0dc41ec8b68eac52dff51465d1bbcf12b40,4,RequestedWithdrawal,0xcc10abf54af5c0718b10b0156dfe1e369ce3eee72423e9e86936a0082e9c5d1b,0x6e44bf55a87f5ed08095aa21eeb872c9faf8ee74,4.0,1782207154729000,2
476459328,2026-06-23T09:32:48Z,1782207168000,0x71a242386905cf8a6f0e8fba2ed3a0dc41ec8b68eac52dff51465d1bbcf12b40,5,RequestedWithdrawal,0xcc10abf54af5c0718b10b0156dfe1e369ce3eee72423e9e86936a0082e9c5d1b,0xe38671a392b36dd5e69e63095d7a0ecad1944d5c,82.0,1782207149206000,2
476459605,2026-06-23T09:33:56Z,1782207236000,0xfad1f785089b15dc24a63990e3a6d596e422dfc5d1e0e64da24eb2944e8976a8,1,FinalizedWithdrawal,0xe5c7fe3a4ffca1590f26d74c8ba8b0db69557f7f4607a2a43f82e93041611978,0x2b7156924cbb8b11850fbf22be49f48f9fca82ff,11.04711,1782207011347000,2
476459700,2026-06-23T09:34:20Z,1782207260000,0x029fd3c2215c966058f4f0e83c4545ee3e46a8cc7a942a97f365c7c63f55252b,8,RequestedWithdrawal,0xcc10abf54af5c0718b10b0156dfe1e369ce3eee72423e9e86936a0082e9c5d1b,0x6e44bf55a87f5ed08095aa21eeb872c9faf8ee74,1.0,1782207254673000,2
476459705,2026-06-23T09:34:21Z,1782207261000,0xd1a4c07ad3f53128f7d4d6efed2aa87a8fdbe569d53a3b289ddf69a201c08ea6,9,FinalizedWithdrawal,0xe5c7fe3a4ffca1590f26d74c8ba8b0db69557f7f4607a2a43f82e93041611978,0xee8cf71b614a8916f223078e98609e53774c0542,44.0,1782207030102000,2
476459903,2026-06-23T09:35:11Z,1782207311000,0xf20b04ec3149613ff12fc1c5f7351efea342ecb70757fb727b25ff0f08abdc11,1,FinalizedWithdrawal,0xe5c7fe3a4ffca1590f26d74c8ba8b0db69557f7f4607a2a43f82e93041611978,0x1a44a6bc450d233049d629c27792c5309d9ca12d,166048.52,1782207076132000,2
476459903,2026-06-23T09:35:11Z,1782207311000,0xf20b04ec3149613ff12fc1c5f7351efea342ecb70757fb727b25ff0f08abdc11,3,FinalizedWithdrawal,0xe5c7fe3a4ffca1590f26d74c8ba8b0db69557f7f4607a2a43f82e93041611978,0xbcd786a45a244a06477dfb79523010408c71a49c,4.0,1782207066724000,2
476460004,2026-06-23T09:35:36Z,1782207336000,0x641c7df57c1aa5bbd7c3f93d97857a8e9fab39e020a3cb18b3daf427bd5f2e3d,1,RequestedWithdrawal,0xcc10abf54af5c0718b10b0156dfe1e369ce3eee72423e9e86936a0082e9c5d1b,0x2b08e0e98f4a705233e7b818adbc8717cf39addf,5.0,1782207315182000,2
476460209,2026-06-23T09:36:28Z,1782207388000,0x814ab1105b115eb4aab830f28b27f1a701a63cbc0b9a4a8390bf7294ddf2df3d,6,FinalizedWithdrawal,0xe5c7fe3a4ffca1590f26d74c8ba8b0db69557f7f4607a2a43f82e93041611978,0xe38671a392b36dd5e69e63095d7a0ecad1944d5c,82.0,1782207149206000,2
476460209,2026-06-23T09:36:28Z,1782207388000,0x814ab1105b115eb4aab830f28b27f1a701a63cbc0b9a4a8390bf7294ddf2df3d,8,FinalizedWithdrawal,0xe5c7fe3a4ffca1590f26d74c8ba8b0db69557f7f4607a2a43f82e93041611978,0x6e44bf55a87f5ed08095aa21eeb872c9faf8ee74,4.0,1782207154729000,2
476460501,2026-06-23T09:37:41Z,1782207461000,0x8c6989fcfe97b74716ab023a2d52edbeaeba9056761f2c0ce3a68ff958fd4a45,8,RequestedWithdrawal,0xcc10abf54af5c0718b10b0156dfe1e369ce3eee72423e9e86936a0082e9c5d1b,0xe8ce48ce6ad9a139df032fe1ebc91d1ad16b6740,23.33,1782207452207000,2
476460509,2026-06-23T09:37:43Z,1782207463000,0x44b9371a2eca0c4013377b435337a454ff0177af26c5c6d473707c65479c0869,1,FinalizedWithdrawal,0xe5c7fe3a4ffca1590f26d74c8ba8b0db69557f7f4607a2a43f82e93041611978,0x6e44bf55a87f5ed08095aa21eeb872c9faf8ee74,1.0,1782207254673000,2
476460674,2026-06-23T09:38:24Z,1782207504000,0xb0d547a470d049f407f18db9e9f5f4790ff17ffe14e719b8c976824bc45e562a,7,RequestedWithdrawal,0xcc10abf54af5c0718b10b0156dfe1e369ce3eee72423e9e86936a0082e9c5d1b,0x43ffa50382866b166e08fe320bdc433faaefe6e6,804.644557,1782207484583000,2
476460867,2026-06-23T09:39:12Z,1782207552000,0x25bcdf5cbf8d253a98c0720af9dad0712c2ea260daecb53431ca4655e40ba365,1,FinalizedWithdrawal,0xe5c7fe3a4ffca1590f26d74c8ba8b0db69557f7f4607a2a43f82e93041611978,0x2b08e0e98f4a705233e7b818adbc8717cf39addf,5.0,1782207315182000,2
476461078,2026-06-23T09:40:04Z,1782207604000,0xe1d0a848d7d15f0e82f7faedd7b5c462c85bd09d6dc3ca61cbc5f24f441194c5,8,RequestedWithdrawal,0xcc10abf54af5c0718b10b0156dfe1e369ce3eee72423e9e86936a0082e9c5d1b,0x6418d091bb0be13dd9cc00feb415852483a43437,505.87,1782207592054000,2
476461275,2026-06-23T09:40:53Z,1782207653000,0x8980d1496aeeb5285f59ef64cbd4d766ac3da46dcca093a25e0576a8499c2746,49,RequestedWithdrawal,0xcc10abf54af5c0718b10b0156dfe1e369ce3eee72423e9e86936a0082e9c5d1b,0x023a3d058020fb76cca98f01b3c48c8938a22355,453867.48,1782207643967000,2
476461275,2026-06-23T09:40:53Z,1782207653000,0x8980d1496aeeb5285f59ef64cbd4d766ac3da46dcca093a25e0576a8499c2746,50,RequestedWithdrawal,0xcc10abf54af5c0718b10b0156dfe1e369ce3eee72423e9e86936a0082e9c5d1b,0x6e44bf55a87f5ed08095aa21eeb872c9faf8ee74,63.03,1782207627501000,2
476461387,2026-06-23T09:41:21Z,1782207681000,0xaa26b6f49fc36461e8c20b746566b78d539358298da4725491e0a424fe4f6949,39,RequestedWithdrawal,0xcc10abf54af5c0718b10b0156dfe1e369ce3eee72423e9e86936a0082e9c5d1b,0x1d08a8f5dc96eedcfaf3226e612498bc1982946b,12.879273,1782207673687000,2
476461394,2026-06-23T09:41:23Z,1782207683000,0xd42b5c966123c62ab7c298434759139b45d30365731e418cd0dc623c499fc53f,2,FinalizedWithdrawal,0xe5c7fe3a4ffca1590f26d74c8ba8b0db69557f7f4607a2a43f82e93041611978,0xe8ce48ce6ad9a139df032fe1ebc91d1ad16b6740,23.33,1782207452207000,2
476461499,2026-06-23T09:41:50Z,1782207710000,0x1190b4f2db416066ab304e9f39603f19ef7ac269b4302094292318e366e43c0d,1,FinalizedWithdrawal,0xe5c7fe3a4ffca1590f26d74c8ba8b0db69557f7f4607a2a43f82e93041611978,0x43ffa50382866b166e08fe320bdc433faaefe6e6,804.644557,1782207484583000,2
476461676,2026-06-23T09:42:34Z,1782207754000,0x97b447713b024b35cb03c5928a0cd1619742f08f2efe395153ddcad8a40d69f7,16,RequestedWithdrawal,0xcc10abf54af5c0718b10b0156dfe1e369ce3eee72423e9e86936a0082e9c5d1b,0xc4ec87c3f5dc12c2b0e7a21277808feb6ce0e113,1397.86,1782207725900000,2
476461782,2026-06-23T09:43:00Z,1782207780000,0x51ff6a51e9ece75d2761351bfe08ff4dd71b506f7c66da2194401b66b7a02c88,1,RequestedWithdrawal,0xcc10abf54af5c0718b10b0156dfe1e369ce3eee72423e9e86936a0082e9c5d1b,0x00a331b978dac6a874e6264e65775bb02bafe743,74.0702,1782207772288000,2
476461971,2026-06-23T09:43:48Z,1782207828000,0xd3faa3a36f79cfec25586a9fed94d8fbc17337948d08a23b9fc90c6be424e4fa,0,RequestedWithdrawal,0xcc10abf54af5c0718b10b0156dfe1e369ce3eee72423e9e86936a0082e9c5d1b,0x72dda86d8243a6a20447bfb6338bda7f310c3972,196.92,1782207812008000,2
476461977,2026-06-23T09:43:49Z,1782207829000,0x72af079667b85a3bc43ddcf15d074fa9da84a03859eb59850f74d74cfd77851b,1,FinalizedWithdrawal,0xe5c7fe3a4ffca1590f26d74c8ba8b0db69557f7f4607a2a43f82e93041611978,0x6418d091bb0be13dd9cc00feb415852483a43437,505.87,1782207592054000,2
476462169,2026-06-23T09:44:37Z,1782207877000,0xe38d855a26c4d65dc356418af53281264c1b7c1144ac02d4b3ab1392da0445b5,51,FinalizedWithdrawal,0xe5c7fe3a4ffca1590f26d74c8ba8b0db69557f7f4607a2a43f82e93041611978,0x023a3d058020fb76cca98f01b3c48c8938a22355,453867.48,1782207643967000,2
476462169,2026-06-23T09:44:37Z,1782207877000,0xe38d855a26c4d65dc356418af53281264c1b7c1144ac02d4b3ab1392da0445b5,53,FinalizedWithdrawal,0xe5c7fe3a4ffca1590f26d74c8ba8b0db69557f7f4607a2a43f82e93041611978,0x6e44bf55a87f5ed08095aa21eeb872c9faf8ee74,63.03,1782207627501000,2
476462255,2026-06-23T09:44:59Z,1782207899000,0x8de59ae378fe605d98967c6f05aa8c161f16ad434730b581f3943acba8084207,6,RequestedWithdrawal,0xcc10abf54af5c0718b10b0156dfe1e369ce3eee72423e9e86936a0082e9c5d1b,0x54657f6a49adbf3a8683b6a7fedb91a1c3035426,61.032488,1782207887340000,2
476462260,2026-06-23T09:45:00Z,1782207900000,0xa663c424860fba497a70e4b71f3d9be53f3335709b6a5872819fbe1ae7d5f773,4,FinalizedWithdrawal,0xe5c7fe3a4ffca1590f26d74c8ba8b0db69557f7f4607a2a43f82e93041611978,0x1d08a8f5dc96eedcfaf3226e612498bc1982946b,12.879273,1782207673687000,2
476462576,2026-06-23T09:46:19Z,1782207979000,0x03d5eb66c64452d6b741572ff63f5033d9fcc0a323e6578b5745ebc6c4065652,6,FinalizedWithdrawal,0xe5c7fe3a4ffca1590f26d74c8ba8b0db69557f7f4607a2a43f82e93041611978,0xc4ec87c3f5dc12c2b0e7a21277808feb6ce0e113,1397.86,1782207725900000,2
476462678,2026-06-23T09:46:44Z,1782208004000,0x9994b986ee4f32b38fb54617988ba0a6b667360a5f6ac4b59ac2c3ee3058cb3d,0,RequestedWithdrawal,0xcc10abf54af5c0718b10b0156dfe1e369ce3eee72423e9e86936a0082e9c5d1b,0x69b8e1fe3c3a7c0f6f503aa4892d45b702b47451,6.77,1782207990353000,2
476462686,2026-06-23T09:46:46Z,1782208006000,0xd106593d000c9d9c64f91f708687da2abc445e290962650949536f15fed76a4c,2,FinalizedWithdrawal,0xe5c7fe3a4ffca1590f26d74c8ba8b0db69557f7f4607a2a43f82e93041611978,0x00a331b978dac6a874e6264e65775bb02bafe743,74.0702,1782207772288000,2
476462794,2026-06-23T09:47:13Z,1782208033000,0x80e93747ac176e80e20de2c0f696a00ea1a9a01c3645f17817683e343f08f909,3,FinalizedWithdrawal,0xe5c7fe3a4ffca1590f26d74c8ba8b0db69557f7f4607a2a43f82e93041611978,0x72dda86d8243a6a20447bfb6338bda7f310c3972,196.92,1782207812008000,2
476463058,2026-06-23T09:48:19Z,1782208099000,0x6c18cdcf30990934521985d1aaa1e4d5cb0aedbf881f6cdebd6fa77feca58965,85,RequestedWithdrawal,0xcc10abf54af5c0718b10b0156dfe1e369ce3eee72423e9e86936a0082e9c5d1b,0x2036af9b78abc5073fd1c90bec6d6312a06a7df1,40.197237,1782208083878000,2
476463065,2026-06-23T09:48:21Z,1782208101000,0x51a93a1e0de3282b1fdbcb0e2db9fc5ee0145f2c43d5b2644f5bd2653c030f97,3,FinalizedWithdrawal,0xe5c7fe3a4ffca1590f26d74c8ba8b0db69557f7f4607a2a43f82e93041611978,0x54657f6a49adbf3a8683b6a7fedb91a1c3035426,61.032488,1782207887340000,2
476463260,2026-06-23T09:49:10Z,1782208150000,0x9864753e5aeced05e4b445a65ab01549a765b1c3e6e050762eee7776e244373b,3,RequestedWithdrawal,0xcc10abf54af5c0718b10b0156dfe1e369ce3eee72423e9e86936a0082e9c5d1b,0x0d0409348e98ba3e05dd87a2daf8d0f91f9fb262,4.0,1782208125738000,2
476463371,2026-06-23T09:49:38Z,1782208178000,0xe49cf0c00a0ae8c5ad2185254ee904c7fa1e2dc630b2ab177cdaad425c08f0e4,0,RequestedWithdrawal,0xcc10abf54af5c0718b10b0156dfe1e369ce3eee72423e9e86936a0082e9c5d1b,0xd09192f845b737d3bc299daf3048c900c0bd1c7a,50.672716,1782208164679000,2
476463570,2026-06-23T09:50:28Z,1782208228000,0xd400795ca166e032c57cdc42f19b127108a59b30781bbb0448ebf1d5ba7e2326,6,FinalizedWithdrawal,0xe5c7fe3a4ffca1590f26d74c8ba8b0db69557f7f4607a2a43f82e93041611978,0x69b8e1fe3c3a7c0f6f503aa4892d45b702b47451,6.77,1782207990353000,2
476463925,2026-06-23T09:51:57Z,1782208317000,0xec3ac9111275fa3345480986ae05bc80d652edd8fb56f48694796807b8395b29,32,FinalizedWithdrawal,0xe5c7fe3a4ffca1590f26d74c8ba8b0db69557f7f4607a2a43f82e93041611978,0x2036af9b78abc5073fd1c90bec6d6312a06a7df1,40.197237,1782208083878000,2
476464139,2026-06-23T09:52:49Z,1782208369000,0x4c983483fc35bea5761e287411809ab2f88bdd3f59a6aa04c199d4981881b5c3,2,FinalizedWithdrawal,0xe5c7fe3a4ffca1590f26d74c8ba8b0db69557f7f4607a2a43f82e93041611978,0x0d0409348e98ba3e05dd87a2daf8d0f91f9fb262,4.0,1782208125738000,2
476464212,2026-06-23T09:53:07Z,1782208387000,0xb28abbf9c3c3f26c79ab67e22a1263711f7c84aec90c37764123bb981672363e,1,RequestedWithdrawal,0xcc10abf54af5c0718b10b0156dfe1e369ce3eee72423e9e86936a0082e9c5d1b,0x5d268481a2c5c72b5e84ee9c03e938801c53cf32,3131.0,1782208376132000,2
476464212,2026-06-23T09:53:07Z,1782208387000,0xb28abbf9c3c3f26c79ab67e22a1263711f7c84aec90c37764123bb981672363e,2,RequestedWithdrawal,0xcc10abf54af5c0718b10b0156dfe1e369ce3eee72423e9e86936a0082e9c5d1b,0x70816868540239a615e1294dd9c7bce58ec92696,1584.98,1782208378642000,2
476464218,2026-06-23T09:53:09Z,1782208389000,0xd6546e2feb1525292d50e327faf0249cc6a0c79e4a0edd04bb897988a753383f,4,FinalizedWithdrawal,0xe5c7fe3a4ffca1590f26d74c8ba8b0db69557f7f4607a2a43f82e93041611978,0xd09192f845b737d3bc299daf3048c900c0bd1c7a,50.672716,1782208164679000,2
476464689,2026-06-23T09:55:07Z,1782208507000,0x12c76da55ee189ca08e12181dd5a2521164214226970af9b67b8baea17d76b28,0,RequestedWithdrawal,0xcc10abf54af5c0718b10b0156dfe1e369ce3eee72423e9e86936a0082e9c5d1b,0x8cc392795043a54f42a8f5af48b4f01a86bb13ca,9.0,1782208481133000,2
476464774,2026-06-23T09:55:28Z,1782208528000,0x7e65e1a0784d646dea85380a6e277a339c3cdcf483a1de18ddfa5d69d637cd18,4,RequestedWithdrawal,0xcc10abf54af5c0718b10b0156dfe1e369ce3eee72423e9e86936a0082e9c5d1b,0x028230f77270d79759fd79ef69963d70e2d349e7,549.0,1782208506978000,2
476464774,2026-06-23T09:55:28Z,1782208528000,0x7e65e1a0784d646dea85380a6e277a339c3cdcf483a1de18ddfa5d69d637cd18,5,RequestedWithdrawal,0xcc10abf54af5c0718b10b0156dfe1e369ce3eee72423e9e86936a0082e9c5d1b,0xe48ef3a7e5b3605b073f0a7f7938a1db05214449,129.93,1782208519354000,2
476464856,2026-06-23T09:55:48Z,1782208548000,0xd2740fd1929e1c8ab07963851e1d9e5b90102acad7776c9a4c1c1a20506b5d99,0,RequestedWithdrawal,0xcc10abf54af5c0718b10b0156dfe1e369ce3eee72423e9e86936a0082e9c5d1b,0x37c68ba76811dbb08a3c1f59bf130b8a650658f9,7.55,1782208543034000,2
476465048,2026-06-23T09:56:37Z,1782208597000,0x4f21dc9f6f1498a545343347eb008354a3fb73fff4327b80e33b50b73a5b8203,6,FinalizedWithdrawal,0xe5c7fe3a4ffca1590f26d74c8ba8b0db69557f7f4607a2a43f82e93041611978,0x5d268481a2c5c72b5e84ee9c03e938801c53cf32,3131.0,1782208376132000,2
476465048,2026-06-23T09:56:37Z,1782208597000,0x4f21dc9f6f1498a545343347eb008354a3fb73fff4327b80e33b50b73a5b8203,8,FinalizedWithdrawal,0xe5c7fe3a4ffca1590f26d74c8ba8b0db69557f7f4607a2a43f82e93041611978,0x70816868540239a615e1294dd9c7bce58ec92696,1584.98,1782208378642000,2
476465534,2026-06-23T09:58:38Z,1782208718000,0xee63abdddd008edaaea20ab758c04cd57550f501b27898d81a362ba3f4f40fb9,22,FinalizedWithdrawal,0xe5c7fe3a4ffca1590f26d74c8ba8b0db69557f7f4607a2a43f82e93041611978,0x8cc392795043a54f42a8f5af48b4f01a86bb13ca,9.0,1782208481133000,2
476465642,2026-06-23T09:59:04Z,1782208744000,0x35980922e0c1d5229b7e65b2974313e3a32507a7e7f37b45640030c0877c9652,2,FinalizedWithdrawal,0xe5c7fe3a4ffca1590f26d74c8ba8b0db69557f7f4607a2a43f82e93041611978,0x028230f77270d79759fd79ef69963d70e2d349e7,549.0,1782208506978000,2
476465642,2026-06-23T09:59:04Z,1782208744000,0x35980922e0c1d5229b7e65b2974313e3a32507a7e7f37b45640030c0877c9652,4,FinalizedWithdrawal,0xe5c7fe3a4ffca1590f26d74c8ba8b0db69557f7f4607a2a43f82e93041611978,0xe48ef3a7e5b3605b073f0a7f7938a1db05214449,129.93,1782208519354000,2
476465721,2026-06-23T09:59:24Z,1782208764000,0xa72364ea30ad40849e97a4492a8c8ea7a11c7d7e9e8db278f3de5d7940f80381,8,RequestedWithdrawal,0xcc10abf54af5c0718b10b0156dfe1e369ce3eee72423e9e86936a0082e9c5d1b,0xb1b272c39e26c5b4802828ba0cc73b5ae113af83,515.4,1782208755603000,2
476465727,2026-06-23T09:59:26Z,1782208766000,0xa8d98e1e0e2109ce78e3283a74376cd6f0fe4697893debfc3a4aa887f44cae8b,2,FinalizedWithdrawal,0xe5c7fe3a4ffca1590f26d74c8ba8b0db69557f7f4607a2a43f82e93041611978,0x37c68ba76811dbb08a3c1f59bf130b8a650658f9,7.55,1782208543034000,2
476465800,2026-06-23T09:59:44Z,1782208784000,0x059d4b41d972d0777ae40840aa6ec477febb6abe334fac6fff2f48e95d6f719e,0,RequestedWithdrawal,0xcc10abf54af5c0718b10b0156dfe1e369ce3eee72423e9e86936a0082e9c5d1b,0x0e8f9c9b5b600df2a10af32bcf77e5677a1daa40,49.11,1782208921833000,2
476465898,2026-06-23T10:00:09Z,1782208809000,0x7c1633a05325947f3f04622f9f6b6bd38a75c3448d323ac652b8b714d2c45c72,2,RequestedWithdrawal,0xcc10abf54af5c0718b10b0156dfe1e369ce3eee72423e9e86936a0082e9c5d1b,0xd6db8b6b271e1144b4d80e1296f8a6366b010e70,29427.419014,1782208803349000,2
476465898,2026-06-23T10:00:09Z,1782208809000,0x7c1633a05325947f3f04622f9f6b6bd38a75c3448d323ac652b8b714d2c45c72,3,RequestedWithdrawal,0xcc10abf54af5c0718b10b0156dfe1e369ce3eee72423e9e86936a0082e9c5d1b,0xfd12fc6b39c27aa2458da3a570a108f5afc9fe9f,6.05,1782208799243000,2
476466091,2026-06-23T10:00:57Z,1782208857000,0x6686e0f166e322d71a107a0f3c19f038ab145373a8e8257a6a6915dfaabdc19c,1,RequestedWithdrawal,0xcc10abf54af5c0718b10b0156dfe1e369ce3eee72423e9e86936a0082e9c5d1b,0x3c80d9dec51d167f6832482baa40faefc33bb12d,311.87,1782208832511000,2
476466091,2026-06-23T10:00:57Z,1782208857000,0x6686e0f166e322d71a107a0f3c19f038ab145373a8e8257a6a6915dfaabdc19c,2,RequestedWithdrawal,0xcc10abf54af5c0718b10b0156dfe1e369ce3eee72423e9e86936a0082e9c5d1b,0xd67da12dc33d9730d9341bbfa4f0b67d0688b28b,1087.69,1782208824838000,2
476466306,2026-06-23T10:01:51Z,1782208911000,0x66954a07395cbfc0c15bccc502df10fc7de1dcbb36952e19a48863696693de70,1,RequestedWithdrawal,0xcc10abf54af5c0718b10b0156dfe1e369ce3eee72423e9e86936a0082e9c5d1b,0xea2c82b5aba243ab631c0ce151763d5e38df75b3,10702.080785,1782208897391000,2
476466608,2026-06-23T10:03:07Z,1782208987000,0x4ef8c3f227b8f27f6899b1aba90ed12f9d3be4f443ad1f5aa748e719f31f8e29,6,RequestedWithdrawal,0xcc10abf54af5c0718b10b0156dfe1e369ce3eee72423e9e86936a0082e9c5d1b,0xf4607da9a132dfe795aea306e6ce40def16b9b2c,10.27,1782208974791000,2
476466616,2026-06-23T10:03:09Z,1782208989000,0x2c0d1aecc85c0b889f6ce6020533d6f62240f3226b54b70c2a58d95e4cf8d7f4,2,FinalizedWithdrawal,0xe5c7fe3a4ffca1590f26d74c8ba8b0db69557f7f4607a2a43f82e93041611978,0xb1b272c39e26c5b4802828ba0cc73b5ae113af83,515.4,1782208755603000,2
476466616,2026-06-23T10:03:09Z,1782208989000,0x2c0d1aecc85c0b889f6ce6020533d6f62240f3226b54b70c2a58d95e4cf8d7f4,4,FinalizedWithdrawal,0xe5c7fe3a4ffca1590f26d74c8ba8b0db69557f7f4607a2a43f82e93041611978,0x0e8f9c9b5b600df2a10af32bcf77e5677a1daa40,49.11,1782208921833000,2
476466724,2026-06-23T10:03:36Z,1782209016000,0x2e943dbaa574bf8cb575d337c041e19b052764fca2dfd4d284727e49707f883b,1,FinalizedWithdrawal,0xe5c7fe3a4ffca1590f26d74c8ba8b0db69557f7f4607a2a43f82e93041611978,0xfd12fc6b39c27aa2458da3a570a108f5afc9fe9f,6.05,1782208799243000,2
476466724,2026-06-23T10:03:36Z,1782209016000,0x2e943dbaa574bf8cb575d337c041e19b052764fca2dfd4d284727e49707f883b,3,FinalizedWithdrawal,0xe5c7fe3a4ffca1590f26d74c8ba8b0db69557f7f4607a2a43f82e93041611978,0xd6db8b6b271e1144b4d80e1296f8a6366b010e70,29427.419014,1782208803349000,2
476466978,2026-06-23T10:04:40Z,1782209080000,0xe01340420ec289834908df5d72bcf64356a4321a30cbb2303a75ab0ddf426b2e,2,FinalizedWithdrawal,0xe5c7fe3a4ffca1590f26d74c8ba8b0db69557f7f4607a2a43f82e93041611978,0x3c80d9dec51d167f6832482baa40faefc33bb12d,311.87,1782208832511000,2
476466978,2026-06-23T10:04:40Z,1782209080000,0xe01340420ec289834908df5d72bcf64356a4321a30cbb2303a75ab0ddf426b2e,4,FinalizedWithdrawal,0xe5c7fe3a4ffca1590f26d74c8ba8b0db69557f7f4607a2a43f82e93041611978,0xd67da12dc33d9730d9341bbfa4f0b67d0688b28b,1087.69,1782208824838000,2
476467079,2026-06-23T10:05:05Z,1782209105000,0xc99863994389965f59b8e5787c512920a7a079c09d9d6fd399047d1a2f2ebc63,4,RequestedWithdrawal,0xcc10abf54af5c0718b10b0156dfe1e369ce3eee72423e9e86936a0082e9c5d1b,0xdf99e7bd7c4aa5311df884c9bb7f767c25604e98,94.572212,1782209085805000,2
476467165,2026-06-23T10:05:26Z,1782209126000,0x3651996eedbafa9aedf16edd213ec609d9e0e7dfd47ef2ef8c2d8250b8ba24be,1,FinalizedWithdrawal,0xe5c7fe3a4ffca1590f26d74c8ba8b0db69557f7f4607a2a43f82e93041611978,0xea2c82b5aba243ab631c0ce151763d5e38df75b3,10702.080785,1782208897391000,2
476467448,2026-06-23T10:06:36Z,1782209196000,0xce018c882455753c15b201a0159261066f4dafb318f76ea90c7c2de9b52cf0bc,1,FinalizedWithdrawal,0xe5c7fe3a4ffca1590f26d74c8ba8b0db69557f7f4607a2a43f82e93041611978,0xf4607da9a132dfe795aea306e6ce40def16b9b2c,10.27,1782208974791000,2
476467552,2026-06-23T10:07:02Z,1782209222000,0x4ee8f751b5501bb4a7f52f98fedd3fd7aac4805b532b8db204746c6d97c2f532,13,RequestedWithdrawal,0xcc10abf54af5c0718b10b0156dfe1e369ce3eee72423e9e86936a0082e9c5d1b,0xc71fc67b85579d223241db595a256df753ab1ba0,199.0,1782209197430000,2
476467917,2026-06-23T10:08:34Z,1782209314000,0x2f1f440957a8a57d7acf3b0d13157df865595ea9e24e91d93724a64a4dd232a2,1,FinalizedWithdrawal,0xe5c7fe3a4ffca1590f26d74c8ba8b0db69557f7f4607a2a43f82e93041611978,0xdf99e7bd7c4aa5311df884c9bb7f767c25604e98,94.572212,1782209085805000,2
476468129,2026-06-23T10:09:27Z,1782209367000,0xd7a73a7cf4f244408bfdcf422060d90b2f10877479f19088e11135aee852fe97,10,RequestedWithdrawal,0xcc10abf54af5c0718b10b0156dfe1e369ce3eee72423e9e86936a0082e9c5d1b,0x2145d688a31881764d8179591f1a16de5df3f88a,32.373306,1782209361214000,2
476468225,2026-06-23T10:09:51Z,1782209391000,0xe453b3f59337acd9c3c7ba977d8301a480c706ae66378d97f6ca9c1815e578fe,5,RequestedWithdrawal,0xcc10abf54af5c0718b10b0156dfe1e369ce3eee72423e9e86936a0082e9c5d1b,0x54eb40b773d0d6acdff61429b7bfac54a01c0f11,1994.017205,1782209377006000,2
476468416,2026-06-23T10:10:39Z,1782209439000,0xd2f0d94faab1e5d2bfcfa3cc80d2a34e5cd931fad88b103ed3d7aa1b1a5d7ae1,4,FinalizedWithdrawal,0xe5c7fe3a4ffca1590f26d74c8ba8b0db69557f7f4607a2a43f82e93041611978,0xc71fc67b85579d223241db595a256df753ab1ba0,199.0,1782209197430000,2
476468794,2026-06-23T10:12:14Z,1782209534000,0xb13b30bbfbaedea3a2ec3ae9726f1972d921116fafd13245cb09e7f940011a07,2,RequestedWithdrawal,0xcc10abf54af5c0718b10b0156dfe1e369ce3eee72423e9e86936a0082e9c5d1b,0xf733fb2ce7cd7ff1ac50f301f7b6b144c9acee02,665.32,1782209513416000,2
476468982,2026-06-23T10:13:01Z,1782209581000,0x9f4122cd2fada900c892d06b9f53d51636789e25943785978dd110cea3cc5bb6,24,FinalizedWithdrawal,0xe5c7fe3a4ffca1590f26d74c8ba8b0db69557f7f4607a2a43f82e93041611978,0x2145d688a31881764d8179591f1a16de5df3f88a,32.373306,1782209361214000,2
476469063,2026-06-23T10:13:21Z,1782209601000,0x7f01577a44cd566ab28a3b7b9187301e7a929c5cdce9d28c4b3edfde1e53672b,5,FinalizedWithdrawal,0xe5c7fe3a4ffca1590f26d74c8ba8b0db69557f7f4607a2a43f82e93041611978,0x54eb40b773d0d6acdff61429b7bfac54a01c0f11,1994.017205,1782209377006000,2
476469339,2026-06-23T10:14:31Z,1782209671000,0x171e783b367c198fc58d74851a086e244c8a9e444f3422dae40c406272a67765,7,RequestedWithdrawal,0xcc10abf54af5c0718b10b0156dfe1e369ce3eee72423e9e86936a0082e9c5d1b,0x402af36143b9f9ba1bc16582f7caacd1aaaa9fe5,198.99,1782209661101000,2
476469618,2026-06-23T10:15:41Z,1782209741000,0x668d3bfd2a91f66d049b8c2b37965af10ebaad3b6ea2cfd5c020685177cb28c5,5,FinalizedWithdrawal,0xe5c7fe3a4ffca1590f26d74c8ba8b0db69557f7f4607a2a43f82e93041611978,0xf733fb2ce7cd7ff1ac50f301f7b6b144c9acee02,665.32,1782209513416000,2
476469918,2026-06-23T10:16:56Z,1782209816000,0x83855176aaf04d46b0ccc4c5a6279678c6c99e10f0e3c8876ceb12acb0b1b3d5,0,RequestedWithdrawal,0xcc10abf54af5c0718b10b0156dfe1e369ce3eee72423e9e86936a0082e9c5d1b,0x24114ac9647462186bacf84ef498a457ebaec3c0,37.0,1782209795660000,2
476470024,2026-06-23T10:17:23Z,1782209843000,0x628e61cf53ae9398bf3f3eecb48cd0a818c3a0a8f6ecbec6a1f84cd3f9891689,0,RequestedWithdrawal,0xcc10abf54af5c0718b10b0156dfe1e369ce3eee72423e9e86936a0082e9c5d1b,0x49e50e47b86ad2c76c432fb82703b1c2b7fcab04,114.868322,1782209818269000,2
476470024,2026-06-23T10:17:23Z,1782209843000,0x628e61cf53ae9398bf3f3eecb48cd0a818c3a0a8f6ecbec6a1f84cd3f9891689,1,RequestedWithdrawal,0xcc10abf54af5c0718b10b0156dfe1e369ce3eee72423e9e86936a0082e9c5d1b,0x91cbb2ce9503a10619db54dcb4cec76ea6279c11,28.63,1782209826455000,2
476470210,2026-06-23T10:18:09Z,1782209889000,0xc6b5cac99821c0750d3b2a572b3e680a3b9b8ac61ab9864d064e78d8305cca81,2,FinalizedWithdrawal,0xe5c7fe3a4ffca1590f26d74c8ba8b0db69557f7f4607a2a43f82e93041611978,0x402af36143b9f9ba1bc16582f7caacd1aaaa9fe5,198.99,1782209661101000,2
476470512,2026-06-23T10:19:24Z,1782209964000,0x6df37833c06ed83b747413d53e431e85c7bdd1b5755e855a0929d8891171d640,3,RequestedWithdrawal,0xcc10abf54af5c0718b10b0156dfe1e369ce3eee72423e9e86936a0082e9c5d1b,0x402af36143b9f9ba1bc16582f7caacd1aaaa9fe5,50.07,1782209942694000,2
476470512,2026-06-23T10:19:24Z,1782209964000,0x6df37833c06ed83b747413d53e431e85c7bdd1b5755e855a0929d8891171d640,4,RequestedWithdrawal,0xcc10abf54af5c0718b10b0156dfe1e369ce3eee72423e9e86936a0082e9c5d1b,0xe84dbf50af55807618e01d291669cffcfb8e5280,99.0,1782209947795000,2
476470601,2026-06-23T10:19:46Z,1782209986000,0x5569050ba9ee7b214f732ff4b0f27c36f195b15578a1ee447a870f8725a8ea1e,26,RequestedWithdrawal,0xcc10abf54af5c0718b10b0156dfe1e369ce3eee72423e9e86936a0082e9c5d1b,0xcfa2bcb524e200821935cd4b24ef4d76e9a5fef9,4.0,1782209965581000,2
476470796,2026-06-23T10:20:35Z,1782210035000,0x91856e60335b0ac0d0059e7185fbc17d7a6d6094b43fd2f6cfcf96bc8cc17935,2,FinalizedWithdrawal,0xe5c7fe3a4ffca1590f26d74c8ba8b0db69557f7f4607a2a43f82e93041611978,0x24114ac9647462186bacf84ef498a457ebaec3c0,37.0,1782209795660000,2
476470891,2026-06-23T10:20:59Z,1782210059000,0xadecf10593dc6909808dd349c6492920784c6030f2e276c27fce2684b0dca7d4,1,FinalizedWithdrawal,0xe5c7fe3a4ffca1590f26d74c8ba8b0db69557f7f4607a2a43f82e93041611978,0x49e50e47b86ad2c76c432fb82703b1c2b7fcab04,114.868322,1782209818269000,2
476470891,2026-06-23T10:20:59Z,1782210059000,0xadecf10593dc6909808dd349c6492920784c6030f2e276c27fce2684b0dca7d4,3,FinalizedWithdrawal,0xe5c7fe3a4ffca1590f26d74c8ba8b0db69557f7f4607a2a43f82e93041611978,0x91cbb2ce9503a10619db54dcb4cec76ea6279c11,28.63,1782209826455000,2
476471085,2026-06-23T10:21:48Z,1782210108000,0xa35b5066760d29651375d12bc76bb4f60462e45ad5245d549fde359bd7acdc5d,1,RequestedWithdrawal,0xcc10abf54af5c0718b10b0156dfe1e369ce3eee72423e9e86936a0082e9c5d1b,0x6f975786b5255f9b4402f4025a57805a7c732c0f,9.0,1782210097594000,2
476471187,2026-06-23T10:22:13Z,1782210133000,0xc4a2237839b11829e2aea2a4c520c5e153e2733f7a870e3099fb58f09f98a855,0,RequestedWithdrawal,0xcc10abf54af5c0718b10b0156dfe1e369ce3eee72423e9e86936a0082e9c5d1b,0xe7a7aeac6ed85b6113b84db31346fead01d8988d,47.15,1782210121299000,2
476471373,2026-06-23T10:23:00Z,1782210180000,0x733af430bd1346946dc4900266c30b154ac0c2802fbc9bebf4d012640df3f651,5,RequestedWithdrawal,0xcc10abf54af5c0718b10b0156dfe1e369ce3eee72423e9e86936a0082e9c5d1b,0xe6325229f3975d3161a0c11a2b2fc0655be61869,12.118697,1782210171809000,2
476471377,2026-06-23T10:23:01Z,1782210181000,0xbabba9c92b03348f5572406daa551612255320e188633874a68883ac4a9f9322,9,FinalizedWithdrawal,0xe5c7fe3a4ffca1590f26d74c8ba8b0db69557f7f4607a2a43f82e93041611978,0x402af36143b9f9ba1bc16582f7caacd1aaaa9fe5,50.07,1782209942694000,2
476471377,2026-06-23T10:23:01Z,1782210181000,0xbabba9c92b03348f5572406daa551612255320e188633874a68883ac4a9f9322,11,FinalizedWithdrawal,0xe5c7fe3a4ffca1590f26d74c8ba8b0db69557f7f4607a2a43f82e93041611978,0xe84dbf50af55807618e01d291669cffcfb8e5280,99.0,1782209947795000,2
476471474,2026-06-23T10:23:25Z,1782210205000,0x515d8e5a2f3d299cab842d7d39284a03cf8b95493aea186ac80990ad408300aa,1,FinalizedWithdrawal,0xe5c7fe3a4ffca1590f26d74c8ba8b0db69557f7f4607a2a43f82e93041611978,0xcfa2bcb524e200821935cd4b24ef4d76e9a5fef9,4.0,1782209965581000,2
476471947,2026-06-23T10:25:23Z,1782210323000,0xd475ee985c4c2755c51eea2d756884c25adb32575ebf912927149adb005252bb,6,FinalizedWithdrawal,0xe5c7fe3a4ffca1590f26d74c8ba8b0db69557f7f4607a2a43f82e93041611978,0x6f975786b5255f9b4402f4025a57805a7c732c0f,9.0,1782210097594000,2
476472028,2026-06-23T10:25:43Z,1782210343000,0xe9aa8ed66407d31c8a9946700764a35fef71a47558e27ba14e1d4c6458412bcb,0,RequestedWithdrawal,0xcc10abf54af5c0718b10b0156dfe1e369ce3eee72423e9e86936a0082e9c5d1b,0x806b1bf5225fe719e52c3d4cd082ca5317430a8a,499.0,1782210325153000,2
476472044,2026-06-23T10:25:47Z,1782210347000,0x95f26632f57469950ce5fce4b1533214c2746c24a36ccfd2291559582cb7d9ff,1,FinalizedWithdrawal,0xe5c7fe3a4ffca1590f26d74c8ba8b0db69557f7f4607a2a43f82e93041611978,0xe7a7aeac6ed85b6113b84db31346fead01d8988d,47.15,1782210121299000,2
476472219,2026-06-23T10:26:31Z,1782210391000,0xc7a0ddc4222659416dc5d92223ce580b5aaaeb464b9afcbdaf62e63147c75110,2,FinalizedWithdrawal,0xe5c7fe3a4ffca1590f26d74c8ba8b0db69557f7f4607a2a43f82e93041611978,0xe6325229f3975d3161a0c11a2b2fc0655be61869,12.118697,1782210171809000,2
476472796,2026-06-23T10:28:56Z,1782210536000,0x8599bfed369ce2a8cef8b334ea6f1b7cdb3038f58923f7a9deef581ce094e004,1,RequestedWithdrawal,0xcc10abf54af5c0718b10b0156dfe1e369ce3eee72423e9e86936a0082e9c5d1b,0x35da5933e673a1bbb2e7142ebaf1eb4e932060c2,18.872583,1782210519327000,2
476472796,2026-06-23T10:28:56Z,1782210536000,0x8599bfed369ce2a8cef8b334ea6f1b7cdb3038f58923f7a9deef581ce094e004,2,RequestedWithdrawal,0xcc10abf54af5c0718b10b0156dfe1e369ce3eee72423e9e86936a0082e9c5d1b,0x751276e362b65fb893d9cf0077cbbace5797c75f,9.731833,1782210507012000,2
476472896,2026-06-23T10:29:21Z,1782210561000,0xe59e058a1db1f48b6d0b3841cbfaf8f84536a66d530f6dc3e1c85c0e710efd78,15,FinalizedWithdrawal,0xe5c7fe3a4ffca1590f26d74c8ba8b0db69557f7f4607a2a43f82e93041611978,0x806b1bf5225fe719e52c3d4cd082ca5317430a8a,499.0,1782210325153000,2
476473456,2026-06-23T10:31:40Z,1782210700000,0xa813e6517c30491ce485f0cb8fbebe6b709c7016df31e6261edb06b010296010,0,RequestedWithdrawal,0xcc10abf54af5c0718b10b0156dfe1e369ce3eee72423e9e86936a0082e9c5d1b,0x4b7397191ad9355dc8f6e83313418d653b3b439e,89.0,1782210686205000,2
476473644,2026-06-23T10:32:28Z,1782210748000,0x100dbb6449c666c8a039a5474c9ba9b802052c218da3f53c5bec37804d8d3c57,11,FinalizedWithdrawal,0xe5c7fe3a4ffca1590f26d74c8ba8b0db69557f7f4607a2a43f82e93041611978,0x35da5933e673a1bbb2e7142ebaf1eb4e932060c2,18.872583,1782210519327000,2
476473644,2026-06-23T10:32:28Z,1782210748000,0x100dbb6449c666c8a039a5474c9ba9b802052c218da3f53c5bec37804d8d3c57,13,FinalizedWithdrawal,0xe5c7fe3a4ffca1590f26d74c8ba8b0db69557f7f4607a2a43f82e93041611978,0x751276e362b65fb893d9cf0077cbbace5797c75f,9.731833,1782210507012000,2
476473933,2026-06-23T10:33:40Z,1782210820000,0xbabe3e5188dcdebf7061bd01fcdd8dbbdaaed3fa973612959819d91eb0bc6974,34,RequestedWithdrawal,0xcc10abf54af5c0718b10b0156dfe1e369ce3eee72423e9e86936a0082e9c5d1b,0x4daf716108f315a294f6b79a8ac04b7b0c865efd,37.42,1782210796674000,2
476474031,2026-06-23T10:34:05Z,1782210845000,0x8c94ee99c0f3dc270759e2cf9e14a521fee923914402d145699e1f0c1bb6a65e,1,RequestedWithdrawal,0xcc10abf54af5c0718b10b0156dfe1e369ce3eee72423e9e86936a0082e9c5d1b,0xbeef0000072943d4872462d9c7bd727f672ecb27,607.48,1782210822498000,2
476474322,2026-06-23T10:35:18Z,1782210918000,0xf61598f4fffc0a57efde5df348c195cb3b4ce13e2e0c3b556a44ef07f86a2a37,2,FinalizedWithdrawal,0xe5c7fe3a4ffca1590f26d74c8ba8b0db69557f7f4607a2a43f82e93041611978,0x4b7397191ad9355dc8f6e83313418d653b3b439e,89.0,1782210686205000,2
476474513,2026-06-23T10:36:06Z,1782210966000,0xfbab54c05086cf16156cf7a5794351a39fb819933cda96a603535f070e3f4441,70,RequestedWithdrawal,0xcc10abf54af5c0718b10b0156dfe1e369ce3eee72423e9e86936a0082e9c5d1b,0x1485ca4a76b09794ef04b93d377607ffe15354a2,233.0,1782210956724000,2
476474513,2026-06-23T10:36:06Z,1782210966000,0xfbab54c05086cf16156cf7a5794351a39fb819933cda96a603535f070e3f4441,71,RequestedWithdrawal,0xcc10abf54af5c0718b10b0156dfe1e369ce3eee72423e9e86936a0082e9c5d1b,0xccfd4335500706ce1f9ca6536a899cf9df0700bf,12.61,1782210949711000,2
476474793,2026-06-23T10:37:16Z,1782211036000,0x9525dd0161e5bf9316f1fdc27bb204cd9424420e1c7f67f1f30dee43ce0f11ed,31,FinalizedWithdrawal,0xe5c7fe3a4ffca1590f26d74c8ba8b0db69557f7f4607a2a43f82e93041611978,0x4daf716108f315a294f6b79a8ac04b7b0c865efd,37.42,1782210796674000,2
476474878,2026-06-23T10:37:36Z,1782211056000,0x2fc0676c2e98e1e59b349c9716f48c4e2d01a4f947e6989d2f20ffa8a1c1099a,1,FinalizedWithdrawal,0xe5c7fe3a4ffca1590f26d74c8ba8b0db69557f7f4607a2a43f82e93041611978,0xbeef0000072943d4872462d9c7bd727f672ecb27,607.48,1782210822498000,2
476474979,2026-06-23T10:38:02Z,1782211082000,0x7056cc26eee8bd2d453e6aabe568ee3d43c1e5e84f9a754313b3bdefd9951d0b,0,RequestedWithdrawal,0xcc10abf54af5c0718b10b0156dfe1e369ce3eee72423e9e86936a0082e9c5d1b,0x1efc214c1903275f51be359cd2f1f1662c1c6bab,1.0,1782211071400000,2
476475084,2026-06-23T10:38:28Z,1782211108000,0xe67fec71594644d777ecbb111151c9a3cc20ccc57b9b1722090da713ea12cc85,1,RequestedWithdrawal,0xcc10abf54af5c0718b10b0156dfe1e369ce3eee72423e9e86936a0082e9c5d1b,0x58e9359d905cc6d75a0b47d151389fc310eba11c,226.85,1782211090084000,2
476475364,2026-06-23T10:39:38Z,1782211178000,0x99a0ea232e6b84cc03d590c2459e0c0a76b60373935953acbb9a0e5dc87634a1,11,RequestedWithdrawal,0xcc10abf54af5c0718b10b0156dfe1e369ce3eee72423e9e86936a0082e9c5d1b,0x74810b801ba81492e7a7531e8d435e97f75c47c4,1007.925,1782211165940000,2
476475368,2026-06-23T10:39:39Z,1782211179000,0xd453ca23d43e3e51c2e0150115c21514959b2cf420983f1a9df487b34ba8daed,19,FinalizedWithdrawal,0xe5c7fe3a4ffca1590f26d74c8ba8b0db69557f7f4607a2a43f82e93041611978,0x1485ca4a76b09794ef04b93d377607ffe15354a2,233.0,1782210956724000,2
476475368,2026-06-23T10:39:39Z,1782211179000,0xd453ca23d43e3e51c2e0150115c21514959b2cf420983f1a9df487b34ba8daed,21,FinalizedWithdrawal,0xe5c7fe3a4ffca1590f26d74c8ba8b0db69557f7f4607a2a43f82e93041611978,0xccfd4335500706ce1f9ca6536a899cf9df0700bf,12.61,1782210949711000,2
476475747,2026-06-23T10:41:14Z,1782211274000,0xd21242d29e4d30962c344d843507dc9231b02dfff9987f36bc75ab736d810e1f,11,RequestedWithdrawal,0xcc10abf54af5c0718b10b0156dfe1e369ce3eee72423e9e86936a0082e9c5d1b,0x46022b75355de5c2d12217ba26e5a1bcbdc1e8a3,96.760546,1782211261096000,2
476475848,2026-06-23T10:41:40Z,1782211300000,0x8e26d6f532ce4f5f7c784b5792a353388d4aaf97a40c1abbefda08c4504e550b,2,FinalizedWithdrawal,0xe5c7fe3a4ffca1590f26d74c8ba8b0db69557f7f4607a2a43f82e93041611978,0x1efc214c1903275f51be359cd2f1f1662c1c6bab,1.0,1782211071400000,2
476475958,2026-06-23T10:42:07Z,1782211327000,0x41054865f4ced167e20b77ebfd4971312dec0a30fa8042acf351fb8bdf7a36f5,9,RequestedWithdrawal,0xcc10abf54af5c0718b10b0156dfe1e369ce3eee72423e9e86936a0082e9c5d1b,0x1a44a6bc450d233049d629c27792c5309d9ca12d,191539.4,1782211304378000,2
476475963,2026-06-23T10:42:08Z,1782211328000,0xa4b13c7c966ee8f3e8688fda12e360d5647d4deca58f5834610c985f368976b3,4,FinalizedWithdrawal,0xe5c7fe3a4ffca1590f26d74c8ba8b0db69557f7f4607a2a43f82e93041611978,0x58e9359d905cc6d75a0b47d151389fc310eba11c,226.85,1782211090084000,2
476476160,2026-06-23T10:42:58Z,1782211378000,0x26e7eb42d26e33e4f5ac62baf2041a013e41544adf42f75a11d7e01d4ca6a524,1,RequestedWithdrawal,0xcc10abf54af5c0718b10b0156dfe1e369ce3eee72423e9e86936a0082e9c5d1b,0xf3c9af361411cc0aba16aaa9eb92c791600ffb06,235.2,1782211358565000,2
476476266,2026-06-23T10:43:24Z,1782211404000,0x5ff4351fdc00966dbd291e85e6be4d3b534ea051455f08631cb97ae41df27074,1,FinalizedWithdrawal,0xe5c7fe3a4ffca1590f26d74c8ba8b0db69557f7f4607a2a43f82e93041611978,0x74810b801ba81492e7a7531e8d435e97f75c47c4,1007.925,1782211165940000,2
476476375,2026-06-23T10:43:51Z,1782211431000,0xab856cd31e1b7b933bd803c074675205884c24644766ed412f9720773df09ed5,3,RequestedWithdrawal,0xcc10abf54af5c0718b10b0156dfe1e369ce3eee72423e9e86936a0082e9c5d1b,0x4b1c09fa8322548360a76a3747e32a60a864bc38,37410.0,1782211400136000,2
476476481,2026-06-23T10:44:18Z,1782211458000,0xcfc2b441576da26d23dc7f3980f79efc496ffc2d0988b31a924ab8452c88ca19,0,RequestedWithdrawal,0xcc10abf54af5c0718b10b0156dfe1e369ce3eee72423e9e86936a0082e9c5d1b,0xa2389f110194c4bafe092e3165f6383562afb51f,39.0,1782211434267000,2
476476605,2026-06-23T10:44:49Z,1782211489000,0xdb12ed52ceae280682a04ddfc9c2872b28a8091463371e7f493f8167133e5048,6,FinalizedWithdrawal,0xe5c7fe3a4ffca1590f26d74c8ba8b0db69557f7f4607a2a43f82e93041611978,0x46022b75355de5c2d12217ba26e5a1bcbdc1e8a3,96.760546,1782211261096000,2
476476711,2026-06-23T10:45:15Z,1782211515000,0x07152796a06be2af7fb532f6c2148eab0650be8e8ae1c0d51e5e60e3ca450a62,0,RequestedWithdrawal,0xcc10abf54af5c0718b10b0156dfe1e369ce3eee72423e9e86936a0082e9c5d1b,0xfa33d7c7bbb6587ed94e9608d566b1c4de7861b0,874.01,1782211492958000,2
476476808,2026-06-23T10:45:39Z,1782211539000,0xd454249d036f8dc4f534516cbef80aa9ac40bb2692a969851debc1c170781c5a,0,RequestedWithdrawal,0xcc10abf54af5c0718b10b0156dfe1e369ce3eee72423e9e86936a0082e9c5d1b,0x03cd02ea1e351f4a16072f5a7a74248a0f94f59f,6.86,1782211521182000,2
476476813,2026-06-23T10:45:41Z,1782211541000,0x556aca0be4bb41308131c70391e5a1f561f351cd8e80fa799dfa398b5b878238,7,FinalizedWithdrawal,0xe5c7fe3a4ffca1590f26d74c8ba8b0db69557f7f4607a2a43f82e93041611978,0x1a44a6bc450d233049d629c27792c5309d9ca12d,191539.4,1782211304378000,2
476476890,2026-06-23T10:46:00Z,1782211560000,0x9970006114f7a3db55f20ae27cfe1fc08782863f18b2abc84cda9f5ecf5ad637,16,RequestedWithdrawal,0xcc10abf54af5c0718b10b0156dfe1e369ce3eee72423e9e86936a0082e9c5d1b,0xf9239e270e23bc5755eb3fee60bcd534380bc9e6,269.56,1782211553304000,2
476476988,2026-06-23T10:46:25Z,1782211585000,0xb42776d9dc2c0193e579c14903de54cdd11f536a892357f95fbb171b1f3494b5,4,FinalizedWithdrawal,0xe5c7fe3a4ffca1590f26d74c8ba8b0db69557f7f4607a2a43f82e93041611978,0xf3c9af361411cc0aba16aaa9eb92c791600ffb06,235.2,1782211358565000,2
476477186,2026-06-23T10:47:14Z,1782211634000,0xe0574e888675e5ddc1132800c957f98e893c3fbbbba603780526ee2623d89f0d,8,FinalizedWithdrawal,0xe5c7fe3a4ffca1590f26d74c8ba8b0db69557f7f4607a2a43f82e93041611978,0x4b1c09fa8322548360a76a3747e32a60a864bc38,37410.0,1782211400136000,2
476477365,2026-06-23T10:47:59Z,1782211679000,0x69859ac4793d901d6b4b6bff91b2501c75f48512926087c0dc366803109738bf,0,RequestedWithdrawal,0xcc10abf54af5c0718b10b0156dfe1e369ce3eee72423e9e86936a0082e9c5d1b,0x22f7d20e9be020ef665c22dcbc5c16d96a909d19,88.372904,1782211673753000,2
476477390,2026-06-23T10:48:05Z,1782211685000,0x9332341cae449730ff2ef77edfb01c0cfdb687c1c016463be12e42aab6528d83,1,FinalizedWithdrawal,0xe5c7fe3a4ffca1590f26d74c8ba8b0db69557f7f4607a2a43f82e93041611978,0xa2389f110194c4bafe092e3165f6383562afb51f,39.0,1782211434267000,2
476477557,2026-06-23T10:48:47Z,1782211727000,0x3f3b5e7db0e2a3d2f515ca63801a37cc5904e46fb8fa2300955db9595df92c2d,13,RequestedWithdrawal,0xcc10abf54af5c0718b10b0156dfe1e369ce3eee72423e9e86936a0082e9c5d1b,0xcd9ef02727472ba02c5fcf924c7b1ee43efcee07,374.0,1782211720502000,2
476477564,2026-06-23T10:48:49Z,1782211729000,0xc7a4d6ac3899b0ab203903ee461f0aa759c27ff57e8e02a9372f30d34c8aeaf9,1,FinalizedWithdrawal,0xe5c7fe3a4ffca1590f26d74c8ba8b0db69557f7f4607a2a43f82e93041611978,0xfa33d7c7bbb6587ed94e9608d566b1c4de7861b0,874.01,1782211492958000,2
476477644,2026-06-23T10:49:09Z,1782211749000,0x0c70e7d513aa523a567e1fffdfb8cb05921e1c6411158330eb585ae8b243f9c2,7,RequestedWithdrawal,0xcc10abf54af5c0718b10b0156dfe1e369ce3eee72423e9e86936a0082e9c5d1b,0xb66c34292f19f6949157b317e6814433844738f9,24.04,1782211739527000,2
476477650,2026-06-23T10:49:11Z,1782211751000,0x8d47fee4c134a6bf7c17198fe7b9c32263a041467eb6cd13bf6883b5b9b28fc5,2,FinalizedWithdrawal,0xe5c7fe3a4ffca1590f26d74c8ba8b0db69557f7f4607a2a43f82e93041611978,0x03cd02ea1e351f4a16072f5a7a74248a0f94f59f,6.86,1782211521182000,2
476477729,2026-06-23T10:49:30Z,1782211770000,0x086ee80bb496e4c39504df93e68e8cee7c931928a3f7e1b7258503db2183bd97,4,FinalizedWithdrawal,0xe5c7fe3a4ffca1590f26d74c8ba8b0db69557f7f4607a2a43f82e93041611978,0xf9239e270e23bc5755eb3fee60bcd534380bc9e6,269.56,1782211553304000,2
476477928,2026-06-23T10:50:19Z,1782211819000,0xb660a9dd26661e356124902b26fc7323be3e31612ef0a57d5f994c295644ad29,17,RequestedWithdrawal,0xcc10abf54af5c0718b10b0156dfe1e369ce3eee72423e9e86936a0082e9c5d1b,0x8140c11658bca455604de576de24256f851ca021,3.97,1782211801594000,2
476478212,2026-06-23T10:51:31Z,1782211891000,0xea8419089d46e8671125b83df62148db6de9feaa353c6a003e30de2a898f6621,3,FinalizedWithdrawal,0xe5c7fe3a4ffca1590f26d74c8ba8b0db69557f7f4607a2a43f82e93041611978,0x22f7d20e9be020ef665c22dcbc5c16d96a909d19,88.372904,1782211673753000,2
476478394,2026-06-23T10:52:16Z,1782211936000,0xa6cab2d1d23ae9136933650f30a37e38ab8ce0c7191036cb6e7eaa67468294ac,15,FinalizedWithdrawal,0xe5c7fe3a4ffca1590f26d74c8ba8b0db69557f7f4607a2a43f82e93041611978,0xcd9ef02727472ba02c5fcf924c7b1ee43efcee07,374.0,1782211720502000,2
476478494,2026-06-23T10:52:42Z,1782211962000,0x63ad156919c0c8d18cd1926c7b59bf699d53371589266d43c9ca4711d41ae2a3,14,FinalizedWithdrawal,0xe5c7fe3a4ffca1590f26d74c8ba8b0db69557f7f4607a2a43f82e93041611978,0xb66c34292f19f6949157b317e6814433844738f9,24.04,1782211739527000,2
476478689,2026-06-23T10:53:30Z,1782212010000,0x9f72336f4f4a4cd8a82a4c6b0efb49f5c5eb8f3df9d69af09d3a5572c408a1b8,22,RequestedWithdrawal,0xcc10abf54af5c0718b10b0156dfe1e369ce3eee72423e9e86936a0082e9c5d1b,0x52aa87366838f4d06300dc9636cbebd18865e681,223.0,1782211987599000,2
476478794,2026-06-23T10:53:57Z,1782212037000,0xe8e664182b67f49f2ce5bd0b570ccae3d6282fe5cc4f3c70514306159b6cd19a,8,FinalizedWithdrawal,0xe5c7fe3a4ffca1590f26d74c8ba8b0db69557f7f4607a2a43f82e93041611978,0x8140c11658bca455604de576de24256f851ca021,3.97,1782211801594000,2
476479081,2026-06-23T10:55:09Z,1782212109000,0x23670bfd5be953b8d07556327b985b0adf0b6625219a07866236e39f60bd34f9,0,RequestedWithdrawal,0xcc10abf54af5c0718b10b0156dfe1e369ce3eee72423e9e86936a0082e9c5d1b,0x014ed0196848678facf7d766fa6152d37dae638d,1.0,1782212095644000,2
476479546,2026-06-23T10:57:04Z,1782212224000,0x2d1a50137811b8fd9648bc49d27d0f711192ccaa4f5f7ae77a5ea7d474d01d66,3,FinalizedWithdrawal,0xe5c7fe3a4ffca1590f26d74c8ba8b0db69557f7f4607a2a43f82e93041611978,0x52aa87366838f4d06300dc9636cbebd18865e681,223.0,1782211987599000,2
476479620,2026-06-23T10:57:23Z,1782212243000,0xb09d3d2cdd2df40dec288fe9e7a5b88ab89e7f5a018dd3b83a384a6e114811dc,9,RequestedWithdrawal,0xcc10abf54af5c0718b10b0156dfe1e369ce3eee72423e9e86936a0082e9c5d1b,0x09ef721759da4184c6d05c404aad079b5d0f1e56,196.814924,1782212200128000,2
476479717,2026-06-23T10:57:47Z,1782212267000,0x000f42d2c3fb45b135e0f5ddd0ce4476f37fa0878ff7fe5c229c63a15dd381ee,8,RequestedWithdrawal,0xcc10abf54af5c0718b10b0156dfe1e369ce3eee72423e9e86936a0082e9c5d1b,0xd93cd3d52003b52478214e9eb2571cc510ae6b88,71.16,1782212239900000,2
476479903,2026-06-23T10:58:34Z,1782212314000,0x19ee152560365ca59aef3026fd6c3acc36692c11ab45324fd690b1588896b58c,10,RequestedWithdrawal,0xcc10abf54af5c0718b10b0156dfe1e369ce3eee72423e9e86936a0082e9c5d1b,0xd16d5d97a9a4c31a639d75012de96a419bee9f6c,18.863243,1782212297373000,2
476479911,2026-06-23T10:58:36Z,1782212316000,0xb24086d39c9f4d63c44605e28ba22023c5e63577979571afe4c3a63188b51ab5,11,FinalizedWithdrawal,0xe5c7fe3a4ffca1590f26d74c8ba8b0db69557f7f4607a2a43f82e93041611978,0x014ed0196848678facf7d766fa6152d37dae638d,1.0,1782212095644000,2
476480165,2026-06-23T10:59:40Z,1782212380000,0x505b3037d4e7dc0e5d6e10219eb727259dc0fbf00541faf85603110df9192613,0,RequestedWithdrawal,0xcc10abf54af5c0718b10b0156dfe1e369ce3eee72423e9e86936a0082e9c5d1b,0x9c2545dee5740715023d27539db520f39f78d8f8,110.757283,1782212354410000,2
476480478,2026-06-23T11:00:58Z,1782212458000,0x7a9795c596857c3e24eba6315a73de8d38f66876aebc3083c47f0c414ed8b52d,9,FinalizedWithdrawal,0xe5c7fe3a4ffca1590f26d74c8ba8b0db69557f7f4607a2a43f82e93041611978,0x09ef721759da4184c6d05c404aad079b5d0f1e56,196.814924,1782212200128000,2
476480558,2026-06-23T11:01:18Z,1782212478000,0xc978bf1ab89f2699639c70d2107f5e772916c669c1abcb7bd3c5f27e6b2c063d,0,RequestedWithdrawal,0xcc10abf54af5c0718b10b0156dfe1e369ce3eee72423e9e86936a0082e9c5d1b,0xb41e3f4e6efa59edf1391bd52a55daaf49accd19,72.62,1782212459524000,2
476480562,2026-06-23T11:01:19Z,1782212479000,0x2fe640e4048413eba4d3c558206cdfb3ccbe69359e1f3565b68e044113043ad2,6,FinalizedWithdrawal,0xe5c7fe3a4ffca1590f26d74c8ba8b0db69557f7f4607a2a43f82e93041611978,0xd93cd3d52003b52478214e9eb2571cc510ae6b88,71.16,1782212239900000,2
476480741,2026-06-23T11:02:04Z,1782212524000,0x0f0f7f81b6433d2bd647b2139f6a325ddaf3fff364655a1b7038882543c57d15,0,RequestedWithdrawal,0xcc10abf54af5c0718b10b0156dfe1e369ce3eee72423e9e86936a0082e9c5d1b,0x499b252163b8359e2acad3ca21ead0d0e9289fbf,0.65,1782212516406000,2
476480746,2026-06-23T11:02:05Z,1782212525000,0xf1a1d1f0402c8d7bd80ff0620829983302f53a5c673cb45e5b99e738b90edbaf,2,FinalizedWithdrawal,0xe5c7fe3a4ffca1590f26d74c8ba8b0db69557f7f4607a2a43f82e93041611978,0xd16d5d97a9a4c31a639d75012de96a419bee9f6c,18.863243,1782212297373000,2
476480931,2026-06-23T11:02:52Z,1782212572000,0xde41539dc049f8d3e7ca0884ce7b4faf8371a5bd42aba20bad1f5159396be6fd,0,RequestedWithdrawal,0xcc10abf54af5c0718b10b0156dfe1e369ce3eee72423e9e86936a0082e9c5d1b,0x012dd0f16116c978297c7cb1e6cfb6180ff5621a,43.93,1782212543368000,2
476481034,2026-06-23T11:03:16Z,1782212596000,0xbcbb9fc4f85c2dbe65160f3fa34dac1a666e9421fb829595565db94b26ba9506,5,FinalizedWithdrawal,0xe5c7fe3a4ffca1590f26d74c8ba8b0db69557f7f4607a2a43f82e93041611978,0x9c2545dee5740715023d27539db520f39f78d8f8,110.757283,1782212354410000,2
476481321,2026-06-23T11:04:29Z,1782212669000,0xa503c244cba51be924a25f3691d1e14e67bb18be457ee1d91286fed1771f063a,0,RequestedWithdrawal,0xcc10abf54af5c0718b10b0156dfe1e369ce3eee72423e9e86936a0082e9c5d1b,0xa040583bf9f80e1663654fabfad42a2f4945f67d,1.03,1782212655221000,2
476481418,2026-06-23T11:04:53Z,1782212693000,0x30c79e73f4200fc035e8dd22d160bebbb0359d1b891e82e564a76ec02117e61e,1,FinalizedWithdrawal,0xe5c7fe3a4ffca1590f26d74c8ba8b0db69557f7f4607a2a43f82e93041611978,0xb41e3f4e6efa59edf1391bd52a55daaf49accd19,72.62,1782212459524000,2
476481598,2026-06-23T11:05:38Z,1782212738000,0x7d0339cd059d35c618b1ebd1f48ca1ae2da4d5c8cdca8b66a203a390caa9a001,22,FinalizedWithdrawal,0xe5c7fe3a4ffca1590f26d74c8ba8b0db69557f7f4607a2a43f82e93041611978,0x499b252163b8359e2acad3ca21ead0d0e9289fbf,0.65,1782212516406000,2
476481806,2026-06-23T11:06:30Z,1782212790000,0x27bdba188b4ebe0f40fb9d545de505b730a1ae43a85a646db6cc43858fa3b30b,1,FinalizedWithdrawal,0xe5c7fe3a4ffca1590f26d74c8ba8b0db69557f7f4607a2a43f82e93041611978,0x012dd0f16116c978297c7cb1e6cfb6180ff5621a,43.93,1782212543368000,2
476481904,2026-06-23T11:06:55Z,1782212815000,0xc5049befe8ea411eda5521bfd3767b6ea0a51139a6bc83f0fd02ceb38cba1d4b,0,RequestedWithdrawal,0xcc10abf54af5c0718b10b0156dfe1e369ce3eee72423e9e86936a0082e9c5d1b,0xf96d00be06eb969e216dc0959fa8b8da59bdd0d1,99.0,1782212788847000,2
476482189,2026-06-23T11:08:06Z,1782212886000,0x53a385cefad0c0917041af4ec031ba63f4bdd99400368e05cc8e8628db5a960e,18,FinalizedWithdrawal,0xe5c7fe3a4ffca1590f26d74c8ba8b0db69557f7f4607a2a43f82e93041611978,0xa040583bf9f80e1663654fabfad42a2f4945f67d,1.03,1782212655221000,2
476482566,2026-06-23T11:09:40Z,1782212980000,0x05a1204991231d8473d6aa37c1f9b2d69ef13ca284d880665c75bf035cff2c0d,1,RequestedWithdrawal,0xcc10abf54af5c0718b10b0156dfe1e369ce3eee72423e9e86936a0082e9c5d1b,0x2354122f4011265199584d405a8db93585f529e3,1313.76,1782212975514000,2
476482676,2026-06-23T11:10:08Z,1782213008000,0xffd2a04ccd11abb5e9ffc496f2ac04f86e3745c08e11f1692ddfcd7a1630bfe8,44,RequestedWithdrawal,0xcc10abf54af5c0718b10b0156dfe1e369ce3eee72423e9e86936a0082e9c5d1b,0xd40c748c68b59c753152676f4423474e5e36ac7a,1646.668543,1782212992777000,2
476482676,2026-06-23T11:10:08Z,1782213008000,0xffd2a04ccd11abb5e9ffc496f2ac04f86e3745c08e11f1692ddfcd7a1630bfe8,45,RequestedWithdrawal,0xcc10abf54af5c0718b10b0156dfe1e369ce3eee72423e9e86936a0082e9c5d1b,0xfe0b98c10a41e4878b136b39b89e237db910f780,87.55,1782212991922000,2
476482782,2026-06-23T11:10:35Z,1782213035000,0x29306de5b76f1041061d9ac33c1576d7e8df6770f1598306cda331eb8a619e95,62,FinalizedWithdrawal,0xe5c7fe3a4ffca1590f26d74c8ba8b0db69557f7f4607a2a43f82e93041611978,0xf96d00be06eb969e216dc0959fa8b8da59bdd0d1,99.0,1782212788847000,2
476482959,2026-06-23T11:11:20Z,1782213080000,0xfa2289de6dce2f45a887fc1777ae14245e9e6c6445f3a5ba4e14c00f65c0fd9e,0,RequestedWithdrawal,0xcc10abf54af5c0718b10b0156dfe1e369ce3eee72423e9e86936a0082e9c5d1b,0xca2167cbf19c72d62a95ef192c6145c3d349285b,492.22,1782213052366000,2
476483044,2026-06-23T11:11:41Z,1782213101000,0x1549266b51d23e678c7a8828b1d230c3ac78a738f070c24879d26a6bdfb5568c,10,RequestedWithdrawal,0xcc10abf54af5c0718b10b0156dfe1e369ce3eee72423e9e86936a0082e9c5d1b,0xe08d9cc9b651cb95de82562a3642afe7c7cdb902,54.0,1782213091268000,2
476483334,2026-06-23T11:12:54Z,1782213174000,0xb6c9679aef27a26a623bded595d80cf26bb2def5a4fbca7f64b2a7edead7ebf1,2,RequestedWithdrawal,0xcc10abf54af5c0718b10b0156dfe1e369ce3eee72423e9e86936a0082e9c5d1b,0xf96d00be06eb969e216dc0959fa8b8da59bdd0d1,9110.9338,1782213153792000,2
476483428,2026-06-23T11:13:18Z,1782213198000,0x673aefc55401e8e11800b7eda0299a805b4d1ca26863b7ce6741c73ca58f557a,34,FinalizedWithdrawal,0xe5c7fe3a4ffca1590f26d74c8ba8b0db69557f7f4607a2a43f82e93041611978,0x2354122f4011265199584d405a8db93585f529e3,1313.76,1782212975514000,2
476483526,2026-06-23T11:13:42Z,1782213222000,0x0982d142af2179415a305503325c7023ea6091c83508ce8c02192def771edba0,14,FinalizedWithdrawal,0xe5c7fe3a4ffca1590f26d74c8ba8b0db69557f7f4607a2a43f82e93041611978,0xd40c748c68b59c753152676f4423474e5e36ac7a,1646.668543,1782212992777000,2
476483526,2026-06-23T11:13:42Z,1782213222000,0x0982d142af2179415a305503325c7023ea6091c83508ce8c02192def771edba0,16,FinalizedWithdrawal,0xe5c7fe3a4ffca1590f26d74c8ba8b0db69557f7f4607a2a43f82e93041611978,0xfe0b98c10a41e4878b136b39b89e237db910f780,87.55,1782212991922000,2
476483632,2026-06-23T11:14:09Z,1782213249000,0x7137b81d37d739319718e01b741239b84b5afd4fe1f48d635322bdf1447e400a,0,RequestedWithdrawal,0xcc10abf54af5c0718b10b0156dfe1e369ce3eee72423e9e86936a0082e9c5d1b,0x1698d2707e6ab44cd6ec8e866b56156458ad53ee,99.0,1782213234880000,2
476483827,2026-06-23T11:14:58Z,1782213298000,0xae90f535ff71ea4870298408845cd0b12c45b6418dc3ab95b8c8b9438559b89f,1,FinalizedWithdrawal,0xe5c7fe3a4ffca1590f26d74c8ba8b0db69557f7f4607a2a43f82e93041611978,0xca2167cbf19c72d62a95ef192c6145c3d349285b,492.22,1782213052366000,2
476483927,2026-06-23T11:15:23Z,1782213323000,0x8a380b24b078c6de1e6c6cfe6fc5beb5a80a954d6d624966c4aaa51b0d1071f8,0,RequestedWithdrawal,0xcc10abf54af5c0718b10b0156dfe1e369ce3eee72423e9e86936a0082e9c5d1b,0x8e3d5e109837c11ddd373d97c9b3e4d716f1423a,150999.0,1782213293417000,2
476483931,2026-06-23T11:15:24Z,1782213324000,0x103f2abfbaeaeee194f78aa32585c450a145b3af56d405d5283cfef5ca6eb969,2,FinalizedWithdrawal,0xe5c7fe3a4ffca1590f26d74c8ba8b0db69557f7f4607a2a43f82e93041611978,0xe08d9cc9b651cb95de82562a3642afe7c7cdb902,54.0,1782213091268000,2
476484125,2026-06-23T11:16:12Z,1782213372000,0xc230ef31ac390a1621a45953c17a939c72bdfce2659807f7de485cc6ffdbe04d,5,RequestedWithdrawal,0xcc10abf54af5c0718b10b0156dfe1e369ce3eee72423e9e86936a0082e9c5d1b,0xb23d819ad1b1f70e651d2723ab26dba840fbed49,63.83,1782213348104000,2
476484235,2026-06-23T11:16:39Z,1782213399000,0x28600cfb89986d20548d1cf84c3d5d4987d67e962915a03d9c2732cb4629e277,26,FinalizedWithdrawal,0xe5c7fe3a4ffca1590f26d74c8ba8b0db69557f7f4607a2a43f82e93041611978,0xf96d00be06eb969e216dc0959fa8b8da59bdd0d1,9110.9338,1782213153792000,2
476484417,2026-06-23T11:17:25Z,1782213445000,0x75c9795ed532f00f8b56ce987838730bc60841d0191347be845e8f20bc3a93e4,0,RequestedWithdrawal,0xcc10abf54af5c0718b10b0156dfe1e369ce3eee72423e9e86936a0082e9c5d1b,0x5d268481a2c5c72b5e84ee9c03e938801c53cf32,9.0,1782213428693000,2
476484518,2026-06-23T11:17:51Z,1782213471000,0x1e3f29f83be22ec4a8f0041779682d90787491a51cd39c889220cf15abeed241,1,FinalizedWithdrawal,0xe5c7fe3a4ffca1590f26d74c8ba8b0db69557f7f4607a2a43f82e93041611978,0x1698d2707e6ab44cd6ec8e866b56156458ad53ee,99.0,1782213234880000,2
476484711,2026-06-23T11:18:39Z,1782213519000,0x12ea1624d4586b959b97565c25b0c010da69d1c00932bea71894cab4fd12bcef,0,RequestedWithdrawal,0xcc10abf54af5c0718b10b0156dfe1e369ce3eee72423e9e86936a0082e9c5d1b,0x806127f21c5d2c02df8a6e0905ab5a16794d3ab2,19.0,1782213506768000,2
476484811,2026-06-23T11:19:04Z,1782213544000,0xe0745eb7101d6f05df13fddd1ca472309e5c22952ca2d26755897b1782d5ba92,1,FinalizedWithdrawal,0xe5c7fe3a4ffca1590f26d74c8ba8b0db69557f7f4607a2a43f82e93041611978,0x8e3d5e109837c11ddd373d97c9b3e4d716f1423a,150999.0,1782213293417000,2
476485008,2026-06-23T11:19:54Z,1782213594000,0x3c4470fc8d9f28b2567f013d8fe84fe1c8286d74b988c333bf7face8939b6484,3,RequestedWithdrawal,0xcc10abf54af5c0718b10b0156dfe1e369ce3eee72423e9e86936a0082e9c5d1b,0x2379aaea28da9fcdaf8c571b6a75d11284687d7a,119.31,1782213571175000,2
476485012,2026-06-23T11:19:55Z,1782213595000,0xd6bd16b037967757039c76d2666d3edba50f0dbe8ddc08ce933829923289bb01,2,FinalizedWithdrawal,0xe5c7fe3a4ffca1590f26d74c8ba8b0db69557f7f4607a2a43f82e93041611978,0xb23d819ad1b1f70e651d2723ab26dba840fbed49,63.83,1782213348104000,2
476485117,2026-06-23T11:20:21Z,1782213621000,0x5254ccbfa6c63602c7a916ff7e6ca7bbaf4d58e0ef89d665e3b8c7edb8281f6d,0,RequestedWithdrawal,0xcc10abf54af5c0718b10b0156dfe1e369ce3eee72423e9e86936a0082e9c5d1b,0x69e99a0bcf1ec22db6350c72e257571f697b0da9,149.84,1782213590815000,2
476485117,2026-06-23T11:20:21Z,1782213621000,0x5254ccbfa6c63602c7a916ff7e6ca7bbaf4d58e0ef89d665e3b8c7edb8281f6d,1,RequestedWithdrawal,0xcc10abf54af5c0718b10b0156dfe1e369ce3eee72423e9e86936a0082e9c5d1b,0xb1d493eb8519610049719640532bf16522a752fa,25.0,1782213613109000,2
476485224,2026-06-23T11:20:48Z,1782213648000,0xc3491ed971d17fcfd48a2506c3f133d29342043931d64ba11015124fd0edb9b1,7,FinalizedWithdrawal,0xe5c7fe3a4ffca1590f26d74c8ba8b0db69557f7f4607a2a43f82e93041611978,0x5d268481a2c5c72b5e84ee9c03e938801c53cf32,9.0,1782213428693000,2
476485327,2026-06-23T11:21:14Z,1782213674000,0x376fee26cc1e7aa8077dd1598481029fdde5dfb954e02b61920f27de10561f90,1,RequestedWithdrawal,0xcc10abf54af5c0718b10b0156dfe1e369ce3eee72423e9e86936a0082e9c5d1b,0x428babced19064beece58b8a252e3f17aac2a817,101999.0,1782213652238000,2
476485327,2026-06-23T11:21:14Z,1782213674000,0x376fee26cc1e7aa8077dd1598481029fdde5dfb954e02b61920f27de10561f90,2,RequestedWithdrawal,0xcc10abf54af5c0718b10b0156dfe1e369ce3eee72423e9e86936a0082e9c5d1b,0xa075ab3021acfe018cdddb1b17fe8b8dac217f16,124.75,1782213653419000,2
476485616,2026-06-23T11:22:25Z,1782213745000,0x88c1efdfa6ef7bc3325d1a2512a208061abfe089eeddfb8a161bfce43f88fde7,52,FinalizedWithdrawal,0xe5c7fe3a4ffca1590f26d74c8ba8b0db69557f7f4607a2a43f82e93041611978,0x806127f21c5d2c02df8a6e0905ab5a16794d3ab2,19.0,1782213506768000,2
476485911,2026-06-23T11:23:40Z,1782213820000,0x9985a1f9273fdb0711d4fe2b2555da2bc88f391d11a8a25154eed2ba8e706967,3,RequestedWithdrawal,0xcc10abf54af5c0718b10b0156dfe1e369ce3eee72423e9e86936a0082e9c5d1b,0x1ca09d6ca08c02dfee4b085669c155a89907e499,26977.98164,1782213801040000,2
476485915,2026-06-23T11:23:41Z,1782213821000,0x587ee69b0b3ae0e8f8414a60921eb42f8981e8721384ef2f5d1913dfa1a7f58b,1,FinalizedWithdrawal,0xe5c7fe3a4ffca1590f26d74c8ba8b0db69557f7f4607a2a43f82e93041611978,0x2379aaea28da9fcdaf8c571b6a75d11284687d7a,119.31,1782213571175000,2
476486015,2026-06-23T11:24:07Z,1782213847000,0x1ff2307af21e82cd6d782dd0e0e9868351f72dd30610c1fd9724c27b789dccac,47,FinalizedWithdrawal,0xe5c7fe3a4ffca1590f26d74c8ba8b0db69557f7f4607a2a43f82e93041611978,0xb1d493eb8519610049719640532bf16522a752fa,25.0,1782213613109000,2
476486015,2026-06-23T11:24:07Z,1782213847000,0x1ff2307af21e82cd6d782dd0e0e9868351f72dd30610c1fd9724c27b789dccac,49,FinalizedWithdrawal,0xe5c7fe3a4ffca1590f26d74c8ba8b0db69557f7f4607a2a43f82e93041611978,0x69e99a0bcf1ec22db6350c72e257571f697b0da9,149.84,1782213590815000,2
476486208,2026-06-23T11:24:57Z,1782213897000,0x656921e8d9bca12bfd1f79b4700a1adb19f2df0ca0bb2f773df102921bba99eb,30,RequestedWithdrawal,0xcc10abf54af5c0718b10b0156dfe1e369ce3eee72423e9e86936a0082e9c5d1b,0x44aec15da7a768fceb9fa5decb0ff33b089006e3,154.0,1782213769500000,2
476486208,2026-06-23T11:24:57Z,1782213897000,0x656921e8d9bca12bfd1f79b4700a1adb19f2df0ca0bb2f773df102921bba99eb,31,RequestedWithdrawal,0xcc10abf54af5c0718b10b0156dfe1e369ce3eee72423e9e86936a0082e9c5d1b,0x4bb483f7bca652847f3dbaa4d566f3042a90922b,9.0,1782213885735000,2
476486215,2026-06-23T11:24:59Z,1782213899000,0x364395e873eaa4ab63aeaefc1a7c57e434885304e5192b194098c639b56b3e0a,1,FinalizedWithdrawal,0xe5c7fe3a4ffca1590f26d74c8ba8b0db69557f7f4607a2a43f82e93041611978,0xa075ab3021acfe018cdddb1b17fe8b8dac217f16,124.75,1782213653419000,2
476486215,2026-06-23T11:24:59Z,1782213899000,0x364395e873eaa4ab63aeaefc1a7c57e434885304e5192b194098c639b56b3e0a,3,FinalizedWithdrawal,0xe5c7fe3a4ffca1590f26d74c8ba8b0db69557f7f4607a2a43f82e93041611978,0x428babced19064beece58b8a252e3f17aac2a817,101999.0,1782213652238000,2
476486486,2026-06-23T11:26:08Z,1782213968000,0x7cd0c4487db2f7c816ec2f06bfda0da256093e5b00501527c266745747bbad73,1,RequestedWithdrawal,0xcc10abf54af5c0718b10b0156dfe1e369ce3eee72423e9e86936a0082e9c5d1b,0x5e0a1447d8a83a4c3f91bbedeeb4c6d9c1362d1c,326.98,1782213939404000,2
476486586,2026-06-23T11:26:33Z,1782213993000,0xd220fb455ca40a1b7d7fd6716d8fccb080bd0a932e0d971a3e5525e2a3fd100c,0,RequestedWithdrawal,0xcc10abf54af5c0718b10b0156dfe1e369ce3eee72423e9e86936a0082e9c5d1b,0xbc8ad7cdf2ce33b4d692b8793ee0e3f0d9f7e5f9,13.0,1782213988070000,2
476486586,2026-06-23T11:26:33Z,1782213993000,0xd220fb455ca40a1b7d7fd6716d8fccb080bd0a932e0d971a3e5525e2a3fd100c,1,RequestedWithdrawal,0xcc10abf54af5c0718b10b0156dfe1e369ce3eee72423e9e86936a0082e9c5d1b,0xf54ba3d5d53ae99eff01ee90bf618009799e23f9,6478.376316,1782213975972000,2
476486775,2026-06-23T11:27:21Z,1782214041000,0x217ec007df396a5201b8c60f480a64464e04780ac93be21142232eb2ba1091f1,1,FinalizedWithdrawal,0xe5c7fe3a4ffca1590f26d74c8ba8b0db69557f7f4607a2a43f82e93041611978,0x1ca09d6ca08c02dfee4b085669c155a89907e499,26977.98164,1782213801040000,2
476487059,2026-06-23T11:28:33Z,1782214113000,0xa861ef5f08d5ad6dd1b98cef10c4671c8c1049c7ae704af5c6e4ca7fc515b5ba,1,FinalizedWithdrawal,0xe5c7fe3a4ffca1590f26d74c8ba8b0db69557f7f4607a2a43f82e93041611978,0x4bb483f7bca652847f3dbaa4d566f3042a90922b,9.0,1782213885735000,2
476487059,2026-06-23T11:28:33Z,1782214113000,0xa861ef5f08d5ad6dd1b98cef10c4671c8c1049c7ae704af5c6e4ca7fc515b5ba,3,FinalizedWithdrawal,0xe5c7fe3a4ffca1590f26d74c8ba8b0db69557f7f4607a2a43f82e93041611978,0x44aec15da7a768fceb9fa5decb0ff33b089006e3,154.0,1782213769500000,2
476487345,2026-06-23T11:29:44Z,1782214184000,0xd3a4e2446fdba63d141179a67d2129cc398d6976d0349dbdc1c90082224468e2,1,FinalizedWithdrawal,0xe5c7fe3a4ffca1590f26d74c8ba8b0db69557f7f4607a2a43f82e93041611978,0x5e0a1447d8a83a4c3f91bbedeeb4c6d9c1362d1c,326.98,1782213939404000,2
476487446,2026-06-23T11:30:09Z,1782214209000,0x0117a3e33878134990838313af4f72417a2c8070c29fd7cccd8604e84b56647b,6,FinalizedWithdrawal,0xe5c7fe3a4ffca1590f26d74c8ba8b0db69557f7f4607a2a43f82e93041611978,0xf54ba3d5d53ae99eff01ee90bf618009799e23f9,6478.376316,1782213975972000,2
476487446,2026-06-23T11:30:09Z,1782214209000,0x0117a3e33878134990838313af4f72417a2c8070c29fd7cccd8604e84b56647b,8,FinalizedWithdrawal,0xe5c7fe3a4ffca1590f26d74c8ba8b0db69557f7f4607a2a43f82e93041611978,0xbc8ad7cdf2ce33b4d692b8793ee0e3f0d9f7e5f9,13.0,1782213988070000,2
476487524,2026-06-23T11:30:29Z,1782214229000,0x6ad0c07120c98c43a7d084a50ed1ac843672305a9205d97333cdcd50599bfe2a,0,RequestedWithdrawal,0xcc10abf54af5c0718b10b0156dfe1e369ce3eee72423e9e86936a0082e9c5d1b,0x4bb483f7bca652847f3dbaa4d566f3042a90922b,485.32,1782214215516000,2
476487631,2026-06-23T11:30:56Z,1782214256000,0x3006737463f3c86e3247068baff0e086b781a225ed116d1cc462f35fb1ba9129,0,RequestedWithdrawal,0xcc10abf54af5c0718b10b0156dfe1e369ce3eee72423e9e86936a0082e9c5d1b,0xc5d3f0359bc57c5d4f3d27f8a7371437eaa6c6f1,84.68,1782214250972000,2
476487631,2026-06-23T11:30:56Z,1782214256000,0x3006737463f3c86e3247068baff0e086b781a225ed116d1cc462f35fb1ba9129,1,RequestedWithdrawal,0xcc10abf54af5c0718b10b0156dfe1e369ce3eee72423e9e86936a0082e9c5d1b,0xe21741ccaea42df8b46c4165950f9f912b4f5d30,30.52,1782214243137000,2
476488006,2026-06-23T11:32:30Z,1782214350000,0x66e4b2ec246d49a0c2be79d64b29ec6083230eacd215124447e0070da8d37342,10,RequestedWithdrawal,0xcc10abf54af5c0718b10b0156dfe1e369ce3eee72423e9e86936a0082e9c5d1b,0xd40c748c68b59c753152676f4423474e5e36ac7a,6999.0,1782214335028000,2
476488281,2026-06-23T11:33:39Z,1782214419000,0xc3d38fb8bcfc8b7ca128e0dec0ee9b019971ce17c492be47d6863aff877ea61f,0,RequestedWithdrawal,0xcc10abf54af5c0718b10b0156dfe1e369ce3eee72423e9e86936a0082e9c5d1b,0xb3013ddde1df76e9a1cbf152eb6058856e7afe1c,102.5,1782214391891000,2
476488375,2026-06-23T11:34:03Z,1782214443000,0xafb1c49817fc5684687d87e1e4bcb14e75134e86027511a0deb21f9c5b56ae8c,1,FinalizedWithdrawal,0xe5c7fe3a4ffca1590f26d74c8ba8b0db69557f7f4607a2a43f82e93041611978,0x4bb483f7bca652847f3dbaa4d566f3042a90922b,485.32,1782214215516000,2
476488474,2026-06-23T11:34:27Z,1782214467000,0x81c53ee8b9e82ad9bc65dd1eb7d3aaed5bae76def4ebed0820eaa46bdf8cbd54,1,RequestedWithdrawal,0xcc10abf54af5c0718b10b0156dfe1e369ce3eee72423e9e86936a0082e9c5d1b,0x905a6e81f95835e46e511db23e6e4e52372a0fbc,39.0,1782214446386000,2
476488480,2026-06-23T11:34:29Z,1782214469000,0x5fb701db68bcaefc067a836d5f894451bd3dec45c03657091fa79b90ee84dbf5,26,FinalizedWithdrawal,0xe5c7fe3a4ffca1590f26d74c8ba8b0db69557f7f4607a2a43f82e93041611978,0xe21741ccaea42df8b46c4165950f9f912b4f5d30,30.52,1782214243137000,2
476488480,2026-06-23T11:34:29Z,1782214469000,0x5fb701db68bcaefc067a836d5f894451bd3dec45c03657091fa79b90ee84dbf5,28,FinalizedWithdrawal,0xe5c7fe3a4ffca1590f26d74c8ba8b0db69557f7f4607a2a43f82e93041611978,0xc5d3f0359bc57c5d4f3d27f8a7371437eaa6c6f1,84.68,1782214250972000,2
476488775,2026-06-23T11:35:42Z,1782214542000,0x4d237e7c2ab659e1eaf190f65ff9542e6a32767b4a88672079ba76f993b11632,2,RequestedWithdrawal,0xcc10abf54af5c0718b10b0156dfe1e369ce3eee72423e9e86936a0082e9c5d1b,0x428babced19064beece58b8a252e3f17aac2a817,106999.0,1782214522432000,2
476488869,2026-06-23T11:36:06Z,1782214566000,0xf51902e232e6a16c800999c1d0ec6b6d21ac1fbe15fbed2739e4aa28f823ad3f,1,FinalizedWithdrawal,0xe5c7fe3a4ffca1590f26d74c8ba8b0db69557f7f4607a2a43f82e93041611978,0xd40c748c68b59c753152676f4423474e5e36ac7a,6999.0,1782214335028000,2
476488966,2026-06-23T11:36:30Z,1782214590000,0x7573cb7191310e98ae73da60eab7cf24d2e51b46438c2f038f28e6fd7c7f4a80,17,RequestedWithdrawal,0xcc10abf54af5c0718b10b0156dfe1e369ce3eee72423e9e86936a0082e9c5d1b,0x11e89a62c459e89a70560ca1e0dcb40cffb50099,1170.58,1782214559353000,2
476489148,2026-06-23T11:37:15Z,1782214635000,0xfb5de2f6a1f770e94627f6e4403e0b903e3f8e39bff9cda4e9b55353039e5574,1,FinalizedWithdrawal,0xe5c7fe3a4ffca1590f26d74c8ba8b0db69557f7f4607a2a43f82e93041611978,0xb3013ddde1df76e9a1cbf152eb6058856e7afe1c,102.5,1782214391891000,2
476489231,2026-06-23T11:37:37Z,1782214657000,0x2d6603a93e25eeb8c4d138ce1828ec264f08d94815faaf424c5f586ef38c3be1,3,RequestedWithdrawal,0xcc10abf54af5c0718b10b0156dfe1e369ce3eee72423e9e86936a0082e9c5d1b,0x0fb73a55f8e9b0dd7aa7f8779aa225bc41d668c8,90.63,1782214641277000,2
476489325,2026-06-23T11:38:00Z,1782214680000,0x908442bd29c3d9cadb0e65b3e0dad8cf34807901d7ed1e650570263645b46bee,13,FinalizedWithdrawal,0xe5c7fe3a4ffca1590f26d74c8ba8b0db69557f7f4607a2a43f82e93041611978,0x905a6e81f95835e46e511db23e6e4e52372a0fbc,39.0,1782214446386000,2
476489407,2026-06-23T11:38:21Z,1782214701000,0x14cf7f4fe37c96681c4fdc3d590e167f1c09fe0284152ed6c28e99d50e7b2a57,42,RequestedWithdrawal,0xcc10abf54af5c0718b10b0156dfe1e369ce3eee72423e9e86936a0082e9c5d1b,0xeb763dadc125bdf9480e849c58392dfb71cfdf58,2138.0,1782214695630000,2
476489623,2026-06-23T11:39:15Z,1782214755000,0x1e028de648aa4ecfcd106dcaa56101eca3cdaa793962240272f5ec255de6967f,1,FinalizedWithdrawal,0xe5c7fe3a4ffca1590f26d74c8ba8b0db69557f7f4607a2a43f82e93041611978,0x428babced19064beece58b8a252e3f17aac2a817,106999.0,1782214522432000,2
476489787,2026-06-23T11:39:56Z,1782214796000,0x02a8fa8140d96efd92cf31fa82a0df5a421627935b3dad27199900b420b6015c,17,FinalizedWithdrawal,0xe5c7fe3a4ffca1590f26d74c8ba8b0db69557f7f4607a2a43f82e93041611978,0x11e89a62c459e89a70560ca1e0dcb40cffb50099,1170.58,1782214559353000,2
476489887,2026-06-23T11:40:21Z,1782214821000,0x8dece16d2fa4e371a2d36bf6652f033acb368dd52e04329c3d99d0485bec4e1d,0,RequestedWithdrawal,0xcc10abf54af5c0718b10b0156dfe1e369ce3eee72423e9e86936a0082e9c5d1b,0x428babced19064beece58b8a252e3f17aac2a817,189999.0,1782214522434000,2
476490106,2026-06-23T11:41:17Z,1782214877000,0x3fd3ce64ec79d0107de37c68b9dacd8852ed9857ada2ccd5f02682424910d4fb,5,FinalizedWithdrawal,0xe5c7fe3a4ffca1590f26d74c8ba8b0db69557f7f4607a2a43f82e93041611978,0x0fb73a55f8e9b0dd7aa7f8779aa225bc41d668c8,90.63,1782214641277000,2
476490298,2026-06-23T11:42:05Z,1782214925000,0x20cc4af7b8a6dac5d128fecb6e3e6d104111cc464fe7855e24516f1d70950ea8,1,FinalizedWithdrawal,0xe5c7fe3a4ffca1590f26d74c8ba8b0db69557f7f4607a2a43f82e93041611978,0xeb763dadc125bdf9480e849c58392dfb71cfdf58,2138.0,1782214695630000,2
476490495,2026-06-23T11:42:55Z,1782214975000,0xc3046abc81563470edc628ef4ec1fd70a5b7ee21bcf373d85b67b33d91c3f99d,10,RequestedWithdrawal,0xcc10abf54af5c0718b10b0156dfe1e369ce3eee72423e9e86936a0082e9c5d1b,0x0939aa42d274dd6d6f9bd0f92f6bcf1226db6e9b,920.48,1782214946350000,2
476490602,2026-06-23T11:43:21Z,1782215001000,0x042c7be482099e6452590f818057288b4b2802b75375a0a1b19c79f332f4e9d4,2,RequestedWithdrawal,0xcc10abf54af5c0718b10b0156dfe1e369ce3eee72423e9e86936a0082e9c5d1b,0x3e6f938f886fb1d6f428dc75899638d8ec4bdd90,788.85,1782214996957000,2
476490602,2026-06-23T11:43:21Z,1782215001000,0x042c7be482099e6452590f818057288b4b2802b75375a0a1b19c79f332f4e9d4,3,RequestedWithdrawal,0xcc10abf54af5c0718b10b0156dfe1e369ce3eee72423e9e86936a0082e9c5d1b,0xecc28990ce8234086759574b8f321e7eab2ee470,10.8643,1782214979125000,2
476490709,2026-06-23T11:43:49Z,1782215029000,0x09654aa37f9bd59b8291a8c0a43efa9544d0463a295223352caf54f89a9252d9,1,FinalizedWithdrawal,0xe5c7fe3a4ffca1590f26d74c8ba8b0db69557f7f4607a2a43f82e93041611978,0x428babced19064beece58b8a252e3f17aac2a817,189999.0,1782214522434000,2
476490789,2026-06-23T11:44:09Z,1782215049000,0xd06f538edd0d5a96eba2e508ead912b60ad5e2ccffe5d9f676780db401a5f056,0,RequestedWithdrawal,0xcc10abf54af5c0718b10b0156dfe1e369ce3eee72423e9e86936a0082e9c5d1b,0x1edc5757e061d3ce0d1b6010fd6aab6c9d7c04a6,3.0,1782215042277000,2
476490903,2026-06-23T11:44:37Z,1782215077000,0xe8847ed739e63d4b7244b611a2020cac5e3b33d38c04791c2c6c65715703c8f0,18,RequestedWithdrawal,0xcc10abf54af5c0718b10b0156dfe1e369ce3eee72423e9e86936a0082e9c5d1b,0x3c614ce598a548a85bc0f8e75bbe58885804092b,999.18,1782215065760000,2
476491103,2026-06-23T11:45:28Z,1782215128000,0x2b333961c33625181e4e6b113003990b8e4ce6c91feb04c66e6c051d8db69091,0,RequestedWithdrawal,0xcc10abf54af5c0718b10b0156dfe1e369ce3eee72423e9e86936a0082e9c5d1b,0x4b6d4948c6845106f14392ab00125e93dbe014c6,490.45,1782215107645000,2
476491300,2026-06-23T11:46:17Z,1782215177000,0x018b70a11593cb732ba2e4c9c4708861e91b4d561c0c6372bf29b4446e8d56a8,5,RequestedWithdrawal,0xcc10abf54af5c0718b10b0156dfe1e369ce3eee72423e9e86936a0082e9c5d1b,0x6e5980d76c27c080ed8d75ff3692e4577215e756,3.92,1782215159988000,2
476491300,2026-06-23T11:46:17Z,1782215177000,0x018b70a11593cb732ba2e4c9c4708861e91b4d561c0c6372bf29b4446e8d56a8,6,RequestedWithdrawal,0xcc10abf54af5c0718b10b0156dfe1e369ce3eee72423e9e86936a0082e9c5d1b,0xfc245b23ebf63e93d4f2fbf505f103fa68bd7a5a,780.6,1782215168771000,2
476491306,2026-06-23T11:46:19Z,1782215179000,0x43ead3b5a30feeefd8f7a5b706043bb23826ab4d50c0001011f34bd980f9c4e6,6,FinalizedWithdrawal,0xe5c7fe3a4ffca1590f26d74c8ba8b0db69557f7f4607a2a43f82e93041611978,0x0939aa42d274dd6d6f9bd0f92f6bcf1226db6e9b,920.48,1782214946350000,2
476491383,2026-06-23T11:46:38Z,1782215198000,0x5ff718493fd48df5e388fe29fa6dda600b095fa4796b9c9116522e8e52bab67b,3,RequestedWithdrawal,0xcc10abf54af5c0718b10b0156dfe1e369ce3eee72423e9e86936a0082e9c5d1b,0x1edc5757e061d3ce0d1b6010fd6aab6c9d7c04a6,4.0,1782215173568000,2
476491492,2026-06-23T11:47:06Z,1782215226000,0x4c7980f9cc313349db18546126c25843eaa016150a3bbe85be25d68b2e619122,17,RequestedWithdrawal,0xcc10abf54af5c0718b10b0156dfe1e369ce3eee72423e9e86936a0082e9c5d1b,0x23c10584cd0bcb43728c667e3f34496539e28f22,494.23,1782215212901000,2
476491499,2026-06-23T11:47:07Z,1782215227000,0x83775b7efb5438e68ba4cdb221624c3c414951c3035d94a6f06212d6559291fb,101,FinalizedWithdrawal,0xe5c7fe3a4ffca1590f26d74c8ba8b0db69557f7f4607a2a43f82e93041611978,0x3e6f938f886fb1d6f428dc75899638d8ec4bdd90,788.85,1782214996957000,2
476491499,2026-06-23T11:47:07Z,1782215227000,0x83775b7efb5438e68ba4cdb221624c3c414951c3035d94a6f06212d6559291fb,103,FinalizedWithdrawal,0xe5c7fe3a4ffca1590f26d74c8ba8b0db69557f7f4607a2a43f82e93041611978,0xecc28990ce8234086759574b8f321e7eab2ee470,10.8643,1782214979125000,2
476491665,2026-06-23T11:47:48Z,1782215268000,0x2b76a9f6d87d89a020c9bf773e8cd181d5269a217ef1be2dfa3ea8988ab4f373,1,FinalizedWithdrawal,0xe5c7fe3a4ffca1590f26d74c8ba8b0db69557f7f4607a2a43f82e93041611978,0x1edc5757e061d3ce0d1b6010fd6aab6c9d7c04a6,3.0,1782215042277000,2
476491772,2026-06-23T11:48:15Z,1782215295000,0xfda3386a9f536a54efb6b53d2f91c584bda8109acf1c64ce5f1cce191bec37c9,14,FinalizedWithdrawal,0xe5c7fe3a4ffca1590f26d74c8ba8b0db69557f7f4607a2a43f82e93041611978,0x3c614ce598a548a85bc0f8e75bbe58885804092b,999.18,1782215065760000,2
476491970,2026-06-23T11:49:05Z,1782215345000,0x1d421e603f3a2bcb7a6e20ae412a009c635eaf3c8bbd8cb15ce08c76c74ecfd2,1,FinalizedWithdrawal,0xe5c7fe3a4ffca1590f26d74c8ba8b0db69557f7f4607a2a43f82e93041611978,0x4b6d4948c6845106f14392ab00125e93dbe014c6,490.45,1782215107645000,2
476492132,2026-06-23T11:49:46Z,1782215386000,0xb2245871e3109bbc3064058670429677f56f1e974d52cfa33e27929180b94d9a,1,FinalizedWithdrawal,0xe5c7fe3a4ffca1590f26d74c8ba8b0db69557f7f4607a2a43f82e93041611978,0x6e5980d76c27c080ed8d75ff3692e4577215e756,3.92,1782215159988000,2
476492132,2026-06-23T11:49:46Z,1782215386000,0xb2245871e3109bbc3064058670429677f56f1e974d52cfa33e27929180b94d9a,3,FinalizedWithdrawal,0xe5c7fe3a4ffca1590f26d74c8ba8b0db69557f7f4607a2a43f82e93041611978,0xfc245b23ebf63e93d4f2fbf505f103fa68bd7a5a,780.6,1782215168771000,2
476492227,2026-06-23T11:50:10Z,1782215410000,0xeeba05517efe6651de1a7d4184200d68327c2ef8c4706095c6f667cd4867e28a,7,FinalizedWithdrawal,0xe5c7fe3a4ffca1590f26d74c8ba8b0db69557f7f4607a2a43f82e93041611978,0x1edc5757e061d3ce0d1b6010fd6aab6c9d7c04a6,4.0,1782215173568000,2
476492338,2026-06-23T11:50:38Z,1782215438000,0x7576dfc7856bc0d7ff9e8903bf86a510443ee6f3246e025699cc0cbd4ff43be3,5,RequestedWithdrawal,0xcc10abf54af5c0718b10b0156dfe1e369ce3eee72423e9e86936a0082e9c5d1b,0xb25f645ad779bae0e60b4440d1996908f656b941,34.34,1782215424026000,2
476492343,2026-06-23T11:50:39Z,1782215439000,0x7de25abbef876cc32adf0d3403f7b052f7ad6b1ba9141eb7dc0a451bb954efb6,1,FinalizedWithdrawal,0xe5c7fe3a4ffca1590f26d74c8ba8b0db69557f7f4607a2a43f82e93041611978,0x23c10584cd0bcb43728c667e3f34496539e28f22,494.23,1782215212901000,2
476492461,2026-06-23T11:51:09Z,1782215469000,0x97c87edc2f691e8f957c04eeb7d2d81158b2418217dd24e247f675b60ec691c2,3,RequestedWithdrawal,0xcc10abf54af5c0718b10b0156dfe1e369ce3eee72423e9e86936a0082e9c5d1b,0x026477516aadb8a50d5014ec92aa069549eeee35,8.18,1782215455110000,2
476492863,2026-06-23T11:52:49Z,1782215569000,0x5557d5d6fbbc313643add81cb8eb4395e13e380ce02f053593cb1352501acfdf,1,RequestedWithdrawal,0xcc10abf54af5c0718b10b0156dfe1e369ce3eee72423e9e86936a0082e9c5d1b,0x0dac7572461d17494b8f43d19ef45c6289586cdb,468.73,1782215546217000,2
476493147,2026-06-23T11:54:01Z,1782215641000,0x075603bfacaba71573a23a65b2ab302e88c7fd89342eaf18a1215c78ec304ead,1,FinalizedWithdrawal,0xe5c7fe3a4ffca1590f26d74c8ba8b0db69557f7f4607a2a43f82e93041611978,0xb25f645ad779bae0e60b4440d1996908f656b941,34.34,1782215424026000,2
476493249,2026-06-23T11:54:26Z,1782215666000,0x8f508952d48115b45070f6e7dafda599fa1fe41cdfb7b6cbf3a0c20f0ee77f90,0,RequestedWithdrawal,0xcc10abf54af5c0718b10b0156dfe1e369ce3eee72423e9e86936a0082e9c5d1b,0xb4815e3fc4044ea88e3863b87896a22a0941b2eb,529.166265,1782215641724000,2
476493354,2026-06-23T11:54:52Z,1782215692000,0xc7b72edf1e49b5eeaeaf4458ae9f4e74af6955e04eca662fc9c5d0d212e2f052,2,FinalizedWithdrawal,0xe5c7fe3a4ffca1590f26d74c8ba8b0db69557f7f4607a2a43f82e93041611978,0x026477516aadb8a50d5014ec92aa069549eeee35,8.18,1782215455110000,2
476493649,2026-06-23T11:56:06Z,1782215766000,0x55904190302a758120031847bde6c85f052be5d8f2d1bfa65312d6ada6c6caa3,0,RequestedWithdrawal,0xcc10abf54af5c0718b10b0156dfe1e369ce3eee72423e9e86936a0082e9c5d1b,0xdaa057842586a9efdabc259110f73e21e525f20c,172.0,1782215752189000,2
476493761,2026-06-23T11:56:34Z,1782215794000,0xbb4111d9130c9fffdaf913a0eb816dba6c86829f2cbecc9dd66f24ed09fb568f,8,FinalizedWithdrawal,0xe5c7fe3a4ffca1590f26d74c8ba8b0db69557f7f4607a2a43f82e93041611978,0x0dac7572461d17494b8f43d19ef45c6289586cdb,468.73,1782215546217000,2
476493936,2026-06-23T11:57:18Z,1782215838000,0x6721451a5f0b48b3be6a8319bd5122727666d97fb6a36d402cef4b5234cf9cea,18,RequestedWithdrawal,0xcc10abf54af5c0718b10b0156dfe1e369ce3eee72423e9e86936a0082e9c5d1b,0x54c123c2ae49145634f6c364ab1872780dad4cbe,104.0,1782215810556000,2
476494125,2026-06-23T11:58:06Z,1782215886000,0xa3cc3596214638d05814af4f91ca4791bbc849e2c5355b024e4c656aa18bad4b,6,FinalizedWithdrawal,0xe5c7fe3a4ffca1590f26d74c8ba8b0db69557f7f4607a2a43f82e93041611978,0xb4815e3fc4044ea88e3863b87896a22a0941b2eb,529.166265,1782215641724000,2
476494496,2026-06-23T11:59:39Z,1782215979000,0x8ac3cb4d642d9c8424c1a95e8cfc85436f4155dc716b8500e1196a75a45d11c2,1,FinalizedWithdrawal,0xe5c7fe3a4ffca1590f26d74c8ba8b0db69557f7f4607a2a43f82e93041611978,0xdaa057842586a9efdabc259110f73e21e525f20c,172.0,1782215752189000,2
476494807,2026-06-23T12:00:56Z,1782216056000,0xcf3917f54c468ee3e0bdb4079d25695f81436e2c79e743679d07b5817db161ea,1,FinalizedWithdrawal,0xe5c7fe3a4ffca1590f26d74c8ba8b0db69557f7f4607a2a43f82e93041611978,0x54c123c2ae49145634f6c364ab1872780dad4cbe,104.0,1782215810556000,2
476495995,2026-06-23T12:05:54Z,1782216354000,0x21fb90872767d8eb9c9447fe185161bdd7dd48bc7f8a342947b8b3ae459b00b5,0,RequestedWithdrawal,0xcc10abf54af5c0718b10b0156dfe1e369ce3eee72423e9e86936a0082e9c5d1b,0x4e76c070226dc5d27da2b32d7998d864109f7c42,99.007606,1782216344795000,2
476496856,2026-06-23T12:09:30Z,1782216570000,0x996621244578dca177bd0adc6200abb96f9ff7e9b35f81a874dda1cd806e6654,7,FinalizedWithdrawal,0xe5c7fe3a4ffca1590f26d74c8ba8b0db69557f7f4607a2a43f82e93041611978,0x4e76c070226dc5d27da2b32d7998d864109f7c42,99.007606,1782216344795000,2
476497139,2026-06-23T12:10:41Z,1782216641000,0x1c57c99aa620b8a1477fe112ae224ac8431ebeb27855c99c4f0e09ac93731ee8,0,RequestedWithdrawal,0xcc10abf54af5c0718b10b0156dfe1e369ce3eee72423e9e86936a0082e9c5d1b,0xee0322a17adff3aa5c5c10eb6bcc4f1519e80633,9999.0,1782216628018000,2
476497351,2026-06-23T12:11:34Z,1782216694000,0x9f919adbc5a34cb307fa6edf55907e185a491e6f16e84531281b65a5dfbd2dd4,8,RequestedWithdrawal,0xcc10abf54af5c0718b10b0156dfe1e369ce3eee72423e9e86936a0082e9c5d1b,0x03134811d3961153384bacaa894b46a737b0d616,7.95,1782216685576000,2
476497999,2026-06-23T12:14:16Z,1782216856000,0xeb12c8d9d2ad920cb649479e2ebdc35f235808899324e17ba88cde322aa13eaa,0,RequestedWithdrawal,0xcc10abf54af5c0718b10b0156dfe1e369ce3eee72423e9e86936a0082e9c5d1b,0xc906424f81b1c81d9d6b203fdeeddf8c3ac07c5a,137.9,1782216824957000,2
476498014,2026-06-23T12:14:20Z,1782216860000,0x543d848dd9ff4a3ce8e93cde8d8ff5f38b7f0c65df1354685f9508806bd5677f,2,FinalizedWithdrawal,0xe5c7fe3a4ffca1590f26d74c8ba8b0db69557f7f4607a2a43f82e93041611978,0xee0322a17adff3aa5c5c10eb6bcc4f1519e80633,9999.0,1782216628018000,2
476498088,2026-06-23T12:14:38Z,1782216878000,0x14f11f8f3f41dbb9d28239156876db901d4997a2836fc0b41029b4989f171821,0,RequestedWithdrawal,0xcc10abf54af5c0718b10b0156dfe1e369ce3eee72423e9e86936a0082e9c5d1b,0x281acc4a92fbd1ac8efef82fc814c787a2d3dff0,4.0,1782216856513000,2
476498201,2026-06-23T12:15:07Z,1782216907000,0xe31c4db9cb8822256cfdeacc2cb14e85304ba48325f4c16371345bd18585c363,9,FinalizedWithdrawal,0xe5c7fe3a4ffca1590f26d74c8ba8b0db69557f7f4607a2a43f82e93041611978,0x03134811d3961153384bacaa894b46a737b0d616,7.95,1782216685576000,2
476498497,2026-06-23T12:16:21Z,1782216981000,0x31362ca8fb85d29f191fbdde2d8c24f047e0340aa2ec1bac087e1b9b59418a59,0,RequestedWithdrawal,0xcc10abf54af5c0718b10b0156dfe1e369ce3eee72423e9e86936a0082e9c5d1b,0x8e3d5e109837c11ddd373d97c9b3e4d716f1423a,155999.0,1782216961306000,2
476498881,2026-06-23T12:17:58Z,1782217078000,0x03f9d41d7b44f16f332c2348b07ded9faafa98e16d92daa7aff9bc04e402dde3,1,FinalizedWithdrawal,0xe5c7fe3a4ffca1590f26d74c8ba8b0db69557f7f4607a2a43f82e93041611978,0xc906424f81b1c81d9d6b203fdeeddf8c3ac07c5a,137.9,1782216824957000,2
476498981,2026-06-23T12:18:23Z,1782217103000,0xbebae21c2f1cbd36382ef3766189736890c41297f838312dd0dd3f7db15251f0,5,FinalizedWithdrawal,0xe5c7fe3a4ffca1590f26d74c8ba8b0db69557f7f4607a2a43f82e93041611978,0x281acc4a92fbd1ac8efef82fc814c787a2d3dff0,4.0,1782216856513000,2
476499359,2026-06-23T12:19:57Z,1782217197000,0x62796d756b7584fc38fb8abe9b1c867ee89ac60d1d6e26657309be395724bf35,3,RequestedWithdrawal,0xcc10abf54af5c0718b10b0156dfe1e369ce3eee72423e9e86936a0082e9c5d1b,0x667d010c9e6032d195ad3a740ffd12972fd8ce12,64.0,1782217172773000,2
476499364,2026-06-23T12:19:58Z,1782217198000,0x9d1436eaf7cd59413bacfec2accfec3580ae5a537222d49ec58a9935141a7b9a,39,FinalizedWithdrawal,0xe5c7fe3a4ffca1590f26d74c8ba8b0db69557f7f4607a2a43f82e93041611978,0x8e3d5e109837c11ddd373d97c9b3e4d716f1423a,155999.0,1782216961306000,2
476499637,2026-06-23T12:21:07Z,1782217267000,0x647432064e53d57e1b87715a06da6ca3755223c15f66c135b2ea944c2ec8a56d,4,RequestedWithdrawal,0xcc10abf54af5c0718b10b0156dfe1e369ce3eee72423e9e86936a0082e9c5d1b,0x29077efac028afb632f7f51ed8110932f56cc13b,1664.33,1782217247460000,2
476499744,2026-06-23T12:21:34Z,1782217294000,0x37face3d20b35250a855bb58ddd7fd11bd9d01a5a06bd1e5afc9fb9d2aa823fc,0,RequestedWithdrawal,0xcc10abf54af5c0718b10b0156dfe1e369ce3eee72423e9e86936a0082e9c5d1b,0x281acc4a92fbd1ac8efef82fc814c787a2d3dff0,4.0,1782217262815000,2
476500031,2026-06-23T12:22:46Z,1782217366000,0x4acff77224af6dbc1abad72bfa594645bcf1305045023988baf774af12788a48,27,RequestedWithdrawal,0xcc10abf54af5c0718b10b0156dfe1e369ce3eee72423e9e86936a0082e9c5d1b,0x3b7e211ebc527f1088c6e87cdd7791bab351af42,91.43,1782217353191000,2
477127601,2026-06-25T07:55:20Z,1782374120000,0x0bd0c3a713d02be9d81b67a5d0c5dadce5b1e0cb9b5be3947bae62c2407af51a,3,RequestedWithdrawal,0xcc10abf54af5c0718b10b0156dfe1e369ce3eee72423e9e86936a0082e9c5d1b,0xb0684f5739b6858c61a1c324bcfa7111e4dacdda,9.979469,1782374099238000,1
477127972,2026-06-25T07:56:53Z,1782374213000,0xd766f4370243592489f0dbf7efd0c491aa8d994484121294f6c7bb543b2aa333,40,RequestedWithdrawal,0xcc10abf54af5c0718b10b0156dfe1e369ce3eee72423e9e86936a0082e9c5d1b,0xf7b65e9e78655b54effe24062a3e05cd902f287c,1054.496372,1782374200442000,1
477128294,2026-06-25T07:58:12Z,1782374292000,0x3be62a02d5ff6b0724846c988311b2aaf6041c92975e370a5dc1f6ffa8fc6a18,0,RequestedWithdrawal,0xcc10abf54af5c0718b10b0156dfe1e369ce3eee72423e9e86936a0082e9c5d1b,0x62dbec4cd5fbc4b84994fc52520cd300b7168312,715.0,1782374287589000,1
477128493,2026-06-25T07:59:02Z,1782374342000,0x4fa59f15ed07cbe53bb55d664747e4a0969ba3b0530570c42f15f9dc4fc68e72,1,FinalizedWithdrawal,0xe5c7fe3a4ffca1590f26d74c8ba8b0db69557f7f4607a2a43f82e93041611978,0xb0684f5739b6858c61a1c324bcfa7111e4dacdda,9.979469,1782374099238000,1
477128602,2026-06-25T07:59:29Z,1782374369000,0xe7b691356852031057bfc61bc0d8016c1c4c2d2b09c095750f1c31e6e01ec32e,11,RequestedWithdrawal,0xcc10abf54af5c0718b10b0156dfe1e369ce3eee72423e9e86936a0082e9c5d1b,0x83df35fcfff61c3ade572e020b8f9dd1fa3c7d3e,9.870262,1782374352958000,1
477128795,2026-06-25T08:00:18Z,1782374418000,0x858e2739263897897dacf6192e30d5d7f7711d3f48b95fa9af0057780a510d5f,2,FinalizedWithdrawal,0xe5c7fe3a4ffca1590f26d74c8ba8b0db69557f7f4607a2a43f82e93041611978,0xf7b65e9e78655b54effe24062a3e05cd902f287c,1054.496372,1782374200442000,1
477129153,2026-06-25T08:01:47Z,1782374507000,0x128497fad58e67e8ea2a2ffdc6e6121a86da3f63ee495bdaa8a788e42a3b03dc,14,FinalizedWithdrawal,0xe5c7fe3a4ffca1590f26d74c8ba8b0db69557f7f4607a2a43f82e93041611978,0x62dbec4cd5fbc4b84994fc52520cd300b7168312,715.0,1782374287589000,1
477129442,2026-06-25T08:03:00Z,1782374580000,0x7a52aebd293e8097263dec415a18a8d9e6629068131010934f3b6e78f1b742ff,4,FinalizedWithdrawal,0xe5c7fe3a4ffca1590f26d74c8ba8b0db69557f7f4607a2a43f82e93041611978,0x83df35fcfff61c3ade572e020b8f9dd1fa3c7d3e,9.870262,1782374352958000,1
477130794,2026-06-25T08:08:37Z,1782374917000,0x546ced3e6a73858a64aada1a52f3f3ce0a0fe6ed1fa69d931d6bdb485d0ddc17,31,RequestedWithdrawal,0xcc10abf54af5c0718b10b0156dfe1e369ce3eee72423e9e86936a0082e9c5d1b,0x2c9548f036dc25b7184118d7222bd61f1692c3b8,14.0,1782374904153000,1
477130881,2026-06-25T08:08:59Z,1782374939000,0x3d917e2a9711501f6b364a23c68e8fc04a414e4c5ed92565b0efdf6a643e5962,37,RequestedWithdrawal,0xcc10abf54af5c0718b10b0156dfe1e369ce3eee72423e9e86936a0082e9c5d1b,0x3909864f09432d17283ae7899da7f59898c0f4ec,14.275065,1782374930929000,1
477130983,2026-06-25T08:09:25Z,1782374965000,0x838dec548471af8c57fa28a82815e9455cda30524f06ebe62e6d8f8322f88a1a,34,RequestedWithdrawal,0xcc10abf54af5c0718b10b0156dfe1e369ce3eee72423e9e86936a0082e9c5d1b,0x0b281e8b3b6153dbb455238560b04152a64795d7,2754.986029,1782374951206000,1
477130983,2026-06-25T08:09:25Z,1782374965000,0x838dec548471af8c57fa28a82815e9455cda30524f06ebe62e6d8f8322f88a1a,35,RequestedWithdrawal,0xcc10abf54af5c0718b10b0156dfe1e369ce3eee72423e9e86936a0082e9c5d1b,0x1cf373740bb6f6c124a4e7b6e1587c990e731326,646.68,1782374946613000,1
477130983,2026-06-25T08:09:25Z,1782374965000,0x838dec548471af8c57fa28a82815e9455cda30524f06ebe62e6d8f8322f88a1a,36,RequestedWithdrawal,0xcc10abf54af5c0718b10b0156dfe1e369ce3eee72423e9e86936a0082e9c5d1b,0x662f570fa7f2ca944b3b2501d7b905cc728f860f,31.37,1782374960386000,1
477130983,2026-06-25T08:09:25Z,1782374965000,0x838dec548471af8c57fa28a82815e9455cda30524f06ebe62e6d8f8322f88a1a,37,RequestedWithdrawal,0xcc10abf54af5c0718b10b0156dfe1e369ce3eee72423e9e86936a0082e9c5d1b,0x9193681e976146e4b67482b87335578257b56c2f,37.015542,1782374961803000,1
477131274,2026-06-25T08:10:36Z,1782375036000,0x23b0c646c6b2f53b656c13af1b7cae14eaaf893d15b2c820554fa16b758f1375,2,RequestedWithdrawal,0xcc10abf54af5c0718b10b0156dfe1e369ce3eee72423e9e86936a0082e9c5d1b,0x1a44a6bc450d233049d629c27792c5309d9ca12d,196414.21,1782375027887000,1
477131274,2026-06-25T08:10:36Z,1782375036000,0x23b0c646c6b2f53b656c13af1b7cae14eaaf893d15b2c820554fa16b758f1375,3,RequestedWithdrawal,0xcc10abf54af5c0718b10b0156dfe1e369ce3eee72423e9e86936a0082e9c5d1b,0xf032648dfd22c4d81588bd83e09ab89cfe816705,2063.345676,1782375019027000,1
477131375,2026-06-25T08:11:02Z,1782375062000,0x7921ad7e026d200f48bce045e24d5376586f37bb3b3d074e5e2dccadf977e68d,9,RequestedWithdrawal,0xcc10abf54af5c0718b10b0156dfe1e369ce3eee72423e9e86936a0082e9c5d1b,0x510bb2f7b9180a93de15c14b57adeca483bff8d2,710.05,1782375052467000,1
477131663,2026-06-25T08:12:14Z,1782375134000,0xfbcdcccebd69521c85f077f4c87209d5eb20d708a98e271b4c3a841d1c851273,6,FinalizedWithdrawal,0xe5c7fe3a4ffca1590f26d74c8ba8b0db69557f7f4607a2a43f82e93041611978,0x2c9548f036dc25b7184118d7222bd61f1692c3b8,14.0,1782374904153000,1
477131759,2026-06-25T08:12:38Z,1782375158000,0x932ae29f2d2eeac97b1595df7194e3a8373b8f3cddbc68786eeef3a07a31e034,8,FinalizedWithdrawal,0xe5c7fe3a4ffca1590f26d74c8ba8b0db69557f7f4607a2a43f82e93041611978,0x3909864f09432d17283ae7899da7f59898c0f4ec,14.275065,1782374930929000,1
477131866,2026-06-25T08:13:05Z,1782375185000,0x5da09974ff97b9ceeeef334eef6460e0e42e1b5898967bf36e037e4d64444ce2,1,FinalizedWithdrawal,0xe5c7fe3a4ffca1590f26d74c8ba8b0db69557f7f4607a2a43f82e93041611978,0x1cf373740bb6f6c124a4e7b6e1587c990e731326,646.68,1782374946613000,1
477131866,2026-06-25T08:13:05Z,1782375185000,0x5da09974ff97b9ceeeef334eef6460e0e42e1b5898967bf36e037e4d64444ce2,3,FinalizedWithdrawal,0xe5c7fe3a4ffca1590f26d74c8ba8b0db69557f7f4607a2a43f82e93041611978,0x0b281e8b3b6153dbb455238560b04152a64795d7,2754.986029,1782374951206000,1
477131866,2026-06-25T08:13:05Z,1782375185000,0x5da09974ff97b9ceeeef334eef6460e0e42e1b5898967bf36e037e4d64444ce2,5,FinalizedWithdrawal,0xe5c7fe3a4ffca1590f26d74c8ba8b0db69557f7f4607a2a43f82e93041611978,0x662f570fa7f2ca944b3b2501d7b905cc728f860f,31.37,1782374960386000,1
477131866,2026-06-25T08:13:05Z,1782375185000,0x5da09974ff97b9ceeeef334eef6460e0e42e1b5898967bf36e037e4d64444ce2,7,FinalizedWithdrawal,0xe5c7fe3a4ffca1590f26d74c8ba8b0db69557f7f4607a2a43f82e93041611978,0x9193681e976146e4b67482b87335578257b56c2f,37.015542,1782374961803000,1
477132142,2026-06-25T08:14:14Z,1782375254000,0xcf234b215982b0b3be155f18fd2dfb110d20440e9e3879c653caa4dd5bcd2636,21,FinalizedWithdrawal,0xe5c7fe3a4ffca1590f26d74c8ba8b0db69557f7f4607a2a43f82e93041611978,0x1a44a6bc450d233049d629c27792c5309d9ca12d,196414.21,1782375027887000,1
477132142,2026-06-25T08:14:14Z,1782375254000,0xcf234b215982b0b3be155f18fd2dfb110d20440e9e3879c653caa4dd5bcd2636,23,FinalizedWithdrawal,0xe5c7fe3a4ffca1590f26d74c8ba8b0db69557f7f4607a2a43f82e93041611978,0xf032648dfd22c4d81588bd83e09ab89cfe816705,2063.345676,1782375019027000,1
477132247,2026-06-25T08:14:40Z,1782375280000,0x4349b1c1e34362750eb868f98dc618acde1c8198d9f09266abb37f64392075f3,9,FinalizedWithdrawal,0xe5c7fe3a4ffca1590f26d74c8ba8b0db69557f7f4607a2a43f82e93041611978,0x510bb2f7b9180a93de15c14b57adeca483bff8d2,710.05,1782375052467000,1
477133101,2026-06-25T08:18:13Z,1782375493000,0xf0dedae84ee73b18c96b105d1619749cb1cdd0f3ab53d4f8debfdbd10a9fe87c,0,RequestedWithdrawal,0xcc10abf54af5c0718b10b0156dfe1e369ce3eee72423e9e86936a0082e9c5d1b,0x1a7b51cfebfb188176021a7b6c18d6b53f5819a7,12.0,1782375483827000,1
477133101,2026-06-25T08:18:13Z,1782375493000,0xf0dedae84ee73b18c96b105d1619749cb1cdd0f3ab53d4f8debfdbd10a9fe87c,1,RequestedWithdrawal,0xcc10abf54af5c0718b10b0156dfe1e369ce3eee72423e9e86936a0082e9c5d1b,0x428babced19064beece58b8a252e3f17aac2a817,108999.0,1782375470843000,1
477133681,2026-06-25T08:20:40Z,1782375640000,0xc059c96c741ed0c85e95a6b60b4fc3f3731aa53dda708b0d38c5354bbf0b47bd,2,RequestedWithdrawal,0xcc10abf54af5c0718b10b0156dfe1e369ce3eee72423e9e86936a0082e9c5d1b,0x62dbec4cd5fbc4b84994fc52520cd300b7168312,306.0,1782375615568000,1
477133681,2026-06-25T08:20:40Z,1782375640000,0xc059c96c741ed0c85e95a6b60b4fc3f3731aa53dda708b0d38c5354bbf0b47bd,3,RequestedWithdrawal,0xcc10abf54af5c0718b10b0156dfe1e369ce3eee72423e9e86936a0082e9c5d1b,0x62dbec4cd5fbc4b84994fc52520cd300b7168312,442.0,1782375630033000,1
477133882,2026-06-25T08:21:31Z,1782375691000,0xed904c114ed8f0e97a1f49056bb1d5628f97e4be8f77fa0b732497c2e095309a,23,RequestedWithdrawal,0xcc10abf54af5c0718b10b0156dfe1e369ce3eee72423e9e86936a0082e9c5d1b,0x3ba13d236bacdecdfab71420a3f06489b25d2a62,3.0,1782375678939000,1
477133882,2026-06-25T08:21:31Z,1782375691000,0xed904c114ed8f0e97a1f49056bb1d5628f97e4be8f77fa0b732497c2e095309a,24,RequestedWithdrawal,0xcc10abf54af5c0718b10b0156dfe1e369ce3eee72423e9e86936a0082e9c5d1b,0x5d268481a2c5c72b5e84ee9c03e938801c53cf32,99.0,1782375684439000,1
477133985,2026-06-25T08:21:56Z,1782375716000,0x4910293890c820de27a491ab87e53073f66dc795beb242d433f17a27163ae6ea,0,RequestedWithdrawal,0xcc10abf54af5c0718b10b0156dfe1e369ce3eee72423e9e86936a0082e9c5d1b,0xc98e70f41dd7a9e869464058c70a2fe8c7095956,197.72667,1782375684138000,1
477133991,2026-06-25T08:21:58Z,1782375718000,0x8f66f52fae1cba3fb035c5d9be688f2fc38116ebad76d20c3a0b8afe258b3252,5,FinalizedWithdrawal,0xe5c7fe3a4ffca1590f26d74c8ba8b0db69557f7f4607a2a43f82e93041611978,0x1a7b51cfebfb188176021a7b6c18d6b53f5819a7,12.0,1782375483827000,1
477133991,2026-06-25T08:21:58Z,1782375718000,0x8f66f52fae1cba3fb035c5d9be688f2fc38116ebad76d20c3a0b8afe258b3252,7,FinalizedWithdrawal,0xe5c7fe3a4ffca1590f26d74c8ba8b0db69557f7f4607a2a43f82e93041611978,0x428babced19064beece58b8a252e3f17aac2a817,108999.0,1782375470843000,1
477134168,2026-06-25T08:22:42Z,1782375762000,0x24ad7c0699b0711e9678a6e1242f878c50a3a50aabaaa5a58a02d46f4b78ebfc,13,RequestedWithdrawal,0xcc10abf54af5c0718b10b0156dfe1e369ce3eee72423e9e86936a0082e9c5d1b,0x69f9a5aa3bf0ca9715acbc8106ed2bfb515844d7,49.0,1782375737829000,1
477134466,2026-06-25T08:23:56Z,1782375836000,0xc8754fc6e52cf93c57fa6338657ee12a206fa0408e623baeb7bacb9ebe6e53ac,16,RequestedWithdrawal,0xcc10abf54af5c0718b10b0156dfe1e369ce3eee72423e9e86936a0082e9c5d1b,0x22acbb922c1a4f345f0f031eaf2de662f4de1f44,42.0,1782375832347000,1
477134572,2026-06-25T08:24:22Z,1782375862000,0x453a0b8f9b96aa96a6768650066632577236f3e60c67dcb8c906b5f3f727e961,7,FinalizedWithdrawal,0xe5c7fe3a4ffca1590f26d74c8ba8b0db69557f7f4607a2a43f82e93041611978,0x62dbec4cd5fbc4b84994fc52520cd300b7168312,442.0,1782375630033000,1
477134572,2026-06-25T08:24:22Z,1782375862000,0x453a0b8f9b96aa96a6768650066632577236f3e60c67dcb8c906b5f3f727e961,9,FinalizedWithdrawal,0xe5c7fe3a4ffca1590f26d74c8ba8b0db69557f7f4607a2a43f82e93041611978,0x62dbec4cd5fbc4b84994fc52520cd300b7168312,306.0,1782375615568000,1
477134746,2026-06-25T08:25:06Z,1782375906000,0xf7e1a4814aba4390672c7ff394e58744ae6245ddde53f8c48ebc5f74597e19e1,37,FinalizedWithdrawal,0xe5c7fe3a4ffca1590f26d74c8ba8b0db69557f7f4607a2a43f82e93041611978,0x5d268481a2c5c72b5e84ee9c03e938801c53cf32,99.0,1782375684439000,1
477134746,2026-06-25T08:25:06Z,1782375906000,0xf7e1a4814aba4390672c7ff394e58744ae6245ddde53f8c48ebc5f74597e19e1,39,FinalizedWithdrawal,0xe5c7fe3a4ffca1590f26d74c8ba8b0db69557f7f4607a2a43f82e93041611978,0x3ba13d236bacdecdfab71420a3f06489b25d2a62,3.0,1782375678939000,1
477134849,2026-06-25T08:25:32Z,1782375932000,0x3cff65d9b2a440e11ba8cc4a8289c30db6a535420ac43d88b0770e997d6d1b6a,26,FinalizedWithdrawal,0xe5c7fe3a4ffca1590f26d74c8ba8b0db69557f7f4607a2a43f82e93041611978,0xc98e70f41dd7a9e869464058c70a2fe8c7095956,197.72667,1782375684138000,1
477135018,2026-06-25T08:26:14Z,1782375974000,0x6e99381e4b59a0d3f964fa5e093412cae29f57a7a5421471fbb6b1eebd35ab9f,2,RequestedWithdrawal,0xcc10abf54af5c0718b10b0156dfe1e369ce3eee72423e9e86936a0082e9c5d1b,0x3ba13d236bacdecdfab71420a3f06489b25d2a62,99.69,1782375968947000,1
477135026,2026-06-25T08:26:16Z,1782375976000,0xf51237626dd319b7e6fbfd4c619e62c9cf556de905a2db65f9e3f918a4c441d5,5,FinalizedWithdrawal,0xe5c7fe3a4ffca1590f26d74c8ba8b0db69557f7f4607a2a43f82e93041611978,0x69f9a5aa3bf0ca9715acbc8106ed2bfb515844d7,49.0,1782375737829000,1
477135099,2026-06-25T08:26:34Z,1782375994000,0xff6c995265fda1351fd8cc1e73999f30c146056112ac1e7a6fe0b6158baa1ddf,5,RequestedWithdrawal,0xcc10abf54af5c0718b10b0156dfe1e369ce3eee72423e9e86936a0082e9c5d1b,0x68b7f858e26374e671bf340b02db62f3a9c41649,288.26,1782375984328000,1
477135291,2026-06-25T08:27:22Z,1782376042000,0x4189cf6ac370345b0e0136b545cea8e1ed06cb86d33be8d39196e8477a83f0f4,21,RequestedWithdrawal,0xcc10abf54af5c0718b10b0156dfe1e369ce3eee72423e9e86936a0082e9c5d1b,0xd75ae7d2ce571fb875ea582e39c30ad75f705a4d,999.0,1782376031655000,1
477135298,2026-06-25T08:27:24Z,1782376044000,0x5df9fc036f525a82c4965d9665db1fd7cb47dd73633b994fe6c2d048ce8134cb,1,FinalizedWithdrawal,0xe5c7fe3a4ffca1590f26d74c8ba8b0db69557f7f4607a2a43f82e93041611978,0x22acbb922c1a4f345f0f031eaf2de662f4de1f44,42.0,1782375832347000,1
477135493,2026-06-25T08:28:13Z,1782376093000,0x828133d823eb1f41a66f48e789ced3b7371dacf5c3caad532c6e5ae00a1774b8,11,RequestedWithdrawal,0xcc10abf54af5c0718b10b0156dfe1e369ce3eee72423e9e86936a0082e9c5d1b,0xd058652d344773db2b24db798c6f3b7f2e91f0cf,834.06,1782376075489000,1
477135682,2026-06-25T08:29:00Z,1782376140000,0x997a9a7e8c213562b260cb09aeb7368b9a20d3bad25ff18d8905430eac4babb3,0,RequestedWithdrawal,0xcc10abf54af5c0718b10b0156dfe1e369ce3eee72423e9e86936a0082e9c5d1b,0x62dbec4cd5fbc4b84994fc52520cd300b7168312,385.0,1782376129298000,1
477135896,2026-06-25T08:29:52Z,1782376192000,0x37937b6f3ba121663bbd99289a0eae82c5f8dbc1595ff63c0957ed2c3b436177,1,FinalizedWithdrawal,0xe5c7fe3a4ffca1590f26d74c8ba8b0db69557f7f4607a2a43f82e93041611978,0x3ba13d236bacdecdfab71420a3f06489b25d2a62,99.69,1782375968947000,1
477136003,2026-06-25T08:30:19Z,1782376219000,0x604bf634f4950ca2cdf24a22e793dacc9585f61ecba04836de1bebe9a30320d0,10,FinalizedWithdrawal,0xe5c7fe3a4ffca1590f26d74c8ba8b0db69557f7f4607a2a43f82e93041611978,0x68b7f858e26374e671bf340b02db62f3a9c41649,288.26,1782375984328000,1
477136170,2026-06-25T08:31:01Z,1782376261000,0xc0654e57a996b5f8fd42eb3582e1b71b53653b7f468e98cf3b25d8f61bf08fac,1,FinalizedWithdrawal,0xe5c7fe3a4ffca1590f26d74c8ba8b0db69557f7f4607a2a43f82e93041611978,0xd75ae7d2ce571fb875ea582e39c30ad75f705a4d,999.0,1782376031655000,1
477136373,2026-06-25T08:31:52Z,1782376312000,0xbce7e94d9e8debc26d139111b9b85d14f7c41fa03d2e2c3bbf500f311bdfbc88,8,RequestedWithdrawal,0xcc10abf54af5c0718b10b0156dfe1e369ce3eee72423e9e86936a0082e9c5d1b,0x62dbec4cd5fbc4b84994fc52520cd300b7168312,592.0,1782376285884000,1
477136373,2026-06-25T08:31:52Z,1782376312000,0xbce7e94d9e8debc26d139111b9b85d14f7c41fa03d2e2c3bbf500f311bdfbc88,9,RequestedWithdrawal,0xcc10abf54af5c0718b10b0156dfe1e369ce3eee72423e9e86936a0082e9c5d1b,0x899d9f69f3f4a5acf25d22f382cddc8c4b720117,118.49,1782376291586000,1
477136378,2026-06-25T08:31:53Z,1782376313000,0x3b47f943e1997e1538e124991ee8f728c901bb4e8cfeafc7940f0dfc7033fc89,22,FinalizedWithdrawal,0xe5c7fe3a4ffca1590f26d74c8ba8b0db69557f7f4607a2a43f82e93041611978,0xd058652d344773db2b24db798c6f3b7f2e91f0cf,834.06,1782376075489000,1
477136563,2026-06-25T08:32:39Z,1782376359000,0xf02ec1137ccfd5a648fe8f245f3bd5493fcf88e639754810767c452841413521,32,FinalizedWithdrawal,0xe5c7fe3a4ffca1590f26d74c8ba8b0db69557f7f4607a2a43f82e93041611978,0x62dbec4cd5fbc4b84994fc52520cd300b7168312,385.0,1782376129298000,1
477137141,2026-06-25T08:35:04Z,1782376504000,0xa14ce71c68142868d35a9ed4169c801857f0b13aaa5f182f0bf1abcc165e6a7c,11,RequestedWithdrawal,0xcc10abf54af5c0718b10b0156dfe1e369ce3eee72423e9e86936a0082e9c5d1b,0xabb3f8fd91ff4f8a080c8477186a316960c48f16,1.0,1782376482043000,1
477137239,2026-06-25T08:35:29Z,1782376529000,0x7b671b47ab0172cd601b7b3dfc742e492ad66bf24ae70be52f24373bb40a3c6b,17,FinalizedWithdrawal,0xe5c7fe3a4ffca1590f26d74c8ba8b0db69557f7f4607a2a43f82e93041611978,0x62dbec4cd5fbc4b84994fc52520cd300b7168312,592.0,1782376285884000,1
477137239,2026-06-25T08:35:29Z,1782376529000,0x7b671b47ab0172cd601b7b3dfc742e492ad66bf24ae70be52f24373bb40a3c6b,19,FinalizedWithdrawal,0xe5c7fe3a4ffca1590f26d74c8ba8b0db69557f7f4607a2a43f82e93041611978,0x899d9f69f3f4a5acf25d22f382cddc8c4b720117,118.49,1782376291586000,1
477137724,2026-06-25T08:37:29Z,1782376649000,0x862c78007dc27ba02027aae40709c363180c7f7fc8ea45ffd72c016abc8635ec,6,RequestedWithdrawal,0xcc10abf54af5c0718b10b0156dfe1e369ce3eee72423e9e86936a0082e9c5d1b,0x240a05e0c715d274557e57fb0e68baf21bbe1414,48.78,1782376621008000,1
477137983,2026-06-25T08:38:34Z,1782376714000,0x21747fc85f8905ee9d41e64d2acac09e45f4aacadc44e069b6670507ae644443,3,RequestedWithdrawal,0xcc10abf54af5c0718b10b0156dfe1e369ce3eee72423e9e86936a0082e9c5d1b,0xab8fbcc4dcd5c61b5481faf1828871e492d01d99,17.02,1782376693124000,1
477137990,2026-06-25T08:38:36Z,1782376716000,0xd17217515ebd4c7b60915a54c5721a007a917c9a40bd5acc81102a72d29eaa36,9,FinalizedWithdrawal,0xe5c7fe3a4ffca1590f26d74c8ba8b0db69557f7f4607a2a43f82e93041611978,0xabb3f8fd91ff4f8a080c8477186a316960c48f16,1.0,1782376482043000,1
477138073,2026-06-25T08:38:57Z,1782376737000,0xe8871c2365d87c6a5b6164bdbdf701bdd04c0cf34f87f11f5196a7ee17a0a7d0,19,RequestedWithdrawal,0xcc10abf54af5c0718b10b0156dfe1e369ce3eee72423e9e86936a0082e9c5d1b,0x598b3f3deee96b24295d9eecfdb5caa820057bb7,41.03,1782376721105000,1
477138173,2026-06-25T08:39:22Z,1782376762000,0x85247630d9b419df2727a16f7cc8bd4d2dedaf7298df3a6e4f947141191513f5,23,RequestedWithdrawal,0xcc10abf54af5c0718b10b0156dfe1e369ce3eee72423e9e86936a0082e9c5d1b,0x68b7f858e26374e671bf340b02db62f3a9c41649,287.25,1782376745075000,1
477138375,2026-06-25T08:40:12Z,1782376812000,0x4fa72d08114fe8ed33e33808a1e5392b4c7231699edb8542ddba97c433b0086a,21,RequestedWithdrawal,0xcc10abf54af5c0718b10b0156dfe1e369ce3eee72423e9e86936a0082e9c5d1b,0xbda813c4bcda8b0a3b2a9328851d9d18de48c7f0,4.0,1782376786392000,1
477138564,2026-06-25T08:41:00Z,1782376860000,0x8f9f43054ab9af321f81304dd08ee44342c5bcfea5df0a59aca12c9eba95ce61,16,RequestedWithdrawal,0xcc10abf54af5c0718b10b0156dfe1e369ce3eee72423e9e86936a0082e9c5d1b,0x88e4830c4944d411d728aed6c191af2f8613691b,393.0,1782376842394000,1
477138571,2026-06-25T08:41:02Z,1782376862000,0x95ae2f40fc42142c0f0af0010477c47a4a117d8c43d427608430a61bbf19eec8,1,FinalizedWithdrawal,0xe5c7fe3a4ffca1590f26d74c8ba8b0db69557f7f4607a2a43f82e93041611978,0x240a05e0c715d274557e57fb0e68baf21bbe1414,48.78,1782376621008000,1
477138851,2026-06-25T08:42:11Z,1782376931000,0xf15b028d13254ba4c06d32c858443be25fb66fd2ec1693ec264d16430442c11c,9,FinalizedWithdrawal,0xe5c7fe3a4ffca1590f26d74c8ba8b0db69557f7f4607a2a43f82e93041611978,0xab8fbcc4dcd5c61b5481faf1828871e492d01d99,17.02,1782376693124000,1
477138946,2026-06-25T08:42:35Z,1782376955000,0xe7f4f40ed935ea0db3698352ec2fdac8189109c307b043b06897e9425c6c90e6,6,FinalizedWithdrawal,0xe5c7fe3a4ffca1590f26d74c8ba8b0db69557f7f4607a2a43f82e93041611978,0x598b3f3deee96b24295d9eecfdb5caa820057bb7,41.03,1782376721105000,1
477139046,2026-06-25T08:43:00Z,1782376980000,0x35ea70fe58a01387fc2588ff603fb48365bc70429276270a582ca4be81227377,49,FinalizedWithdrawal,0xe5c7fe3a4ffca1590f26d74c8ba8b0db69557f7f4607a2a43f82e93041611978,0x68b7f858e26374e671bf340b02db62f3a9c41649,287.25,1782376745075000,1
477139248,2026-06-25T08:43:50Z,1782377030000,0x5a087536dae6822a162cab84fa59be9fef64fb0b73bd300de2a3a4b0f9b40723,7,RequestedWithdrawal,0xcc10abf54af5c0718b10b0156dfe1e369ce3eee72423e9e86936a0082e9c5d1b,0x023a3d058020fb76cca98f01b3c48c8938a22355,899279.0,1782377004416000,1
477139248,2026-06-25T08:43:50Z,1782377030000,0x5a087536dae6822a162cab84fa59be9fef64fb0b73bd300de2a3a4b0f9b40723,8,RequestedWithdrawal,0xcc10abf54af5c0718b10b0156dfe1e369ce3eee72423e9e86936a0082e9c5d1b,0x62dbec4cd5fbc4b84994fc52520cd300b7168312,1277.0,1782377015801000,1
477139254,2026-06-25T08:43:52Z,1782377032000,0x3dd10e4c94821f8aae35bd1b1874ad6af5429eec584b000396b321c946ab8d16,7,FinalizedWithdrawal,0xe5c7fe3a4ffca1590f26d74c8ba8b0db69557f7f4607a2a43f82e93041611978,0xbda813c4bcda8b0a3b2a9328851d9d18de48c7f0,4.0,1782376786392000,1
477139427,2026-06-25T08:44:35Z,1782377075000,0x1be1dfbdaa6380225abeb13afa9fcc0d4b6f4e3bdf370523d7ec8190b97f5180,18,RequestedWithdrawal,0xcc10abf54af5c0718b10b0156dfe1e369ce3eee72423e9e86936a0082e9c5d1b,0xc4a7e02209543b958d1e5d2c1523922168933c4a,2082.727513,1782377066153000,1
477139433,2026-06-25T08:44:37Z,1782377077000,0x81b2073b5dbf443db7ee7c700cc57bf362a116ec9ff38fad64a9f2d1b632e734,3,FinalizedWithdrawal,0xe5c7fe3a4ffca1590f26d74c8ba8b0db69557f7f4607a2a43f82e93041611978,0x88e4830c4944d411d728aed6c191af2f8613691b,393.0,1782376842394000,1
477140084,2026-06-25T08:47:20Z,1782377240000,0x9eb6d7a637dbf118b3e3de18df1f04b5748c98044e0abccda18b0402c63977a6,28,FinalizedWithdrawal,0xe5c7fe3a4ffca1590f26d74c8ba8b0db69557f7f4607a2a43f82e93041611978,0x62dbec4cd5fbc4b84994fc52520cd300b7168312,1277.0,1782377015801000,1
477140084,2026-06-25T08:47:20Z,1782377240000,0x9eb6d7a637dbf118b3e3de18df1f04b5748c98044e0abccda18b0402c63977a6,30,FinalizedWithdrawal,0xe5c7fe3a4ffca1590f26d74c8ba8b0db69557f7f4607a2a43f82e93041611978,0x023a3d058020fb76cca98f01b3c48c8938a22355,899279.0,1782377004416000,1
477140287,2026-06-25T08:48:11Z,1782377291000,0x468de1a1bc5bd88d3222c5879eb0a58309a44bd61af38aa0c40fe3857ad05ca3,8,RequestedWithdrawal,0xcc10abf54af5c0718b10b0156dfe1e369ce3eee72423e9e86936a0082e9c5d1b,0x6d0e2a46c5ffde9d86378a5ce91093e601a92e43,20.04332,1782377266251000,1
477140287,2026-06-25T08:48:11Z,1782377291000,0x468de1a1bc5bd88d3222c5879eb0a58309a44bd61af38aa0c40fe3857ad05ca3,9,RequestedWithdrawal,0xcc10abf54af5c0718b10b0156dfe1e369ce3eee72423e9e86936a0082e9c5d1b,0xdc4a1f17e405f1188176c1544abfc5b88220e2e7,5.65764,1782377286865000,1
477140294,2026-06-25T08:48:12Z,1782377292000,0x496027674484b17f0e996b6e76330b4a3827b159554509d9e66812b2a77d5ccd,2,FinalizedWithdrawal,0xe5c7fe3a4ffca1590f26d74c8ba8b0db69557f7f4607a2a43f82e93041611978,0xc4a7e02209543b958d1e5d2c1523922168933c4a,2082.727513,1782377066153000,1
477140854,2026-06-25T08:50:31Z,1782377431000,0x088f88abad430443150d2968bb8a9b111ed12bd6fd77d21d57675ecbce5b8026,1,RequestedWithdrawal,0xcc10abf54af5c0718b10b0156dfe1e369ce3eee72423e9e86936a0082e9c5d1b,0x8c07e1a5f20196765817fc95b4eac0269b856457,10.91151,1782377422831000,1
477140961,2026-06-25T08:50:58Z,1782377458000,0x2b6d53b8eb84db19667705f0232a2f12e8c0b18c8145ded119a532064bba3a47,8,RequestedWithdrawal,0xcc10abf54af5c0718b10b0156dfe1e369ce3eee72423e9e86936a0082e9c5d1b,0x8e3d5e109837c11ddd373d97c9b3e4d716f1423a,189999.0,1782377438158000,1
477141167,2026-06-25T08:51:50Z,1782377510000,0xdb4f90981d299c25072e95111bef8f50982ca7471cb88c34ae09e050485b2524,7,FinalizedWithdrawal,0xe5c7fe3a4ffca1590f26d74c8ba8b0db69557f7f4607a2a43f82e93041611978,0xdc4a1f17e405f1188176c1544abfc5b88220e2e7,5.65764,1782377286865000,1
477141167,2026-06-25T08:51:50Z,1782377510000,0xdb4f90981d299c25072e95111bef8f50982ca7471cb88c34ae09e050485b2524,9,FinalizedWithdrawal,0xe5c7fe3a4ffca1590f26d74c8ba8b0db69557f7f4607a2a43f82e93041611978,0x6d0e2a46c5ffde9d86378a5ce91093e601a92e43,20.04332,1782377266251000,1
477141643,2026-06-25T08:53:49Z,1782377629000,0x7c8fe8f5be41529971c5cc3dfa1e5f56cf0a80b22791121a3d647ae2c5d5108b,18,RequestedWithdrawal,0xcc10abf54af5c0718b10b0156dfe1e369ce3eee72423e9e86936a0082e9c5d1b,0x0e3f0e7245ccae0b2ca20f8d80ce37b76fef958e,96.13,1782377621306000,1
477141738,2026-06-25T08:54:13Z,1782377653000,0xac68c132827b831e9cadcbe338252842f587212a278507c93f832ef3ef120bf6,0,RequestedWithdrawal,0xcc10abf54af5c0718b10b0156dfe1e369ce3eee72423e9e86936a0082e9c5d1b,0x6a606ab43eaad1ca84a5cb5b15bf4cf32ba9b6c5,99.0,1782377627026000,1
477141745,2026-06-25T08:54:15Z,1782377655000,0xfabc32e3c3d24863131a7b76e9372f6adb092c28c8973180a9520f6ca80b0e64,1,FinalizedWithdrawal,0xe5c7fe3a4ffca1590f26d74c8ba8b0db69557f7f4607a2a43f82e93041611978,0x8c07e1a5f20196765817fc95b4eac0269b856457,10.91151,1782377422831000,1
477141846,2026-06-25T08:54:40Z,1782377680000,0x884163d43bbdd885e662ffa988687a68b4e57ee39d6c360f07b0c04ef3f985c5,6,RequestedWithdrawal,0xcc10abf54af5c0718b10b0156dfe1e369ce3eee72423e9e86936a0082e9c5d1b,0x62dbec4cd5fbc4b84994fc52520cd300b7168312,622.0,1782377666460000,1
477141851,2026-06-25T08:54:41Z,1782377681000,0xe356131daf4b4de9969bc30d4382e49ffd220a696b46f2ce44d13b68056c9d6a,6,FinalizedWithdrawal,0xe5c7fe3a4ffca1590f26d74c8ba8b0db69557f7f4607a2a43f82e93041611978,0x8e3d5e109837c11ddd373d97c9b3e4d716f1423a,189999.0,1782377438158000,1
477141954,2026-06-25T08:55:07Z,1782377707000,0x60f07e9f522a90079e07ffec664031dfb95a646ec95e9fe5ecc1b7cc3f2f1e51,19,RequestedWithdrawal,0xcc10abf54af5c0718b10b0156dfe1e369ce3eee72423e9e86936a0082e9c5d1b,0xa81cebd716d82c5d3ffa34a8de41fb15ae5f5378,458.75,1782377700231000,1
477141954,2026-06-25T08:55:07Z,1782377707000,0x60f07e9f522a90079e07ffec664031dfb95a646ec95e9fe5ecc1b7cc3f2f1e51,20,RequestedWithdrawal,0xcc10abf54af5c0718b10b0156dfe1e369ce3eee72423e9e86936a0082e9c5d1b,0xfdd5125b24f04360e5df34afd0adcbb932f065c0,98.423191,1782377693203000,1
477142053,2026-06-25T08:55:31Z,1782377731000,0x9c61ffe9a50c02f267c732daddcac182d03f4431cda388b4eafc0cad322e8e41,0,RequestedWithdrawal,0xcc10abf54af5c0718b10b0156dfe1e369ce3eee72423e9e86936a0082e9c5d1b,0xd4ca3eafbc318318b103a0a779613723459e1a1d,106.299928,1782377726523000,1
477142156,2026-06-25T08:55:57Z,1782377757000,0x82785fa06069e0bfe0bceffed689c409fcc851d85b27c162c71fb5b899c91088,0,RequestedWithdrawal,0xcc10abf54af5c0718b10b0156dfe1e369ce3eee72423e9e86936a0082e9c5d1b,0xf3dd7e11fda8c3d8afe149dfe338df42778b1ca4,19.0,1782377727320000,1
477142527,2026-06-25T08:57:30Z,1782377850000,0xf3fb2c2bbd30a7f38200118ae957ae33ee3dc991fff3652a8815a10ade9acca9,17,FinalizedWithdrawal,0xe5c7fe3a4ffca1590f26d74c8ba8b0db69557f7f4607a2a43f82e93041611978,0x0e3f0e7245ccae0b2ca20f8d80ce37b76fef958e,96.13,1782377621306000,1
477142631,2026-06-25T08:57:56Z,1782377876000,0x3b58e4bda3b61d52c22ab618ec6ec842b0d4797fd1cb2b00af060add7fcde7ce,1,RequestedWithdrawal,0xcc10abf54af5c0718b10b0156dfe1e369ce3eee72423e9e86936a0082e9c5d1b,0x499b252163b8359e2acad3ca21ead0d0e9289fbf,5.6,1782377855140000,1
477142636,2026-06-25T08:57:57Z,1782377877000,0x23256b5dcdf0ebc8c2bd8455f9c156a055e05d1a2ac91399018bea0d4c96ec0d,6,FinalizedWithdrawal,0xe5c7fe3a4ffca1590f26d74c8ba8b0db69557f7f4607a2a43f82e93041611978,0x6a606ab43eaad1ca84a5cb5b15bf4cf32ba9b6c5,99.0,1782377627026000,1
477142739,2026-06-25T08:58:23Z,1782377903000,0xc6fa66bb0bad0f8372aee0c09a8c96f140262ceb55351c15820ff7ae404cafdb,17,FinalizedWithdrawal,0xe5c7fe3a4ffca1590f26d74c8ba8b0db69557f7f4607a2a43f82e93041611978,0x62dbec4cd5fbc4b84994fc52520cd300b7168312,622.0,1782377666460000,1
477142845,2026-06-25T08:58:49Z,1782377929000,0x5429c03fa7789b0659146fa44b292e543f91043ba6aca96aec17cce0155db2c3,4,FinalizedWithdrawal,0xe5c7fe3a4ffca1590f26d74c8ba8b0db69557f7f4607a2a43f82e93041611978,0xa81cebd716d82c5d3ffa34a8de41fb15ae5f5378,458.75,1782377700231000,1
477142845,2026-06-25T08:58:49Z,1782377929000,0x5429c03fa7789b0659146fa44b292e543f91043ba6aca96aec17cce0155db2c3,6,FinalizedWithdrawal,0xe5c7fe3a4ffca1590f26d74c8ba8b0db69557f7f4607a2a43f82e93041611978,0xfdd5125b24f04360e5df34afd0adcbb932f065c0,98.423191,1782377693203000,1
477142917,2026-06-25T08:59:07Z,1782377947000,0x7326ef87662652f3e49c35281598f16883cb7b7385a8d5594554af96f573bdbf,11,FinalizedWithdrawal,0xe5c7fe3a4ffca1590f26d74c8ba8b0db69557f7f4607a2a43f82e93041611978,0xd4ca3eafbc318318b103a0a779613723459e1a1d,106.299928,1782377726523000,1
477143022,2026-06-25T08:59:34Z,1782377974000,0xdb95d5cbceeadcf7d86aa7a9a86435817526d93c72e4bb390dc38d1c31bcac09,18,FinalizedWithdrawal,0xe5c7fe3a4ffca1590f26d74c8ba8b0db69557f7f4607a2a43f82e93041611978,0xf3dd7e11fda8c3d8afe149dfe338df42778b1ca4,19.0,1782377727320000,1
477143223,2026-06-25T09:00:24Z,1782378024000,0xf02d7bfa514b5ab93429dc5c8d412ef9902c280e1effa6b42350ac7a822cf41d,8,RequestedWithdrawal,0xcc10abf54af5c0718b10b0156dfe1e369ce3eee72423e9e86936a0082e9c5d1b,0x7f49df0fcb42a93a2b03fa4add5648b2dfe895a7,9.0,1782378001170000,1
477143299,2026-06-25T09:00:43Z,1782378043000,0x41cd6f8852c9a3cf82c082bd6221513d07b71e724020be3eabaa94136496c2e3,55,RequestedWithdrawal,0xcc10abf54af5c0718b10b0156dfe1e369ce3eee72423e9e86936a0082e9c5d1b,0x62dbec4cd5fbc4b84994fc52520cd300b7168312,464.0,1782378018319000,1
477143396,2026-06-25T09:01:07Z,1782378067000,0x5e4b861133cd590aac685bb24815311aa73f6bbc32b4d5b1b43d72734813b211,9,RequestedWithdrawal,0xcc10abf54af5c0718b10b0156dfe1e369ce3eee72423e9e86936a0082e9c5d1b,0x62dbec4cd5fbc4b84994fc52520cd300b7168312,451.0,1782378050651000,1
477143506,2026-06-25T09:01:34Z,1782378094000,0x8f740c1313c61f961356e02c03200fc62a7b07eeaee59d305edc3f76a5af02f7,9,FinalizedWithdrawal,0xe5c7fe3a4ffca1590f26d74c8ba8b0db69557f7f4607a2a43f82e93041611978,0x499b252163b8359e2acad3ca21ead0d0e9289fbf,5.6,1782377855140000,1
477143608,2026-06-25T09:01:59Z,1782378119000,0xf6b318511e979b1c098ef05e489925078580371c7cb12455eda1eb7619d16461,8,RequestedWithdrawal,0xcc10abf54af5c0718b10b0156dfe1e369ce3eee72423e9e86936a0082e9c5d1b,0x17961be063c6754fc6d1a438bc17db6c00d7a971,29.0,1782378092787000,1
477143608,2026-06-25T09:01:59Z,1782378119000,0xf6b318511e979b1c098ef05e489925078580371c7cb12455eda1eb7619d16461,9,RequestedWithdrawal,0xcc10abf54af5c0718b10b0156dfe1e369ce3eee72423e9e86936a0082e9c5d1b,0x9d96c18c4dc1e82d66122816d1bed79a8b32b128,72.176851,1782378092375000,1
477143714,2026-06-25T09:02:26Z,1782378146000,0x2ddfd1b32fbbba6ffc012640455daf7cc3fa719024cf19d1b80bc89cec746f9f,0,RequestedWithdrawal,0xcc10abf54af5c0718b10b0156dfe1e369ce3eee72423e9e86936a0082e9c5d1b,0x2398af058cd89bffb0fb9157bc3605f303ebc00d,60.41,1782378126391000,1
477143922,2026-06-25T09:03:18Z,1782378198000,0x8dc9fd0a810d519b9ac962c7ba28b9f394e6c064393149c60b724bc50a0639b1,1,RequestedWithdrawal,0xcc10abf54af5c0718b10b0156dfe1e369ce3eee72423e9e86936a0082e9c5d1b,0x0d049e8e76dc4319b81a2921c5e0d47120d2a54c,55.1,1782378168980000,1
477144123,2026-06-25T09:04:08Z,1782378248000,0xfa5bb18eac039c8a6c010b930a5c1cd6a7e4610e1c069e2b9d3fa24741706d80,25,FinalizedWithdrawal,0xe5c7fe3a4ffca1590f26d74c8ba8b0db69557f7f4607a2a43f82e93041611978,0x62dbec4cd5fbc4b84994fc52520cd300b7168312,464.0,1782378018319000,1
477144123,2026-06-25T09:04:08Z,1782378248000,0xfa5bb18eac039c8a6c010b930a5c1cd6a7e4610e1c069e2b9d3fa24741706d80,27,FinalizedWithdrawal,0xe5c7fe3a4ffca1590f26d74c8ba8b0db69557f7f4607a2a43f82e93041611978,0x7f49df0fcb42a93a2b03fa4add5648b2dfe895a7,9.0,1782378001170000,1
477144293,2026-06-25T09:04:51Z,1782378291000,0xd3a4a0e8add05639448d4aa3d2e1c204362011195390bee3a5ecc941afcaf018,22,FinalizedWithdrawal,0xe5c7fe3a4ffca1590f26d74c8ba8b0db69557f7f4607a2a43f82e93041611978,0x62dbec4cd5fbc4b84994fc52520cd300b7168312,451.0,1782378050651000,1
477144407,2026-06-25T09:05:19Z,1782378319000,0x6d0408ceb87d2d67fdb92a795aace82bd4a2a5f1cbc57c8519fa9d9f8272f98c,17,RequestedWithdrawal,0xcc10abf54af5c0718b10b0156dfe1e369ce3eee72423e9e86936a0082e9c5d1b,0x2b951f1e362927542bda33c75f9d6ca274a86e05,125.85,1782378293150000,1
477144478,2026-06-25T09:05:37Z,1782378337000,0x926b31fec494d333b70cc2d9e9dcaaa9bb130e1e71e48c75e1c1fd88fe559222,1,FinalizedWithdrawal,0xe5c7fe3a4ffca1590f26d74c8ba8b0db69557f7f4607a2a43f82e93041611978,0x17961be063c6754fc6d1a438bc17db6c00d7a971,29.0,1782378092787000,1
477144478,2026-06-25T09:05:37Z,1782378337000,0x926b31fec494d333b70cc2d9e9dcaaa9bb130e1e71e48c75e1c1fd88fe559222,3,FinalizedWithdrawal,0xe5c7fe3a4ffca1590f26d74c8ba8b0db69557f7f4607a2a43f82e93041611978,0x9d96c18c4dc1e82d66122816d1bed79a8b32b128,72.176851,1782378092375000,1
477144564,2026-06-25T09:05:59Z,1782378359000,0x330f376969f334d85592f320429e9462bcc011a7d8d1fc52f5e65ba2fbd60ca3,1,FinalizedWithdrawal,0xe5c7fe3a4ffca1590f26d74c8ba8b0db69557f7f4607a2a43f82e93041611978,0x2398af058cd89bffb0fb9157bc3605f303ebc00d,60.41,1782378126391000,1
477144770,2026-06-25T09:06:50Z,1782378410000,0x1e01282860c2abf56ace2c22ef3f16d93151c56483f23156a3b551ae87db28a3,6,FinalizedWithdrawal,0xe5c7fe3a4ffca1590f26d74c8ba8b0db69557f7f4607a2a43f82e93041611978,0x0d049e8e76dc4319b81a2921c5e0d47120d2a54c,55.1,1782378168980000,1
477144884,2026-06-25T09:07:19Z,1782378439000,0xc0f90f6e962f08181bc6e56004307eabdf0671c26dae72ee99d6be76719202eb,92,RequestedWithdrawal,0xcc10abf54af5c0718b10b0156dfe1e369ce3eee72423e9e86936a0082e9c5d1b,0x43014ad668183d1a2e411ecc55eb40525e3f6362,2.03,1782378431282000,1
477145070,2026-06-25T09:08:04Z,1782378484000,0x03899b955f386016a0329a272b168c804c94cd8d935b8bdcca6443f424698fad,1,RequestedWithdrawal,0xcc10abf54af5c0718b10b0156dfe1e369ce3eee72423e9e86936a0082e9c5d1b,0x5f557c1abca351a2f2c4c1efa7694fb935fc1188,7.491648,1782378467258000,1
477145070,2026-06-25T09:08:04Z,1782378484000,0x03899b955f386016a0329a272b168c804c94cd8d935b8bdcca6443f424698fad,2,RequestedWithdrawal,0xcc10abf54af5c0718b10b0156dfe1e369ce3eee72423e9e86936a0082e9c5d1b,0xf3dd7e11fda8c3d8afe149dfe338df42778b1ca4,999.0,1782378473907000,1
477145261,2026-06-25T09:08:52Z,1782378532000,0xc325c88342164dc29833160819e901f7b07e2ff9fd0370853ec5ecb12165e198,1,FinalizedWithdrawal,0xe5c7fe3a4ffca1590f26d74c8ba8b0db69557f7f4607a2a43f82e93041611978,0x2b951f1e362927542bda33c75f9d6ca274a86e05,125.85,1782378293150000,1
477145459,2026-06-25T09:09:42Z,1782378582000,0x9228269936a665df71acebab9225540ad5a53ff0764f7e8ab81e4589881c9d91,4,RequestedWithdrawal,0xcc10abf54af5c0718b10b0156dfe1e369ce3eee72423e9e86936a0082e9c5d1b,0x73ba98ca0babd9e2daad17e79f74cee18a24120b,99.0,1782378569750000,1
477145742,2026-06-25T09:10:53Z,1782378653000,0x2e8feec51a3cda99a42a6e8f99b4f0ba3512870271740b94c4d3006370a1a8f4,23,FinalizedWithdrawal,0xe5c7fe3a4ffca1590f26d74c8ba8b0db69557f7f4607a2a43f82e93041611978,0x43014ad668183d1a2e411ecc55eb40525e3f6362,2.03,1782378431282000,1
477145942,2026-06-25T09:11:43Z,1782378703000,0xeffcb28571665241212d9e252ab2f5086ec90af1210f79bdb1934161cd3fa5c6,19,FinalizedWithdrawal,0xe5c7fe3a4ffca1590f26d74c8ba8b0db69557f7f4607a2a43f82e93041611978,0x5f557c1abca351a2f2c4c1efa7694fb935fc1188,7.491648,1782378467258000,1
477145942,2026-06-25T09:11:43Z,1782378703000,0xeffcb28571665241212d9e252ab2f5086ec90af1210f79bdb1934161cd3fa5c6,21,FinalizedWithdrawal,0xe5c7fe3a4ffca1590f26d74c8ba8b0db69557f7f4607a2a43f82e93041611978,0xf3dd7e11fda8c3d8afe149dfe338df42778b1ca4,999.0,1782378473907000,1
477146047,2026-06-25T09:12:09Z,1782378729000,0x2927c42a6fde15381be804536a27733bfeb42e5f6788673206a8f35594e8b244,24,RequestedWithdrawal,0xcc10abf54af5c0718b10b0156dfe1e369ce3eee72423e9e86936a0082e9c5d1b,0x62dbec4cd5fbc4b84994fc52520cd300b7168312,400.0,1782378716031000,1
477146322,2026-06-25T09:13:18Z,1782378798000,0xdf50b12aee7d31eb432633409c2ccee772cb37e538bbf7b7f803773738322461,4,FinalizedWithdrawal,0xe5c7fe3a4ffca1590f26d74c8ba8b0db69557f7f4607a2a43f82e93041611978,0x73ba98ca0babd9e2daad17e79f74cee18a24120b,99.0,1782378569750000,1
477146858,2026-06-25T09:15:31Z,1782378931000,0x132003ab7a6ddc168bf94c48c33e721869ae2a94a9ed105fa510356563f5e0f7,13,FinalizedWithdrawal,0xe5c7fe3a4ffca1590f26d74c8ba8b0db69557f7f4607a2a43f82e93041611978,0x62dbec4cd5fbc4b84994fc52520cd300b7168312,400.0,1782378716031000,1
477147519,2026-06-25T09:18:17Z,1782379097000,0xaee5d0ff368c8c9b6030181efc6876f3f057b5a21cb8c6cc16adcf2b3425d122,8,RequestedWithdrawal,0xcc10abf54af5c0718b10b0156dfe1e369ce3eee72423e9e86936a0082e9c5d1b,0x6a6815bde5bbfef894f0536ce5097cbc723bebb0,179.0,1782379078767000,1
477147519,2026-06-25T09:18:17Z,1782379097000,0xaee5d0ff368c8c9b6030181efc6876f3f057b5a21cb8c6cc16adcf2b3425d122,9,RequestedWithdrawal,0xcc10abf54af5c0718b10b0156dfe1e369ce3eee72423e9e86936a0082e9c5d1b,0xdc4a1f17e405f1188176c1544abfc5b88220e2e7,5.803807,1782379090325000,1
477147710,2026-06-25T09:19:05Z,1782379145000,0x7ce0d68ebbd9d768b68d614ef84768042080414d17be85d7775e75740f58a8f0,7,RequestedWithdrawal,0xcc10abf54af5c0718b10b0156dfe1e369ce3eee72423e9e86936a0082e9c5d1b,0x41709ec3ed01f9d1d74a6b7b51843f1314496ffa,23.18,1782379140422000,1
477148096,2026-06-25T09:20:40Z,1782379240000,0x7344e002271e7ebec394c09b901bb1fbf57f4167c0c9bfb73f94ae14ca6aa1cb,0,RequestedWithdrawal,0xcc10abf54af5c0718b10b0156dfe1e369ce3eee72423e9e86936a0082e9c5d1b,0x7dfda703d51104a461b55908c1bd80a5652fb749,2579.03,1782379213313000,1
477148332,2026-06-25T09:21:39Z,1782379299000,0xcd31fef145c8ecb4ffacb60951348f97324c10dba2fbfca1c65dc913e7e1759d,12,FailedPermitDeposit,0xa2dc875d1f90a167d873c30143e7631eb311ea851e74c8c4e9b92c80efeba489,,,,1
477148391,2026-06-25T09:21:54Z,1782379314000,0xed29d30742ae7197855603d258570587ff916a14a4c6e497fbe73d5c43d9322a,5,FinalizedWithdrawal,0xe5c7fe3a4ffca1590f26d74c8ba8b0db69557f7f4607a2a43f82e93041611978,0x6a6815bde5bbfef894f0536ce5097cbc723bebb0,179.0,1782379078767000,1
477148391,2026-06-25T09:21:54Z,1782379314000,0xed29d30742ae7197855603d258570587ff916a14a4c6e497fbe73d5c43d9322a,7,FinalizedWithdrawal,0xe5c7fe3a4ffca1590f26d74c8ba8b0db69557f7f4607a2a43f82e93041611978,0xdc4a1f17e405f1188176c1544abfc5b88220e2e7,5.803807,1782379090325000,1
477148585,2026-06-25T09:22:43Z,1782379363000,0x8a2efcedee4c69a4181b3c8489e732fe6361fade0492256a93cf6447fcebed66,3,FinalizedWithdrawal,0xe5c7fe3a4ffca1590f26d74c8ba8b0db69557f7f4607a2a43f82e93041611978,0x41709ec3ed01f9d1d74a6b7b51843f1314496ffa,23.18,1782379140422000,1
477148888,2026-06-25T09:23:59Z,1782379439000,0xd8f54653ecec356fa36a7f15f722e698a6f2e0ed76ee632fceadaa984dfed7e1,0,RequestedWithdrawal,0xcc10abf54af5c0718b10b0156dfe1e369ce3eee72423e9e86936a0082e9c5d1b,0x62dbec4cd5fbc4b84994fc52520cd300b7168312,505.0,1782379416704000,1
477148974,2026-06-25T09:24:20Z,1782379460000,0x7126d257fdc01870b302558d330c7c058ac9d14b963f44806a1cc1c72c63ad93,4,RequestedWithdrawal,0xcc10abf54af5c0718b10b0156dfe1e369ce3eee72423e9e86936a0082e9c5d1b,0x62dbec4cd5fbc4b84994fc52520cd300b7168312,822.0,1782379453316000,1
477148979,2026-06-25T09:24:22Z,1782379462000,0x8e80ac77e9e49375752f4be6e24b430d5dc45e655b347b3b1bdb6713e8b8d91c,9,FinalizedWithdrawal,0xe5c7fe3a4ffca1590f26d74c8ba8b0db69557f7f4607a2a43f82e93041611978,0x7dfda703d51104a461b55908c1bd80a5652fb749,2579.03,1782379213313000,1
477149152,2026-06-25T09:25:05Z,1782379505000,0xcccbdc5a999a94b3c72ac00e0e1197fcaff2020d142fd52082f31196df8882ea,10,RequestedWithdrawal,0xcc10abf54af5c0718b10b0156dfe1e369ce3eee72423e9e86936a0082e9c5d1b,0xf032648dfd22c4d81588bd83e09ab89cfe816705,2669.836528,1782379494178000,1
477149267,2026-06-25T09:25:34Z,1782379534000,0x0d85d4564e0fce0ba23b98c56330f7d2a70d14f42ffb108a242b21e7e6b39437,14,RequestedWithdrawal,0xcc10abf54af5c0718b10b0156dfe1e369ce3eee72423e9e86936a0082e9c5d1b,0x62dbec4cd5fbc4b84994fc52520cd300b7168312,242.0,1782379508047000,1
477149459,2026-06-25T09:26:22Z,1782379582000,0xb789f7ba321648e1580ce97c72b4f13a8bde271c6fdbcee750e83a2c794d6936,6,RequestedWithdrawal,0xcc10abf54af5c0718b10b0156dfe1e369ce3eee72423e9e86936a0082e9c5d1b,0x1a4850eb7e1b7cb28a4f42d44c26ef2b64333d13,300.66,1782379573747000,1
477149693,2026-06-25T09:27:19Z,1782379639000,0xc59b1242c88b147162f9b3ab662fc7f0345a0eca1ab261139c326c8412b4faad,4,RequestedWithdrawal,0xcc10abf54af5c0718b10b0156dfe1e369ce3eee72423e9e86936a0082e9c5d1b,0x62ae37a773ae2a578596f81ea2418d81550dfc3d,6.45,1782379612525000,1
477149699,2026-06-25T09:27:21Z,1782379641000,0x8ad5bbb1b01e763e6f8e4baac80c50698e3e29f454529adeadac36be3b38ee79,4,FinalizedWithdrawal,0xe5c7fe3a4ffca1590f26d74c8ba8b0db69557f7f4607a2a43f82e93041611978,0x62dbec4cd5fbc4b84994fc52520cd300b7168312,505.0,1782379416704000,1
477149782,2026-06-25T09:27:42Z,1782379662000,0xd1956723454725590cadbe23123ad1afac25857016e021f5d3190fbc4c57f1e5,4,RequestedWithdrawal,0xcc10abf54af5c0718b10b0156dfe1e369ce3eee72423e9e86936a0082e9c5d1b,0x95fa3da4608bbcd17a4c4970e8f03ca2a10c241e,4.0,1782379644687000,1
477149787,2026-06-25T09:27:43Z,1782379663000,0xd5d763bdd5701d24273f3085994cded1f78618c10cf03bc05d65780740a3ba6a,12,FinalizedWithdrawal,0xe5c7fe3a4ffca1590f26d74c8ba8b0db69557f7f4607a2a43f82e93041611978,0x62dbec4cd5fbc4b84994fc52520cd300b7168312,822.0,1782379453316000,1
477149997,2026-06-25T09:28:36Z,1782379716000,0xbcda6a75693c20ab95970cf2c1699d81a9bba9a1359cf6ae5009948be008d3b9,0,RequestedWithdrawal,0xcc10abf54af5c0718b10b0156dfe1e369ce3eee72423e9e86936a0082e9c5d1b,0x62dbec4cd5fbc4b84994fc52520cd300b7168312,795.0,1782379693475000,1
477150023,2026-06-25T09:28:42Z,1782379722000,0x3f6250ffe39d8e01db1fcf5c00393298890f7d705ba056d138f9ac8144ad5231,4,FinalizedWithdrawal,0xe5c7fe3a4ffca1590f26d74c8ba8b0db69557f7f4607a2a43f82e93041611978,0xf032648dfd22c4d81588bd83e09ab89cfe816705,2669.836528,1782379494178000,1
477150170,2026-06-25T09:29:19Z,1782379759000,0x396f78fefb62a3d257f9bae765d0bc1bb6bd61c94948795ce68d9947c38c5a9a,87,FinalizedWithdrawal,0xe5c7fe3a4ffca1590f26d74c8ba8b0db69557f7f4607a2a43f82e93041611978,0x62dbec4cd5fbc4b84994fc52520cd300b7168312,242.0,1782379508047000,1
477150334,2026-06-25T09:30:00Z,1782379800000,0x760a2d157258c09ac8370546c5f7a19c991bf2204d2d30bfb87ee0aab32b6352,3,FinalizedWithdrawal,0xe5c7fe3a4ffca1590f26d74c8ba8b0db69557f7f4607a2a43f82e93041611978,0x1a4850eb7e1b7cb28a4f42d44c26ef2b64333d13,300.66,1782379573747000,1
477150419,2026-06-25T09:30:21Z,1782379821000,0x6f9826a3e082eeb5f1217f8ea5dc1a04673811562c7dc7bf08a908ab89894139,11,RequestedWithdrawal,0xcc10abf54af5c0718b10b0156dfe1e369ce3eee72423e9e86936a0082e9c5d1b,0x428babced19064beece58b8a252e3f17aac2a817,100999.0,1782379802490000,1
477150534,2026-06-25T09:30:50Z,1782379850000,0x85b760d786063979e13e8b52d430d6b12ea0d93339aeee938b2714f361bcda16,20,RequestedWithdrawal,0xcc10abf54af5c0718b10b0156dfe1e369ce3eee72423e9e86936a0082e9c5d1b,0xb59adf84ba50f3098bc63e3a19c742e2dcbe1769,3077.0,1782379840286000,1
477150539,2026-06-25T09:30:51Z,1782379851000,0x51ab6d14d5663d19dd099645f6a23dca13c0dc61876cfc829a77151f9cd9bf35,5,FinalizedWithdrawal,0xe5c7fe3a4ffca1590f26d74c8ba8b0db69557f7f4607a2a43f82e93041611978,0x62ae37a773ae2a578596f81ea2418d81550dfc3d,6.45,1782379612525000,1
477150647,2026-06-25T09:31:18Z,1782379878000,0xfe26b32c2a5e1df855067883fde94504f638bdafe93de55d555607def21728a3,5,FinalizedWithdrawal,0xe5c7fe3a4ffca1590f26d74c8ba8b0db69557f7f4607a2a43f82e93041611978,0x95fa3da4608bbcd17a4c4970e8f03ca2a10c241e,4.0,1782379644687000,1
477150816,2026-06-25T09:32:01Z,1782379921000,0xb474428cbb45473db24c1809603541181601002d9673a00cbc048e606aa84627,34,RequestedWithdrawal,0xcc10abf54af5c0718b10b0156dfe1e369ce3eee72423e9e86936a0082e9c5d1b,0x7b1203cfbbe1cb70bee0a3bdf5ff016478ab0bfe,12.04,1782379915007000,1
477150820,2026-06-25T09:32:02Z,1782379922000,0x1e07c903dbe6f5ff071f5da89a9441048d9f500e0fd754aa7e1b15b97db3bd78,37,FinalizedWithdrawal,0xe5c7fe3a4ffca1590f26d74c8ba8b0db69557f7f4607a2a43f82e93041611978,0x62dbec4cd5fbc4b84994fc52520cd300b7168312,795.0,1782379693475000,1
477151269,2026-06-25T09:33:53Z,1782380033000,0xc9b4dff539d2a6477060fefc460b975a545566bec28ea0e75f065342c0d7cc14,1,RequestedWithdrawal,0xcc10abf54af5c0718b10b0156dfe1e369ce3eee72423e9e86936a0082e9c5d1b,0x64501ab89ad0f866b0c613a7807a024b3d4132d1,100.0,1782380022778000,1
477151274,2026-06-25T09:33:54Z,1782380034000,0x236c1cbd6402ef78b36587fae9e7a50502493c07f477ab647c46de05667cc110,14,FinalizedWithdrawal,0xe5c7fe3a4ffca1590f26d74c8ba8b0db69557f7f4607a2a43f82e93041611978,0x428babced19064beece58b8a252e3f17aac2a817,100999.0,1782379802490000,1
477151378,2026-06-25T09:34:20Z,1782380060000,0xcfb2c1b264fbf2b89705da6e017cbe753856fdb1110bf7cd948b76b51e21a602,7,FinalizedWithdrawal,0xe5c7fe3a4ffca1590f26d74c8ba8b0db69557f7f4607a2a43f82e93041611978,0xb59adf84ba50f3098bc63e3a19c742e2dcbe1769,3077.0,1782379840286000,1
477151489,2026-06-25T09:34:48Z,1782380088000,0x96fcfa7330dbbcb77f0ea6791328f1cc55c4a372ea84fc52d8e05876c5f5ac0d,0,RequestedWithdrawal,0xcc10abf54af5c0718b10b0156dfe1e369ce3eee72423e9e86936a0082e9c5d1b,0x88e4830c4944d411d728aed6c191af2f8613691b,335.0,1782380057831000,1
477151565,2026-06-25T09:35:07Z,1782380107000,0x1f052f52501cd649f40c765b22e200d8d690ea7e12880adc123eecd488b8c4d1,3,RequestedWithdrawal,0xcc10abf54af5c0718b10b0156dfe1e369ce3eee72423e9e86936a0082e9c5d1b,0x2c7b0633e39786bb6bf7f47c61f6233a77b90655,9.0,1782380098167000,1
477151660,2026-06-25T09:35:30Z,1782380130000,0x0928688a1caf1d33fcf5803d4847eb1b863985d9981c86c0e68e9b44f2532efa,3,FinalizedWithdrawal,0xe5c7fe3a4ffca1590f26d74c8ba8b0db69557f7f4607a2a43f82e93041611978,0x7b1203cfbbe1cb70bee0a3bdf5ff016478ab0bfe,12.04,1782379915007000,1
477151769,2026-06-25T09:35:58Z,1782380158000,0x3090202576605a097c25b0882e91071cdfba3fe97ecc23a3cd16e1ab4f160f17,26,RequestedWithdrawal,0xcc10abf54af5c0718b10b0156dfe1e369ce3eee72423e9e86936a0082e9c5d1b,0x8e3d5e109837c11ddd373d97c9b3e4d716f1423a,159999.0,1782380133234000,1
477151769,2026-06-25T09:35:58Z,1782380158000,0x3090202576605a097c25b0882e91071cdfba3fe97ecc23a3cd16e1ab4f160f17,27,RequestedWithdrawal,0xcc10abf54af5c0718b10b0156dfe1e369ce3eee72423e9e86936a0082e9c5d1b,0xb1b272c39e26c5b4802828ba0cc73b5ae113af83,495.5,1782380153783000,1
477151875,2026-06-25T09:36:24Z,1782380184000,0x0df384f6e948f3b961f09aef1232e1c8a064ae2529c0ce1ed44b826cf2d19a37,3,RequestedWithdrawal,0xcc10abf54af5c0718b10b0156dfe1e369ce3eee72423e9e86936a0082e9c5d1b,0x54bd828de9ce87401b4882e22fbcc118579e3d6e,4.5,1782380160248000,1
477151875,2026-06-25T09:36:24Z,1782380184000,0x0df384f6e948f3b961f09aef1232e1c8a064ae2529c0ce1ed44b826cf2d19a37,4,RequestedWithdrawal,0xcc10abf54af5c0718b10b0156dfe1e369ce3eee72423e9e86936a0082e9c5d1b,0x62dbec4cd5fbc4b84994fc52520cd300b7168312,461.0,1782380181765000,1
477152156,2026-06-25T09:37:35Z,1782380255000,0xf22553d4a62d0166d5f1079223d06596db11a343e89249332b6b29dd27721884,14,FinalizedWithdrawal,0xe5c7fe3a4ffca1590f26d74c8ba8b0db69557f7f4607a2a43f82e93041611978,0x64501ab89ad0f866b0c613a7807a024b3d4132d1,100.0,1782380022778000,1
477152344,2026-06-25T09:38:22Z,1782380302000,0xdd225ab74b745d53430d75b60146915a53a1f86c3025e842b6c251e0df714add,2,FinalizedWithdrawal,0xe5c7fe3a4ffca1590f26d74c8ba8b0db69557f7f4607a2a43f82e93041611978,0x88e4830c4944d411d728aed6c191af2f8613691b,335.0,1782380057831000,1
477152453,2026-06-25T09:38:49Z,1782380329000,0xb731921c0bd21fa2fbbac7b5a4dcce6d5c8620809cd44b4d2982024e26ee5fa9,22,RequestedWithdrawal,0xcc10abf54af5c0718b10b0156dfe1e369ce3eee72423e9e86936a0082e9c5d1b,0xe41f94413cefb768fd0536433ac9fa6323a8b618,339.0,1782380312395000,1
477152458,2026-06-25T09:38:50Z,1782380330000,0x66df66173db77254837a2f414da14b552b434de20822f2004afcddc55e734896,5,FinalizedWithdrawal,0xe5c7fe3a4ffca1590f26d74c8ba8b0db69557f7f4607a2a43f82e93041611978,0x2c7b0633e39786bb6bf7f47c61f6233a77b90655,9.0,1782380098167000,1
477152625,2026-06-25T09:39:32Z,1782380372000,0xdc27e60e2541991c87931318a30f839b5c603b44a94a1e2f36b341405b4979b0,10,FinalizedWithdrawal,0xe5c7fe3a4ffca1590f26d74c8ba8b0db69557f7f4607a2a43f82e93041611978,0xb1b272c39e26c5b4802828ba0cc73b5ae113af83,495.5,1782380153783000,1
477152625,2026-06-25T09:39:32Z,1782380372000,0xdc27e60e2541991c87931318a30f839b5c603b44a94a1e2f36b341405b4979b0,12,FinalizedWithdrawal,0xe5c7fe3a4ffca1590f26d74c8ba8b0db69557f7f4607a2a43f82e93041611978,0x8e3d5e109837c11ddd373d97c9b3e4d716f1423a,159999.0,1782380133234000,1
477152736,2026-06-25T09:39:59Z,1782380399000,0x5279a2955233b880dd8232e0c010971afa8d1263dc4f86ead44a53663cc8b744,12,FinalizedWithdrawal,0xe5c7fe3a4ffca1590f26d74c8ba8b0db69557f7f4607a2a43f82e93041611978,0x62dbec4cd5fbc4b84994fc52520cd300b7168312,461.0,1782380181765000,1
477152736,2026-06-25T09:39:59Z,1782380399000,0x5279a2955233b880dd8232e0c010971afa8d1263dc4f86ead44a53663cc8b744,14,FinalizedWithdrawal,0xe5c7fe3a4ffca1590f26d74c8ba8b0db69557f7f4607a2a43f82e93041611978,0x54bd828de9ce87401b4882e22fbcc118579e3d6e,4.5,1782380160248000,1
477153302,2026-06-25T09:42:21Z,1782380541000,0xc5af830af180d4860dd014bc71a445424e2c3fe6c4dedeb3fefb1e00957643cc,42,FinalizedWithdrawal,0xe5c7fe3a4ffca1590f26d74c8ba8b0db69557f7f4607a2a43f82e93041611978,0xe41f94413cefb768fd0536433ac9fa6323a8b618,339.0,1782380312395000,1
477153781,2026-06-25T09:44:21Z,1782380661000,0xbf2ccbe5f0901f36357fa87578346bcbb3fbab8ff05f8add5810bc5339262eb5,0,RequestedWithdrawal,0xcc10abf54af5c0718b10b0156dfe1e369ce3eee72423e9e86936a0082e9c5d1b,0x8ad9b1685eb2bedc42ee2e6f9c68099db9d0602e,114.0,1782380633678000,1
477153968,2026-06-25T09:45:07Z,1782380707000,0xb537b446e662537660793be59ccdc41e0be1b5de00d1f93d138bc8d0e62c6aec,19,RequestedWithdrawal,0xcc10abf54af5c0718b10b0156dfe1e369ce3eee72423e9e86936a0082e9c5d1b,0xcb4b18e1156ae7632157edb6dbbaa388afab0e7e,4954.613161,1782380697109000,1
477154165,2026-06-25T09:45:57Z,1782380757000,0x9887941979b0f86a3795e8d626e8d12d2c9f2a8acd20b8afe0e20636aa5f0757,7,RequestedWithdrawal,0xcc10abf54af5c0718b10b0156dfe1e369ce3eee72423e9e86936a0082e9c5d1b,0x379992d2a6148126e8484f17174d5edf95cf6183,1.0,1782380730463000,1
477154655,2026-06-25T09:47:58Z,1782380878000,0x45b1e217e17ef7912b8888d5d4a79d390ac127f826ad9810a70a562d637f7b1a,1,FinalizedWithdrawal,0xe5c7fe3a4ffca1590f26d74c8ba8b0db69557f7f4607a2a43f82e93041611978,0x8ad9b1685eb2bedc42ee2e6f9c68099db9d0602e,114.0,1782380633678000,1
477154829,2026-06-25T09:48:42Z,1782380922000,0x442b773c0ef16931c8dc2410d0fd056e6b3a0daca29bd81e687e7f661a4e494a,11,FinalizedWithdrawal,0xe5c7fe3a4ffca1590f26d74c8ba8b0db69557f7f4607a2a43f82e93041611978,0xcb4b18e1156ae7632157edb6dbbaa388afab0e7e,4954.613161,1782380697109000,1
477155022,2026-06-25T09:49:30Z,1782380970000,0x04547ad68c513f419e872f758c798e01b7c1b1fb5aea0b4889db869c2b72d93a,2,FinalizedWithdrawal,0xe5c7fe3a4ffca1590f26d74c8ba8b0db69557f7f4607a2a43f82e93041611978,0x379992d2a6148126e8484f17174d5edf95cf6183,1.0,1782380730463000,1
477155699,2026-06-25T09:52:20Z,1782381140000,0xe5aa01664edf1ab229f83c7cdd9d69d1c0a049cc707d899daa527d56f4051a1b,3,RequestedWithdrawal,0xcc10abf54af5c0718b10b0156dfe1e369ce3eee72423e9e86936a0082e9c5d1b,0x258f091fbd451b1019c3251d6dd4a1e2791253f1,399.0,1782381110934000,1
477155699,2026-06-25T09:52:20Z,1782381140000,0xe5aa01664edf1ab229f83c7cdd9d69d1c0a049cc707d899daa527d56f4051a1b,4,RequestedWithdrawal,0xcc10abf54af5c0718b10b0156dfe1e369ce3eee72423e9e86936a0082e9c5d1b,0x5d268481a2c5c72b5e84ee9c03e938801c53cf32,99.0,1782381120228000,1
477155988,2026-06-25T09:53:31Z,1782381211000,0xc4212e1895760d460b7922ebd239476d78a98abab1f21bb9eaa0664de80cacc9,6,RequestedWithdrawal,0xcc10abf54af5c0718b10b0156dfe1e369ce3eee72423e9e86936a0082e9c5d1b,0xa22acc9fc3a07c58990f6c3bb4d6ab069ca76200,16.43,1782381195462000,1
477156547,2026-06-25T09:55:51Z,1782381351000,0x62c86c1e755073914b626dbe34a275b03f5a748667bba7a39bc0f23dde40b47c,2,RequestedWithdrawal,0xcc10abf54af5c0718b10b0156dfe1e369ce3eee72423e9e86936a0082e9c5d1b,0xf238d3743fb599b80904f4f4082fc5b67e0d647a,1574.55,1782381335732000,1
477156553,2026-06-25T09:55:53Z,1782381353000,0x6f3cd438eaa2378e21253e19a34c080a1365c203a8c18f583ba264d986f9d3a2,250,FinalizedWithdrawal,0xe5c7fe3a4ffca1590f26d74c8ba8b0db69557f7f4607a2a43f82e93041611978,0x5d268481a2c5c72b5e84ee9c03e938801c53cf32,99.0,1782381120228000,1
477156553,2026-06-25T09:55:53Z,1782381353000,0x6f3cd438eaa2378e21253e19a34c080a1365c203a8c18f583ba264d986f9d3a2,252,FinalizedWithdrawal,0xe5c7fe3a4ffca1590f26d74c8ba8b0db69557f7f4607a2a43f82e93041611978,0x258f091fbd451b1019c3251d6dd4a1e2791253f1,399.0,1782381110934000,1
477156661,2026-06-25T09:56:20Z,1782381380000,0x0492985a4654e817442f23c4369db2643c60d5d391e307a405d51a871fa82cf0,13,RequestedWithdrawal,0xcc10abf54af5c0718b10b0156dfe1e369ce3eee72423e9e86936a0082e9c5d1b,0x975d5f9f8433cba03bba3d8525a4a6c357256386,115.42,1782381359596000,1
477156771,2026-06-25T09:56:48Z,1782381408000,0x0f4fad8195bef9aab9c6719ebb42991d163892433bf0c752c402448bf4df7621,5,RequestedWithdrawal,0xcc10abf54af5c0718b10b0156dfe1e369ce3eee72423e9e86936a0082e9c5d1b,0x62dbec4cd5fbc4b84994fc52520cd300b7168312,308.0,1782381381574000,1
477156874,2026-06-25T09:57:13Z,1782381433000,0x2f101decc78454f45df9679dc0e912ecf1353b7aae62a62cf8ce9af5f19c5f24,9,RequestedWithdrawal,0xcc10abf54af5c0718b10b0156dfe1e369ce3eee72423e9e86936a0082e9c5d1b,0x56d99173d15e57fa547fb86fa126c83dd8828605,6.0,1782381424163000,1
477156874,2026-06-25T09:57:13Z,1782381433000,0x2f101decc78454f45df9679dc0e912ecf1353b7aae62a62cf8ce9af5f19c5f24,10,RequestedWithdrawal,0xcc10abf54af5c0718b10b0156dfe1e369ce3eee72423e9e86936a0082e9c5d1b,0xe2c972787379035de7b5a635a0c54390bc115169,45.019638,1782381408475000,1
477156893,2026-06-25T09:57:18Z,1782381438000,0x3b3efd8626a19081e45fbeec5c019d7b5c3c5ffe1cf8f9efb928490d71b943ba,5,FinalizedWithdrawal,0xe5c7fe3a4ffca1590f26d74c8ba8b0db69557f7f4607a2a43f82e93041611978,0xa22acc9fc3a07c58990f6c3bb4d6ab069ca76200,16.43,1782381195462000,1
477157307,2026-06-25T09:59:02Z,1782381542000,0xcc415ef4cad72ba573f4c9f1cff978bddaa4423bd472eb814af809026307dc0e,1,RequestedWithdrawal,0xcc10abf54af5c0718b10b0156dfe1e369ce3eee72423e9e86936a0082e9c5d1b,0x2c7b0633e39786bb6bf7f47c61f6233a77b90655,1020.0,1782381527522000,1
477157423,2026-06-25T09:59:29Z,1782381569000,0xf263d7b0b58b3b4097f4e74b5f82419548fd3694a30fb1c68004775e7079bdac,2,FinalizedWithdrawal,0xe5c7fe3a4ffca1590f26d74c8ba8b0db69557f7f4607a2a43f82e93041611978,0xf238d3743fb599b80904f4f4082fc5b67e0d647a,1574.55,1782381335732000,1
477157521,2026-06-25T09:59:54Z,1782381594000,0xe0a3a4b4f57b8336a0eb2ae7a99dca20dab562fe978e4c24d92c1ea8951ec843,32,FinalizedWithdrawal,0xe5c7fe3a4ffca1590f26d74c8ba8b0db69557f7f4607a2a43f82e93041611978,0x975d5f9f8433cba03bba3d8525a4a6c357256386,115.42,1782381359596000,1
477157624,2026-06-25T10:00:19Z,1782381619000,0x08d5d34619aa3acb7c20f5ee91535c76238cbf4732041f489231d4420ce30db3,21,FinalizedWithdrawal,0xe5c7fe3a4ffca1590f26d74c8ba8b0db69557f7f4607a2a43f82e93041611978,0x62dbec4cd5fbc4b84994fc52520cd300b7168312,308.0,1782381381574000,1
477157741,2026-06-25T10:00:49Z,1782381649000,0x1a36e6dc4a33f10f5c14cd6aef3901731686a77735d6175b16833a6f44eaa496,6,RequestedWithdrawal,0xcc10abf54af5c0718b10b0156dfe1e369ce3eee72423e9e86936a0082e9c5d1b,0x346c341eedd1eebbf7116b2716e9b8a8e6da5544,137.35,1782381622186000,1
477157754,2026-06-25T10:00:52Z,1782381652000,0x13157cf18b17e867dc401f29a512745b33d3e7e674614a16c0c80222155ea450,17,FinalizedWithdrawal,0xe5c7fe3a4ffca1590f26d74c8ba8b0db69557f7f4607a2a43f82e93041611978,0xe2c972787379035de7b5a635a0c54390bc115169,45.019638,1782381408475000,1
477157754,2026-06-25T10:00:52Z,1782381652000,0x13157cf18b17e867dc401f29a512745b33d3e7e674614a16c0c80222155ea450,19,FinalizedWithdrawal,0xe5c7fe3a4ffca1590f26d74c8ba8b0db69557f7f4607a2a43f82e93041611978,0x56d99173d15e57fa547fb86fa126c83dd8828605,6.0,1782381424163000,1
477157826,2026-06-25T10:01:10Z,1782381670000,0x0b2238ae0ade9544ed7e903a33be75175ce95fc647faa08d3300a677ecb3f0df,9,RequestedWithdrawal,0xcc10abf54af5c0718b10b0156dfe1e369ce3eee72423e9e86936a0082e9c5d1b,0xdd52be5f3163e788eb2d2af8131bce7d6da22ef2,83.46,1782381648991000,1
477158200,2026-06-25T10:02:44Z,1782381764000,0x1289c67585cac63391dad92e614e176d191b1ef903a941c5da2d1ade9714bbd2,1,FinalizedWithdrawal,0xe5c7fe3a4ffca1590f26d74c8ba8b0db69557f7f4607a2a43f82e93041611978,0x2c7b0633e39786bb6bf7f47c61f6233a77b90655,1020.0,1782381527522000,1
477158304,2026-06-25T10:03:10Z,1782381790000,0x5c61b5de26107198031df20dad3423269ed0af905f1315a40f9567db373a7b63,155,RequestedWithdrawal,0xcc10abf54af5c0718b10b0156dfe1e369ce3eee72423e9e86936a0082e9c5d1b,0x0798dd3ef2f74eabadb366b6f00baed95b6c9c8b,49.0,1782381770196000,1
477158583,2026-06-25T10:04:20Z,1782381860000,0x833fa42e8a37037873e47c8b1890c3cc4443c2f647a9b4392a88f9ec8a98169f,25,RequestedWithdrawal,0xcc10abf54af5c0718b10b0156dfe1e369ce3eee72423e9e86936a0082e9c5d1b,0xeca770d629f20cd5bebbf3f2be554932931324ce,40.0,1782381846274000,1
477158592,2026-06-25T10:04:22Z,1782381862000,0x14653f49b66cdec1e641cc7e8a5dd1758c9de60c6077907208d1ce6fdcf5cdf9,5,FinalizedWithdrawal,0xe5c7fe3a4ffca1590f26d74c8ba8b0db69557f7f4607a2a43f82e93041611978,0x346c341eedd1eebbf7116b2716e9b8a8e6da5544,137.35,1782381622186000,1
477158665,2026-06-25T10:04:40Z,1782381880000,0xe2b336aa8c5eb3e8caa187e5e13a7d071f8d134942cc1a295a4bc5359e58e42d,0,RequestedWithdrawal,0xcc10abf54af5c0718b10b0156dfe1e369ce3eee72423e9e86936a0082e9c5d1b,0xa9601cb7afb057ed60a0e9177c7068933ff739ac,101.976611,1782381867923000,1
477158671,2026-06-25T10:04:42Z,1782381882000,0x10b7bdacdd7084c1cac252c1d9ca1a5fca6da6d5b55bdc4d6c7a90663310f87d,3,FinalizedWithdrawal,0xe5c7fe3a4ffca1590f26d74c8ba8b0db69557f7f4607a2a43f82e93041611978,0xdd52be5f3163e788eb2d2af8131bce7d6da22ef2,83.46,1782381648991000,1
477158868,2026-06-25T10:05:30Z,1782381930000,0xd92f1458331a776e3b63e2c5451ea99ffdcfdf9e0f81482378abcd353fc8edb8,21,RequestedWithdrawal,0xcc10abf54af5c0718b10b0156dfe1e369ce3eee72423e9e86936a0082e9c5d1b,0x7ca3d5337fc2ae8a32abaee2369c042a0ce3d18c,9805.22,1782381920392000,1
477158877,2026-06-25T10:05:32Z,1782381932000,0xfe6802f25f65975f9211843cce99389a41774b18d166c8c9362c1b527afc1a84,0,FailedWithdrawal,0x686cb4bac974cd11b0f8a75fc7c7764ed12cc46faaec53110f807aa802a7acb4,,,,1
477159132,2026-06-25T10:06:36Z,1782381996000,0xa48d261189d0165e8adfbfd90677269651323629da2b70dc148b67c2ae267941,3,FinalizedWithdrawal,0xe5c7fe3a4ffca1590f26d74c8ba8b0db69557f7f4607a2a43f82e93041611978,0x0798dd3ef2f74eabadb366b6f00baed95b6c9c8b,49.0,1782381770196000,1
477159244,2026-06-25T10:07:04Z,1782382024000,0x0afa11086a10946e496915c93980e2f785a8431e69955dc8e4a61df4834fead0,5,RequestedWithdrawal,0xcc10abf54af5c0718b10b0156dfe1e369ce3eee72423e9e86936a0082e9c5d1b,0x3a2c94591292840c80f16eaeb925f01a9b11f34c,28.55,1782381996858000,1
477159343,2026-06-25T10:07:29Z,1782382049000,0x9d45b00973a1f8ced04ce1ff1c42f9442a30074676eadd59f347b78d387071ac,11,RequestedWithdrawal,0xcc10abf54af5c0718b10b0156dfe1e369ce3eee72423e9e86936a0082e9c5d1b,0x62dbec4cd5fbc4b84994fc52520cd300b7168312,811.0,1782382046331000,1
477159444,2026-06-25T10:07:54Z,1782382074000,0x8974a3cd23b54a3dd6e0d1f6e416b1941e3589b9d53c53adf5fe627c8c6c9d96,4,RequestedWithdrawal,0xcc10abf54af5c0718b10b0156dfe1e369ce3eee72423e9e86936a0082e9c5d1b,0x023a3d058020fb76cca98f01b3c48c8938a22355,415724.87,1782382068792000,1
477159444,2026-06-25T10:07:54Z,1782382074000,0x8974a3cd23b54a3dd6e0d1f6e416b1941e3589b9d53c53adf5fe627c8c6c9d96,5,RequestedWithdrawal,0xcc10abf54af5c0718b10b0156dfe1e369ce3eee72423e9e86936a0082e9c5d1b,0x62dbec4cd5fbc4b84994fc52520cd300b7168312,1397.0,1782382063118000,1
477159449,2026-06-25T10:07:55Z,1782382075000,0xc03c18903dad96b8402c6552bd706f22e0ef8c7c87426b8ec9e7948740c638e7,5,FinalizedWithdrawal,0xe5c7fe3a4ffca1590f26d74c8ba8b0db69557f7f4607a2a43f82e93041611978,0xeca770d629f20cd5bebbf3f2be554932931324ce,40.0,1782381846274000,1
477159554,2026-06-25T10:08:22Z,1782382102000,0x9697ec38e86f1d692a1295eef6b0eb60637075effb69958eb7d66f25d97c561f,0,RequestedWithdrawal,0xcc10abf54af5c0718b10b0156dfe1e369ce3eee72423e9e86936a0082e9c5d1b,0x62dbec4cd5fbc4b84994fc52520cd300b7168312,404.0,1782382079331000,1
477159559,2026-06-25T10:08:23Z,1782382103000,0x6e2b9a3c16ec2e72f3d4b00a38239793685f9f9d112d582a5b147a18c47864d4,14,FinalizedWithdrawal,0xe5c7fe3a4ffca1590f26d74c8ba8b0db69557f7f4607a2a43f82e93041611978,0xa9601cb7afb057ed60a0e9177c7068933ff739ac,101.976611,1782381867923000,1
477159634,2026-06-25T10:08:42Z,1782382122000,0x7cec4a0d66f8bd2e9544cfe0be4bbbe8fe279168f75be30abf6b7622fd2e79c2,4,RequestedWithdrawal,0xcc10abf54af5c0718b10b0156dfe1e369ce3eee72423e9e86936a0082e9c5d1b,0x47f8435780dc410e772deea6afb52205fee34978,15622.160106,1782382096928000,1
477159732,2026-06-25T10:09:06Z,1782382146000,0x13112e88f08c727bbbe3547fd1e7214c12f3fb58495046f2cf4ae42421ad8b95,16,FinalizedWithdrawal,0xe5c7fe3a4ffca1590f26d74c8ba8b0db69557f7f4607a2a43f82e93041611978,0x7ca3d5337fc2ae8a32abaee2369c042a0ce3d18c,9805.22,1782381920392000,1
477159922,2026-06-25T10:09:54Z,1782382194000,0x628da310c33f5bb3261e51e2acc4f49b445a6f9154db954dd19247c6ce513c7f,23,RequestedWithdrawal,0xcc10abf54af5c0718b10b0156dfe1e369ce3eee72423e9e86936a0082e9c5d1b,0x1f405eb733405cfb1367d382357b1d4bbe9f53be,4.0,1782382169841000,1
477160122,2026-06-25T10:10:44Z,1782382244000,0xe7affdfce2f242eb99a77b461253d2e9d909999fed94d074e553c6037984c15b,26,FinalizedWithdrawal,0xe5c7fe3a4ffca1590f26d74c8ba8b0db69557f7f4607a2a43f82e93041611978,0x3a2c94591292840c80f16eaeb925f01a9b11f34c,28.55,1782381996858000,1
477160222,2026-06-25T10:11:09Z,1782382269000,0x5121d573dab14a02bb002d65f8ab10691d769856ea420677545721fbb05dc817,6,FinalizedWithdrawal,0xe5c7fe3a4ffca1590f26d74c8ba8b0db69557f7f4607a2a43f82e93041611978,0x62dbec4cd5fbc4b84994fc52520cd300b7168312,811.0,1782382046331000,1
477160324,2026-06-25T10:11:35Z,1782382295000,0x55734df0801281b1c040919ecce95fc1b4834dfba90182d2580a7feb93ce2342,14,FinalizedWithdrawal,0xe5c7fe3a4ffca1590f26d74c8ba8b0db69557f7f4607a2a43f82e93041611978,0x62dbec4cd5fbc4b84994fc52520cd300b7168312,1397.0,1782382063118000,1
477160324,2026-06-25T10:11:35Z,1782382295000,0x55734df0801281b1c040919ecce95fc1b4834dfba90182d2580a7feb93ce2342,16,FinalizedWithdrawal,0xe5c7fe3a4ffca1590f26d74c8ba8b0db69557f7f4607a2a43f82e93041611978,0x023a3d058020fb76cca98f01b3c48c8938a22355,415724.87,1782382068792000,1
477160399,2026-06-25T10:11:53Z,1782382313000,0xd26facc3e2a59db90bcf8d187a3ff1186f6110708c3c0e46ce6b43b264f18c91,49,FinalizedWithdrawal,0xe5c7fe3a4ffca1590f26d74c8ba8b0db69557f7f4607a2a43f82e93041611978,0x62dbec4cd5fbc4b84994fc52520cd300b7168312,404.0,1782382079331000,1
477160508,2026-06-25T10:12:20Z,1782382340000,0xb85c71223c8b5f6e2104423d9f05580ea39cec32dbc15779f3d77ec27ee72eb5,7,RequestedWithdrawal,0xcc10abf54af5c0718b10b0156dfe1e369ce3eee72423e9e86936a0082e9c5d1b,0x18ad1a33a3261fd0ba32ce519e111d62c0b3fafd,196.15,1782382329393000,1
477160513,2026-06-25T10:12:21Z,1782382341000,0x23d288a362235ab1972c8e54bb9de80dd0ef177b05e9bb55dceb0eb84ccf3dc5,3,FinalizedWithdrawal,0xe5c7fe3a4ffca1590f26d74c8ba8b0db69557f7f4607a2a43f82e93041611978,0x47f8435780dc410e772deea6afb52205fee34978,15622.160106,1782382096928000,1
477160808,2026-06-25T10:13:35Z,1782382415000,0xa7201d58c8d686759aa929d2acb135d3882e936519a35b6e8fc9591dc692fd4b,8,FinalizedWithdrawal,0xe5c7fe3a4ffca1590f26d74c8ba8b0db69557f7f4607a2a43f82e93041611978,0x1f405eb733405cfb1367d382357b1d4bbe9f53be,4.0,1782382169841000,1
477160907,2026-06-25T10:14:00Z,1782382440000,0xf33e9dcd7f7b270b63be946396a10ec29dcbe02fd5b16c8df34b4588cfee5b72,17,RequestedWithdrawal,0xcc10abf54af5c0718b10b0156dfe1e369ce3eee72423e9e86936a0082e9c5d1b,0x824743981935bb07359e4e39f36db1909ec4f957,989.114669,1782382411890000,1
477161013,2026-06-25T10:14:26Z,1782382466000,0x2807dde9ac78b1cdf58cffc25fbf370ad5a7aa743563b78585ceff2e6c13130e,0,RequestedWithdrawal,0xcc10abf54af5c0718b10b0156dfe1e369ce3eee72423e9e86936a0082e9c5d1b,0x62dbec4cd5fbc4b84994fc52520cd300b7168312,310.0,1782382437369000,1
477161013,2026-06-25T10:14:26Z,1782382466000,0x2807dde9ac78b1cdf58cffc25fbf370ad5a7aa743563b78585ceff2e6c13130e,1,RequestedWithdrawal,0xcc10abf54af5c0718b10b0156dfe1e369ce3eee72423e9e86936a0082e9c5d1b,0xf6dfde5cc94b1f596e3822cc151284ec04b4fab8,11729.651228,1782382340581000,1
477161114,2026-06-25T10:14:52Z,1782382492000,0x67be53be00482cb5d4d61f521aa76a4a8e5cb86d453df84a8dfb23a1d3e59e23,34,RequestedWithdrawal,0xcc10abf54af5c0718b10b0156dfe1e369ce3eee72423e9e86936a0082e9c5d1b,0xea0431f233e7e16c9a56b448ee078dc324991400,6.76,1782382481008000,1
477161320,2026-06-25T10:15:43Z,1782382543000,0x70e52e69d04d47211c9f58fba0eb3bee8f4ea7bcfc53e6ebd2ffce19317a6d14,25,RequestedWithdrawal,0xcc10abf54af5c0718b10b0156dfe1e369ce3eee72423e9e86936a0082e9c5d1b,0xc031ce3b54d5a23209637c2ce10992ed4374416c,7.5,1782382525263000,1
477161342,2026-06-25T10:15:49Z,1782382549000,0xcf223c289e8aeaaffec04e0fcc7b56e0ef683078c840fcf9252b13ab6bbe3ddb,1,FinalizedWithdrawal,0xe5c7fe3a4ffca1590f26d74c8ba8b0db69557f7f4607a2a43f82e93041611978,0x18ad1a33a3261fd0ba32ce519e111d62c0b3fafd,196.15,1782382329393000,1
477161423,2026-06-25T10:16:09Z,1782382569000,0x3792e657a49caccf9b1dc5af6b0985fd720848fe29211d722b72643a88fe74a2,7,RequestedWithdrawal,0xcc10abf54af5c0718b10b0156dfe1e369ce3eee72423e9e86936a0082e9c5d1b,0x2a5e164a5d0864bb9541a7ac23179f7dd38a1d61,17.33,1782382542051000,1
477161423,2026-06-25T10:16:09Z,1782382569000,0x3792e657a49caccf9b1dc5af6b0985fd720848fe29211d722b72643a88fe74a2,8,RequestedWithdrawal,0xcc10abf54af5c0718b10b0156dfe1e369ce3eee72423e9e86936a0082e9c5d1b,0x2b13ab3f997c2e3bfa7637088733c35724690588,7.35,1782382542670000,1
477161423,2026-06-25T10:16:09Z,1782382569000,0x3792e657a49caccf9b1dc5af6b0985fd720848fe29211d722b72643a88fe74a2,9,RequestedWithdrawal,0xcc10abf54af5c0718b10b0156dfe1e369ce3eee72423e9e86936a0082e9c5d1b,0xc252b35e96f8623f78d18faced77518acc68b185,916.04,1782382564965000,1
477161621,2026-06-25T10:16:59Z,1782382619000,0x76a04d65b26cf985dfb7ec480a27dba644be6128a7fa763c747931a8884b8a49,32,RequestedWithdrawal,0xcc10abf54af5c0718b10b0156dfe1e369ce3eee72423e9e86936a0082e9c5d1b,0x7d0a1163b12a86ee1241e2b46ce809743a470c2e,74.4,1782382592379000,1
477161721,2026-06-25T10:17:24Z,1782382644000,0x5bd268921ecd2c1b5f1a2d7be647b235255101c1cbd886f9359d225470c24c34,5,FinalizedWithdrawal,0xe5c7fe3a4ffca1590f26d74c8ba8b0db69557f7f4607a2a43f82e93041611978,0x824743981935bb07359e4e39f36db1909ec4f957,989.114669,1782382411890000,1
477161826,2026-06-25T10:17:50Z,1782382670000,0x499c7a06d4b02adaa23c32ca0fff56614cdec3cc2e71ca80a10ad99305d54ce8,9,RequestedWithdrawal,0xcc10abf54af5c0718b10b0156dfe1e369ce3eee72423e9e86936a0082e9c5d1b,0x88e4830c4944d411d728aed6c191af2f8613691b,785.0,1782382648639000,1
477161826,2026-06-25T10:17:50Z,1782382670000,0x499c7a06d4b02adaa23c32ca0fff56614cdec3cc2e71ca80a10ad99305d54ce8,10,RequestedWithdrawal,0xcc10abf54af5c0718b10b0156dfe1e369ce3eee72423e9e86936a0082e9c5d1b,0x88e4830c4944d411d728aed6c191af2f8613691b,258.0,1782382660835000,1
477161833,2026-06-25T10:17:52Z,1782382672000,0xf2479c961b29cc44ec3e2b84a6984181b6f833e09338ca78aa6cc10cf29337ae,3,FinalizedWithdrawal,0xe5c7fe3a4ffca1590f26d74c8ba8b0db69557f7f4607a2a43f82e93041611978,0xf6dfde5cc94b1f596e3822cc151284ec04b4fab8,11729.651228,1782382340581000,1
477161833,2026-06-25T10:17:52Z,1782382672000,0xf2479c961b29cc44ec3e2b84a6984181b6f833e09338ca78aa6cc10cf29337ae,5,FinalizedWithdrawal,0xe5c7fe3a4ffca1590f26d74c8ba8b0db69557f7f4607a2a43f82e93041611978,0x62dbec4cd5fbc4b84994fc52520cd300b7168312,310.0,1782382437369000,1
477162005,2026-06-25T10:18:34Z,1782382714000,0x17d0c76b62deba3c4cad7962c91b65a1d968eb39edc52034f4904288401589d4,1,RequestedWithdrawal,0xcc10abf54af5c0718b10b0156dfe1e369ce3eee72423e9e86936a0082e9c5d1b,0xf3dd7e11fda8c3d8afe149dfe338df42778b1ca4,999.0,1782382700031000,1
477162011,2026-06-25T10:18:35Z,1782382715000,0x60ba494e6e5b11ac725f421351e55f187234fc7905dd83cea3f7663ab4ec7f5e,1,FinalizedWithdrawal,0xe5c7fe3a4ffca1590f26d74c8ba8b0db69557f7f4607a2a43f82e93041611978,0xea0431f233e7e16c9a56b448ee078dc324991400,6.76,1782382481008000,1
477162113,2026-06-25T10:19:01Z,1782382741000,0x41e0f8cc4bb52ca5815cf8ecbe71e318b4f628ae32d1a3f6e43ca3569ea2cce6,38,RequestedWithdrawal,0xcc10abf54af5c0718b10b0156dfe1e369ce3eee72423e9e86936a0082e9c5d1b,0x25f2b607e0e34d7ae76018782591d362fdec3bb0,61.73,1782382731552000,1
477162212,2026-06-25T10:19:26Z,1782382766000,0x888116c82d89c4ea3b287a3e162bee090f1570e7dcdebcdd02cfbb5f2cae0122,11,FinalizedWithdrawal,0xe5c7fe3a4ffca1590f26d74c8ba8b0db69557f7f4607a2a43f82e93041611978,0xc031ce3b54d5a23209637c2ce10992ed4374416c,7.5,1782382525263000,1
477162321,2026-06-25T10:19:53Z,1782382793000,0x90aec23a5ccf8a22a47cfcbc94201a24535bffcfb978e7996c447deb7238181e,12,FinalizedWithdrawal,0xe5c7fe3a4ffca1590f26d74c8ba8b0db69557f7f4607a2a43f82e93041611978,0xc252b35e96f8623f78d18faced77518acc68b185,916.04,1782382564965000,1
477162321,2026-06-25T10:19:53Z,1782382793000,0x90aec23a5ccf8a22a47cfcbc94201a24535bffcfb978e7996c447deb7238181e,14,FinalizedWithdrawal,0xe5c7fe3a4ffca1590f26d74c8ba8b0db69557f7f4607a2a43f82e93041611978,0x2b13ab3f997c2e3bfa7637088733c35724690588,7.35,1782382542670000,1
477162321,2026-06-25T10:19:53Z,1782382793000,0x90aec23a5ccf8a22a47cfcbc94201a24535bffcfb978e7996c447deb7238181e,16,FinalizedWithdrawal,0xe5c7fe3a4ffca1590f26d74c8ba8b0db69557f7f4607a2a43f82e93041611978,0x2a5e164a5d0864bb9541a7ac23179f7dd38a1d61,17.33,1782382542051000,1
477162522,2026-06-25T10:20:43Z,1782382843000,0x354e94deb6c301a9f500ccdf82775b87d70496fbbaf01a33dce74c0f3ec72cd4,10,FinalizedWithdrawal,0xe5c7fe3a4ffca1590f26d74c8ba8b0db69557f7f4607a2a43f82e93041611978,0x7d0a1163b12a86ee1241e2b46ce809743a470c2e,74.4,1782382592379000,1
477162599,2026-06-25T10:21:03Z,1782382863000,0x0629a25d75667cbd2ae172f8954559ee3932bdf6923fa401665879e62f64bf8f,7,RequestedWithdrawal,0xcc10abf54af5c0718b10b0156dfe1e369ce3eee72423e9e86936a0082e9c5d1b,0x8cce72754dbc9eb05c81a387e1ec8d172b42117a,20.57,1782382829157000,1
477162700,2026-06-25T10:21:28Z,1782382888000,0x20b5c8358ad6a0f710eb289752be4fa2ee2cb5c786eb906ec90793583d09be98,1,FinalizedWithdrawal,0xe5c7fe3a4ffca1590f26d74c8ba8b0db69557f7f4607a2a43f82e93041611978,0x88e4830c4944d411d728aed6c191af2f8613691b,785.0,1782382648639000,1
477162700,2026-06-25T10:21:28Z,1782382888000,0x20b5c8358ad6a0f710eb289752be4fa2ee2cb5c786eb906ec90793583d09be98,3,FinalizedWithdrawal,0xe5c7fe3a4ffca1590f26d74c8ba8b0db69557f7f4607a2a43f82e93041611978,0x88e4830c4944d411d728aed6c191af2f8613691b,258.0,1782382660835000,1
477162811,2026-06-25T10:21:56Z,1782382916000,0xf2ba66190f2151666353464e70ef3711c48679a7284439f60d64982d184abf58,1,RequestedWithdrawal,0xcc10abf54af5c0718b10b0156dfe1e369ce3eee72423e9e86936a0082e9c5d1b,0x62dbec4cd5fbc4b84994fc52520cd300b7168312,181.0,1782382896507000,1
477162811,2026-06-25T10:21:56Z,1782382916000,0xf2ba66190f2151666353464e70ef3711c48679a7284439f60d64982d184abf58,2,RequestedWithdrawal,0xcc10abf54af5c0718b10b0156dfe1e369ce3eee72423e9e86936a0082e9c5d1b,0x62dbec4cd5fbc4b84994fc52520cd300b7168312,907.0,1782382911351000,1
477162816,2026-06-25T10:21:57Z,1782382917000,0x2f3742d09537888091a8fccf61ca2feb7497ed388cba73a47107618044fadc86,9,FinalizedWithdrawal,0xe5c7fe3a4ffca1590f26d74c8ba8b0db69557f7f4607a2a43f82e93041611978,0xf3dd7e11fda8c3d8afe149dfe338df42778b1ca4,999.0,1782382700031000,1
477162996,2026-06-25T10:22:42Z,1782382962000,0x38d605105d53fbb15363cfdf153db3eb545924dbcbdfc82d306a4aefff7bf440,5,FinalizedWithdrawal,0xe5c7fe3a4ffca1590f26d74c8ba8b0db69557f7f4607a2a43f82e93041611978,0x25f2b607e0e34d7ae76018782591d362fdec3bb0,61.73,1782382731552000,1
477163099,2026-06-25T10:23:08Z,1782382988000,0x6a98071eebfb8ecf7c2a1900d00eb63ca75566c8f718a9232c512a30de93d104,101,RequestedWithdrawal,0xcc10abf54af5c0718b10b0156dfe1e369ce3eee72423e9e86936a0082e9c5d1b,0x12f01df0f6d8460cd96370471ceb6b101c96df0d,155.37,1782382966292000,1
477163206,2026-06-25T10:23:35Z,1782383015000,0x22dd61af7e07bf7354893f9dca6c35d1dcd691c87650f18eb67e6fd2dba738ea,0,RequestedWithdrawal,0xcc10abf54af5c0718b10b0156dfe1e369ce3eee72423e9e86936a0082e9c5d1b,0x5d268481a2c5c72b5e84ee9c03e938801c53cf32,9.0,1782382997701000,1
477163206,2026-06-25T10:23:35Z,1782383015000,0x22dd61af7e07bf7354893f9dca6c35d1dcd691c87650f18eb67e6fd2dba738ea,1,RequestedWithdrawal,0xcc10abf54af5c0718b10b0156dfe1e369ce3eee72423e9e86936a0082e9c5d1b,0x5d268481a2c5c72b5e84ee9c03e938801c53cf32,99.0,1782383005795000,1
477163206,2026-06-25T10:23:35Z,1782383015000,0x22dd61af7e07bf7354893f9dca6c35d1dcd691c87650f18eb67e6fd2dba738ea,2,RequestedWithdrawal,0xcc10abf54af5c0718b10b0156dfe1e369ce3eee72423e9e86936a0082e9c5d1b,0x62dbec4cd5fbc4b84994fc52520cd300b7168312,2681.0,1782383001464000,1
477163305,2026-06-25T10:24:00Z,1782383040000,0x15ba0a802e5bf8f0a54b4921875acd9fdf8b112e08673689a8cc128b7750b006,8,RequestedWithdrawal,0xcc10abf54af5c0718b10b0156dfe1e369ce3eee72423e9e86936a0082e9c5d1b,0xac89e080b7aff490a6756fa320ebd55417415de8,2710.03,1782383031276000,1
477163409,2026-06-25T10:24:26Z,1782383066000,0x40dc4cec6493cb14bde8640afe4b201e7ab7d3181e7f000b8f750cf7d44e71ef,9,RequestedWithdrawal,0xcc10abf54af5c0718b10b0156dfe1e369ce3eee72423e9e86936a0082e9c5d1b,0x1f405eb733405cfb1367d382357b1d4bbe9f53be,4.0,1782383037065000,1
477163414,2026-06-25T10:24:27Z,1782383067000,0xda93ced3c8ab193e7b0770e381713bc1fc1e3572b64b6532c270eb6c2c91ad38,1,FinalizedWithdrawal,0xe5c7fe3a4ffca1590f26d74c8ba8b0db69557f7f4607a2a43f82e93041611978,0x8cce72754dbc9eb05c81a387e1ec8d172b42117a,20.57,1782382829157000,1
477163520,2026-06-25T10:24:52Z,1782383092000,0x8266c391a8c58c23ed2c5ea1c1e56e46eee6b96195c3f871ed3f217e99ce32d4,1,RequestedWithdrawal,0xcc10abf54af5c0718b10b0156dfe1e369ce3eee72423e9e86936a0082e9c5d1b,0xc15e1f2f700b42985f59272c2d6616d82285c0c4,31402.08,1782383062962000,1
477163623,2026-06-25T10:25:18Z,1782383118000,0x1f9354b3b6819c9886338db8d9f6781cf68ee2f915e24d841e0df25406013641,26,FinalizedWithdrawal,0xe5c7fe3a4ffca1590f26d74c8ba8b0db69557f7f4607a2a43f82e93041611978,0x62dbec4cd5fbc4b84994fc52520cd300b7168312,181.0,1782382896507000,1
477163623,2026-06-25T10:25:18Z,1782383118000,0x1f9354b3b6819c9886338db8d9f6781cf68ee2f915e24d841e0df25406013641,28,FinalizedWithdrawal,0xe5c7fe3a4ffca1590f26d74c8ba8b0db69557f7f4607a2a43f82e93041611978,0x62dbec4cd5fbc4b84994fc52520cd300b7168312,907.0,1782382911351000,1
477163911,2026-06-25T10:26:30Z,1782383190000,0x8ad5ec90b36057c4592990100f80e4274b1fbdfdfab37aae68ae528a4ec3b927,5,FinalizedWithdrawal,0xe5c7fe3a4ffca1590f26d74c8ba8b0db69557f7f4607a2a43f82e93041611978,0x12f01df0f6d8460cd96370471ceb6b101c96df0d,155.37,1782382966292000,1
477164111,2026-06-25T10:27:20Z,1782383240000,0x774dc914d3f345b0cfcab4991c44227995891ad7dd7bd37f56ae895f89d75baf,21,RequestedWithdrawal,0xcc10abf54af5c0718b10b0156dfe1e369ce3eee72423e9e86936a0082e9c5d1b,0xa3c813e9f959b1853ccfece3153b26de165e2dcf,11.7,1782383264492000,1
477164117,2026-06-25T10:27:22Z,1782383242000,0xcda18fb73757356929ad6becc253f4271950fb234ead0f7477947bc61de40d3c,8,FinalizedWithdrawal,0xe5c7fe3a4ffca1590f26d74c8ba8b0db69557f7f4607a2a43f82e93041611978,0x62dbec4cd5fbc4b84994fc52520cd300b7168312,2681.0,1782383001464000,1
477164117,2026-06-25T10:27:22Z,1782383242000,0xcda18fb73757356929ad6becc253f4271950fb234ead0f7477947bc61de40d3c,10,FinalizedWithdrawal,0xe5c7fe3a4ffca1590f26d74c8ba8b0db69557f7f4607a2a43f82e93041611978,0x5d268481a2c5c72b5e84ee9c03e938801c53cf32,9.0,1782382997701000,1
477164117,2026-06-25T10:27:22Z,1782383242000,0xcda18fb73757356929ad6becc253f4271950fb234ead0f7477947bc61de40d3c,12,FinalizedWithdrawal,0xe5c7fe3a4ffca1590f26d74c8ba8b0db69557f7f4607a2a43f82e93041611978,0x5d268481a2c5c72b5e84ee9c03e938801c53cf32,99.0,1782383005795000,1
477164192,2026-06-25T10:27:41Z,1782383261000,0x49c3b6276c7baf0771432f55290f3b3eb18535c5bd19abf72be659d195861edb,23,RequestedWithdrawal,0xcc10abf54af5c0718b10b0156dfe1e369ce3eee72423e9e86936a0082e9c5d1b,0xf560aca76d6f197531ed5867ddf60d435987a062,11.17,1782383252838000,1
477164197,2026-06-25T10:27:42Z,1782383262000,0xe74cf5d3093f3d60d36e15883a60c9aee4d997803549ddfb7a95abe2b349b0d5,24,FinalizedWithdrawal,0xe5c7fe3a4ffca1590f26d74c8ba8b0db69557f7f4607a2a43f82e93041611978,0xac89e080b7aff490a6756fa320ebd55417415de8,2710.03,1782383031276000,1
477164299,2026-06-25T10:28:07Z,1782383287000,0x3d0aa0d2dfe702db02fe2be1a34f8cfc789edf2aff2838831f5e3f9235183c52,4,FinalizedWithdrawal,0xe5c7fe3a4ffca1590f26d74c8ba8b0db69557f7f4607a2a43f82e93041611978,0x1f405eb733405cfb1367d382357b1d4bbe9f53be,4.0,1782383037065000,1
477164406,2026-06-25T10:28:34Z,1782383314000,0x010686c441c39b92af747848ad4e23de8b45193ecbe464b4b70dca9173e8642c,0,RequestedWithdrawal,0xcc10abf54af5c0718b10b0156dfe1e369ce3eee72423e9e86936a0082e9c5d1b,0xa45a1b56078d080417be011f4ec5c322a932ddac,7.11,1782383300661000,1
477164412,2026-06-25T10:28:36Z,1782383316000,0x80795d4e73f40b1b0b3d6fca71931269757fcb88419245b7bdb30b02e98d5e9a,8,FinalizedWithdrawal,0xe5c7fe3a4ffca1590f26d74c8ba8b0db69557f7f4607a2a43f82e93041611978,0xc15e1f2f700b42985f59272c2d6616d82285c0c4,31402.08,1782383062962000,1
477164874,2026-06-25T10:30:31Z,1782383431000,0x0c4a3ae555c4bb440988ec8aa1d48f592a54f14a611294696562790a27a424a6,31,RequestedWithdrawal,0xcc10abf54af5c0718b10b0156dfe1e369ce3eee72423e9e86936a0082e9c5d1b,0xac02887505d1ad7e00197a0a81acc22f21d05194,91.0,1782383413557000,1
477164874,2026-06-25T10:30:31Z,1782383431000,0x0c4a3ae555c4bb440988ec8aa1d48f592a54f14a611294696562790a27a424a6,32,RequestedWithdrawal,0xcc10abf54af5c0718b10b0156dfe1e369ce3eee72423e9e86936a0082e9c5d1b,0xac02887505d1ad7e00197a0a81acc22f21d05194,27.53,1782383424206000,1
477164978,2026-06-25T10:30:56Z,1782383456000,0x9c4bf7acd29f0a1ba3936add52d6f6c8351fc5955b80d343b691d337887335de,17,FinalizedWithdrawal,0xe5c7fe3a4ffca1590f26d74c8ba8b0db69557f7f4607a2a43f82e93041611978,0xa3c813e9f959b1853ccfece3153b26de165e2dcf,11.7,1782383264492000,1
477165087,2026-06-25T10:31:23Z,1782383483000,0x19d15baf4e995597c6e2dd642f111159c5e0c4ba5861917e7ca1ff10e6fecfc0,11,FinalizedWithdrawal,0xe5c7fe3a4ffca1590f26d74c8ba8b0db69557f7f4607a2a43f82e93041611978,0xf560aca76d6f197531ed5867ddf60d435987a062,11.17,1782383252838000,1
477165277,2026-06-25T10:32:11Z,1782383531000,0xb9faa20188ae137bc81d2ebe15687a0dcc75d29406d7020fbaba51bd34d22716,7,FinalizedWithdrawal,0xe5c7fe3a4ffca1590f26d74c8ba8b0db69557f7f4607a2a43f82e93041611978,0xa45a1b56078d080417be011f4ec5c322a932ddac,7.11,1782383300661000,1
477165469,2026-06-25T10:32:59Z,1782383579000,0xb135ed7df45626dce632ddb0a5ce42f8c4222cf4cb9576f8c6953ca3b02627b7,0,RequestedWithdrawal,0xcc10abf54af5c0718b10b0156dfe1e369ce3eee72423e9e86936a0082e9c5d1b,0x5436830e636c143e89f67afd491204aba63ffa8a,51.53,1782383573777000,1
477165739,2026-06-25T10:34:07Z,1782383647000,0xce96af3b80af0c62c3b307a75c828483a4a7662f2bda92a0d56461e1b3db2cc2,6,RequestedWithdrawal,0xcc10abf54af5c0718b10b0156dfe1e369ce3eee72423e9e86936a0082e9c5d1b,0x2b93d1492c53e6c29306cbbd72a6a77d4bea0cf8,2591.09,1782383628640000,1
477165743,2026-06-25T10:34:08Z,1782383648000,0xafc7892deeb490ffdb86efd7f052dec6f4df7c825a5294f05970f3a47f62814e,18,FinalizedWithdrawal,0xe5c7fe3a4ffca1590f26d74c8ba8b0db69557f7f4607a2a43f82e93041611978,0xac02887505d1ad7e00197a0a81acc22f21d05194,27.53,1782383424206000,1
477165743,2026-06-25T10:34:08Z,1782383648000,0xafc7892deeb490ffdb86efd7f052dec6f4df7c825a5294f05970f3a47f62814e,20,FinalizedWithdrawal,0xe5c7fe3a4ffca1590f26d74c8ba8b0db69557f7f4607a2a43f82e93041611978,0xac02887505d1ad7e00197a0a81acc22f21d05194,91.0,1782383413557000,1
477165927,2026-06-25T10:34:54Z,1782383694000,0x0a8f4b06d1964de1a46ab2339d78f5c62fdbf319eecca51f098ca97b62cae569,44,RequestedWithdrawal,0xcc10abf54af5c0718b10b0156dfe1e369ce3eee72423e9e86936a0082e9c5d1b,0x4bf1a9574540de3b3f488f57566e0d7b69067c18,5.13,1782383673251000,1
477165927,2026-06-25T10:34:54Z,1782383694000,0x0a8f4b06d1964de1a46ab2339d78f5c62fdbf319eecca51f098ca97b62cae569,45,RequestedWithdrawal,0xcc10abf54af5c0718b10b0156dfe1e369ce3eee72423e9e86936a0082e9c5d1b,0xd18ff4a9a984c0ed59f7688a66b7bb37f605676d,4.0,1782383658910000,1
477166039,2026-06-25T10:35:22Z,1782383722000,0xeb8af44dbc7f5725652e0c776b3243ed1fc873061387d0dec2ff9153fe35a7e1,5,RequestedWithdrawal,0xcc10abf54af5c0718b10b0156dfe1e369ce3eee72423e9e86936a0082e9c5d1b,0x5d268481a2c5c72b5e84ee9c03e938801c53cf32,4.0,1782383694043000,1
477166333,2026-06-25T10:36:35Z,1782383795000,0x9443fc5ff53a2f8fc40c8298ea73bdeb89d30a25db5ca8d2a9753dd832648912,15,FinalizedWithdrawal,0xe5c7fe3a4ffca1590f26d74c8ba8b0db69557f7f4607a2a43f82e93041611978,0x5436830e636c143e89f67afd491204aba63ffa8a,51.53,1782383573777000,1
477166527,2026-06-25T10:37:24Z,1782383844000,0x0e828d9aba216035da9a7cc7e2e53964132a4e7167a31b1dfb9fb55b29997f14,36,RequestedWithdrawal,0xcc10abf54af5c0718b10b0156dfe1e369ce3eee72423e9e86936a0082e9c5d1b,0x28c70df736d20c6a834b5f4f3a2768e00ff02e45,5.13,1782383824717000,1
477166641,2026-06-25T10:37:51Z,1782383871000,0xae10118864fda094177c299321f8e95039c19bf72984a703fce92cf82192ec82,15,FinalizedWithdrawal,0xe5c7fe3a4ffca1590f26d74c8ba8b0db69557f7f4607a2a43f82e93041611978,0x2b93d1492c53e6c29306cbbd72a6a77d4bea0cf8,2591.09,1782383628640000,1
477166758,2026-06-25T10:38:21Z,1782383901000,0x0ddccdd55bb552826ded5cef20a384aa28b42b87f5f17a5e9c3348d5e9fd8d78,7,FinalizedWithdrawal,0xe5c7fe3a4ffca1590f26d74c8ba8b0db69557f7f4607a2a43f82e93041611978,0xd18ff4a9a984c0ed59f7688a66b7bb37f605676d,4.0,1782383658910000,1
477166758,2026-06-25T10:38:21Z,1782383901000,0x0ddccdd55bb552826ded5cef20a384aa28b42b87f5f17a5e9c3348d5e9fd8d78,9,FinalizedWithdrawal,0xe5c7fe3a4ffca1590f26d74c8ba8b0db69557f7f4607a2a43f82e93041611978,0x4bf1a9574540de3b3f488f57566e0d7b69067c18,5.13,1782383673251000,1
477166870,2026-06-25T10:38:49Z,1782383929000,0x764fc979a81dd89c1f42e8f7ea1286fb1738392b8097727d6762d8a4faae2980,97,RequestedWithdrawal,0xcc10abf54af5c0718b10b0156dfe1e369ce3eee72423e9e86936a0082e9c5d1b,0x1f405eb733405cfb1367d382357b1d4bbe9f53be,4.0,1782383898422000,1
477166877,2026-06-25T10:38:50Z,1782383930000,0xacbd89289fe860b71453cd00316f5f9e3f2f6d838b70c24fda464537a9db31c9,1,FinalizedWithdrawal,0xe5c7fe3a4ffca1590f26d74c8ba8b0db69557f7f4607a2a43f82e93041611978,0x5d268481a2c5c72b5e84ee9c03e938801c53cf32,4.0,1782383694043000,1
477167060,2026-06-25T10:39:36Z,1782383976000,0xf51440cb1eb002e4bcec06ddff99ed83f53d5c5316914baefad1c66ef2516979,4,RequestedWithdrawal,0xcc10abf54af5c0718b10b0156dfe1e369ce3eee72423e9e86936a0082e9c5d1b,0xd76cae273aa3d444cc8ec2ee67fecce263e07c3c,0.53,1782383952885000,1
477167325,2026-06-25T10:40:43Z,1782384043000,0x88464494adf47a42b1a725bc153dea666c690660ba5b6b1e2a33a694adda478c,19,RequestedWithdrawal,0xcc10abf54af5c0718b10b0156dfe1e369ce3eee72423e9e86936a0082e9c5d1b,0x5f192439a673bba7d380009926361f145ce73e61,47.75,1782384017922000,1
477167325,2026-06-25T10:40:43Z,1782384043000,0x88464494adf47a42b1a725bc153dea666c690660ba5b6b1e2a33a694adda478c,20,RequestedWithdrawal,0xcc10abf54af5c0718b10b0156dfe1e369ce3eee72423e9e86936a0082e9c5d1b,0x862820ed1e7c29f1a2be680645b77d579aa98c46,36.0,1782384031711000,1
477167325,2026-06-25T10:40:43Z,1782384043000,0x88464494adf47a42b1a725bc153dea666c690660ba5b6b1e2a33a694adda478c,21,RequestedWithdrawal,0xcc10abf54af5c0718b10b0156dfe1e369ce3eee72423e9e86936a0082e9c5d1b,0x9ced3bdc0e6ff65c3f072b0b5527184843ed4eaf,105.55,1782384023768000,1
477167427,2026-06-25T10:41:08Z,1782384068000,0x4a60f3428eeff9a7f2373d7f5e838a0729c673727b524640d9b99e194dab3216,2,FinalizedWithdrawal,0xe5c7fe3a4ffca1590f26d74c8ba8b0db69557f7f4607a2a43f82e93041611978,0x28c70df736d20c6a834b5f4f3a2768e00ff02e45,5.13,1782383824717000,1
477167690,2026-06-25T10:42:14Z,1782384134000,0x621bcd1668ba83da56ce60632253a3b04aa8d7bf9b6f52e2d0371b9e4df6f3d0,7,FinalizedWithdrawal,0xe5c7fe3a4ffca1590f26d74c8ba8b0db69557f7f4607a2a43f82e93041611978,0x1f405eb733405cfb1367d382357b1d4bbe9f53be,4.0,1782383898422000,1
477167876,2026-06-25T10:43:01Z,1782384181000,0x6fd0633da3b8feb1656ba6d457c60b50dc38fa2ae937d7e957cf8022eee1ba41,24,FinalizedWithdrawal,0xe5c7fe3a4ffca1590f26d74c8ba8b0db69557f7f4607a2a43f82e93041611978,0xd76cae273aa3d444cc8ec2ee67fecce263e07c3c,0.53,1782383952885000,1
477168168,2026-06-25T10:44:13Z,1782384253000,0x266e4b5b4fc3024023716eeb38762b8fe5e30bd7cfe4c1baa683ec7a9cf6ff0a,11,FinalizedWithdrawal,0xe5c7fe3a4ffca1590f26d74c8ba8b0db69557f7f4607a2a43f82e93041611978,0x9ced3bdc0e6ff65c3f072b0b5527184843ed4eaf,105.55,1782384023768000,1
477168168,2026-06-25T10:44:13Z,1782384253000,0x266e4b5b4fc3024023716eeb38762b8fe5e30bd7cfe4c1baa683ec7a9cf6ff0a,13,FinalizedWithdrawal,0xe5c7fe3a4ffca1590f26d74c8ba8b0db69557f7f4607a2a43f82e93041611978,0x5f192439a673bba7d380009926361f145ce73e61,47.75,1782384017922000,1
477168168,2026-06-25T10:44:13Z,1782384253000,0x266e4b5b4fc3024023716eeb38762b8fe5e30bd7cfe4c1baa683ec7a9cf6ff0a,15,FinalizedWithdrawal,0xe5c7fe3a4ffca1590f26d74c8ba8b0db69557f7f4607a2a43f82e93041611978,0x862820ed1e7c29f1a2be680645b77d579aa98c46,36.0,1782384031711000,1
477168252,2026-06-25T10:44:34Z,1782384274000,0xc7da714850c66e1d46f3d82d9b7ba0640560fd344b18a858bcdf6ca98bb39c43,26,RequestedWithdrawal,0xcc10abf54af5c0718b10b0156dfe1e369ce3eee72423e9e86936a0082e9c5d1b,0xe1b8ebfc9196fa4341d564b9d8b8df81f9e9d0ed,1299.0,1782384256067000,1
477168978,2026-06-25T10:47:36Z,1782384456000,0xa14fa101673cfd30a87f66ad3a182ec4c7b2ca9c09ca6f71f9ef36cb71de3690,12,FailedPermitDeposit,0xa2dc875d1f90a167d873c30143e7631eb311ea851e74c8c4e9b92c80efeba489,,,,1
477169106,2026-06-25T10:48:08Z,1782384488000,0x3df5807490c867ea6b9a9f0861ec8a66ddbaefb89d0497b20e94c6532f74d482,16,FinalizedWithdrawal,0xe5c7fe3a4ffca1590f26d74c8ba8b0db69557f7f4607a2a43f82e93041611978,0xe1b8ebfc9196fa4341d564b9d8b8df81f9e9d0ed,1299.0,1782384256067000,1
477170056,2026-06-25T10:52:04Z,1782384724000,0x5542603dcc7d45bba2827b27f6cd65e54070ab3cf822e99ee89238c752382bed,9,RequestedWithdrawal,0xcc10abf54af5c0718b10b0156dfe1e369ce3eee72423e9e86936a0082e9c5d1b,0x63e3c07fdbcfa7dcee53cb880897f370169c44a1,1313.72,1782384706043000,1
477170872,2026-06-25T10:55:29Z,1782384929000,0x4ad759d0fb607a40d169de1b8d4ab42edbda3960bee35dc12e1cb260fe6b5605,52,FinalizedWithdrawal,0xe5c7fe3a4ffca1590f26d74c8ba8b0db69557f7f4607a2a43f82e93041611978,0x63e3c07fdbcfa7dcee53cb880897f370169c44a1,1313.72,1782384706043000,1
477172016,2026-06-25T11:00:14Z,1782385214000,0x21651d8ebd8c3d7817e43330f104fc3a1e4827c9f1538de439d319b2bd510eb9,17,RequestedWithdrawal,0xcc10abf54af5c0718b10b0156dfe1e369ce3eee72423e9e86936a0082e9c5d1b,0xd6db8b6b271e1144b4d80e1296f8a6366b010e70,28039.536054,1782385202950000,1
477172209,2026-06-25T11:01:02Z,1782385262000,0x2d70dc99efc4f1880cf6e4dd638e8f5d9d01fd906c8e9a85ddbd62d0dd0feafd,0,RequestedWithdrawal,0xcc10abf54af5c0718b10b0156dfe1e369ce3eee72423e9e86936a0082e9c5d1b,0x4b1805acd559f37c60bdfdefc3b761fc4eb303e4,99.0,1782385238020000,1
477172587,2026-06-25T11:02:37Z,1782385357000,0xaff53fa86eeab939e2b5b4adc97a21fe4d549f2fa077f74c44cdc7057fad4d3c,63,RequestedWithdrawal,0xcc10abf54af5c0718b10b0156dfe1e369ce3eee72423e9e86936a0082e9c5d1b,0x09e16733b12fd7e2e4d910091c752850a24c6117,126.0,1782385336418000,1
477172674,2026-06-25T11:02:59Z,1782385379000,0x044c6515c47a496dc04e8a20ac0828ba28a736b03d27093c539553f46c1826b4,60,RequestedWithdrawal,0xcc10abf54af5c0718b10b0156dfe1e369ce3eee72423e9e86936a0082e9c5d1b,0x5d268481a2c5c72b5e84ee9c03e938801c53cf32,499.0,1782385366991000,1
477172777,2026-06-25T11:03:23Z,1782385403000,0xb32ca09a8c62a938c3e48bb9ca9389f5c2b2caff6c6086fd0739f708a5a03798,20,RequestedWithdrawal,0xcc10abf54af5c0718b10b0156dfe1e369ce3eee72423e9e86936a0082e9c5d1b,0x7e5909687ddff06b45dff51e9b7ddd5c96885325,654.0035,1782385399780000,1
477172881,2026-06-25T11:03:49Z,1782385429000,0x2e3ace0d49f0082ffb6c02a3fbb1b7ae5582d25c651a8b6cda7ffb5a7e1bd3c4,2,FinalizedWithdrawal,0xe5c7fe3a4ffca1590f26d74c8ba8b0db69557f7f4607a2a43f82e93041611978,0xd6db8b6b271e1144b4d80e1296f8a6366b010e70,28039.536054,1782385202950000,1
477173044,2026-06-25T11:04:30Z,1782385470000,0xbc3e090771a420123862beafd009b5e1fcc23b33a37a87334061621b35be78ae,5,FinalizedWithdrawal,0xe5c7fe3a4ffca1590f26d74c8ba8b0db69557f7f4607a2a43f82e93041611978,0x4b1805acd559f37c60bdfdefc3b761fc4eb303e4,99.0,1782385238020000,1
477173142,2026-06-25T11:04:55Z,1782385495000,0x1581524c0583ad6bf0e4f7d0a842fe8b1e9dbda63dd7a156f084a061ec55cbe8,2,RequestedWithdrawal,0xcc10abf54af5c0718b10b0156dfe1e369ce3eee72423e9e86936a0082e9c5d1b,0x080548f746b65c4cd2e2e4dff9614d695d8ea9d4,66.1537,1782385486233000,1
477173142,2026-06-25T11:04:55Z,1782385495000,0x1581524c0583ad6bf0e4f7d0a842fe8b1e9dbda63dd7a156f084a061ec55cbe8,3,RequestedWithdrawal,0xcc10abf54af5c0718b10b0156dfe1e369ce3eee72423e9e86936a0082e9c5d1b,0xbf73931a6f7a38ecfdea543832aaeff55c933304,14.0,1782385484485000,1
477173430,2026-06-25T11:06:07Z,1782385567000,0x0ab75b6dac669f7d2fe4338f06d83d695976ac58088bbb1fcc6a0fa8ffed32bb,20,FinalizedWithdrawal,0xe5c7fe3a4ffca1590f26d74c8ba8b0db69557f7f4607a2a43f82e93041611978,0x09e16733b12fd7e2e4d910091c752850a24c6117,126.0,1782385336418000,1
477173530,2026-06-25T11:06:32Z,1782385592000,0x62ea9f4c6c898a9ade308e048625eecdb8bd8c3abe246a1e08d04030431eea26,19,FinalizedWithdrawal,0xe5c7fe3a4ffca1590f26d74c8ba8b0db69557f7f4607a2a43f82e93041611978,0x5d268481a2c5c72b5e84ee9c03e938801c53cf32,499.0,1782385366991000,1
477173614,2026-06-25T11:06:53Z,1782385613000,0x31f2f19dcb92b6c4351939c3f6494cde21152256b653ceff289e72ef07d37470,5,RequestedWithdrawal,0xcc10abf54af5c0718b10b0156dfe1e369ce3eee72423e9e86936a0082e9c5d1b,0x96ed0b21d024b82a430386a3a1477324f25f0143,4.0,1782385595279000,1
477173621,2026-06-25T11:06:55Z,1782385615000,0xd5ce95dcc19542e64c03b7e020af2a9e68ac37fe46557eef303bf4aa141001ed,1,FinalizedWithdrawal,0xe5c7fe3a4ffca1590f26d74c8ba8b0db69557f7f4607a2a43f82e93041611978,0x7e5909687ddff06b45dff51e9b7ddd5c96885325,654.0035,1782385399780000,1
477174012,2026-06-25T11:08:33Z,1782385713000,0xd2860650792abd91e65934d1a6542383235b898e6d28c6cb36e189c89bd46d0c,17,FinalizedWithdrawal,0xe5c7fe3a4ffca1590f26d74c8ba8b0db69557f7f4607a2a43f82e93041611978,0xbf73931a6f7a38ecfdea543832aaeff55c933304,14.0,1782385484485000,1
477174012,2026-06-25T11:08:33Z,1782385713000,0xd2860650792abd91e65934d1a6542383235b898e6d28c6cb36e189c89bd46d0c,19,FinalizedWithdrawal,0xe5c7fe3a4ffca1590f26d74c8ba8b0db69557f7f4607a2a43f82e93041611978,0x080548f746b65c4cd2e2e4dff9614d695d8ea9d4,66.1537,1782385486233000,1
477174489,2026-06-25T11:10:31Z,1782385831000,0xb143604cceffa03fded1bd8932f112d89c8d51987b1b0e509cda92779569861d,31,FinalizedWithdrawal,0xe5c7fe3a4ffca1590f26d74c8ba8b0db69557f7f4607a2a43f82e93041611978,0x96ed0b21d024b82a430386a3a1477324f25f0143,4.0,1782385595279000,1
477174592,2026-06-25T11:10:57Z,1782385857000,0x6acd46be5b38ab4c3df63babe484a918c0d4b54493bfd920825d0b10af831a63,6,RequestedWithdrawal,0xcc10abf54af5c0718b10b0156dfe1e369ce3eee72423e9e86936a0082e9c5d1b,0x60bce92a6f6685a8e7cc721ed025c7b848dd52c2,12925.0,1782385840648000,1
477174693,2026-06-25T11:11:22Z,1782385882000,0x6cf76114f9d3538c2602ae7a5a18f8c23958427fd19f74bfb1ee0120637ddef6,0,RequestedWithdrawal,0xcc10abf54af5c0718b10b0156dfe1e369ce3eee72423e9e86936a0082e9c5d1b,0x1f405eb733405cfb1367d382357b1d4bbe9f53be,3.0,1782385873202000,1
477175102,2026-06-25T11:13:05Z,1782385985000,0xdf0904251edf770e877658c5810270e82dde63e1125f498567696fa3e761785a,5,RequestedWithdrawal,0xcc10abf54af5c0718b10b0156dfe1e369ce3eee72423e9e86936a0082e9c5d1b,0xcd50fbe5eeecd7da20d8265c12d3cbb893b133ee,35.8,1782385980091000,1
477175314,2026-06-25T11:13:58Z,1782386038000,0xc69f9e523aa0d35bed092989a9f1d3425533972d65970cb1101a250d88a4eb6e,0,RequestedWithdrawal,0xcc10abf54af5c0718b10b0156dfe1e369ce3eee72423e9e86936a0082e9c5d1b,0x4b1c09fa8322548360a76a3747e32a60a864bc38,29210.0,1782386000096000,1
477175411,2026-06-25T11:14:22Z,1782386062000,0xe41bdaf6e6322201039633ccf587a9b0ebc648e953f8359fb64cd9a98ebe37f8,31,RequestedWithdrawal,0xcc10abf54af5c0718b10b0156dfe1e369ce3eee72423e9e86936a0082e9c5d1b,0x0dddb03b4ceb7b5e03dfd09b0d83e8bc3769ac4e,10.217075,1782386050312000,1
477175417,2026-06-25T11:14:24Z,1782386064000,0x96d622791b567c31c3dbc0eab184e12e78a432ed7b7df68d01dbc15e130d838a,4,FinalizedWithdrawal,0xe5c7fe3a4ffca1590f26d74c8ba8b0db69557f7f4607a2a43f82e93041611978,0x60bce92a6f6685a8e7cc721ed025c7b848dd52c2,12925.0,1782385840648000,1
477175525,2026-06-25T11:14:51Z,1782386091000,0x51e161d04fa327562761c3ac8079d9aa71db1e5b034f5942b892364f1630e33e,14,FinalizedWithdrawal,0xe5c7fe3a4ffca1590f26d74c8ba8b0db69557f7f4607a2a43f82e93041611978,0x1f405eb733405cfb1367d382357b1d4bbe9f53be,3.0,1782385873202000,1
477176005,2026-06-25T11:16:49Z,1782386209000,0xff202a4207e8de607e5769403b54ebdda9b79e039c461a3c61aa740f82c552fd,4,RequestedWithdrawal,0xcc10abf54af5c0718b10b0156dfe1e369ce3eee72423e9e86936a0082e9c5d1b,0x242c022e85454f2eb5742dc42adb9a0c76d28eb5,271.33,1782386198210000,1
477176010,2026-06-25T11:16:50Z,1782386210000,0x8e88a5855339a5e1717e9a64ab11682bddb7872d3d1333fb738c7142c0aa480d,35,FinalizedWithdrawal,0xe5c7fe3a4ffca1590f26d74c8ba8b0db69557f7f4607a2a43f82e93041611978,0xcd50fbe5eeecd7da20d8265c12d3cbb893b133ee,35.8,1782385980091000,1
477176087,2026-06-25T11:17:10Z,1782386230000,0x5059a536aab04d1aacefcaf213ed06e9e7e449f44c7dfcd3c663ae3f6177b727,10,RequestedWithdrawal,0xcc10abf54af5c0718b10b0156dfe1e369ce3eee72423e9e86936a0082e9c5d1b,0x137bad057833e7b28c733e84962cab4247431fda,18.866486,1782386216263000,1
477176187,2026-06-25T11:17:35Z,1782386255000,0x3231bf080582f0811c9fd059a8bb8d18c0f4db553c8414905051095ad87c8c96,19,FinalizedWithdrawal,0xe5c7fe3a4ffca1590f26d74c8ba8b0db69557f7f4607a2a43f82e93041611978,0x4b1c09fa8322548360a76a3747e32a60a864bc38,29210.0,1782386000096000,1
477176295,2026-06-25T11:18:02Z,1782386282000,0xe16c1ed36c05f8f4fba57ccf8a8fcbcbd8bd86cbdd2415dfef4331171831e64a,1,FinalizedWithdrawal,0xe5c7fe3a4ffca1590f26d74c8ba8b0db69557f7f4607a2a43f82e93041611978,0x0dddb03b4ceb7b5e03dfd09b0d83e8bc3769ac4e,10.217075,1782386050312000,1
477176405,2026-06-25T11:18:29Z,1782386309000,0x0f9db23af1a641e94e2f73dabd9e46948eab6c2a644aa8b755628d47cff93a16,34,RequestedWithdrawal,0xcc10abf54af5c0718b10b0156dfe1e369ce3eee72423e9e86936a0082e9c5d1b,0x6c70ddf135fd9de5ccd31e2e0b07c8485b02a1e5,6.5,1782386289727000,1
477176798,2026-06-25T11:20:08Z,1782386408000,0x08a64d915ba21bf995991ce5e29174d311e59a697eef6ab40b4dbce2dd6827ff,17,RequestedWithdrawal,0xcc10abf54af5c0718b10b0156dfe1e369ce3eee72423e9e86936a0082e9c5d1b,0x4dec92cb2f98ff4c69b997efa42522ce4e8f524f,1.94,1782386378122000,1
477176798,2026-06-25T11:20:08Z,1782386408000,0x08a64d915ba21bf995991ce5e29174d311e59a697eef6ab40b4dbce2dd6827ff,18,RequestedWithdrawal,0xcc10abf54af5c0718b10b0156dfe1e369ce3eee72423e9e86936a0082e9c5d1b,0x5d268481a2c5c72b5e84ee9c03e938801c53cf32,99.0,1782386402768000,1
477176909,2026-06-25T11:20:36Z,1782386436000,0x989b17f1d9f635e38560d62dc8de1dde4839ae9c38cf32055ad5fe8573a6cb21,13,FinalizedWithdrawal,0xe5c7fe3a4ffca1590f26d74c8ba8b0db69557f7f4607a2a43f82e93041611978,0x242c022e85454f2eb5742dc42adb9a0c76d28eb5,271.33,1782386198210000,1
477176909,2026-06-25T11:20:36Z,1782386436000,0x989b17f1d9f635e38560d62dc8de1dde4839ae9c38cf32055ad5fe8573a6cb21,15,FinalizedWithdrawal,0xe5c7fe3a4ffca1590f26d74c8ba8b0db69557f7f4607a2a43f82e93041611978,0x137bad057833e7b28c733e84962cab4247431fda,18.866486,1782386216263000,1
477177013,2026-06-25T11:21:02Z,1782386462000,0x11a90fc8c30c5b6e71b3d54c4f9f2a0afb236f2c5a27820e8a5afc3f36c5a113,13,RequestedWithdrawal,0xcc10abf54af5c0718b10b0156dfe1e369ce3eee72423e9e86936a0082e9c5d1b,0x5d268481a2c5c72b5e84ee9c03e938801c53cf32,49.0,1782386450541000,1
