analysis,experiment_id,direction,group,role,rel_offset,chain,block_number,block_ts,gas_used,gas_limit,gas_ratio,tx_count,base_fee_gwei,a2m_ms,iris_wait_ms,err
probe1,19,deposit,slow,mint,0,hevm,37020270,1780668604,1290436,3000000,0.4301453333333333,8,21.410822253,79629,8371,
probe1,19,deposit,slow,mint,1,hevm,37020271,1780668605,521699,3000000,0.17389966666666667,2,21.036910791,79629,8371,
probe1,19,deposit,slow,mint,2,hevm,37020272,1780668606,609186,3000000,0.203062,4,19.321874886,79629,8371,
probe1,19,deposit,slow,mint,3,hevm,37020273,1780668607,2020785,3000000,0.673595,11,17.887525165,79629,8371,
probe1,19,deposit,slow,mint,4,hevm,37020274,1780668608,2392930,3000000,0.7976433333333334,12,18.663821397,79629,8371,
probe1,19,deposit,slow,mint,5,hevm,37020275,1780668609,1633287,3000000,0.544429,6,20.0526119,79629,8371,
probe1,19,deposit,slow,mint,-1,hevm,37020269,1780668603,444318,3000000,0.148106,7,23.47609664,79629,8371,
probe1,19,deposit,slow,mint,-2,hevm,37020268,1780668602,110886,3000000,0.036962,2,26.549447395,79629,8371,
probe1,19,deposit,slow,mint,-3,hevm,37020267,1780668601,1439824,3000000,0.47994133333333333,7,26.683255024,79629,8371,
probe1,19,deposit,slow,mint,-4,hevm,37020266,1780668600,228324,30000000,0.0076108,3,0.1,79629,8371,
probe1,19,deposit,slow,mint,-5,hevm,37020265,1780668600,1210027,3000000,0.40334233333333336,11,27.344007002,79629,8371,
probe1,19,deposit,slow,mint,-6,hevm,37020264,1780668599,1068780,3000000,0.35626,10,28.363240032,79629,8371,
probe1,19,deposit,slow,mint,-7,hevm,37020263,1780668598,520191,3000000,0.173397,6,30.88502553,79629,8371,
probe1,19,deposit,slow,mint,-8,hevm,37020262,1780668597,2127812,3000000,0.7092706666666667,2,29.349526772,79629,8371,
probe1,19,deposit,slow,mint,-9,hevm,37020261,1780668596,955483,3000000,0.3184943333333333,5,30.744606863,79629,8371,
probe1,19,deposit,slow,mint,-10,hevm,37020260,1780668595,452943,3000000,0.150981,5,33.683666787,79629,8371,
probe1,19,deposit,slow,mint,-11,hevm,37020259,1780668594,709095,3000000,0.236365,4,36.060360041,79629,8371,
probe1,19,deposit,slow,mint,-12,hevm,37020258,1780668593,664912,3000000,0.22163733333333333,2,38.757521822,79629,8371,
probe1,19,deposit,slow,mint,-13,hevm,37020257,1780668592,1932484,3000000,0.6441613333333334,20,37.40927894,79629,8371,
probe1,19,deposit,slow,mint,-14,hevm,37020256,1780668591,0,3000000,0.0,0,42.753461645,79629,8371,
probe1,19,deposit,slow,mint,-15,hevm,37020255,1780668590,1056419,3000000,0.3521396666666667,8,44.394508345,79629,8371,
probe1,19,deposit,slow,mint,-16,hevm,37020254,1780668589,219479,3000000,0.07315966666666666,5,49.69776051,79629,8371,
probe1,19,deposit,slow,mint,-17,hevm,37020253,1780668588,271356,3000000,0.090452,1,55.366578369,79629,8371,
probe1,19,deposit,slow,mint,-18,hevm,37020252,1780668587,521175,3000000,0.173725,9,60.283857249,79629,8371,
probe1,19,deposit,slow,mint,-19,hevm,37020251,1780668586,2808496,3000000,0.9361653333333333,6,54.356727236,79629,8371,
probe1,19,deposit,slow,mint,-20,hevm,37020250,1780668585,1861619,3000000,0.6205396666666667,20,52.766609846,79629,8371,
probe1,19,deposit,slow,mint,-21,hevm,37020249,1780668584,491470,3000000,0.16382333333333332,11,57.608246954,79629,8371,
probe1,19,deposit,slow,mint,-22,hevm,37020248,1780668583,370010,3000000,0.12333666666666666,4,63.596902251,79629,8371,
probe1,19,deposit,slow,mint,-23,hevm,37020247,1780668582,1322300,3000000,0.44076666666666664,13,64.552821956,79629,8371,
probe1,19,deposit,slow,mint,-24,hevm,37020246,1780668581,961313,3000000,0.3204376666666667,11,67.586834376,79629,8371,
probe1,19,deposit,slow,mint,-25,hevm,37020245,1780668580,494928,3000000,0.164976,1,73.765104465,79629,8371,
probe1,19,deposit,slow,mint,-26,hevm,37020244,1780668579,137943,3000000,0.045981,2,83.209813549,79629,8371,
probe1,19,deposit,slow,mint,-27,hevm,37020243,1780668578,2741672,3000000,0.9138906666666666,8,75.407226715,79629,8371,
probe1,19,deposit,slow,mint,-28,hevm,37020242,1780668577,1513078,3000000,0.5043593333333334,3,75.325134873,79629,8371,
probe1,19,deposit,slow,mint,-29,hevm,37020241,1780668576,339344,3000000,0.11311466666666667,2,83.39080469,79629,8371,
probe1,19,deposit,slow,mint,-30,hevm,37020240,1780668575,1220391,3000000,0.406797,2,85.380228038,79629,8371,
probe1,19,deposit,slow,mint,-31,hevm,37020239,1780668574,2607629,3000000,0.8692096666666667,11,78.165375024,79629,8371,
probe1,19,deposit,slow,mint,-32,hevm,37020238,1780668573,319763,3000000,0.10658766666666666,2,86.691778765,79629,8371,
probe1,19,deposit,slow,mint,-33,hevm,37020237,1780668572,1099482,3000000,0.366494,6,89.685155352,79629,8371,
probe1,19,deposit,slow,mint,-34,hevm,37020236,1780668571,1494148,3000000,0.49804933333333334,11,89.728913151,79629,8371,
probe1,19,deposit,slow,mint,-35,hevm,37020235,1780668570,2461279,3000000,0.8204263333333334,14,83.07412855,79629,8371,
probe1,19,deposit,slow,mint,-36,hevm,37020234,1780668569,1763904,3000000,0.587968,12,81.286476362,79629,8371,
probe1,19,deposit,slow,mint,-37,hevm,37020233,1780668568,1137062,3000000,0.3790206666666667,6,83.821648139,79629,8371,
probe1,19,deposit,slow,mint,-38,hevm,37020232,1780668567,2620202,3000000,0.8734006666666667,9,76.664961231,79629,8371,
probe1,19,deposit,slow,mint,-39,hevm,37020231,1780668566,2094049,3000000,0.6980163333333333,11,73.048749832,79629,8371,
probe1,19,deposit,slow,mint,-40,hevm,37020230,1780668565,2879151,3000000,0.959717,16,65.518731195,79629,8371,
probe1,19,deposit,slow,mint,-41,hevm,37020229,1780668564,2794245,3000000,0.931415,19,59.140235068,79629,8371,
probe1,19,deposit,slow,mint,-42,hevm,37020228,1780668563,2996324,3000000,0.9987746666666667,16,52.583416108,79629,8371,
probe1,19,deposit,slow,mint,-43,hevm,37020227,1780668562,2867026,3000000,0.9556753333333333,18,47.205787832,79629,8371,
probe1,19,deposit,slow,mint,-44,hevm,37020226,1780668561,2859196,3000000,0.9530653333333333,28,42.402960028,79629,8371,
probe1,19,deposit,slow,mint,-45,hevm,37020225,1780668560,1940463,3000000,0.646821,23,40.901654572,79629,8371,
probe1,19,deposit,slow,mint,-46,hevm,37020224,1780668559,806631,3000000,0.268877,8,43.409911835,79629,8371,
probe1,19,deposit,slow,mint,-47,hevm,37020223,1780668558,1521716,3000000,0.5072386666666666,15,43.331496271,79629,8371,
probe1,19,deposit,slow,mint,-48,hevm,37020222,1780668557,1152734,3000000,0.3842446666666667,10,44.622828878,79629,8371,
probe1,19,deposit,slow,mint,-49,hevm,37020221,1780668556,671383,3000000,0.22379433333333335,5,47.932645988,79629,8371,
probe1,19,deposit,slow,mint,-50,hevm,37020220,1780668555,2453701,3000000,0.8179003333333333,9,44.403661306,79629,8371,
probe1,19,deposit,slow,mint,-51,hevm,37020219,1780668554,2837398,3000000,0.9457993333333333,22,39.951116078,79629,8371,
probe1,19,deposit,slow,mint,-52,hevm,37020218,1780668553,2948581,3000000,0.9828603333333333,19,35.647879352,79629,8371,
probe1,19,deposit,slow,mint,-53,hevm,37020217,1780668552,2490161,3000000,0.8300536666666667,25,32.930658229,79629,8371,
probe1,19,deposit,slow,mint,-54,hevm,37020216,1780668551,1091531,3000000,0.3638436666666667,7,34.0910876,79629,8371,
probe1,19,deposit,slow,mint,-55,hevm,37020215,1780668550,2836808,3000000,0.9456026666666667,13,30.6739852,79629,8371,
probe1,19,deposit,slow,mint,-56,hevm,37020214,1780668549,2689654,3000000,0.8965513333333334,27,27.907314506,79629,8371,
probe1,19,deposit,slow,mint,-57,hevm,37020213,1780668548,1846500,3000000,0.6155,9,27.124105947,79629,8371,
probe1,19,deposit,slow,mint,-58,hevm,37020212,1780668547,2625989,3000000,0.8753296666666667,15,24.797314044,79629,8371,
probe1,19,deposit,slow,mint,-59,hevm,37020211,1780668546,894981,3000000,0.298327,8,26.113932838,79629,8371,
probe1,19,deposit,slow,mint,-60,hevm,37020210,1780668545,2489364,3000000,0.829788,15,24.124906659,79629,8371,
probe1,19,deposit,slow,mint,-61,hevm,37020209,1780668544,0,3000000,0.0,0,27.571321895,79629,8371,
probe1,19,deposit,slow,mint,-62,hevm,37020208,1780668543,1145957,3000000,0.38198566666666667,8,28.409504065,79629,8371,
probe1,19,deposit,slow,mint,-63,hevm,37020207,1780668542,1042238,3000000,0.34741266666666665,4,29.53621722,79629,8371,
probe1,19,deposit,slow,mint,-64,hevm,37020206,1780668541,847469,3000000,0.28248966666666664,4,31.234683843,79629,8371,
probe1,19,deposit,slow,mint,-65,hevm,37020205,1780668540,487045,30000000,0.016234833333333334,2,0.1,79629,8371,
probe1,19,deposit,slow,mint,-66,hevm,37020204,1780668540,1812651,3000000,0.604217,13,30.441552036,79629,8371,
probe1,19,deposit,slow,mint,-67,hevm,37020203,1780668539,2214362,3000000,0.7381206666666666,5,28.731180097,79629,8371,
probe1,19,deposit,slow,mint,-68,hevm,37020202,1780668538,2151742,3000000,0.7172473333333333,8,27.251121717,79629,8371,
probe1,19,deposit,slow,mint,-69,hevm,37020201,1780668537,1453492,3000000,0.48449733333333334,15,27.357148907,79629,8371,
probe1,19,deposit,slow,mint,-70,hevm,37020200,1780668536,2135349,3000000,0.711783,5,25.981536948,79629,8371,
probe1,19,deposit,slow,mint,-71,hevm,37020199,1780668535,1858674,3000000,0.619558,5,25.227499599,79629,8371,
probe1,19,deposit,slow,mint,-72,hevm,37020198,1780668534,605428,3000000,0.20180933333333334,4,27.259642328,79629,8371,
probe1,19,deposit,slow,mint,-73,hevm,37020197,1780668533,80073,3000000,0.026691,3,30.918095549,79629,8371,
probe1,19,deposit,slow,mint,-74,hevm,37020196,1780668532,388151,3000000,0.12938366666666667,5,34.075312381,79629,8371,
probe1,19,deposit,slow,mint,-75,hevm,37020195,1780668531,2540187,3000000,0.846729,10,31.357199753,79629,8371,
probe1,19,deposit,slow,mint,-76,hevm,37020194,1780668530,2628038,3000000,0.8760126666666667,12,28.662805291,79629,8371,
probe1,19,deposit,slow,mint,-77,hevm,37020193,1780668529,1265686,3000000,0.42189533333333334,7,29.233625943,79629,8371,
probe1,19,deposit,slow,mint,-78,hevm,37020192,1780668528,2063753,3000000,0.6879176666666666,14,27.921872654,79629,8371,
probe1,19,deposit,slow,mint,-79,hevm,37020191,1780668527,1418243,3000000,0.4727476666666667,10,28.11341167,79629,8371,
probe1,19,deposit,slow,mint,-80,hevm,37020190,1780668526,2438717,3000000,0.8129056666666666,11,26.07375523,79629,8371,
probe1,19,deposit,slow,mint,-81,hevm,37020189,1780668525,2252655,3000000,0.750885,17,24.534895892,79629,8371,
probe1,19,deposit,slow,mint,-82,hevm,37020188,1780668524,2693262,3000000,0.897754,11,22.315842034,79629,8371,
probe1,124,deposit,slow,mint,0,hevm,37330101,1780973443,875668,3000000,0.29188933333333333,6,0.123009632,41044,7956,
probe1,124,deposit,slow,mint,1,hevm,37330102,1780973444,1050764,3000000,0.35025466666666666,12,0.116609728,41044,7956,
probe1,124,deposit,slow,mint,2,hevm,37330103,1780973445,1218576,3000000,0.406192,7,0.112244288,41044,7956,
probe1,124,deposit,slow,mint,3,hevm,37330104,1780973446,1406492,3000000,0.4688306666666667,9,0.109611935,41044,7956,
probe1,124,deposit,slow,mint,4,hevm,37330105,1780973447,1002231,3000000,0.334077,6,0.108757803,41044,7956,
probe1,124,deposit,slow,mint,5,hevm,37330106,1780973448,449719,3000000,0.14990633333333334,7,0.104246448,41044,7956,
probe1,124,deposit,slow,mint,-1,hevm,37330100,1780973442,1231522,3000000,0.41050733333333334,5,0.125824729,41044,7956,
probe1,124,deposit,slow,mint,-2,hevm,37330099,1780973441,547341,3000000,0.182447,6,0.136675128,41044,7956,
probe1,124,deposit,slow,mint,-3,hevm,37330098,1780973440,560946,3000000,0.186982,6,0.148278595,41044,7956,
probe1,124,deposit,slow,mint,-4,hevm,37330097,1780973439,852120,3000000,0.28404,6,0.156741043,41044,7956,
probe1,124,deposit,slow,mint,-5,hevm,37330096,1780973438,1099305,3000000,0.366435,6,0.162155621,41044,7956,
probe1,124,deposit,slow,mint,-6,hevm,37330095,1780973437,844618,3000000,0.2815393333333333,6,0.1715234,41044,7956,
probe1,124,deposit,slow,mint,-7,hevm,37330094,1780973436,1111768,3000000,0.3705893333333333,6,0.177258174,41044,7956,
probe1,124,deposit,slow,mint,-8,hevm,37330093,1780973435,498496,3000000,0.16616533333333333,7,0.193398996,41044,7956,
probe1,124,deposit,slow,mint,-9,hevm,37330092,1780973434,2242086,3000000,0.747362,10,0.182135638,41044,7956,
probe1,124,deposit,slow,mint,-10,hevm,37330091,1780973433,2533874,3000000,0.8446246666666667,11,0.167688261,41044,7956,
probe1,124,deposit,slow,mint,-11,hevm,37330090,1780973432,774351,3000000,0.258117,9,0.17848115,41044,7956,
probe1,124,deposit,slow,mint,-12,hevm,37330089,1780973431,1456427,3000000,0.4854756666666667,5,0.179131591,41044,7956,
probe1,124,deposit,slow,mint,-13,hevm,37330088,1780973430,199418,3000000,0.06647266666666667,3,0.20090617,41044,7956,
probe1,124,deposit,slow,mint,-14,hevm,37330087,1780973429,1499374,3000000,0.4997913333333333,4,0.200916651,41044,7956,
probe1,124,deposit,slow,mint,-15,hevm,37330086,1780973428,546461,3000000,0.18215366666666666,4,0.21825993,41044,7956,
probe1,124,deposit,slow,mint,-16,hevm,37330085,1780973427,2711636,3000000,0.9038786666666667,8,0.198243364,41044,7956,
probe1,124,deposit,slow,mint,-17,hevm,37330084,1780973426,476786,3000000,0.15892866666666666,4,0.216722852,41044,7956,
probe1,124,deposit,slow,mint,-18,hevm,37330083,1780973425,2638113,3000000,0.879371,9,0.19794884,41044,7956,
probe1,124,deposit,slow,mint,-19,hevm,37330082,1780973424,225255,3000000,0.075085,4,0.221475953,41044,7956,
probe1,124,deposit,slow,mint,-20,hevm,37330081,1780973423,753236,3000000,0.25107866666666667,7,0.236173082,41044,7956,
probe1,124,deposit,slow,mint,-21,hevm,37330080,1780973422,303292,3000000,0.10109733333333333,7,0.262334572,41044,7956,
probe1,124,deposit,slow,mint,-22,hevm,37330079,1780973421,1175956,3000000,0.39198533333333335,4,0.26961517,41044,7956,
probe1,124,deposit,slow,mint,-23,hevm,37330078,1780973420,592394,3000000,0.19746466666666668,7,0.291675723,41044,7956,
probe1,124,deposit,slow,mint,-24,hevm,37330077,1780973419,469328,3000000,0.15644266666666667,4,0.319081412,41044,7956,
probe1,124,deposit,slow,mint,-25,hevm,37330076,1780973418,2513363,3000000,0.8377876666666667,6,0.294234238,41044,7956,
probe1,124,deposit,slow,mint,-26,hevm,37330075,1780973417,2905174,3000000,0.9683913333333334,10,0.263391647,41044,7956,
probe1,124,deposit,slow,mint,-27,hevm,37330074,1780973416,32698,3000000,0.010899333333333334,1,0.300084533,41044,7956,
probe1,124,deposit,slow,mint,-28,hevm,37330073,1780973415,1337822,3000000,0.44594066666666665,4,0.304195687,41044,7956,
probe1,124,deposit,slow,mint,-29,hevm,37330072,1780973414,1089682,3000000,0.36322733333333335,4,0.314965349,41044,7956,
probe1,124,deposit,slow,mint,-30,hevm,37330071,1780973413,1414824,3000000,0.471608,9,0.317216954,41044,7956,
probe1,124,deposit,slow,mint,-31,hevm,37330070,1780973412,163398,3000000,0.054466,2,0.356978464,41044,7956,
probe1,124,deposit,slow,mint,-32,hevm,37330069,1780973411,1655136,3000000,0.551712,7,0.352422348,41044,7956,
probe1,124,deposit,slow,mint,-33,hevm,37330068,1780973410,617698,3000000,0.20589933333333332,4,0.380390632,41044,7956,
probe1,124,deposit,slow,mint,-34,hevm,37330067,1780973409,1073663,3000000,0.35788766666666666,6,0.394403015,41044,7956,
probe1,124,deposit,slow,mint,-35,hevm,37330066,1780973408,1881880,3000000,0.6272933333333334,10,0.3822389,41044,7956,
probe1,124,deposit,slow,mint,-36,hevm,37330065,1780973407,2015798,3000000,0.6719326666666666,8,0.366486165,41044,7956,
probe1,124,deposit,slow,mint,-37,hevm,37330064,1780973406,2300856,3000000,0.766952,7,0.343557805,41044,7956,
probe1,124,deposit,slow,mint,-38,hevm,37330063,1780973405,2671006,3000000,0.8903353333333334,20,0.313012815,41044,7956,
probe1,124,deposit,slow,mint,-39,hevm,37330062,1780973404,2832719,3000000,0.9442396666666667,12,0.281724514,41044,7956,
probe1,124,deposit,slow,mint,-40,hevm,37330061,1780973403,2618280,3000000,0.87276,23,0.257708646,41044,7956,
probe1,124,deposit,slow,mint,-41,hevm,37330060,1780973402,2679730,3000000,0.8932433333333333,15,0.234640904,41044,7956,
probe1,124,deposit,slow,mint,-42,hevm,37330059,1780973401,2782130,3000000,0.9273766666666666,9,0.211990912,41044,7956,
probe1,189,deposit,slow,mint,0,hevm,37559554,1781199134,2604816,3000000,0.868272,21,41.044787285,30413,12587,
probe1,189,deposit,slow,mint,1,hevm,37559555,1781199135,2363122,3000000,0.7877073333333333,26,44.82369876,30413,12587,
probe1,189,deposit,slow,mint,2,hevm,37559556,1781199136,111379,3000000,0.03712633333333333,3,48.04772547,30413,12587,
probe1,189,deposit,slow,mint,3,hevm,37559557,1781199137,1058132,3000000,0.3527106666666667,11,42.487718755,30413,12587,
probe1,189,deposit,slow,mint,4,hevm,37559558,1781199138,1048859,3000000,0.34961966666666666,9,40.923221813,30413,12587,
probe1,189,deposit,slow,mint,5,hevm,37559559,1781199139,941807,3000000,0.31393566666666667,14,39.384709879,30413,12587,
probe1,189,deposit,slow,mint,-1,hevm,37559553,1781199133,2464783,3000000,0.8215943333333333,25,37.990411982,30413,12587,
probe1,189,deposit,slow,mint,-2,hevm,37559552,1781199132,1611013,3000000,0.5370043333333333,9,37.642181029,30413,12587,
probe1,189,deposit,slow,mint,-3,hevm,37559551,1781199131,1391195,3000000,0.46373166666666665,10,37.986608776,30413,12587,
probe1,189,deposit,slow,mint,-4,hevm,37559550,1781199130,932301,3000000,0.310767,9,39.872927183,30413,12587,
probe1,189,deposit,slow,mint,-5,hevm,37559549,1781199129,270888,3000000,0.090296,5,44.422997082,30413,12587,
probe1,189,deposit,slow,mint,-6,hevm,37559548,1781199128,2687592,3000000,0.895864,29,40.42253999,30413,12587,
probe1,189,deposit,slow,mint,-7,hevm,37559547,1781199127,734149,3000000,0.24471633333333334,14,43.178213132,30413,12587,
probe1,189,deposit,slow,mint,-8,hevm,37559546,1781199126,1557242,3000000,0.5190806666666666,16,42.973223693,30413,12587,
probe1,189,deposit,slow,mint,-9,hevm,37559545,1781199125,2130283,3000000,0.7100943333333334,18,40.828751369,30413,12587,
probe1,189,deposit,slow,mint,-10,hevm,37559544,1781199124,1042079,3000000,0.3473596666666667,7,42.448593223,30413,12587,
probe1,189,deposit,slow,mint,-11,hevm,37559543,1781199123,1408409,3000000,0.4694696666666667,13,42.775077567,30413,12587,
probe1,189,deposit,slow,mint,-12,hevm,37559542,1781199122,1491161,3000000,0.49705366666666667,17,42.806608201,30413,12587,
probe1,189,deposit,slow,mint,-13,hevm,37559541,1781199121,1812201,3000000,0.604067,23,41.721159232,30413,12587,
probe1,189,deposit,slow,mint,-14,hevm,37559540,1781199120,4738694,30000000,0.15795646666666666,3,0.1,30413,12587,
probe1,189,deposit,slow,mint,-15,hevm,37559539,1781199120,1000105,3000000,0.3333683333333333,16,43.534725185,30413,12587,
probe1,189,deposit,slow,mint,-16,hevm,37559538,1781199119,943837,3000000,0.3146123333333333,11,45.65048438,30413,12587,
probe1,189,deposit,slow,mint,-17,hevm,37559537,1781199118,566541,3000000,0.188847,4,49.501087336,30413,12587,
probe1,189,deposit,slow,mint,-18,hevm,37559536,1781199117,65396,3000000,0.021798666666666668,2,56.222506759,30413,12587,
probe1,189,deposit,slow,mint,-19,hevm,37559535,1781199116,816899,3000000,0.27229966666666666,7,59.616161733,30413,12587,
probe1,189,deposit,slow,mint,-20,hevm,37559534,1781199115,2530413,3000000,0.843471,15,54.901862343,30413,12587,
probe1,189,deposit,slow,mint,-21,hevm,37559533,1781199114,2147011,3000000,0.7156703333333333,20,52.093126836,30413,12587,
probe1,189,deposit,slow,mint,-22,hevm,37559532,1781199113,347276,3000000,0.11575866666666666,3,57.628986487,30413,12587,
probe1,189,deposit,slow,mint,-23,hevm,37559531,1781199112,1289626,3000000,0.42987533333333333,9,58.657317699,30413,12587,
probe1,189,deposit,slow,mint,-24,hevm,37559530,1781199111,1828258,3000000,0.6094193333333333,7,57.09548035,30413,12587,
probe1,189,deposit,slow,mint,-25,hevm,37559529,1781199110,2448043,3000000,0.8160143333333333,14,52.915005318,30413,12587,
probe1,189,deposit,slow,mint,-26,hevm,37559528,1781199109,1626876,3000000,0.542292,6,52.361388359,30413,12587,
probe1,189,deposit,slow,mint,-27,hevm,37559527,1781199108,1521792,3000000,0.507264,10,52.266472446,30413,12587,
probe1,189,deposit,slow,mint,-28,hevm,37559526,1781199107,2294167,3000000,0.7647223333333333,24,49.022157469,30413,12587,
probe1,189,deposit,slow,mint,-29,hevm,37559525,1781199106,2093336,3000000,0.6977786666666667,18,46.712474727,30413,12587,
probe1,189,deposit,slow,mint,-30,hevm,37559524,1781199105,2529878,3000000,0.8432926666666667,18,43.020333477,30413,12587,
probe1,189,deposit,slow,mint,-31,hevm,37559523,1781199104,2649456,3000000,0.883152,29,39.259723119,30413,12587,
probe1,189,deposit,slow,mint,-32,hevm,37559522,1781199103,2995255,3000000,0.9984183333333333,20,34.909801811,30413,12587,
probe1,1,deposit,fast,mint,0,hevm,36724551,1780377733,2266182,3000000,0.755394,11,0.1,1820,4180,
probe1,11,deposit,slow,mint,0,hevm,36997223,1780645935,764663,3000000,0.2548876666666667,10,0.961960706,3147,7853,
probe1,22,deposit,fast,mint,0,hevm,37028272,1780676475,1812241,3000000,0.6040803333333333,10,16.616210225,2612,4388,
probe1,32,deposit,fast,mint,0,hevm,37057431,1780705156,332321,3000000,0.11077366666666667,2,0.1,3337,3663,
probe1,42,deposit,fast,mint,0,hevm,37084373,1780731657,288468,3000000,0.096156,1,0.1,1957,4043,
probe1,52,deposit,slow,mint,0,hevm,37114168,1780761050,774377,3000000,0.25812566666666664,2,0.1,0,7000,
probe1,62,deposit,slow,mint,0,hevm,37144194,1780790583,1142243,3000000,0.38074766666666665,5,0.1,0,6000,
probe1,72,deposit,slow,mint,0,hevm,37173557,1780819465,2198596,3000000,0.7328653333333334,7,0.1,2747,9253,
probe1,82,deposit,fast,mint,0,hevm,37203535,1780848952,581274,3000000,0.193758,3,0.1,4102,2898,
probe1,92,deposit,fast,mint,0,hevm,37230709,1780875680,367218,3000000,0.122406,3,0.107476733,2454,4546,
probe1,102,deposit,fast,mint,0,hevm,37260172,1780904660,412639,3000000,0.13754633333333333,7,0.1,3116,3884,
probe1,112,deposit,fast,mint,0,hevm,37293971,1780937905,602739,3000000,0.200913,5,0.257139422,2025,2975,
probe1,122,deposit,fast,mint,0,hevm,37324651,1780968082,523204,3000000,0.17440133333333332,7,0.1,2249,3751,
probe1,133,deposit,tail,mint,0,hevm,37357201,1781000099,912969,3000000,0.304323,5,0.1,0,11000,
probe1,143,deposit,slow,mint,0,hevm,37385456,1781027890,2521429,3000000,0.8404763333333334,21,0.10791817,1583,6417,
probe1,153,deposit,tail,mint,0,hevm,37414204,1781056167,1943820,3000000,0.64794,16,0.959135598,1645,14355,
probe1,163,deposit,fast,mint,0,hevm,37445665,1781087112,397759,3000000,0.13258633333333333,4,0.109960083,2789,3211,
probe1,173,deposit,fast,mint,0,hevm,37515529,1781155831,427386,3000000,0.142462,5,0.1,1902,4098,
probe1,183,deposit,slow,mint,0,hevm,37537636,1781177576,353701,3000000,0.11790033333333333,3,0.1,856,10144,
probe1,194,deposit,fast,mint,0,hevm,37572699,1781212064,818399,3000000,0.27279966666666666,5,0.1,3116,2884,
probe2,1,deposit,fast,burn,0,arb,469169954,1780377727,217642,1125899906842624,1.9330492762037466e-10,4,0.020002,1820,4180,
probe2,1,deposit,fast,mint,0,hevm,36724551,1780377733,2266182,3000000,0.755394,11,0.1,1820,4180,
probe2,2,deposit,fast,burn,0,arb,470186616,1780631760,321597,1125899906842624,2.856355152403012e-10,6,0.020192,1859,4141,
probe2,2,deposit,fast,mint,0,hevm,36982818,1780631766,382821,3000000,0.127607,4,0.1,1859,4141,
probe2,3,deposit,slow,burn,0,arb,470195903,1780634077,403170,1125899906842624,3.580868934704995e-10,4,0.02,0,7000,
probe2,3,deposit,slow,mint,0,hevm,36985174,1780634084,2574742,3000000,0.8582473333333334,18,0.109077841,0,7000,
probe2,4,deposit,fast,burn,0,arb,470199195,1780634901,2358770,1125899906842624,2.0950086110360644e-09,4,0.020002,4053,4947,
probe2,4,deposit,fast,mint,0,hevm,36986014,1780634910,2918514,3000000,0.972838,17,0.368347306,4053,4947,
probe2,5,deposit,slow,burn,0,arb,470202575,1780635747,1755245,1125899906842624,1.5589707302865463e-09,12,0.020004,2048,8952,
probe2,5,deposit,slow,mint,0,hevm,36986876,1780635758,1639551,3000000,0.546517,5,9.30794764,2048,8952,
probe2,6,deposit,fast,burn,0,arb,470205592,1780636500,701605,1125899906842624,6.231504201537064e-10,8,0.02,1890,4110,
probe2,6,deposit,fast,mint,0,hevm,36987637,1780636506,514497,3000000,0.171499,3,0.1,1890,4110,
probe2,7,deposit,fast,burn,0,arb,470214240,1780638658,3218040,1125899906842624,2.858193681731791e-09,13,0.020162,2794,3206,
probe2,7,deposit,fast,mint,0,hevm,36989831,1780638664,2695795,3000000,0.8985983333333334,12,2.069092122,2794,3206,
probe2,8,deposit,slow,burn,0,arb,470222975,1780640833,8325741,1125899906842624,7.39474348421254e-09,10,0.023324,0,10000,
probe2,8,deposit,slow,mint,0,hevm,36992046,1780640843,2050691,3000000,0.6835636666666667,5,5.568734984,0,10000,
probe2,9,deposit,fast,burn,0,arb,470227838,1780642037,245860,1125899906842624,2.183675462674728e-10,3,0.020538,2430,4570,
probe2,9,deposit,fast,mint,0,hevm,36993267,1780642044,1920362,3000000,0.6401206666666667,6,0.437601589,2430,4570,
probe2,10,deposit,fast,burn,0,arb,470235186,1780643869,492265,1125899906842624,4.3721914977368215e-10,5,0.02027,1851,4149,
probe2,10,deposit,fast,mint,0,hevm,36995128,1780643875,748206,3000000,0.249402,5,3.344885875,1851,4149,
probe2,11,deposit,slow,burn,0,arb,470243446,1780645924,7595461,1125899906842624,6.746124547873933e-09,27,0.020264,3147,7853,
probe2,11,deposit,slow,mint,0,hevm,36997223,1780645935,764663,3000000,0.2548876666666667,10,0.961960706,3147,7853,
probe2,12,deposit,fast,burn,0,arb,470250161,1780647598,696678,1125899906842624,6.187743650798438e-10,6,0.020034,2823,5177,
probe2,12,deposit,fast,mint,0,hevm,36998922,1780647606,1793424,3000000,0.597808,11,0.189434707,2823,5177,
probe2,13,deposit,slow,burn,0,arb,470257545,1780649440,456443,1125899906842624,4.0540282242318426e-10,8,0.020056,2844,8156,
probe2,13,deposit,slow,mint,0,hevm,37000797,1780649451,1787825,3000000,0.5959416666666667,5,0.100019001,2844,8156,
probe2,14,deposit,slow,burn,0,arb,470260290,1780650124,845851,1125899906842624,7.512666044817706e-10,9,0.02,2382,8618,
probe2,14,deposit,slow,mint,0,hevm,37001493,1780650135,1200511,3000000,0.40017033333333335,8,0.152102457,2382,8618,
probe2,15,deposit,fast,burn,0,arb,470283888,1780656013,930667,1125899906842624,8.265983453270564e-10,7,0.020008,2949,4051,
probe2,15,deposit,fast,mint,0,hevm,37007476,1780656020,2108488,3000000,0.7028293333333333,9,0.33827653,2949,4051,
probe2,16,deposit,slow,burn,0,arb,470293143,1780658324,240563,1125899906842624,2.1366286517832123e-10,4,0.020014,1715,8285,
probe2,16,deposit,slow,mint,0,hevm,37009828,1780658334,593817,3000000,0.197939,4,5.004449985,1715,8285,
probe2,17,deposit,fast,burn,0,arb,470310681,1780662700,2611375,1125899906842624,2.3193669207444145e-09,13,0.020648,2042,3958,
probe2,17,deposit,fast,mint,0,hevm,37014273,1780662706,2281524,3000000,0.760508,17,9.093489316,2042,3958,
probe2,18,deposit,slow,burn,0,arb,470313877,1780663496,892004,1125899906842624,7.922587030861905e-10,7,0.02,2655,8345,
probe2,18,deposit,slow,mint,0,hevm,37015088,1780663507,489913,3000000,0.16330433333333333,3,0.1,2655,8345,
probe2,19,deposit,slow,burn,0,arb,470334050,1780668516,13034877,1125899906842624,1.157729645484551e-08,20,0.023898,79629,8371,
probe2,19,deposit,slow,mint,0,hevm,37020270,1780668604,1290436,3000000,0.4301453333333333,8,21.410822253,79629,8371,
probe2,20,deposit,fast,burn,0,arb,470338878,1780669713,1985823,1125899906842624,1.7637651339441618e-09,12,0.02044,1458,5542,
probe2,20,deposit,fast,mint,0,hevm,37021404,1780669720,1496629,3000000,0.4988763333333333,9,0.42643229,1458,5542,
probe2,21,deposit,fast,burn,0,arb,470360539,1780675097,901519,1125899906842624,8.007097207496372e-10,7,0.020446,2687,4313,
probe2,21,deposit,fast,mint,0,hevm,37026878,1780675104,787704,3000000,0.262568,8,0.84665026,2687,4313,
probe2,22,deposit,fast,burn,0,arb,470366047,1780676468,3345990,1125899906842624,2.971836110532422e-09,14,0.025156,2612,4388,
probe2,22,deposit,fast,mint,0,hevm,37028272,1780676475,1812241,3000000,0.6040803333333333,10,16.616210225,2612,4388,
probe2,23,deposit,fast,burn,0,arb,470375102,1780678713,3825567,1125899906842624,3.397786052516949e-09,9,0.021008,2234,3766,
probe2,23,deposit,fast,mint,0,hevm,37030553,1780678719,581588,3000000,0.19386266666666666,3,1.06271902,2234,3766,
probe2,24,deposit,fast,burn,0,arb,470388055,1780681939,466545,1125899906842624,4.1437520081899493e-10,4,0.020626,2965,4035,
probe2,24,deposit,fast,mint,0,hevm,37033834,1780681946,950916,3000000,0.316972,6,0.377809416,2965,4035,
probe2,25,deposit,slow,burn,0,arb,470396356,1780684007,1126192,1125899906842624,1.0002594308389234e-09,13,0.020312,0,7000,
probe2,25,deposit,slow,mint,0,hevm,37035936,1780684014,1488473,3000000,0.49615766666666666,9,1.179821971,0,7000,
probe2,26,deposit,slow,burn,0,arb,470402129,1780685444,15329282,1125899906842624,1.3615137461897575e-08,98,0.020244,1835,8165,
probe2,26,deposit,slow,mint,0,hevm,37037400,1780685454,982426,3000000,0.32747533333333334,5,1.181485809,1835,8165,
probe2,27,deposit,slow,burn,0,arb,470422410,1780690488,1602891,1125899906842624,1.4236531953315534e-09,12,0.02034,2279,8721,
probe2,27,deposit,slow,mint,0,hevm,37042529,1780690499,2417569,3000000,0.8058563333333333,20,0.166806182,2279,8721,
probe2,28,deposit,slow,burn,0,arb,470427399,1780691728,2025965,1125899906842624,1.7994183920677642e-09,8,0.0204,2382,8618,
probe2,28,deposit,slow,mint,0,hevm,37043790,1780691739,2610948,3000000,0.870316,19,0.14490675,2382,8618,
probe2,29,deposit,fast,burn,0,arb,470439572,1780694758,4554068,1125899906842624,4.04482491944691e-09,34,0.020158,2647,3353,
probe2,29,deposit,fast,mint,0,hevm,37046866,1780694764,474783,3000000,0.158261,3,0.155755513,2647,3353,
probe2,30,deposit,fast,burn,0,arb,470453266,1780698175,154745,1125899906842624,1.3744116955649588e-10,3,0.02,3255,3745,
probe2,30,deposit,fast,mint,0,hevm,37050341,1780698182,1997880,3000000,0.66596,12,0.1,3255,3745,
probe2,31,deposit,fast,burn,0,arb,470465944,1780701339,227147,1125899906842624,2.0174706349962435e-10,4,0.02,3681,3319,
probe2,31,deposit,fast,mint,0,hevm,37053557,1780701346,318591,3000000,0.106197,3,0.123702069,3681,3319,
probe2,32,deposit,fast,burn,0,arb,470481213,1780705149,635454,1125899906842624,5.643965295121234e-10,7,0.020092,3337,3663,
probe2,32,deposit,fast,mint,0,hevm,37057431,1780705156,332321,3000000,0.11077366666666667,2,0.1,3337,3663,
probe2,33,deposit,slow,burn,0,arb,470489999,1780707346,197471,1125899906842624,1.7538948071660343e-10,4,0.02006,2010,7990,
probe2,33,deposit,slow,mint,0,hevm,37059667,1780707356,788351,3000000,0.2627836666666667,4,0.174336431,2010,7990,
probe2,34,deposit,slow,burn,0,arb,470499799,1780709804,550505,1125899906842624,4.889466609370174e-10,4,0.020126,0,6000,
probe2,34,deposit,slow,mint,0,hevm,37062162,1780709810,1089457,3000000,0.36315233333333335,2,0.1,0,6000,
probe2,35,deposit,slow,burn,0,arb,470518112,1780714405,218439,1125899906842624,1.9401280582087566e-10,4,0.02,0,7000,
probe2,35,deposit,slow,mint,0,hevm,37066841,1780714412,384734,3000000,0.12824466666666667,2,0.1,0,7000,
probe2,36,deposit,fast,burn,0,arb,470529387,1780717232,364901,1125899906842624,3.240971935269954e-10,5,0.020006,3122,2878,
probe2,36,deposit,fast,mint,0,hevm,37069714,1780717238,1370956,3000000,0.45698533333333335,7,0.102843016,3122,2878,
probe2,37,deposit,fast,burn,0,arb,470537452,1780719249,875678,1125899906842624,7.777583022061663e-10,8,0.0202,3570,3430,
probe2,37,deposit,fast,mint,0,hevm,37071766,1780719256,1440937,3000000,0.48031233333333334,7,0.1286505,3570,3430,
probe2,38,deposit,slow,burn,0,arb,470545539,1780721265,4026173,1125899906842624,3.5759599725793123e-09,9,0.020164,3711,8289,
probe2,38,deposit,slow,mint,0,hevm,37073820,1780721277,2741385,3000000,0.913795,10,0.991157807,3711,8289,
probe2,39,deposit,fast,burn,0,arb,470559811,1780724815,421596,1125899906842624,3.74452469031894e-10,5,0.02007,2686,4314,
probe2,39,deposit,fast,mint,0,hevm,37077425,1780724822,1220759,3000000,0.4069196666666667,14,0.1,2686,4314,
probe2,40,deposit,fast,burn,0,arb,470565489,1780726230,656731,1125899906842624,5.832943017480829e-10,5,0.020058,3733,3267,
probe2,40,deposit,fast,mint,0,hevm,37078863,1780726237,2175211,3000000,0.7250703333333334,10,0.116065278,3733,3267,
probe2,41,deposit,fast,burn,0,arb,470582338,1780730448,112342,1125899906842624,9.977974002595147e-11,2,0.020026,2370,3630,
probe2,41,deposit,fast,mint,0,hevm,37083150,1780730454,916029,3000000,0.305343,7,0.101707683,2370,3630,
probe2,42,deposit,fast,burn,0,arb,470587120,1780731651,307806,1125899906842624,2.7338664665421675e-10,3,0.02,1957,4043,
probe2,42,deposit,fast,mint,0,hevm,37084373,1780731657,288468,3000000,0.096156,1,0.1,1957,4043,
probe2,43,deposit,slow,burn,0,arb,470596672,1780734055,133596,1125899906842624,1.1865708415825793e-10,3,0.020012,0,6000,
probe2,43,deposit,slow,mint,0,hevm,37086818,1780734061,292351,3000000,0.09745033333333333,2,0.1,0,6000,
probe2,44,deposit,fast,burn,0,arb,470609386,1780737236,1703096,1125899906842624,1.5126531138776045e-09,12,0.020012,2446,2554,
probe2,44,deposit,fast,mint,0,hevm,37089963,1780737241,1564199,3000000,0.5213996666666667,5,0.1,2446,2554,
probe2,45,deposit,fast,burn,0,arb,470619635,1780739812,1239166,1125899906842624,1.1006004996261254e-09,10,0.02,3285,2715,
probe2,45,deposit,fast,mint,0,hevm,37092582,1780739818,292397,3000000,0.09746566666666667,2,0.1,3285,2715,
probe2,46,deposit,fast,burn,0,arb,470633141,1780743191,204355,1125899906842624,1.815037009578191e-10,4,0.020002,3235,3765,
probe2,46,deposit,fast,mint,0,hevm,37096019,1780743198,2576277,3000000,0.858759,5,0.19872837,3235,3765,
probe2,47,deposit,slow,burn,0,arb,470651801,1780747864,327987,1125899906842624,2.91310975342185e-10,5,0.020024,1328,8672,
probe2,47,deposit,slow,mint,0,hevm,37100773,1780747874,309865,3000000,0.10328833333333333,2,0.179700054,1328,8672,
probe2,48,deposit,fast,burn,0,arb,470664230,1780750980,313709,1125899906842624,2.786295638657066e-10,5,0.020006,3434,2566,
probe2,48,deposit,fast,mint,0,hevm,37103937,1780750986,637707,3000000,0.212569,3,0.1,3434,2566,
probe2,49,deposit,fast,burn,0,arb,470669016,1780752180,898404,1125899906842624,7.979430449722713e-10,4,0.020058,1619,4381,
probe2,49,deposit,fast,mint,0,hevm,37105157,1780752186,303903,3000000,0.101301,2,0.1,1619,4381,
probe2,50,deposit,fast,burn,0,arb,470687518,1780756806,216730,1125899906842624,1.9249490890160814e-10,4,0.020002,2903,3097,
probe2,50,deposit,fast,mint,0,hevm,37109860,1780756812,1622772,3000000,0.540924,7,0.1,2903,3097,
probe2,51,deposit,slow,burn,0,arb,470692765,1780758116,365933,1125899906842624,3.2501379365612593e-10,4,0.020052,2878,8122,
probe2,51,deposit,slow,mint,0,hevm,37111197,1780758127,1389879,3000000,0.463293,11,0.102705783,2878,8122,
probe2,52,deposit,slow,burn,0,arb,470704459,1780761043,383678,1125899906842624,3.4077451971370465e-10,6,0.020004,0,7000,
probe2,52,deposit,slow,mint,0,hevm,37114168,1780761050,774377,3000000,0.25812566666666664,2,0.1,0,7000,
probe2,53,deposit,fast,burn,0,arb,470722989,1780765686,1974154,1125899906842624,1.753400979964681e-09,16,0.020124,3212,3788,
probe2,53,deposit,fast,mint,0,hevm,37118889,1780765693,271380,3000000,0.09046,1,0.1,3212,3788,
probe2,54,deposit,fast,burn,0,arb,470729210,1780767245,600582,1125899906842624,5.334239716603406e-10,8,0.02,3773,3227,
probe2,54,deposit,fast,mint,0,hevm,37120474,1780767252,1387759,3000000,0.4625863333333333,9,0.102664666,3773,3227,
probe2,55,deposit,slow,burn,0,arb,470745997,1780771463,480902,1125899906842624,4.271267783906296e-10,5,0.02012,0,7000,
probe2,55,deposit,slow,mint,0,hevm,37124762,1780771470,355261,3000000,0.11842033333333334,3,0.1,0,7000,
probe2,56,deposit,fast,burn,0,arb,470750779,1780772662,112728,1125899906842624,1.0012257689595572e-10,2,0.020054,3584,4416,
probe2,56,deposit,fast,mint,0,hevm,37125982,1780772670,271368,3000000,0.090456,1,0.1,3584,4416,
probe2,57,deposit,slow,burn,0,arb,470763619,1780775910,838137,1125899906842624,7.444151961522039e-10,5,0.02,3406,7594,
probe2,57,deposit,slow,mint,0,hevm,37129287,1780775921,2704314,3000000,0.901438,18,0.177442906,3406,7594,
probe2,58,deposit,fast,burn,0,arb,470773497,1780778434,1771249,1125899906842624,1.5731851377154271e-09,4,0.020044,2798,4202,
probe2,58,deposit,fast,mint,0,hevm,37131849,1780778441,2693610,3000000,0.89787,24,0.1,2798,4202,
probe2,59,deposit,slow,burn,0,arb,470788579,1780782235,144568,1125899906842624,1.284021777792077e-10,3,0.02,0,7000,
probe2,59,deposit,slow,mint,0,hevm,37135714,1780782242,271339,3000000,0.09044633333333334,1,0.1,0,7000,
probe2,60,deposit,fast,burn,0,arb,470793317,1780783435,221365,1125899906842624,1.9661161587691822e-10,5,0.02,5095,2905,
probe2,60,deposit,fast,mint,0,hevm,37136935,1780783443,2769527,3000000,0.9231756666666666,19,0.462628639,5095,2905,
probe2,61,deposit,slow,burn,0,arb,470809233,1780787509,215976,1125899906842624,1.9182522237315425e-10,3,0.020096,3110,8890,
probe2,61,deposit,slow,mint,0,hevm,37141081,1780787521,331373,3000000,0.11045766666666666,3,0.1,3110,8890,
probe2,62,deposit,slow,burn,0,arb,470821278,1780790577,194646,1125899906842624,1.7288037668095058e-10,4,0.02,0,6000,
probe2,62,deposit,slow,mint,0,hevm,37144194,1780790583,1142243,3000000,0.38074766666666665,5,0.1,0,6000,
probe2,63,deposit,fast,burn,0,arb,470835301,1780794127,3005024,1125899906842624,2.668997467480949e-09,20,0.020036,3412,3588,
probe2,63,deposit,fast,mint,0,hevm,37147804,1780794134,1111323,3000000,0.370441,5,0.118583968,3412,3588,
probe2,64,deposit,fast,burn,0,arb,470850672,1780797975,341702,1125899906842624,3.034923423683722e-10,6,0.02,3203,3797,
probe2,64,deposit,fast,mint,0,hevm,37151716,1780797982,563753,3000000,0.18791766666666668,3,0.1,3203,3797,
probe2,65,deposit,fast,burn,0,arb,470862610,1780800962,360271,1125899906842624,3.199849274437838e-10,4,0.020062,2040,3960,
probe2,65,deposit,fast,mint,0,hevm,37154752,1780800968,1261868,3000000,0.42062266666666664,5,0.1,2040,3960,
probe2,66,deposit,fast,burn,0,arb,470869856,1780802791,2078804,1125899906842624,1.8463488515862991e-09,7,0.02,2442,3558,
probe2,66,deposit,fast,mint,0,hevm,37156611,1780802797,358267,3000000,0.11942233333333334,3,0.1,2442,3558,
probe2,67,deposit,fast,burn,0,arb,470878807,1780805059,1060667,1125899906842624,9.420615398880727e-10,5,0.020032,2290,3710,
probe2,67,deposit,fast,mint,0,hevm,37158917,1780805065,1349392,3000000,0.4497973333333333,4,0.1,2290,3710,
probe2,68,deposit,slow,burn,0,arb,470890218,1780807946,591417,1125899906842624,5.25283816443789e-10,4,0.02,4587,6413,
probe2,68,deposit,slow,mint,0,hevm,37161857,1780807957,589958,3000000,0.19665266666666667,3,0.1,4587,6413,
probe2,69,deposit,fast,burn,0,arb,470904636,1780811583,670953,1125899906842624,5.959259752330581e-10,4,0.02014,2608,4392,
probe2,69,deposit,fast,mint,0,hevm,37165551,1780811590,507281,3000000,0.16909366666666667,4,0.1,2608,4392,
probe2,70,deposit,fast,burn,0,arb,470909752,1780812879,2623976,1125899906842624,2.330558857011056e-09,9,0.020032,3419,3581,
probe2,70,deposit,fast,mint,0,hevm,37166868,1780812886,497926,3000000,0.16597533333333334,3,0.1,3419,3581,
probe2,71,deposit,fast,burn,0,arb,470923067,1780816210,571708,1125899906842624,5.077787079699192e-10,3,0.020032,3498,3502,
probe2,71,deposit,fast,mint,0,hevm,37170255,1780816217,876185,3000000,0.29206166666666666,3,0.1,3498,3502,
probe2,72,deposit,slow,burn,0,arb,470935964,1780819453,991616,1125899906842624,8.807319318293594e-10,11,0.020214,2747,9253,
probe2,72,deposit,slow,mint,0,hevm,37173557,1780819465,2198596,3000000,0.7328653333333334,7,0.1,2747,9253,
probe2,73,deposit,slow,burn,0,arb,470943757,1780821410,6716717,1125899906842624,5.965643090632966e-09,13,0.020014,2030,8970,
probe2,73,deposit,slow,mint,0,hevm,37175546,1780821421,1644815,3000000,0.5482716666666667,8,0.242785086,2030,8970,
probe2,74,deposit,slow,burn,0,arb,470953790,1780823920,739957,1125899906842624,6.572138389060456e-10,6,0.02,3019,7981,
probe2,74,deposit,slow,mint,0,hevm,37178097,1780823931,621496,3000000,0.20716533333333334,2,0.13551073,3019,7981,
probe2,75,deposit,fast,burn,0,arb,470967722,1780827417,1269706,1125899906842624,1.1277254685637672e-09,5,0.02,6819,181,
probe2,75,deposit,fast,mint,0,hevm,37181649,1780827424,1069685,3000000,0.35656166666666667,4,0.1,6819,181,
probe2,76,deposit,fast,burn,0,arb,470984156,1780831568,541404,1125899906842624,4.808633491393266e-10,4,0.02002,2033,5967,
probe2,76,deposit,fast,mint,0,hevm,37185870,1780831576,517217,3000000,0.17240566666666668,3,0.1,2033,5967,
probe2,77,deposit,fast,burn,0,arb,470991435,1780833395,1382106,1125899906842624,1.2275567229380613e-09,3,0.02,3957,3043,
probe2,77,deposit,fast,mint,0,hevm,37187726,1780833402,737531,3000000,0.24584366666666665,4,0.1,3957,3043,
probe2,78,deposit,slow,burn,0,arb,470998730,1780835220,340987,1125899906842624,3.028572947982866e-10,4,0.02,814,10186,
probe2,78,deposit,slow,mint,0,hevm,37189586,1780835231,313505,3000000,0.10450166666666667,2,0.1,814,10186,
probe2,79,deposit,slow,burn,0,arb,471020140,1780840596,2504934,1125899906842624,2.2248283215731135e-09,7,0.020032,0,10000,
probe2,79,deposit,slow,mint,0,hevm,37195050,1780840606,1095908,3000000,0.36530266666666666,2,0.1,0,10000,
probe2,80,deposit,slow,burn,0,arb,471029082,1780842857,112382,1125899906842624,9.981526716273947e-11,2,0.020114,3659,8341,
probe2,80,deposit,slow,mint,0,hevm,37197351,1780842869,1081513,3000000,0.3605043333333333,4,0.1,3659,8341,
probe2,81,deposit,fast,burn,0,arb,471038662,1780845258,602405,1125899906842624,5.350431209194539e-10,7,0.020054,3804,2196,
probe2,81,deposit,fast,mint,0,hevm,37199786,1780845264,1341888,3000000,0.447296,6,0.1,3804,2196,
probe2,82,deposit,fast,burn,0,arb,471053365,1780848945,1309321,1125899906842624,1.1629106566601877e-09,7,0.020084,4102,2898,
probe2,82,deposit,fast,mint,0,hevm,37203535,1780848952,581274,3000000,0.193758,3,0.1,4102,2898,
probe2,83,deposit,fast,burn,0,arb,471062728,1780851304,826775,1125899906842624,7.34323712947571e-10,6,0.020066,2377,3623,
probe2,83,deposit,fast,mint,0,hevm,37205933,1780851310,288480,3000000,0.09616,1,0.1,2377,3623,
probe2,84,deposit,tail,burn,0,arb,471068107,1780852654,502999,1125899906842624,4.467528569307433e-10,6,0.02,0,10000,
probe2,84,deposit,tail,mint,0,hevm,37207309,1780852664,817205,3000000,0.27240166666666665,4,0.1,0,10000,
probe2,85,deposit,fast,burn,0,arb,471082098,1780856169,113030,1125899906842624,1.0039080677870516e-10,2,0.02,4353,2647,
probe2,85,deposit,fast,mint,0,hevm,37210880,1780856176,390146,3000000,0.13004866666666667,2,0.1,4353,2647,
probe2,86,deposit,fast,burn,0,arb,471090901,1780858376,112838,1125899906842624,1.0022027652212273e-10,2,0.020244,1746,3254,
probe2,86,deposit,fast,mint,0,hevm,37213122,1780858381,271380,3000000,0.09046,1,0.1,1746,3254,
probe2,87,deposit,fast,burn,0,arb,471103943,1780861647,253535,1125899906842624,2.2518431563867125e-10,5,0.020002,4600,2400,
probe2,87,deposit,fast,mint,0,hevm,37216449,1780861654,1600614,3000000,0.533538,12,1.203516463,4600,2400,
probe2,88,deposit,fast,burn,0,arb,471113951,1780864156,150058,1125899906842624,1.332782773033614e-10,3,0.021216,4213,1787,
probe2,88,deposit,fast,mint,0,hevm,37218999,1780864162,357032,3000000,0.11901066666666667,3,0.1,4213,1787,
probe2,89,deposit,fast,burn,0,arb,471130660,1780868359,512112,1125899906842624,4.5484682686947053e-10,4,0.02,1555,4445,
probe2,89,deposit,fast,mint,0,hevm,37223272,1780868365,271363,3000000,0.09045433333333333,1,0.1,1555,4445,
probe2,90,deposit,fast,burn,0,arb,471137932,1780870204,328600,1125899906842624,2.9185542871346115e-10,6,0.020122,2643,4357,
probe2,90,deposit,fast,mint,0,hevm,37225149,1780870211,292397,3000000,0.09746566666666667,2,0.1,2643,4357,
probe2,91,deposit,fast,burn,0,arb,471149093,1780872987,567871,1125899906842624,5.043707673735298e-10,6,0.02,2836,4164,
probe2,91,deposit,fast,mint,0,hevm,37227978,1780872994,585198,3000000,0.195066,3,2.352142488,2836,4164,
probe2,92,deposit,fast,burn,0,arb,471159764,1780875673,1938014,1125899906842624,1.7213022118767185e-09,6,0.02,2454,4546,
probe2,92,deposit,fast,mint,0,hevm,37230709,1780875680,367218,3000000,0.122406,3,0.107476733,2454,4546,
probe2,93,deposit,slow,burn,0,arb,471181647,1780881162,2502753,1125899906842624,2.2228912044397475e-09,7,0.020036,1090,8910,
probe2,93,deposit,slow,mint,0,hevm,37236292,1780881172,1782621,3000000,0.594207,9,0.256953615,1090,8910,
probe2,94,deposit,fast,burn,0,arb,471190220,1780883320,266557,1125899906842624,2.367501750200063e-10,4,0.02,2088,3912,
probe2,94,deposit,fast,mint,0,hevm,37238482,1780883326,2886593,3000000,0.9621976666666666,19,0.168096687,2088,3912,
probe2,95,deposit,fast,burn,0,arb,471197085,1780885053,865801,1125899906842624,7.689857639547881e-10,7,0.020032,2502,4498,
probe2,95,deposit,fast,mint,0,hevm,37240245,1780885060,528769,3000000,0.17625633333333332,6,0.1,2502,4498,
probe2,96,deposit,fast,burn,0,arb,471214593,1780889501,180205,1125899906842624,1.6005419212206107e-10,4,0.020164,2421,4579,
probe2,96,deposit,fast,mint,0,hevm,37244767,1780889508,2786044,3000000,0.9286813333333334,15,0.1,2421,4579,
probe2,97,deposit,fast,burn,0,arb,471228189,1780892948,112774,1125899906842624,1.0016343310326192e-10,2,0.020002,2304,3696,
probe2,97,deposit,fast,mint,0,hevm,37248271,1780892954,817933,3000000,0.2726443333333333,4,0.1,2304,3696,
probe2,98,deposit,fast,burn,0,arb,471233074,1780894188,600702,1125899906842624,5.335305530707046e-10,6,0.020098,2820,3180,
probe2,98,deposit,fast,mint,0,hevm,37249531,1780894194,2886899,3000000,0.9622996666666667,18,0.529281241,2820,3180,
probe2,99,deposit,fast,burn,0,arb,471240989,1780896193,673509,1125899906842624,5.981961592738116e-10,5,0.020024,2804,4196,
probe2,99,deposit,fast,mint,0,hevm,37251571,1780896200,352473,3000000,0.117491,3,0.1,2804,4196,
probe2,100,deposit,fast,burn,0,arb,471253014,1780899220,1698620,1125899906842624,1.5086776272710267e-09,9,0.020032,3324,3676,
probe2,100,deposit,fast,mint,0,hevm,37254648,1780899227,783567,3000000,0.261189,6,0.110478501,3324,3676,
probe2,101,deposit,slow,burn,0,arb,471269779,1780903430,112602,1125899906842624,1.000106664150735e-10,2,0.02,1955,8045,
probe2,101,deposit,slow,mint,0,hevm,37258931,1780903440,820442,3000000,0.27348066666666665,7,0.1,1955,8045,
probe2,102,deposit,fast,burn,0,arb,471274663,1780904653,305278,1125899906842624,2.7114133160921483e-10,6,0.02,3116,3884,
probe2,102,deposit,fast,mint,0,hevm,37260172,1780904660,412639,3000000,0.13754633333333333,7,0.1,3116,3884,
probe2,103,deposit,fast,burn,0,arb,471289485,1780908364,3801176,1125899906842624,3.3761224926820432e-09,9,0.02036,3056,2944,
probe2,103,deposit,fast,mint,0,hevm,37263944,1780908370,721814,3000000,0.24060466666666666,7,0.185316381,3056,2944,
probe2,104,deposit,slow,burn,0,arb,471294091,1780909518,281329,1125899906842624,2.4987034663581653e-10,3,0.02,2942,8058,
probe2,104,deposit,slow,mint,0,hevm,37265122,1780909529,342575,3000000,0.11419166666666666,3,0.1,2942,8058,
probe2,105,deposit,slow,burn,0,arb,471310875,1780913724,5224244,1125899906842624,4.640060780047861e-09,5,0.020056,0,6000,
probe2,105,deposit,slow,mint,0,hevm,37269393,1780913730,1032466,3000000,0.3441553333333333,5,0.1,0,6000,
probe2,106,deposit,fast,burn,0,arb,471322374,1780916608,113540,1125899906842624,1.0084377777275222e-10,2,0.02,2867,3133,
probe2,106,deposit,fast,mint,0,hevm,37272325,1780916614,321171,3000000,0.107057,2,0.1,2867,3133,
probe2,107,deposit,slow,burn,0,arb,471337859,1780920481,1086881,1125899906842624,9.653442489820918e-10,5,0.020014,3255,8745,
probe2,107,deposit,slow,mint,0,hevm,37276269,1780920493,939423,3000000,0.313141,4,0.1,3255,8745,
probe2,108,deposit,slow,burn,0,arb,471361099,1780926293,1674032,1125899906842624,1.48683909628744e-09,12,0.02009,2695,9305,
probe2,108,deposit,slow,mint,0,hevm,37282178,1780926305,2871905,3000000,0.9573016666666667,9,9.162363527,2695,9305,
probe2,109,deposit,fast,burn,0,arb,471366921,1780927747,2022353,1125899906842624,1.7962102916158074e-09,18,0.02,2317,4683,
probe2,109,deposit,fast,mint,0,hevm,37283651,1780927754,2176544,3000000,0.7255146666666666,9,0.142400917,2317,4683,
probe2,110,deposit,fast,burn,0,arb,471382857,1780931731,4927387,1125899906842624,4.376398798910941e-09,10,0.020178,4024,3976,
probe2,110,deposit,fast,mint,0,hevm,37287702,1780931739,1156584,3000000,0.385528,7,2.836699447,4024,3976,
probe2,111,deposit,slow,burn,0,arb,471397110,1780935294,752209,1125899906842624,6.680958009042115e-10,5,0.020014,1950,8050,
probe2,111,deposit,slow,mint,0,hevm,37291327,1780935304,2202322,3000000,0.7341073333333333,15,0.83698686,1950,8050,
probe2,112,deposit,fast,burn,0,arb,471407514,1780937900,3832256,1125899906842624,3.403727077966323e-09,5,0.02009,2025,2975,
probe2,112,deposit,fast,mint,0,hevm,37293971,1780937905,602739,3000000,0.200913,5,0.257139422,2025,2975,
probe2,113,deposit,slow,burn,0,arb,471426484,1780942656,816647,1125899906842624,7.253282419128482e-10,4,0.02,0,6000,
probe2,113,deposit,slow,mint,0,hevm,37298807,1780942662,652212,3000000,0.217404,5,0.1,0,6000,
probe2,114,deposit,fast,burn,0,arb,471432503,1780944171,565706,1125899906842624,5.02447861094879e-10,6,0.02,2859,4141,
probe2,114,deposit,fast,mint,0,hevm,37300348,1780944178,527155,3000000,0.17571833333333334,4,0.1,2859,4141,
probe2,115,deposit,fast,burn,0,arb,471447103,1780947841,254365,1125899906842624,2.2592150372702235e-10,6,0.02026,1624,4376,
probe2,115,deposit,fast,mint,0,hevm,37304079,1780947847,523712,3000000,0.17457066666666668,6,0.1,1624,4376,
probe2,116,deposit,fast,burn,0,arb,471462102,1780951623,306294,1125899906842624,2.7204372088363016e-10,7,0.020096,2089,3911,
probe2,116,deposit,fast,mint,0,hevm,37307924,1780951629,834271,3000000,0.27809033333333333,5,0.102762975,2089,3911,
probe2,117,deposit,fast,burn,0,arb,471467198,1780952914,115044,1125899906842624,1.0217959811598121e-10,2,0.020186,2675,3325,
probe2,117,deposit,fast,mint,0,hevm,37309236,1780952920,304049,3000000,0.10134966666666667,2,0.1,2675,3325,
probe2,118,deposit,fast,burn,0,arb,471485699,1780957624,416859,1125899906842624,3.702451678577745e-10,6,0.020004,2637,3363,
probe2,118,deposit,fast,mint,0,hevm,37314025,1780957630,1736935,3000000,0.5789783333333334,16,0.1,2637,3363,
probe2,119,deposit,slow,burn,0,arb,471492618,1780959394,5030048,1125899906842624,4.4675800836557755e-09,5,0.020216,2857,8143,
probe2,119,deposit,slow,mint,0,hevm,37315829,1780959405,2792527,3000000,0.9308423333333333,16,0.125170905,2857,8143,
probe2,120,deposit,fast,burn,0,arb,471500481,1780961396,392123,1125899906842624,3.482751864680722e-10,3,0.02001,3190,4810,
probe2,120,deposit,fast,mint,0,hevm,37317862,1780961404,1899425,3000000,0.6331416666666667,7,0.1,3190,4810,
probe2,121,deposit,slow,burn,0,arb,471509589,1780963728,686664,1125899906842624,6.098801463849668e-10,5,0.02,2698,8302,
probe2,121,deposit,slow,mint,0,hevm,37320235,1780963739,342604,3000000,0.11420133333333334,3,0.1,2698,8302,
probe2,122,deposit,fast,burn,0,arb,471526835,1780968076,112623,1125899906842624,1.000293181618872e-10,2,0.02,2249,3751,
probe2,122,deposit,fast,mint,0,hevm,37324651,1780968082,523204,3000000,0.17440133333333332,7,0.1,2249,3751,
probe2,123,deposit,fast,burn,0,arb,471536998,1780970661,112455,1125899906842624,9.988010418737758e-11,2,0.020208,2652,4348,
probe2,123,deposit,fast,mint,0,hevm,37327280,1780970668,309625,3000000,0.10320833333333333,2,0.146490498,2652,4348,
probe2,124,deposit,slow,burn,0,arb,471547779,1780973394,112154,1125899906842624,9.961276248304785e-11,2,0.020036,41044,7956,
probe2,124,deposit,slow,mint,0,hevm,37330101,1780973443,875668,3000000,0.29188933333333333,6,0.123009632,41044,7956,
probe2,125,deposit,tail,burn,0,arb,471558630,1780976153,112324,1125899906842624,9.976375281439687e-11,2,0.020156,0,13000,
probe2,125,deposit,tail,mint,0,hevm,37332870,1780976166,2130561,3000000,0.710187,7,0.454546682,0,13000,
probe2,126,deposit,slow,burn,0,arb,471572958,1780979799,4527725,1125899906842624,4.0214276353367495e-09,4,0.020004,2791,8209,
probe2,126,deposit,slow,mint,0,hevm,37336574,1780979810,795773,3000000,0.26525766666666667,5,0.455035564,2791,8209,
probe2,127,deposit,fast,burn,0,arb,471577732,1780981000,112531,1125899906842624,9.994760574727479e-11,2,0.02,1834,4166,
probe2,127,deposit,fast,mint,0,hevm,37337790,1780981006,1077701,3000000,0.3592336666666667,9,0.1,1834,4166,
probe2,128,deposit,fast,burn,0,arb,471596856,1780985828,791161,1125899906842624,7.026921267083708e-10,6,0.020074,2867,2133,
probe2,128,deposit,fast,mint,0,hevm,37342698,1780985833,321183,3000000,0.107061,2,0.1,2867,2133,
probe2,129,deposit,slow,burn,0,arb,471609092,1780988884,684529,1125899906842624,6.07983885458907e-10,8,0.020104,2654,8346,
probe2,129,deposit,slow,mint,0,hevm,37345811,1780988895,2220229,3000000,0.7400763333333333,12,0.333071611,2654,8346,
probe2,130,deposit,slow,burn,0,arb,471616984,1780990856,241426,1125899906842624,2.1442936315452243e-10,5,0.020002,2449,8551,
probe2,130,deposit,slow,mint,0,hevm,37347816,1780990867,1399390,3000000,0.46646333333333334,6,0.1,2449,8551,
probe2,131,deposit,fast,burn,0,arb,471624818,1780992815,405858,1125899906842624,3.6047431706265343e-10,6,0.020086,2644,3356,
probe2,131,deposit,fast,mint,0,hevm,37349802,1780992821,773365,3000000,0.25778833333333334,3,0.1,2644,3356,
probe2,132,deposit,slow,burn,0,arb,471637274,1780995927,2531208,1125899906842624,2.2481643213723146e-09,6,0.020042,2243,8757,
probe2,132,deposit,slow,mint,0,hevm,37352971,1780995938,860954,3000000,0.28698466666666667,8,0.1,2243,8757,
probe2,133,deposit,tail,burn,0,arb,471653923,1781000088,2450022,1125899906842624,2.1760566681905402e-09,6,0.02,0,11000,
probe2,133,deposit,tail,mint,0,hevm,37357201,1781000099,912969,3000000,0.304323,5,0.1,0,11000,
probe2,134,deposit,slow,burn,0,arb,471666857,1781003335,525769,1125899906842624,4.669766795473151e-10,7,0.02,2649,10351,
probe2,134,deposit,slow,mint,0,hevm,37360505,1781003348,843230,3000000,0.28107666666666664,3,0.1,2649,10351,
probe2,135,deposit,fast,burn,0,arb,471672223,1781004685,112710,1125899906842624,1.0010658968440111e-10,2,0.02,2682,4318,
probe2,135,deposit,fast,mint,0,hevm,37361871,1781004692,359704,3000000,0.11990133333333333,4,0.146307126,2682,4318,
probe2,136,deposit,slow,burn,0,arb,471683056,1781007403,475190,1125899906842624,4.220535032573025e-10,4,0.02004,3232,9768,
probe2,136,deposit,slow,mint,0,hevm,37364640,1781007416,1293519,3000000,0.431173,8,0.1,3232,9768,
probe2,137,deposit,fast,burn,0,arb,471696339,1781010727,149113,1125899906842624,1.3243894869674477e-10,3,0.020132,3940,3060,
probe2,137,deposit,fast,mint,0,hevm,37368014,1781010734,459910,3000000,0.15330333333333335,7,0.1,3940,3060,
probe2,138,deposit,slow,burn,0,arb,471705000,1781012892,839407,1125899906842624,7.45543182745223e-10,6,0.02,0,11000,
probe2,138,deposit,slow,mint,0,hevm,37370219,1781012903,1142669,3000000,0.3808896666666667,8,0.269815201,0,11000,
probe2,139,deposit,slow,burn,0,arb,471721157,1781016921,672406,1125899906842624,5.972164984768824e-10,6,0.020016,3025,7975,
probe2,139,deposit,slow,mint,0,hevm,37374315,1781016932,707920,3000000,0.23597333333333334,7,0.1,3025,7975,
probe2,140,deposit,fast,burn,0,arb,471731262,1781019445,917563,1125899906842624,8.14959655315306e-10,8,0.020042,3180,3820,
probe2,140,deposit,fast,mint,0,hevm,37376877,1781019452,2464559,3000000,0.8215196666666666,13,0.888586463,3180,3820,
probe2,141,deposit,fast,burn,0,arb,471736079,1781020647,367946,1125899906842624,3.268016968149823e-10,5,0.020066,4047,2953,
probe2,141,deposit,fast,mint,0,hevm,37378099,1781020654,1412138,3000000,0.47071266666666667,10,1.091918284,4047,2953,
probe2,142,deposit,fast,burn,0,arb,471753871,1781025090,113402,1125899906842624,1.007212091508336e-10,2,0.020242,3216,1784,
probe2,142,deposit,fast,mint,0,hevm,37382614,1781025095,1280303,3000000,0.42676766666666666,7,0.207028928,3216,1784,
probe2,143,deposit,slow,burn,0,arb,471765046,1781027882,113230,1125899906842624,1.0056844246264518e-10,2,0.020058,1583,6417,
probe2,143,deposit,slow,mint,0,hevm,37385456,1781027890,2521429,3000000,0.8404763333333334,21,0.10791817,1583,6417,
probe2,144,deposit,fast,burn,0,arb,471782385,1781032218,1438881,1125899906842624,1.2779830527165359e-09,6,0.020214,2448,3552,
probe2,144,deposit,fast,mint,0,hevm,37389862,1781032224,2563918,3000000,0.8546393333333333,12,0.117107206,2448,3552,
probe2,145,deposit,fast,burn,0,arb,471795708,1781035557,608178,1125899906842624,5.401705749363828e-10,3,0.02,3054,3946,
probe2,145,deposit,fast,mint,0,hevm,37393258,1781035564,1943479,3000000,0.6478263333333333,9,0.110878175,3054,3946,
probe2,146,deposit,fast,burn,0,arb,471803482,1781037509,5869123,1125899906842624,5.212828391165658e-09,50,0.020296,3084,3916,
probe2,146,deposit,fast,mint,0,hevm,37395242,1781037516,2573373,3000000,0.857791,19,1.189484274,3084,3916,
probe2,147,deposit,fast,burn,0,arb,471812161,1781039689,652501,1125899906842624,5.795373070327514e-10,5,0.02,2877,4123,
probe2,147,deposit,fast,mint,0,hevm,37397458,1781039696,604649,3000000,0.20154966666666665,5,0.1,2877,4123,
probe2,148,deposit,slow,burn,0,arb,471821022,1781041919,1041313,1125899906842624,9.248717347531965e-10,7,0.02004,2704,9296,
probe2,148,deposit,slow,mint,0,hevm,37399731,1781041931,470864,3000000,0.15695466666666666,4,0.1,2704,9296,
probe2,149,deposit,fast,burn,0,arb,471837409,1781046045,394175,1125899906842624,3.5009772858529686e-10,3,0.020134,2532,4468,
probe2,149,deposit,fast,mint,0,hevm,37403920,1781046052,1195570,3000000,0.39852333333333334,7,0.1,2532,4468,
probe2,150,deposit,fast,burn,0,arb,471845759,1781048147,560003,1125899906842624,4.973825795673292e-10,6,0.020098,2336,4664,
probe2,150,deposit,fast,mint,0,hevm,37406057,1781048154,1662873,3000000,0.554291,7,0.240490089,2336,4664,
probe2,151,deposit,fast,burn,0,arb,471852660,1781049883,675787,1125899906842624,6.002194297138885e-10,6,0.020046,1701,4299,
probe2,151,deposit,fast,mint,0,hevm,37407821,1781049889,1286750,3000000,0.42891666666666667,7,0.147093403,1701,4299,
probe2,152,deposit,fast,burn,0,arb,471867382,1781053582,133688,1125899906842624,1.1873879657287034e-10,3,0.02,1973,4027,
probe2,152,deposit,fast,mint,0,hevm,37411582,1781053588,304061,3000000,0.10135366666666666,2,0.1,1973,4027,
probe2,153,deposit,tail,burn,0,arb,471877628,1781056151,5227203,1125899906842624,4.642688899991754e-09,39,0.02029,1645,14355,
probe2,153,deposit,tail,mint,0,hevm,37414204,1781056167,1943820,3000000,0.64794,16,0.959135598,1645,14355,
probe2,154,deposit,fast,burn,0,arb,471886888,1781058469,3622190,1125899906842624,3.2171509900535966e-09,7,0.020024,2231,4769,
probe2,154,deposit,fast,mint,0,hevm,37416551,1781058476,1104019,3000000,0.3680063333333333,6,0.11069116,2231,4769,
probe2,155,deposit,slow,burn,0,arb,471906444,1781063387,112693,1125899906842624,1.0009149065126621e-10,2,0.020016,2657,9343,
probe2,155,deposit,slow,mint,0,hevm,37421556,1781063399,336596,3000000,0.11219866666666667,3,0.1,2657,9343,
probe2,156,deposit,slow,burn,0,arb,471915110,1781065586,430956,1125899906842624,3.8276581904028717e-10,5,0.020258,2804,8196,
probe2,156,deposit,slow,mint,0,hevm,37423791,1781065597,2861864,3000000,0.9539546666666666,18,0.197696096,2804,8196,
probe2,157,deposit,slow,burn,0,arb,471921204,1781067124,408549,1125899906842624,3.6286440519006646e-10,5,0.02002,1666,8334,
probe2,157,deposit,slow,mint,0,hevm,37425354,1781067134,304078,3000000,0.10135933333333333,2,0.1,1666,8334,
probe2,158,deposit,slow,burn,0,arb,471932703,1781070033,364754,1125899906842624,3.239666312992995e-10,5,0.020006,0,7000,
probe2,158,deposit,slow,mint,0,hevm,37428308,1781070040,333524,3000000,0.11117466666666667,3,0.1,0,7000,
probe2,159,deposit,slow,burn,0,arb,471945901,1781073356,5488089,1125899906842624,4.8744022151936406e-09,22,0.02008,2639,8361,
probe2,159,deposit,slow,mint,0,hevm,37431691,1781073367,336404,3000000,0.11213466666666666,4,0.1,2639,8361,
probe2,160,deposit,slow,burn,0,arb,471963737,1781077842,509855,1125899906842624,4.5284220817620735e-10,6,0.02,1730,8270,
probe2,160,deposit,slow,mint,0,hevm,37436250,1781077852,320991,3000000,0.106997,2,0.1,1730,8270,
probe2,161,deposit,fast,burn,0,arb,471978822,1781081624,112830,1125899906842624,1.0021317109476513e-10,2,0.02002,2703,5297,
probe2,161,deposit,fast,mint,0,hevm,37440093,1781081632,2356858,3000000,0.7856193333333333,15,0.706814624,2703,5297,
probe2,162,deposit,fast,burn,0,arb,471987750,1781083862,574344,1125899906842624,5.101199462842487e-10,7,0.02054,2439,5561,
probe2,162,deposit,fast,mint,0,hevm,37442369,1781083870,496693,3000000,0.16556433333333334,4,0.1,2439,5561,
probe2,163,deposit,fast,burn,0,arb,472000681,1781087106,112450,1125899906842624,9.987566329527908e-11,2,0.02002,2789,3211,
probe2,163,deposit,fast,mint,0,hevm,37445665,1781087112,397759,3000000,0.13258633333333333,4,0.109960083,2789,3211,
probe2,164,deposit,fast,burn,0,arb,472008625,1781089101,606131,1125899906842624,5.383524737112566e-10,7,0.02,2499,4501,
probe2,164,deposit,fast,mint,0,hevm,37447694,1781089108,967870,3000000,0.3226233333333333,7,0.25599059,2499,4501,
probe2,165,deposit,fast,burn,0,arb,472014034,1781090457,956405,1125899906842624,8.494582814932983e-10,5,0.020072,2249,4751,
probe2,165,deposit,fast,mint,0,hevm,37449073,1781090464,620243,3000000,0.20674766666666666,7,0.1,2249,4751,
probe2,166,deposit,fast,burn,0,arb,472027146,1781093740,175243,1125899906842624,1.5564705080350905e-10,4,0.020066,3380,3620,
probe2,166,deposit,fast,mint,0,hevm,37452410,1781093747,1228914,3000000,0.409638,10,0.132995465,3380,3620,
probe2,167,deposit,fast,burn,0,arb,472044000,1781097953,2996881,1125899906842624,2.661765030609331e-09,5,0.020006,2467,4533,
probe2,167,deposit,fast,mint,0,hevm,37456693,1781097960,342126,3000000,0.114042,3,0.1,2467,4533,
probe2,168,deposit,slow,burn,0,arb,472050190,1781099500,6515667,1125899906842624,5.787074819352256e-09,61,0.020264,2991,8009,
probe2,168,deposit,slow,mint,0,hevm,37458270,1781099511,328307,3000000,0.10943566666666667,3,1.758956096,2991,8009,
probe2,169,deposit,fast,burn,0,arb,472056115,1781100978,1489081,1125899906842624,1.3225696093854822e-09,7,0.02,2923,4077,
probe2,169,deposit,fast,mint,0,hevm,37459769,1781100985,1050850,3000000,0.35028333333333334,9,2.368869989,2923,4077,
probe2,170,deposit,fast,burn,0,arb,472078715,1781106626,3133507,1125899906842624,2.7831132953792803e-09,17,0.020386,3126,2874,
probe2,170,deposit,fast,mint,0,hevm,37465510,1781106632,1624423,3000000,0.5414743333333333,15,2.478865985,3126,2874,
probe2,171,deposit,fast,burn,0,arb,472090697,1781109618,3268394,1125899906842624,2.902917017877371e-09,17,0.020034,3090,2910,
probe2,171,deposit,fast,mint,0,hevm,37468552,1781109624,1554444,3000000,0.518148,6,0.100625258,3090,2910,
probe2,172,deposit,fast,burn,0,arb,472266406,1781153805,783071,1125899906842624,6.955067632929968e-10,5,0.02,2957,4043,
probe2,172,deposit,fast,mint,0,hevm,37513476,1781153812,342323,3000000,0.11410766666666666,3,0.1,2957,4043,
probe2,173,deposit,fast,burn,0,arb,472274391,1781155825,4780641,1125899906842624,4.246062168533626e-09,6,0.020018,1902,4098,
probe2,173,deposit,fast,mint,0,hevm,37515529,1781155831,427386,3000000,0.142462,5,0.1,1902,4098,
probe2,174,deposit,fast,burn,0,arb,472287553,1781159146,434301,1125899906842624,3.857367758541841e-10,4,0.02001,3772,2228,
probe2,174,deposit,fast,mint,0,hevm,37518905,1781159152,342558,3000000,0.114186,3,0.1,3772,2228,
probe2,175,deposit,fast,burn,0,arb,472292343,1781160352,356889,1125899906842624,3.16981108028358e-10,6,0.020074,3944,3056,
probe2,175,deposit,fast,mint,0,hevm,37520132,1781160359,818942,3000000,0.27298066666666665,7,0.1,3944,3056,
probe2,176,deposit,slow,burn,0,arb,472300474,1781162394,134015,1125899906842624,1.1902923091611228e-10,3,0.020006,3427,7573,
probe2,176,deposit,slow,mint,0,hevm,37522213,1781162405,1521670,3000000,0.5072233333333334,4,0.150415194,3427,7573,
probe2,177,deposit,slow,burn,0,arb,472309226,1781164594,327952,1125899906842624,2.9127988909749547e-10,5,0.020016,0,6000,
probe2,177,deposit,slow,mint,0,hevm,37524444,1781164600,342335,3000000,0.11411166666666667,3,0.1,0,6000,
probe2,178,deposit,fast,burn,0,arb,472314607,1781165942,3411408,1125899906842624,3.029938966392365e-09,8,0.020012,3384,2616,
probe2,178,deposit,fast,mint,0,hevm,37525815,1781165948,304078,3000000,0.10135933333333333,2,0.1,3384,2616,
probe2,179,deposit,fast,burn,0,arb,472322252,1781167857,880612,1125899906842624,7.821405745289667e-10,7,0.02,3520,3480,
probe2,179,deposit,fast,mint,0,hevm,37527763,1781167864,369556,3000000,0.12318533333333333,4,0.1,3520,3480,
probe2,180,deposit,slow,burn,0,arb,472333829,1781170759,2176125,1125899906842624,1.932787263569935e-09,8,0.02,2698,8302,
probe2,180,deposit,slow,mint,0,hevm,37530717,1781170770,321142,3000000,0.10704733333333333,2,0.1,2698,8302,
probe2,181,deposit,fast,burn,0,arb,472345599,1781173711,806587,1125899906842624,7.163931670106649e-10,7,0.02,1301,4699,
probe2,181,deposit,fast,mint,0,hevm,37533713,1781173717,855306,3000000,0.285102,7,0.1,1301,4699,
probe2,182,deposit,fast,burn,0,arb,472350417,1781174922,195978,1125899906842624,1.7406343033599114e-10,4,0.02,3413,2587,
probe2,182,deposit,fast,mint,0,hevm,37534944,1781174928,746943,3000000,0.248981,4,0.1,3413,2587,
probe2,183,deposit,slow,burn,0,arb,472360958,1781177565,852648,1125899906842624,7.573035532004724e-10,8,0.02,856,10144,
probe2,183,deposit,slow,mint,0,hevm,37537636,1781177576,353701,3000000,0.11790033333333333,3,0.1,856,10144,
probe2,184,deposit,fast,burn,0,arb,472373188,1781180626,427823,1125899906842624,3.799831560513667e-10,7,0.020034,3386,2614,
probe2,184,deposit,fast,mint,0,hevm,37540743,1781180632,2885860,3000000,0.9619533333333333,9,2.734847945,3386,2614,
probe2,185,deposit,fast,burn,0,arb,472388309,1781184404,731029,1125899906842624,6.492841819749628e-10,6,0.02003,2726,3274,
probe2,185,deposit,fast,mint,0,hevm,37544584,1781184410,648520,3000000,0.21617333333333333,3,0.1,2726,3274,
probe2,186,deposit,fast,burn,0,arb,472397690,1781186746,769678,1125899906842624,6.83611389717953e-10,5,0.020004,2720,4280,
probe2,186,deposit,fast,mint,0,hevm,37546966,1781186753,1890829,3000000,0.6302763333333333,12,0.449676784,2720,4280,
probe2,187,deposit,slow,burn,0,arb,472402463,1781187938,112855,1125899906842624,1.0023537555525763e-10,2,0.02001,0,11000,
probe2,187,deposit,slow,mint,0,hevm,37548182,1781187949,1625576,3000000,0.5418586666666667,8,0.186650708,0,11000,
probe2,188,deposit,fast,burn,0,arb,472426656,1781193989,303901,1125899906842624,2.6991830992528776e-10,5,0.020052,3143,3857,
probe2,188,deposit,fast,mint,0,hevm,37554330,1781193996,931212,3000000,0.310404,3,0.1,3143,3857,
probe2,189,deposit,slow,burn,0,arb,472447034,1781199091,5369879,1125899906842624,4.769410644200889e-09,14,0.020724,30413,12587,
probe2,189,deposit,slow,mint,0,hevm,37559554,1781199134,2604816,3000000,0.868272,21,41.044787285,30413,12587,
probe2,190,deposit,fast,burn,0,arb,472451848,1781200291,4323813,1125899906842624,3.8403173974188576e-09,12,0.020066,2895,4105,
probe2,190,deposit,fast,mint,0,hevm,37560737,1781200298,1441424,3000000,0.48047466666666666,7,6.086559215,2895,4105,
probe2,191,deposit,slow,burn,0,arb,472461191,1781202622,232659,1125899906842624,2.0664270294901144e-10,5,0.020036,2956,8044,
probe2,191,deposit,slow,mint,0,hevm,37563111,1781202633,2165082,3000000,0.721694,12,0.10253825,2956,8044,
probe2,192,deposit,fast,burn,0,arb,472482013,1781207823,308624,1125899906842624,2.7411317660153145e-10,5,0.02,3029,3971,
probe2,192,deposit,fast,mint,0,hevm,37568395,1781207830,2153715,3000000,0.717905,14,0.178463781,3029,3971,
probe2,193,deposit,fast,burn,0,arb,472487384,1781209166,337483,1125899906842624,2.9974511761565736e-10,4,0.020022,2547,3453,
probe2,193,deposit,fast,mint,0,hevm,37569759,1781209172,2747980,3000000,0.9159933333333333,11,0.133030557,2547,3453,
probe2,194,deposit,fast,burn,0,arb,472498918,1781212058,1956561,1125899906842624,1.7377752570268967e-09,5,0.020098,3116,2884,
probe2,194,deposit,fast,mint,0,hevm,37572699,1781212064,818399,3000000,0.27279966666666666,5,0.1,3116,2884,
probe2,195,deposit,slow,burn,0,arb,472510882,1781215055,255689,1125899906842624,2.2709745195470532e-10,6,0.020178,3212,7788,
probe2,195,deposit,slow,mint,0,hevm,37575751,1781215066,412452,3000000,0.137484,3,0.1,3212,7788,
probe2,196,deposit,fast,burn,0,arb,472529196,1781219656,229013,1125899906842624,2.0340440443078478e-10,4,0.020002,3692,3308,
probe2,196,deposit,fast,mint,0,hevm,37580425,1781219663,359447,3000000,0.11981566666666667,3,0.1,3692,3308,
probe2,197,deposit,fast,burn,0,arb,472533969,1781220856,227826,1125899906842624,2.0235013664660073e-10,4,0.02004,3868,3132,
probe2,197,deposit,fast,mint,0,hevm,37581645,1781220863,1383186,3000000,0.461062,6,0.161661037,3868,3132,
probe2,198,deposit,slow,burn,0,arb,472549428,1781224733,2829967,1125899906842624,2.5135156178635043e-09,6,0.02,3696,6304,
probe2,198,deposit,slow,mint,0,hevm,37585590,1781224743,465801,3000000,0.155267,4,0.1,3696,6304,
probe2,199,deposit,fast,burn,0,arb,472555313,1781226209,582178,1125899906842624,5.170779360241795e-10,5,0.02,2955,3045,
probe2,199,deposit,fast,mint,0,hevm,37587086,1781226215,1587960,3000000,0.52932,10,0.208538478,2955,3045,
probe2,200,deposit,fast,burn,0,arb,472569738,1781229826,595720,1125899906842624,5.291056481837586e-10,4,0.02004,3488,3512,
probe2,200,deposit,fast,mint,0,hevm,37590764,1781229833,342330,3000000,0.11411,3,0.1,3488,3512,
probe2,201,deposit,slow,burn,0,arb,472576929,1781231631,1756785,1125899906842624,1.5603385250528845e-09,5,0.020022,4653,6347,
probe2,201,deposit,slow,mint,0,hevm,37592604,1781231642,427138,3000000,0.14237933333333333,5,0.1,4653,6347,
probe2,202,deposit,fast,burn,0,arb,472589739,1781234848,253479,1125899906842624,2.2513457764716804e-10,4,0.02,2915,3085,
probe2,202,deposit,fast,mint,0,hevm,37595869,1781234854,405873,3000000,0.135291,4,0.1,2915,3085,
probe2,203,deposit,fast,burn,0,arb,472595342,1781236258,455917,1125899906842624,4.04935640574422e-10,5,0.02,2665,3335,
probe2,203,deposit,fast,mint,0,hevm,37597303,1781236264,304071,3000000,0.101357,2,0.1,2665,3335,
probe2,204,deposit,fast,burn,0,arb,472608671,1781239614,463149,1125899906842624,4.113589469056933e-10,4,0.020014,3141,2859,
probe2,204,deposit,fast,mint,0,hevm,37600714,1781239620,342330,3000000,0.11411,3,0.1,3141,2859,
probe2,205,deposit,slow,burn,0,arb,472616198,1781241507,608996,1125899906842624,5.408971048836975e-10,5,0.02001,1281,8719,
probe2,205,deposit,slow,mint,0,hevm,37602643,1781241517,342587,3000000,0.11419566666666667,3,0.266330293,1281,8719,
probe2,206,deposit,slow,burn,0,arb,472624222,1781243521,3140771,1125899906842624,2.789565023419982e-09,6,0.02,2659,7341,
probe2,206,deposit,slow,mint,0,hevm,37604691,1781243531,817716,3000000,0.272572,7,0.116635215,2659,7341,
probe2,207,deposit,fast,burn,0,arb,472629066,1781244733,133695,1125899906842624,1.1874501382180824e-10,3,0.02,2119,2881,
probe2,207,deposit,fast,mint,0,hevm,37605918,1781244738,2827472,3000000,0.9424906666666667,13,0.579909802,2119,2881,
probe2,208,deposit,slow,burn,0,arb,472638341,1781247053,148479,1125899906842624,1.318758435786549e-10,3,0.020004,2377,7623,
probe2,208,deposit,slow,mint,0,hevm,37608282,1781247063,2834349,3000000,0.944783,12,0.1,2377,7623,
probe2,209,deposit,fast,burn,0,arb,472652007,1781250475,474715,1125899906842624,4.2163161850794495e-10,8,0.020042,2658,4342,
probe2,209,deposit,fast,mint,0,hevm,37611758,1781250482,2728805,3000000,0.9096016666666666,25,0.110601708,2658,4342,
probe2,210,deposit,fast,burn,0,arb,472656808,1781251677,341642,1125899906842624,3.034390516631902e-10,6,0.020004,2190,4810,
probe2,210,deposit,fast,mint,0,hevm,37612980,1781251684,1180537,3000000,0.39351233333333335,8,0.504670132,2190,4810,
probe2,1,withdraw,,burn,0,hevm,36896116,1780546486,296138,3000000,0.09871266666666667,4,0.1,0,5000,
probe2,1,withdraw,,mint,0,arb,469845460,1780546491,340718,1125899906842624,3.0261837480338727e-10,3,0.020012,0,5000,
probe2,2,withdraw,,burn,0,hevm,36897867,1780548208,338097,3000000,0.112699,5,0.1,0,5000,
probe2,2,withdraw,,mint,0,arb,469852331,1780548213,924732,1125899906842624,8.213270064061362e-10,5,0.020032,0,5000,
probe2,3,withdraw,,burn,0,hevm,36900366,1780550666,1243428,3000000,0.414476,8,0.106068702,873,7127,
probe2,3,withdraw,,mint,0,arb,469862178,1780550674,2513354,1125899906842624,2.2323067838669886e-09,11,0.02,873,7127,
probe2,4,withdraw,,burn,0,hevm,36900521,1780550819,181530,3000000,0.06051,3,0.1,296,6704,
probe2,4,withdraw,,mint,0,arb,469862785,1780550826,1322892,1125899906842624,1.174964125993938e-09,10,0.02,296,6704,
probe2,5,withdraw,,burn,0,hevm,36983051,1780631996,1925331,3000000,0.641777,6,9.542727083,0,8000,
probe2,5,withdraw,,mint,0,arb,470187590,1780632004,574722,1125899906842624,5.104556777268954e-10,9,0.020158,0,8000,
probe2,6,withdraw,,burn,0,hevm,36985340,1780634247,349277,3000000,0.11642566666666666,7,0.1406497,0,6000,
probe2,6,withdraw,,mint,0,arb,470196607,1780634253,833000,1125899906842624,7.398526236102043e-10,6,0.020026,0,6000,
probe2,7,withdraw,,burn,0,hevm,36986266,1780635158,1652585,3000000,0.5508616666666667,9,0.720585378,383,6617,
probe2,7,withdraw,,mint,0,arb,470200252,1780635165,1640792,1125899906842624,1.4573160456166079e-09,6,0.02001,383,6617,
probe2,8,withdraw,,burn,0,hevm,36987100,1780635978,2368189,3000000,0.7893963333333334,12,6.885491929,0,6000,
probe2,8,withdraw,,mint,0,arb,470203528,1780635984,2686068,1125899906842624,2.385707631447076e-09,13,0.02,0,6000,
probe2,9,withdraw,,burn,0,hevm,36987869,1780636735,1543504,3000000,0.5145013333333334,9,0.284767291,0,7000,
probe2,9,withdraw,,mint,0,arb,470206565,1780636742,1301651,1125899906842624,1.1560983281810877e-09,5,0.020036,0,7000,
probe2,10,withdraw,,burn,0,hevm,36990054,1780638884,617074,3000000,0.20569133333333334,10,2.380704497,0,7000,
probe2,10,withdraw,,mint,0,arb,470215172,1780638891,2494902,1125899906842624,2.215918115666682e-09,8,0.020058,0,7000,
probe2,11,withdraw,,burn,0,hevm,36992256,1780641050,2077852,3000000,0.6926173333333333,15,2.87469397,0,7000,
probe2,11,withdraw,,mint,0,arb,470223878,1780641057,2308505,1125899906842624,2.0503643227698376e-09,22,0.021602,0,7000,
probe2,12,withdraw,,burn,0,hevm,36993455,1780642229,2259279,3000000,0.753093,10,0.160689488,866,6134,
probe2,12,withdraw,,mint,0,arb,470228630,1780642236,4580588,1125899906842624,4.068379411137357e-09,34,0.020326,866,6134,
probe2,13,withdraw,,burn,0,hevm,36995289,1780644033,158649,3000000,0.052883,5,0.640761404,0,6000,
probe2,13,withdraw,,mint,0,arb,470235877,1780644039,315256,1125899906842624,2.800035758809827e-10,5,0.020436,0,6000,
probe2,14,withdraw,,burn,0,hevm,36997453,1780646161,1226378,3000000,0.4087926666666667,6,0.698113281,803,7197,
probe2,14,withdraw,,mint,0,arb,470244425,1780646169,306369,1125899906842624,2.7211033426510767e-10,5,0.020586,803,7197,
probe2,15,withdraw,,burn,0,hevm,36999102,1780647783,2206543,3000000,0.7355143333333334,5,0.358619282,0,6000,
probe2,15,withdraw,,mint,0,arb,470250931,1780647789,2260003,1125899906842624,2.007285893057542e-09,10,0.020016,0,6000,
probe2,16,withdraw,,burn,0,hevm,37001062,1780649711,2271405,3000000,0.757135,17,0.275008481,0,6000,
probe2,16,withdraw,,mint,0,arb,470258659,1780649717,744352,1125899906842624,6.611173830606276e-10,12,0.020106,0,6000,
probe2,17,withdraw,,burn,0,hevm,37001725,1780650363,752537,3000000,0.2508456666666667,9,0.100389833,158,5842,
probe2,17,withdraw,,mint,0,arb,470261270,1780650369,3752735,1125899906842624,3.3330982418533495e-09,9,0.020176,158,5842,
probe2,18,withdraw,,burn,0,hevm,37007757,1780656297,546429,3000000,0.182143,6,0.124432885,988,8012,
probe2,18,withdraw,,mint,0,arb,470285060,1780656306,1125219,1125899906842624,9.993952332365552e-10,17,0.02,988,8012,
probe2,19,withdraw,,burn,0,hevm,37009972,1780658475,234657,3000000,0.078219,4,0.323548566,269,5731,
probe2,19,withdraw,,mint,0,arb,470293770,1780658481,1139534,1125899906842624,1.0121095073145625e-09,9,0.020094,269,5731,
probe2,20,withdraw,,burn,0,hevm,37014527,1780662956,1072729,3000000,0.35757633333333333,6,0.249883607,0,8000,
probe2,20,withdraw,,mint,0,arb,470311745,1780662964,759760,1125899906842624,6.748024361513671e-10,9,0.020022,0,8000,
probe2,21,withdraw,,burn,0,hevm,37015399,1780663813,1124848,3000000,0.37494933333333336,5,0.1,94,6906,
probe2,21,withdraw,,mint,0,arb,470315182,1780663820,346816,1125899906842624,3.0803448680671863e-10,4,0.020026,94,6906,
probe2,22,withdraw,,burn,0,hevm,37020508,1780668839,710437,3000000,0.23681233333333335,7,4.079501317,771,5229,
probe2,22,withdraw,,mint,0,arb,470335363,1780668845,2737579,1125899906842624,2.431458590024249e-09,21,0.021086,771,5229,
probe2,23,withdraw,,burn,0,hevm,37021691,1780670002,818629,3000000,0.27287633333333333,5,0.287620379,0,8000,
probe2,23,withdraw,,mint,0,arb,470340064,1780670010,6227305,1125899906842624,5.530957913890688e-09,15,0.021042,0,8000,
probe2,24,withdraw,,burn,0,hevm,37027116,1780675338,2401664,3000000,0.8005546666666666,31,19.434554655,1737,5263,
probe2,24,withdraw,,mint,0,arb,470361527,1780675345,9843386,1125899906842624,8.742683021978337e-09,30,0.022122,1737,5263,
probe2,25,withdraw,,burn,0,hevm,37028410,1780676611,1334506,3000000,0.44483533333333336,12,11.804337081,971,6029,
probe2,25,withdraw,,mint,0,arb,470366654,1780676618,1251099,1125899906842624,1.111199132708407e-09,11,0.025844,971,6029,
probe2,26,withdraw,,burn,0,hevm,37030707,1780678870,2870396,3000000,0.9567986666666667,25,0.62981963,2016,4984,
probe2,26,withdraw,,mint,0,arb,470375758,1780678877,3240203,1125899906842624,2.877878380047605e-09,15,0.021004,2016,4984,
probe2,27,withdraw,,burn,0,hevm,37033996,1780682105,1190161,3000000,0.39672033333333334,6,0.732477029,1134,5866,
probe2,27,withdraw,,mint,0,arb,470388755,1780682112,1091469,1125899906842624,9.69419211571676e-10,8,0.020498,1134,5866,
probe2,28,withdraw,,burn,0,hevm,37036080,1780684155,2962483,3000000,0.9874943333333334,5,0.620663726,1024,5976,
probe2,28,withdraw,,mint,0,arb,470396975,1780684162,3167344,1125899906842624,2.8131665885666735e-09,30,0.020328,1024,5976,
probe2,29,withdraw,,burn,0,hevm,37037629,1780685679,1457348,3000000,0.48578266666666664,8,1.598794432,590,5410,
probe2,29,withdraw,,mint,0,arb,470403092,1780685685,3681280,1125899906842624,3.269633452873677e-09,13,0.020484,590,5410,
probe2,30,withdraw,,burn,0,hevm,37042740,1780690706,901459,3000000,0.30048633333333336,7,0.739524737,2343,6657,
probe2,30,withdraw,,mint,0,arb,470423315,1780690715,524584,1125899906842624,4.659241881199705e-10,5,0.020688,2343,6657,
probe2,31,withdraw,,burn,0,hevm,37043966,1780691912,1719387,3000000,0.573129,11,0.104949358,1547,6453,
probe2,31,withdraw,,mint,0,arb,470428163,1780691920,3516131,1125899906842624,3.122951675038621e-09,23,0.021158,1547,6453,
probe2,32,withdraw,,burn,0,hevm,37047130,1780695024,895253,3000000,0.2984176666666667,14,0.520023569,1159,4841,
probe2,32,withdraw,,mint,0,arb,470440668,1780695030,387188,1125899906842624,3.438920259668521e-10,4,0.020384,1159,4841,
probe2,33,withdraw,,burn,0,hevm,37050651,1780698487,1982476,3000000,0.6608253333333334,6,0.111653908,1042,6958,
probe2,33,withdraw,,mint,0,arb,470454551,1780698495,3038286,1125899906842624,2.6985400580770147e-09,8,0.02,1042,6958,
probe2,34,withdraw,,burn,0,hevm,37053738,1780701524,1329576,3000000,0.443192,5,0.1,675,6325,
probe2,34,withdraw,,mint,0,arb,470466712,1780701531,2192298,1125899906842624,1.947151773151745e-09,7,0.020012,675,6325,
probe2,35,withdraw,,burn,0,hevm,37057649,1780705371,1076731,3000000,0.35891033333333333,3,0.100035973,578,5422,
probe2,35,withdraw,,mint,0,arb,470482122,1780705377,798998,1125899906842624,7.096527809835607e-10,6,0.020004,578,5422,
probe2,36,withdraw,,burn,0,hevm,37059953,1780707637,1049415,3000000,0.349805,8,0.102656355,328,7672,
probe2,36,withdraw,,mint,0,arb,470491188,1780707645,209903,1125899906842624,1.8643131483031539e-10,3,0.020022,328,7672,
probe2,37,withdraw,,burn,0,hevm,37062322,1780709967,681885,3000000,0.227295,7,0.121137949,1325,4675,
probe2,37,withdraw,,mint,0,arb,470500475,1780709973,2354504,1125899906842624,2.0912196418976237e-09,4,0.020026,1325,4675,
probe2,38,withdraw,,burn,0,hevm,37067038,1780714606,266139,3000000,0.088713,4,0.1,0,5000,
probe2,38,withdraw,,mint,0,arb,470518937,1780714611,596865,1125899906842624,5.301226124743152e-10,3,0.020096,0,5000,
probe2,39,withdraw,,burn,0,hevm,37069912,1780717433,46028,3000000,0.015342666666666666,2,0.1,795,5205,
probe2,39,withdraw,,mint,0,arb,470530215,1780717439,2676914,1125899906842624,2.377577246193141e-09,5,0.02,795,5205,
probe2,40,withdraw,,burn,0,hevm,37071980,1780719467,269608,3000000,0.08986933333333333,3,0.1,821,5179,
probe2,40,withdraw,,mint,0,arb,470538346,1780719473,6458324,1125899906842624,5.736144004231392e-09,44,0.020214,821,5179,
probe2,41,withdraw,,burn,0,hevm,37073955,1780721409,1445243,3000000,0.4817476666666667,8,0.168386381,2205,4795,
probe2,41,withdraw,,mint,0,arb,470546138,1780721416,398369,1125899906842624,3.538227488775192e-10,6,0.02033,2205,4795,
probe2,42,withdraw,,burn,0,hevm,37077597,1780724992,245193,3000000,0.081731,3,0.452257108,1048,6952,
probe2,42,withdraw,,mint,0,arb,470560560,1780725000,2638745,1125899906842624,2.343676364091607e-09,13,0.02001,1048,6952,
probe2,43,withdraw,,burn,0,hevm,37079167,1780726536,893199,3000000,0.297733,6,0.1,1193,4807,
probe2,43,withdraw,,mint,0,arb,470566739,1780726542,468735,1125899906842624,4.163203115581382e-10,6,0.02,1193,4807,
probe2,44,withdraw,,burn,0,hevm,37083339,1780730640,219997,3000000,0.07333233333333333,4,0.1,1238,2762,
probe2,44,withdraw,,mint,0,arb,470583120,1780730644,394401,1125899906842624,3.502984569081491e-10,6,0.020072,1238,2762,
probe2,45,withdraw,,burn,0,hevm,37084552,1780731833,1919471,3000000,0.6398236666666667,3,0.1,1263,4737,
probe2,45,withdraw,,mint,0,arb,470587865,1780731839,282235,1125899906842624,2.5067503628406484e-10,5,0.020016,1263,4737,
probe2,46,withdraw,,burn,0,hevm,37087106,1780734345,466144,3000000,0.15538133333333334,2,0.1,467,6533,
probe2,46,withdraw,,mint,0,arb,470597857,1780734352,578273,1125899906842624,5.136095992952505e-10,3,0.020124,467,6533,
probe2,47,withdraw,,burn,0,hevm,37090183,1780737458,1923954,3000000,0.641318,2,0.1,1592,6408,
probe2,47,withdraw,,mint,0,arb,470610306,1780737466,320687,1125899906842624,2.8482727287837406e-10,4,0.02002,1592,6408,
probe2,48,withdraw,,burn,0,hevm,37092855,1780740086,123441,3000000,0.041147,6,0.269016813,1354,5646,
probe2,48,withdraw,,mint,0,arb,470620753,1780740093,13004452,1125899906842624,1.1550273626426133e-08,105,0.020164,1354,5646,
probe2,49,withdraw,,burn,0,hevm,37096265,1780743440,754629,3000000,0.251543,11,0.1,256,6744,
probe2,49,withdraw,,mint,0,arb,470634168,1780743447,484113,1125899906842624,4.2997871929628673e-10,4,0.020052,256,6744,
probe2,50,withdraw,,burn,0,hevm,37100964,1780748062,294313,3000000,0.09810433333333334,5,0.1,1758,5242,
probe2,50,withdraw,,mint,0,arb,470652615,1780748069,1090959,1125899906842624,9.68966240577629e-10,6,0.020148,1758,5242,
probe2,51,withdraw,,burn,0,hevm,37104213,1780751258,38497,3000000,0.012832333333333333,2,0.1,0,7000,
probe2,51,withdraw,,mint,0,arb,470665368,1780751265,509568,1125899906842624,4.525873009697534e-10,4,0.020006,0,7000,
probe2,52,withdraw,,burn,0,hevm,37105309,1780752336,340555,3000000,0.11351833333333333,3,0.1,1775,4225,
probe2,52,withdraw,,mint,0,arb,470669665,1780752342,609886,1125899906842624,5.416875836772306e-10,4,0.020228,1775,4225,
probe2,53,withdraw,,burn,0,hevm,37110007,1780756957,214056,3000000,0.071352,4,0.1,1803,5197,
probe2,53,withdraw,,mint,0,arb,470688153,1780756964,1188463,1125899906842624,1.05556718921207e-09,8,0.02,1803,5197,
probe2,54,withdraw,,burn,0,hevm,37111443,1780758369,2771053,3000000,0.9236843333333333,7,0.119495935,945,5055,
probe2,54,withdraw,,mint,0,arb,470693800,1780758375,443661,1125899906842624,3.9405012586257726e-10,5,0.020012,945,5055,
probe2,55,withdraw,,burn,0,hevm,37114335,1780761214,2652259,3000000,0.8840863333333333,9,0.124191965,1153,4847,
probe2,55,withdraw,,mint,0,arb,470705168,1780761220,233683,1125899906842624,2.0755219765078436e-10,3,0.020004,1153,4847,
probe2,56,withdraw,,burn,0,hevm,37119065,1780765866,180689,3000000,0.06022966666666667,3,0.116032658,1752,5248,
probe2,56,withdraw,,mint,0,arb,470723737,1780765873,692113,1125899906842624,6.147198305939128e-10,6,0.02,1752,5248,
probe2,57,withdraw,,burn,0,hevm,37120787,1780767560,460387,3000000,0.15346233333333334,3,0.1,925,7075,
probe2,57,withdraw,,mint,0,arb,470730492,1780767568,421087,1125899906842624,3.7400038621626663e-10,6,0.020018,925,7075,
probe2,58,withdraw,,burn,0,hevm,37124954,1780771659,393485,3000000,0.13116166666666668,3,12.500687662,1190,5810,
probe2,58,withdraw,,mint,0,arb,470746801,1780771666,1322918,1125899906842624,1.1749872186328503e-09,9,0.020016,1190,5810,
probe2,59,withdraw,,burn,0,hevm,37126126,1780772812,2639311,3000000,0.8797703333333333,15,0.552156455,854,5146,
probe2,59,withdraw,,mint,0,arb,470751402,1780772818,5433401,1125899906842624,4.82582951377708e-09,7,0.02,854,5146,
probe2,60,withdraw,,burn,0,hevm,37129426,1780776058,32518,3000000,0.010839333333333333,2,0.10352364,1631,4369,
probe2,60,withdraw,,mint,0,arb,470764226,1780776064,211904,1125899906842624,1.8820855984813534e-10,3,0.02,1631,4369,
probe2,61,withdraw,,burn,0,hevm,37132032,1780778621,2214771,3000000,0.738257,5,0.3124404,1741,5259,
probe2,61,withdraw,,mint,0,arb,470774259,1780778628,171087,1125899906842624,1.5195578129123533e-10,2,0.020006,1741,5259,
probe2,62,withdraw,,burn,0,hevm,37135937,1780782462,2419864,3000000,0.8066213333333333,5,0.1,467,4533,
probe2,62,withdraw,,mint,0,arb,470789494,1780782467,686793,1125899906842624,6.099947214011081e-10,4,0.02,467,4533,
probe2,63,withdraw,,burn,0,hevm,37137204,1780783708,198693,3000000,0.066231,3,0.1,1570,3430,
probe2,63,withdraw,,mint,0,arb,470794419,1780783713,170706,1125899906842624,1.5161738531332958e-10,2,0.020042,1570,3430,
probe2,64,withdraw,,burn,0,hevm,37141326,1780787762,1220333,3000000,0.40677766666666665,5,0.1,534,6466,
probe2,64,withdraw,,mint,0,arb,470810250,1780787769,561912,1125899906842624,4.990781121705368e-10,5,0.020022,534,6466,
probe2,65,withdraw,,burn,0,hevm,37144401,1780790787,2387358,3000000,0.795786,15,0.100765441,1547,5453,
probe2,65,withdraw,,mint,0,arb,470822142,1780790794,326531,1125899906842624,2.900177875631016e-10,6,0.020034,1547,5453,
probe2,66,withdraw,,burn,0,hevm,37148116,1780794441,1604644,3000000,0.5348813333333333,12,0.109217325,1177,4823,
probe2,66,withdraw,,mint,0,arb,470836574,1780794447,4022217,1125899906842624,3.5724463387509786e-09,9,0.020178,1177,4823,
probe2,67,withdraw,,burn,0,hevm,37151879,1780798142,174335,3000000,0.058111666666666666,5,0.150392294,1304,6696,
probe2,67,withdraw,,mint,0,arb,470851371,1780798150,743332,1125899906842624,6.602114410725335e-10,5,0.020054,1304,6696,
probe2,68,withdraw,,burn,0,hevm,37154952,1780801165,263813,3000000,0.08793766666666666,2,0.1,612,6388,
probe2,68,withdraw,,mint,0,arb,470863447,1780801172,203427,1125899906842624,1.8067947138433738e-10,3,0.02,612,6388,
probe2,69,withdraw,,burn,0,hevm,37156797,1780802980,553253,3000000,0.18441766666666667,2,0.1,1490,4510,
probe2,69,withdraw,,mint,0,arb,470870631,1780802986,170440,1125899906842624,1.5138112985368934e-10,2,0.020022,1490,4510,
probe2,70,withdraw,,burn,0,hevm,37162076,1780808172,450188,3000000,0.15006266666666668,3,0.1,1406,4594,
probe2,70,withdraw,,mint,0,arb,470891135,1780808178,483409,1125899906842624,4.2935344168881784e-10,7,0.02,1406,4594,
probe2,71,withdraw,,burn,0,hevm,37165805,1780811840,1131118,3000000,0.37703933333333334,3,0.1,104,6896,
probe2,71,withdraw,,mint,0,arb,470905684,1780811847,187857,1125899906842624,1.6685053338960643e-10,2,0.02,104,6896,
probe2,72,withdraw,,burn,0,hevm,37167100,1780813114,87967,3000000,0.029322333333333332,3,0.1,1453,5547,
probe2,72,withdraw,,mint,0,arb,470910711,1780813121,3393605,1125899906842624,3.0141267259864435e-09,21,0.020106,1453,5547,
probe2,73,withdraw,,burn,0,hevm,37170424,1780816383,182091,3000000,0.060697,5,0.1,2828,12172,
probe2,73,withdraw,,mint,0,arb,470923820,1780816398,702551,1125899906842624,6.239906369387427e-10,4,0.02,2828,12172,
probe2,74,withdraw,,burn,0,hevm,37173781,1780819685,1610482,3000000,0.5368273333333333,3,0.1,1760,4240,
probe2,74,withdraw,,mint,0,arb,470936912,1780819691,213169,1125899906842624,1.89332105549056e-10,4,0.020004,1760,4240,
probe2,75,withdraw,,burn,0,hevm,37175752,1780821624,216754,3000000,0.07225133333333333,3,0.1,1499,3501,
probe2,75,withdraw,,mint,0,arb,470944631,1780821629,170954,1125899906842624,1.518376535614152e-10,2,0.020048,1499,3501,
probe2,76,withdraw,,burn,0,hevm,37178267,1780824098,463319,3000000,0.15443966666666667,3,0.10165887,1167,6833,
probe2,76,withdraw,,mint,0,arb,470954536,1780824106,323120,1125899906842624,2.8698821097350447e-10,4,0.02,1167,6833,
probe2,77,withdraw,,burn,0,hevm,37181873,1780827645,47800,3000000,0.015933333333333334,2,0.1,549,5451,
probe2,77,withdraw,,mint,0,arb,470968657,1780827651,170756,1125899906842624,1.5166179423431458e-10,2,0.02,549,5451,
probe2,78,withdraw,,burn,0,hevm,37186095,1780831798,241180,3000000,0.08039333333333333,3,0.1,1580,4420,
probe2,78,withdraw,,mint,0,arb,470985096,1780831804,449160,1125899906842624,3.9893421899250825e-10,4,0.02,1580,4420,
probe2,79,withdraw,,burn,0,hevm,37187858,1780833532,473117,3000000,0.15770566666666666,6,0.1,2751,5249,
probe2,79,withdraw,,mint,0,arb,470992013,1780833540,414696,1125899906842624,3.6832403793596313e-10,3,0.02,2751,5249,
probe2,80,withdraw,,burn,0,hevm,37189801,1780835443,2616553,3000000,0.8721843333333333,6,0.401450144,1594,6406,
probe2,80,withdraw,,mint,0,arb,470999653,1780835451,189149,1125899906842624,1.67998059907859e-10,2,0.020014,1594,6406,
probe2,81,withdraw,,burn,0,hevm,37195198,1780840751,1098887,3000000,0.3662956666666667,5,0.151314244,1856,6144,
probe2,81,withdraw,,mint,0,arb,471020778,1780840759,1584323,1125899906842624,1.4071614984345615e-09,6,0.020034,1856,6144,
probe2,82,withdraw,,burn,0,hevm,37197615,1780843129,559738,3000000,0.18657933333333335,6,0.182066228,1993,5007,
probe2,82,withdraw,,mint,0,arb,471030180,1780843136,265972,1125899906842624,2.362305906444817e-10,4,0.020022,1993,5007,
probe2,83,withdraw,,burn,0,hevm,37199960,1780845435,0,3000000,0.0,1,0.105267883,2370,4630,
probe2,83,withdraw,,mint,0,arb,471039397,1780845442,2462135,1125899906842624,2.186815173388368e-09,6,0.020052,2370,4630,
probe2,84,withdraw,,burn,0,hevm,37203689,1780849103,32518,3000000,0.010839333333333333,2,0.1,1337,5663,
probe2,84,withdraw,,mint,0,arb,471054023,1780849110,262305,1125899906842624,2.3297364037944135e-10,4,0.020094,1337,5663,
probe2,85,withdraw,,burn,0,hevm,37206238,1780851610,774592,3000000,0.25819733333333333,5,0.1,1327,6673,
probe2,85,withdraw,,mint,0,arb,471063978,1780851618,442416,1125899906842624,3.929443437300506e-10,6,0.020006,1327,6673,
probe2,86,withdraw,,burn,0,hevm,37207560,1780852911,386982,3000000,0.128994,2,0.1,1159,4841,
probe2,86,withdraw,,mint,0,arb,471069148,1780852917,216038,1125899906842624,1.9188028943517565e-10,3,0.02001,1159,4841,
probe2,87,withdraw,,burn,0,hevm,37211180,1780856471,2235221,3000000,0.7450736666666666,6,0.104339616,2054,4946,
probe2,87,withdraw,,mint,0,arb,471083330,1780856478,388491,1125899906842624,3.4504932244772135e-10,6,0.020134,2054,4946,
probe2,88,withdraw,,burn,0,hevm,37213341,1780858597,51029,3000000,0.017009666666666666,2,0.1,1474,5526,
probe2,88,withdraw,,mint,0,arb,471091815,1780858604,12809942,1125899906842624,1.1377514042010262e-08,5,0.020072,1474,5526,
probe2,89,withdraw,,burn,0,hevm,37216670,1780861871,1072621,3000000,0.35754033333333335,11,0.1,1931,4069,
probe2,89,withdraw,,mint,0,arb,471104863,1780861877,1052675,1125899906842624,9.349632179578293e-10,6,0.020002,1931,4069,
probe2,90,withdraw,,burn,0,hevm,37219289,1780864447,675068,3000000,0.22502266666666668,6,0.266603783,404,7596,
probe2,90,withdraw,,mint,0,arb,471115143,1780864455,662314,1125899906842624,5.882530018652687e-10,3,0.020002,404,7596,
probe2,91,withdraw,,burn,0,hevm,37223470,1780868560,548099,3000000,0.18269966666666668,3,0.1,0,8000,
probe2,91,withdraw,,mint,0,arb,471131479,1780868568,171230,1125899906842624,1.5208279080525244e-10,2,0.02,0,8000,
probe2,92,withdraw,,burn,0,hevm,37225370,1780870429,2991554,3000000,0.9971846666666667,18,11.706707917,0,9000,
probe2,92,withdraw,,mint,0,arb,471138864,1780870438,4005700,1125899906842624,3.5577762957927916e-09,7,0.022174,0,9000,
probe2,93,withdraw,,burn,0,hevm,37228148,1780873161,2588248,3000000,0.8627493333333334,7,0.724174589,293,5707,
probe2,93,withdraw,,mint,0,arb,471149811,1780873167,171877,1125899906842624,1.5265744224279842e-10,2,0.020122,293,5707,
probe2,94,withdraw,,burn,0,hevm,37230944,1780875911,609554,3000000,0.20318466666666668,5,0.1,0,6000,
probe2,94,withdraw,,mint,0,arb,471160726,1780875917,170380,1125899906842624,1.5132783914850734e-10,2,0.020056,0,6000,
probe2,95,withdraw,,burn,0,hevm,37236453,1780881330,802716,3000000,0.267572,8,5.963513475,946,5054,
probe2,95,withdraw,,mint,0,arb,471182345,1780881336,5340525,1125899906842624,4.743339054869011e-09,9,0.020008,946,5054,
probe2,96,withdraw,,burn,0,hevm,37238793,1780883632,102893,3000000,0.034297666666666664,4,0.102160899,958,8042,
probe2,96,withdraw,,mint,0,arb,471191497,1780883641,424621,1125899906842624,3.771392087514869e-10,5,0.020014,958,8042,
probe2,97,withdraw,,burn,0,hevm,37240493,1780885304,58601,3000000,0.019533666666666668,3,0.244726173,618,6382,
probe2,97,withdraw,,mint,0,arb,471198104,1780885311,171252,1125899906842624,1.5210233073048585e-10,2,0.020052,618,6382,
probe2,98,withdraw,,burn,0,hevm,37245067,1780889803,32698,3000000,0.010899333333333334,2,0.1,1217,7783,
probe2,98,withdraw,,mint,0,arb,471215807,1780889812,260578,1125899906842624,2.3143975624861923e-10,4,0.020144,1217,7783,
probe2,99,withdraw,,burn,0,hevm,37248581,1780893259,2859901,3000000,0.9533003333333333,24,0.679781675,1535,7465,
probe2,99,withdraw,,mint,0,arb,471229435,1780893268,422623,1125899906842624,3.7536462826892603e-10,4,0.02,1535,7465,
probe2,100,withdraw,,burn,0,hevm,37249723,1780894382,601735,3000000,0.20057833333333333,5,0.1,1832,8168,
probe2,100,withdraw,,mint,0,arb,471233882,1780894392,783063,1125899906842624,6.954996578656392e-10,6,0.020094,1832,8168,
probe2,101,withdraw,,burn,0,hevm,37251749,1780896375,193232,3000000,0.06441066666666667,4,0.1,1027,4973,
probe2,101,withdraw,,mint,0,arb,471241732,1780896381,343422,1125899906842624,3.050200092502564e-10,4,0.02,1027,4973,
probe2,102,withdraw,,burn,0,hevm,37254848,1780899423,1794172,3000000,0.5980573333333333,7,0.1,828,8172,
probe2,102,withdraw,,mint,0,arb,471253863,1780899432,500632,1125899906842624,4.446505386113131e-10,6,0.020296,828,8172,
probe2,103,withdraw,,burn,0,hevm,37259215,1780903719,1547308,3000000,0.5157693333333333,7,0.426506043,521,5479,
probe2,103,withdraw,,mint,0,arb,471270955,1780903725,653033,1125899906842624,5.800098179520319e-10,5,0.020022,521,5479,
probe2,104,withdraw,,burn,0,hevm,37260449,1780904933,1972031,3000000,0.6573436666666667,10,0.1,879,6121,
probe2,104,withdraw,,mint,0,arb,471275812,1780904940,738472,1125899906842624,6.558948939527909e-10,8,0.020042,879,6121,
probe2,105,withdraw,,burn,0,hevm,37264099,1780908523,62402,3000000,0.020800666666666665,3,0.1,653,7347,
probe2,105,withdraw,,mint,0,arb,471290159,1780908531,480092,1125899906842624,4.264073538706725e-10,5,0.020046,653,7347,
probe2,106,withdraw,,burn,0,hevm,37265388,1780909791,2277756,3000000,0.759252,18,0.100974658,0,6000,
probe2,106,withdraw,,mint,0,arb,471295207,1780909797,1088493,1125899906842624,9.667759925946484e-10,9,0.020114,0,6000,
probe2,107,withdraw,,burn,0,hevm,37269572,1780913906,169939,3000000,0.05664633333333333,4,0.1,1271,6729,
probe2,107,withdraw,,mint,0,arb,471311632,1780913914,534915,1125899906842624,4.750999593738925e-10,6,0.02,1271,6729,
probe2,108,withdraw,,burn,0,hevm,37272556,1780916841,38497,3000000,0.012832333333333333,2,0.1,1486,5514,
probe2,108,withdraw,,mint,0,arb,471323328,1780916848,1892350,1125899906842624,1.680744432519532e-09,11,0.020234,1486,5514,
probe2,109,withdraw,,burn,0,hevm,37276494,1780920715,2803990,3000000,0.9346633333333333,23,0.136039792,960,8040,
probe2,109,withdraw,,mint,0,arb,471338827,1780920724,2711011,1125899906842624,2.407861465769656e-09,9,0.020014,960,8040,
probe2,110,withdraw,,burn,0,hevm,37279929,1780924093,2683536,3000000,0.894512,8,0.1,138,6862,
probe2,110,withdraw,,mint,0,arb,471352321,1780924100,489507,1125899906842624,4.347695536921492e-10,5,0.020034,138,6862,
probe2,111,withdraw,,burn,0,hevm,37282384,1780926508,1504977,3000000,0.501659,6,0.195509774,0,8000,
probe2,111,withdraw,,mint,0,arb,471361988,1780926516,686524,1125899906842624,6.097558014062088e-10,8,0.02,0,8000,
probe2,112,withdraw,,burn,0,hevm,37283831,1780927931,2907831,3000000,0.969277,12,0.102746246,0,7000,
probe2,112,withdraw,,mint,0,arb,471367683,1780927938,297767,1125899906842624,2.644702234988472e-10,5,0.020212,0,7000,
probe2,113,withdraw,,burn,0,hevm,37287892,1780931926,848383,3000000,0.2827943333333333,5,0.107061115,0,6000,
probe2,113,withdraw,,mint,0,arb,471383656,1780931932,1227668,1125899906842624,1.0903882241564133e-09,10,0.020116,0,6000,
probe2,114,withdraw,,burn,0,hevm,37291523,1780935497,895859,3000000,0.29861966666666667,5,0.17427947,1474,5526,
probe2,114,withdraw,,mint,0,arb,471397952,1780935504,4480552,1125899906842624,3.9795295947442355e-09,34,0.02,1474,5526,
probe2,115,withdraw,,burn,0,hevm,37294176,1780938107,2783585,3000000,0.9278616666666667,11,0.138305553,878,5122,
probe2,115,withdraw,,mint,0,arb,471408363,1780938113,644654,1125899906842624,5.725677709733645e-10,5,0.02,878,5122,
probe2,116,withdraw,,burn,0,hevm,37299048,1780942899,32698,3000000,0.010899333333333334,2,0.1,1818,5182,
probe2,116,withdraw,,mint,0,arb,471427482,1780942906,270132,1125899906842624,2.3992541287043423e-10,4,0.02,1818,5182,
probe2,117,withdraw,,burn,0,hevm,37300503,1780944330,1499148,3000000,0.499716,5,0.1,966,5034,
probe2,117,withdraw,,mint,0,arb,471433160,1780944336,768546,1125899906842624,6.826059717468524e-10,4,0.020114,966,5034,
probe2,118,withdraw,,burn,0,hevm,37304315,1780948080,185449,3000000,0.061816333333333334,4,0.103454516,1120,6880,
probe2,118,withdraw,,mint,0,arb,471448091,1780948088,191413,1125899906842624,1.7000889585006007e-10,2,0.020004,1120,6880,
probe2,119,withdraw,,burn,0,hevm,37309543,1780953222,1530751,3000000,0.5102503333333334,9,0.109730066,935,5065,
probe2,119,withdraw,,mint,0,arb,471468449,1780953228,173203,1125899906842624,1.538351668273208e-10,2,0.020072,935,5065,
probe2,120,withdraw,,burn,0,hevm,37314193,1780957796,426563,3000000,0.14218766666666666,7,0.104508142,1457,6543,
probe2,120,withdraw,,mint,0,arb,471486411,1780957804,274720,1125899906842624,2.440003754600184e-10,3,0.02,1457,6543,
probe2,121,withdraw,,burn,0,hevm,37316114,1780959685,146508,3000000,0.048836,5,0.1,420,7580,
probe2,121,withdraw,,mint,0,arb,471493790,1780959693,553675,1125899906842624,4.917621865274668e-10,3,0.020002,420,7580,
probe2,122,withdraw,,burn,0,hevm,37318065,1780961604,157866,3000000,0.052622,5,0.187781431,1487,4513,
probe2,122,withdraw,,mint,0,arb,471501313,1780961610,271915,1125899906842624,2.4150903499275955e-10,4,0.020098,1487,4513,
probe2,123,withdraw,,burn,0,hevm,37320463,1780963963,2012008,3000000,0.6706693333333333,15,0.129946272,355,7645,
probe2,123,withdraw,,mint,0,arb,471510557,1780963971,173548,1125899906842624,1.5414158838211733e-10,2,0.020002,355,7645,
probe2,124,withdraw,,burn,0,hevm,37324847,1780968275,283511,3000000,0.09450366666666667,5,0.1,1127,4873,
probe2,124,withdraw,,mint,0,arb,471527646,1780968281,1537324,1125899906842624,1.3654180008870753e-09,7,0.02,1127,4873,
probe2,125,withdraw,,burn,0,hevm,37327543,1780970927,681897,3000000,0.227299,5,0.1,0,7000,
probe2,125,withdraw,,mint,0,arb,471538079,1780970934,418785,1125899906842624,3.7195579949411695e-10,3,0.02,0,7000,
probe2,126,withdraw,,burn,0,hevm,37330245,1780973584,669085,3000000,0.22302833333333333,9,0.1,1418,3582,
probe2,126,withdraw,,mint,0,arb,471548555,1780973589,1029873,1125899906842624,9.147109736318271e-10,5,0.02002,1418,3582,
probe2,127,withdraw,,burn,0,hevm,37333144,1780976436,1319491,3000000,0.4398303333333333,8,0.1,1110,4890,
probe2,127,withdraw,,mint,0,arb,471559756,1780976442,170870,1125899906842624,1.517630465741604e-10,2,0.02019,1110,4890,
probe2,128,withdraw,,burn,0,hevm,37336837,1780980068,1017482,3000000,0.33916066666666667,6,0.298229384,944,6056,
probe2,128,withdraw,,mint,0,arb,471574064,1780980075,1620302,1125899906842624,1.4391172697969523e-09,14,0.020046,944,6056,
probe2,129,withdraw,,burn,0,hevm,37337986,1780981199,1698743,3000000,0.5662476666666667,9,0.100396175,2789,4211,
probe2,129,withdraw,,mint,0,arb,471578540,1780981206,311301,1125899906842624,2.764908302310687e-10,3,0.02,2789,4211,
probe2,130,withdraw,,burn,0,hevm,37342971,1780986102,32698,3000000,0.010899333333333334,2,0.1,1556,4444,
probe2,130,withdraw,,mint,0,arb,471597976,1780986108,1097022,1125899906842624,9.743512663362708e-10,12,0.02006,1556,4444,
probe2,131,withdraw,,burn,0,hevm,37346125,1780989204,1312391,3000000,0.43746366666666664,11,0.109309244,922,5078,
probe2,131,withdraw,,mint,0,arb,471610395,1780989210,321663,1125899906842624,2.856941350160014e-10,5,0.02,922,5078,
probe2,132,withdraw,,burn,0,hevm,37348129,1780991175,716457,3000000,0.238819,12,0.634760935,1503,5497,
probe2,132,withdraw,,mint,0,arb,471618287,1780991182,618706,1125899906842624,5.495213173389857e-10,8,0.020022,1503,5497,
probe2,133,withdraw,,burn,0,hevm,37349959,1780992975,247525,3000000,0.08250833333333334,9,0.1,846,5154,
probe2,133,withdraw,,mint,0,arb,471625484,1780992981,259806,1125899906842624,2.3075408250861074e-10,5,0.02002,846,5154,
probe2,134,withdraw,,burn,0,hevm,37353115,1780996080,1216571,3000000,0.40552366666666667,8,0.502045852,2204,3796,
probe2,134,withdraw,,mint,0,arb,471637912,1780996086,1041506,1125899906842624,9.250431531881986e-10,10,0.02007,2204,3796,
probe2,135,withdraw,,burn,0,hevm,37357495,1781000388,269788,3000000,0.08992933333333333,3,0.1,0,6000,
probe2,135,withdraw,,mint,0,arb,471655148,1781000394,707970,1125899906842624,6.288036757950977e-10,5,0.02,0,6000,
probe2,136,withdraw,,burn,0,hevm,37360796,1781003635,236678,3000000,0.07889266666666667,4,0.216839718,1067,5933,
probe2,136,withdraw,,mint,0,arb,471668076,1781003642,1757992,1125899906842624,1.5614105564054626e-09,5,0.02,1067,5933,
probe2,137,withdraw,,burn,0,hevm,37362009,1781004828,135602,3000000,0.04520066666666667,6,0.124453686,873,5127,
probe2,137,withdraw,,mint,0,arb,471672816,1781004834,4264952,1125899906842624,3.7880383274568885e-09,5,0.020006,873,5127,
probe2,138,withdraw,,burn,0,hevm,37364871,1781007643,1197759,3000000,0.399253,7,0.197696913,0,8000,
probe2,138,withdraw,,mint,0,arb,471684047,1781007651,292305,1125899906842624,2.596189929704451e-10,3,0.020024,0,8000,
probe2,139,withdraw,,burn,0,hevm,37368225,1781010942,155671,3000000,0.05189033333333333,5,0.1,242,5758,
probe2,139,withdraw,,mint,0,arb,471697222,1781010948,3107385,1125899906842624,2.7599122986998736e-09,12,0.020054,242,5758,
probe2,140,withdraw,,burn,0,hevm,37370365,1781013047,2496244,3000000,0.8320813333333333,23,0.160934764,1177,4823,
probe2,140,withdraw,,mint,0,arb,471705647,1781013053,3824690,1125899906842624,3.397007120042872e-09,8,0.02,1177,4823,
probe2,141,withdraw,,burn,0,hevm,37374582,1781017195,297774,3000000,0.099258,7,0.121971394,2008,7992,
probe2,141,withdraw,,mint,0,arb,471722296,1781017205,858923,1125899906842624,7.628768727840907e-10,13,0.020116,2008,7992,
probe2,142,withdraw,,burn,0,hevm,37377173,1781019743,648622,3000000,0.21620733333333333,9,0.153482913,819,6181,
probe2,142,withdraw,,mint,0,arb,471732485,1781019750,336631,1125899906842624,2.9898838960207286e-10,5,0.020002,819,6181,
probe2,143,withdraw,,burn,0,hevm,37378365,1781020916,1472494,3000000,0.49083133333333334,7,0.138114195,512,7488,
probe2,143,withdraw,,mint,0,arb,471737183,1781020924,538274,1125899906842624,4.780833506856652e-10,7,0.020062,512,7488,
probe2,144,withdraw,,burn,0,hevm,37382872,1781025349,767642,3000000,0.25588066666666665,6,0.1,2126,6874,
probe2,144,withdraw,,mint,0,arb,471754946,1781025358,436724,1125899906842624,3.878888321651175e-10,7,0.02021,2126,6874,
probe2,145,withdraw,,burn,0,hevm,37385605,1781028037,70967,3000000,0.023655666666666665,3,0.1,694,8306,
probe2,145,withdraw,,mint,0,arb,471765704,1781028046,605430,1125899906842624,5.377298606390468e-10,7,0.02004,694,8306,
probe2,146,withdraw,,burn,0,hevm,37390105,1781032463,1037100,3000000,0.3457,8,0.1,1596,5404,
probe2,146,withdraw,,mint,0,arb,471783392,1781032470,456394,1125899906842624,4.0535930168061896e-10,6,0.020002,1596,5404,
probe2,147,withdraw,,burn,0,hevm,37393519,1781035821,445886,3000000,0.14862866666666666,5,0.412506644,1948,6052,
probe2,147,withdraw,,mint,0,arb,471796791,1781035829,395738,1125899906842624,3.5148595145528816e-10,5,0.02,1948,6052,
probe2,148,withdraw,,burn,0,hevm,37395388,1781037660,1159968,3000000,0.386656,7,0.105102897,0,7000,
probe2,148,withdraw,,mint,0,arb,471804117,1781037667,422037,1125899906842624,3.7484415571498175e-10,3,0.020012,0,7000,
probe2,149,withdraw,,burn,0,hevm,37397682,1781039916,437551,3000000,0.14585033333333333,5,0.1,1196,4804,
probe2,149,withdraw,,mint,0,arb,471813090,1781039922,205189,1125899906842624,1.82244441759849e-10,3,0.02,1196,4804,
probe2,150,withdraw,,burn,0,hevm,37399991,1781042187,1951664,3000000,0.6505546666666666,6,0.259958691,283,5717,
probe2,150,withdraw,,mint,0,arb,471822113,1781042193,1197174,1125899906842624,1.0633041114260777e-09,9,0.020002,283,5717,
probe2,151,withdraw,,burn,0,hevm,37404233,1781046360,70967,3000000,0.023655666666666665,3,0.1,1146,4854,
probe2,151,withdraw,,mint,0,arb,471838679,1781046366,263417,1125899906842624,2.339612947821479e-10,4,0.020038,1146,4854,
probe2,152,withdraw,,burn,0,hevm,37406237,1781048331,32698,3000000,0.010899333333333334,2,0.1,39,5961,
probe2,152,withdraw,,mint,0,arb,471846521,1781048337,170791,1125899906842624,1.516928804790041e-10,2,0.020034,39,5961,
probe2,153,withdraw,,burn,0,hevm,37408128,1781050191,1648634,3000000,0.5495446666666667,15,0.1,732,6268,
probe2,153,withdraw,,mint,0,arb,471853909,1781050198,1207681,1125899906842624,1.072636202081867e-09,13,0.020508,732,6268,
probe2,154,withdraw,,burn,0,hevm,37411864,1781053865,506227,3000000,0.16874233333333333,8,0.233933031,0,7000,
probe2,154,withdraw,,mint,0,arb,471868541,1781053872,250747,1125899906842624,2.227080742045473e-10,3,0.02,0,7000,
probe2,155,withdraw,,burn,0,hevm,37414456,1781056415,32698,3000000,0.010899333333333334,2,0.1,776,6224,
probe2,155,withdraw,,mint,0,arb,471878713,1781056422,985282,1125899906842624,8.751062097189788e-10,6,0.020056,776,6224,
probe2,156,withdraw,,burn,0,hevm,37416764,1781058685,2371832,3000000,0.7906106666666667,4,0.1,716,8284,
probe2,156,withdraw,,mint,0,arb,471887790,1781058694,550392,1125899906842624,4.888462967755913e-10,7,0.02,716,8284,
probe2,157,withdraw,,burn,0,hevm,37421732,1781063572,254297,3000000,0.08476566666666667,4,0.1,972,5028,
probe2,157,withdraw,,mint,0,arb,471907192,1781063578,842672,1125899906842624,7.484430852855439e-10,5,0.02006,972,5028,
probe2,158,withdraw,,burn,0,hevm,37423987,1781065790,58547,3000000,0.019515666666666667,3,0.1,1170,6830,
probe2,158,withdraw,,mint,0,arb,471915943,1781065798,229528,1125899906842624,2.0386181631693034e-10,4,0.020036,1170,6830,
probe2,159,withdraw,,burn,0,hevm,37427789,1781069529,1450626,3000000,0.483542,11,0.1,864,6136,
probe2,159,withdraw,,mint,0,arb,471930744,1781069536,249892,1125899906842624,2.219486816557037e-10,3,0.02,864,6136,
probe2,160,withdraw,,burn,0,hevm,37428631,1781070358,238025,3000000,0.07934166666666667,4,0.1,805,5195,
probe2,160,withdraw,,mint,0,arb,471934007,1781070364,363400,1125899906842624,3.227640377190255e-10,3,0.020106,805,5195,
probe2,161,withdraw,,burn,0,hevm,37431983,1781073655,32518,3000000,0.010839333333333333,2,0.1,510,6490,
probe2,161,withdraw,,mint,0,arb,471947128,1781073662,350508,1125899906842624,3.113136415322515e-10,6,0.020068,510,6490,
probe2,162,withdraw,,burn,0,hevm,37436451,1781078049,1780059,3000000,0.593353,20,0.103092522,732,5268,
probe2,162,withdraw,,mint,0,arb,471964587,1781078055,1333762,1125899906842624,1.1846186254160784e-09,13,0.020156,732,5268,
probe2,163,withdraw,,burn,0,hevm,37440264,1781081800,2392797,3000000,0.797599,12,0.110076466,313,4687,
probe2,163,withdraw,,mint,0,arb,471979545,1781081805,452591,1125899906842624,4.019815591504994e-10,5,0.02,313,4687,
probe2,164,withdraw,,burn,0,hevm,37442523,1781084022,32518,3000000,0.010839333333333333,2,0.1,1003,4997,
probe2,164,withdraw,,mint,0,arb,471988416,1781084028,537584,1125899906842624,4.774705075760721e-10,6,0.02002,1003,4997,
probe2,165,withdraw,,burn,0,hevm,37445982,1781087424,2428753,3000000,0.8095843333333334,11,0.1,1408,4592,
probe2,165,withdraw,,mint,0,arb,472001965,1781087430,1163967,1125899906842624,1.0338103706430957e-09,6,0.020304,1408,4592,
probe2,166,withdraw,,burn,0,hevm,37447880,1781089291,2436649,3000000,0.8122163333333333,9,0.107517886,685,7315,
probe2,166,withdraw,,mint,0,arb,472009411,1781089299,595058,1125899906842624,5.285176740699171e-10,5,0.02003,685,7315,
probe2,167,withdraw,,burn,0,hevm,37449235,1781090624,86036,3000000,0.02867866666666667,4,0.1,1277,6723,
probe2,167,withdraw,,mint,0,arb,472014737,1781090632,309790,1125899906842624,2.751487926389018e-10,5,0.020076,1277,6723,
probe2,168,withdraw,,burn,0,hevm,37452707,1781094039,227066,3000000,0.07568866666666667,3,0.1,1339,5661,
probe2,168,withdraw,,mint,0,arb,472028367,1781094046,334806,1125899906842624,2.9736746398612013e-10,3,0.02,1339,5661,
probe2,169,withdraw,,burn,0,hevm,37457004,1781098265,2875140,3000000,0.95838,13,0.823071103,1846,6154,
probe2,169,withdraw,,mint,0,arb,472045276,1781098273,813007,1125899906842624,7.220952724651397e-10,6,0.020094,1846,6154,
probe2,170,withdraw,,burn,0,hevm,37458532,1781099768,1922228,3000000,0.6407426666666667,5,0.463540663,0,7000,
probe2,170,withdraw,,mint,0,arb,472051297,1781099775,945924,1125899906842624,8.401492834764213e-10,12,0.020264,0,7000,
probe2,171,withdraw,,burn,0,hevm,37460081,1781101292,32698,3000000,0.010899333333333334,2,0.1,78,6922,
probe2,171,withdraw,,mint,0,arb,472057402,1781101299,2731764,1125899906842624,2.426293832513693e-09,8,0.020048,78,6922,
probe2,172,withdraw,,burn,0,hevm,37465753,1781106871,2636641,3000000,0.8788803333333334,21,11.850047187,813,6187,
probe2,172,withdraw,,mint,0,arb,472079729,1781106878,9510582,1125899906842624,8.447093691188456e-09,35,0.020626,813,6187,
probe2,173,withdraw,,burn,0,hevm,37468752,1781109821,918519,3000000,0.306173,14,0.1,693,6307,
probe2,173,withdraw,,mint,0,arb,472091535,1781109828,1600369,1125899906842624,1.4214132093570697e-09,10,0.02,693,6307,
probe2,174,withdraw,,burn,0,hevm,37513634,1781153967,580408,3000000,0.19346933333333333,4,0.1,51,5949,
probe2,174,withdraw,,mint,0,arb,472267069,1781153973,982816,1125899906842624,8.729159617359983e-10,5,0.020042,51,5949,
probe2,175,withdraw,,burn,0,hevm,37515729,1781156028,2128171,3000000,0.7093903333333333,7,0.11172551,1295,4705,
probe2,175,withdraw,,mint,0,arb,472275215,1781156034,381036,1125899906842624,3.384279523288569e-10,4,0.02,1295,4705,
probe2,176,withdraw,,burn,0,hevm,37519167,1781159409,546589,3000000,0.18219633333333332,5,0.1,1907,7093,
probe2,176,withdraw,,mint,0,arb,472288628,1781159418,388200,1125899906842624,3.447908625275886e-10,4,0.020228,1907,7093,
probe2,177,withdraw,,burn,0,hevm,37520423,1781160645,336391,3000000,0.11213033333333333,7,0.1,1287,5713,
probe2,177,withdraw,,mint,0,arb,472293537,1781160652,171221,1125899906842624,1.5207479719947514e-10,2,0.020002,1287,5713,
probe2,178,withdraw,,burn,0,hevm,37526089,1781166218,109476,3000000,0.036492,4,0.1,1230,5770,
probe2,178,withdraw,,mint,0,arb,472315736,1781166225,429954,1125899906842624,3.8187586426374764e-10,6,0.020042,1230,5770,
probe2,179,withdraw,,burn,0,hevm,37527948,1781168046,83824,3000000,0.027941333333333332,3,0.1,0,6000,
probe2,179,withdraw,,mint,0,arb,472323028,1781168052,397069,1125899906842624,3.5266811693190903e-10,3,0.02,0,6000,
probe2,180,withdraw,,burn,0,hevm,37530865,1781170916,32698,3000000,0.010899333333333334,2,0.1,185,6815,
probe2,180,withdraw,,mint,0,arb,472334480,1781170923,1166704,1125899906842624,1.036241314977815e-09,6,0.020002,185,6815,
probe2,181,withdraw,,burn,0,hevm,37533868,1781173869,338422,3000000,0.11280733333333333,3,0.1,567,6433,
probe2,181,withdraw,,mint,0,arb,472346255,1781173876,350161,1125899906842624,3.1100544362061555e-10,5,0.02,567,6433,
probe2,182,withdraw,,burn,0,hevm,37535119,1781175100,1096965,3000000,0.365655,8,0.115727665,1585,3415,
probe2,182,withdraw,,mint,0,arb,472351149,1781175105,382994,1125899906842624,3.4016700567462976e-10,4,0.020036,1585,3415,
probe2,183,withdraw,,burn,0,hevm,37537847,1781177783,32698,3000000,0.010899333333333334,2,0.1,1623,5377,
probe2,183,withdraw,,mint,0,arb,472361856,1781177790,171072,1125899906842624,1.5194245861493982e-10,2,0.02,1623,5377,
probe2,184,withdraw,,burn,0,hevm,37540894,1781180780,2713351,3000000,0.9044503333333334,7,0.131761263,0,7000,
probe2,184,withdraw,,mint,0,arb,472373834,1781180787,1230213,1125899906842624,1.0926486382345502e-09,7,0.02001,0,7000,
probe2,185,withdraw,,burn,0,hevm,37544796,1781184618,2832870,3000000,0.94429,13,0.107515441,958,5042,
probe2,185,withdraw,,mint,0,arb,472389186,1781184624,344073,1125899906842624,3.055982134014812e-10,6,0.02,958,5042,
probe2,186,withdraw,,burn,0,hevm,37547234,1781187016,32698,3000000,0.010899333333333334,2,0.1,796,5204,
probe2,186,withdraw,,mint,0,arb,472398796,1781187022,1271911,1125899906842624,1.129683901979206e-09,12,0.02,796,5204,
probe2,187,withdraw,,burn,0,hevm,37548480,1781188242,1970172,3000000,0.656724,18,0.1,885,5115,
probe2,187,withdraw,,mint,0,arb,472403704,1781188248,3282849,1125899906842624,2.9157556369341364e-09,27,0.020244,885,5115,
probe2,188,withdraw,,burn,0,hevm,37551418,1781191132,289053,3000000,0.096351,3,0.1,2062,35938,
probe2,188,withdraw,,mint,0,arb,472415391,1781191170,918659,1125899906842624,8.159330988632973e-10,6,0.020034,2062,35938,
probe2,189,withdraw,,burn,0,hevm,37554628,1781194289,140763,3000000,0.046921,5,0.1,666,6334,
probe2,189,withdraw,,mint,0,arb,472427879,1781194296,311967,1125899906842624,2.7708235705858897e-10,5,0.020452,666,6334,
probe2,190,withdraw,,burn,0,hevm,37559820,1781199396,1347033,3000000,0.449011,5,0.753136203,2425,3575,
probe2,190,withdraw,,mint,0,arb,472448279,1781199402,912919,1125899906842624,8.108349547342186e-10,14,0.020384,2425,3575,
probe2,191,withdraw,,burn,0,hevm,37560966,1781200523,1258359,3000000,0.419453,10,0.166494133,2175,3825,
probe2,191,withdraw,,mint,0,arb,472452802,1781200529,513286,1125899906842624,4.558895483341985e-10,7,0.020382,2175,3825,
probe2,192,withdraw,,burn,0,hevm,37563391,1781202908,165366,3000000,0.055122,5,0.1,1596,5404,
probe2,192,withdraw,,mint,0,arb,472462370,1781202915,1259684,1125899906842624,1.1188241444415326e-09,8,0.02027,1596,5404,
probe2,193,withdraw,,burn,0,hevm,37568527,1781207960,2811135,3000000,0.937045,18,0.159338364,676,6324,
probe2,193,withdraw,,mint,0,arb,472482590,1781207967,2308861,1125899906842624,2.050680514287251e-09,4,0.020122,676,6324,
probe2,194,withdraw,,burn,0,hevm,37569993,1781209402,1572131,3000000,0.5240436666666667,4,0.109372595,917,4083,
probe2,194,withdraw,,mint,0,arb,472488335,1781209407,580792,1125899906842624,5.158469207344751e-10,5,0.020068,917,4083,
probe2,195,withdraw,,burn,0,hevm,37572966,1781212326,32698,3000000,0.010899333333333334,2,0.187818836,2486,3514,
probe2,195,withdraw,,mint,0,arb,472500011,1781212332,819867,1125899906842624,7.281881764242826e-10,7,0.020026,2486,3514,
probe2,196,withdraw,,burn,0,hevm,37576019,1781215329,868307,3000000,0.28943566666666665,15,0.1,1546,5454,
probe2,196,withdraw,,mint,0,arb,472512000,1781215336,2103384,1125899906842624,1.8681802771425282e-09,6,0.020106,1546,5454,
probe2,197,withdraw,,burn,0,hevm,37580608,1781219843,2120597,3000000,0.7068656666666666,13,0.108318616,1190,5810,
probe2,197,withdraw,,mint,0,arb,472529962,1781219850,233555,1125899906842624,2.0743851081306275e-10,3,0.02007,1190,5810,
probe2,198,withdraw,,burn,0,hevm,37581789,1781221005,1855882,3000000,0.6186273333333333,9,0.103664983,1544,5456,
probe2,198,withdraw,,mint,0,arb,472534586,1781221012,689494,1125899906842624,6.123936913127181e-10,4,0.020032,1544,5456,
probe2,199,withdraw,,burn,0,hevm,37585818,1781224968,1773383,3000000,0.5911276666666667,9,0.129188241,1957,4043,
probe2,199,withdraw,,mint,0,arb,472550391,1781224974,244599,1125899906842624,2.1724755328023093e-10,4,0.02,1957,4043,
probe2,200,withdraw,,burn,0,hevm,37587292,1781226418,808964,3000000,0.26965466666666665,5,0.1,1794,3206,
probe2,200,withdraw,,mint,0,arb,472556165,1781226423,348587,1125899906842624,3.0960745078800755e-10,5,0.02,1794,3206,
probe2,201,withdraw,,burn,0,hevm,37591041,1781230105,71207,3000000,0.023735666666666665,4,0.1,2466,6534,
probe2,201,withdraw,,mint,0,arb,472570885,1781230114,1170874,1125899906842624,1.0399450189879644e-09,5,0.02,2466,6534,
probe2,202,withdraw,,burn,0,hevm,37592624,1781231662,907576,3000000,0.3025253333333333,12,0.1,2446,3554,
probe2,202,withdraw,,mint,0,arb,472577076,1781231668,171167,1125899906842624,1.5202683556481134e-10,2,0.02,2446,3554,
probe2,203,withdraw,,burn,0,hevm,37596054,1781235036,70967,3000000,0.023655666666666665,3,0.1,3350,2650,
probe2,203,withdraw,,mint,0,arb,472590513,1781235042,170934,1125899906842624,1.518198899930212e-10,2,0.02,3350,2650,
probe2,204,withdraw,,burn,0,hevm,37597437,1781236396,139816,3000000,0.04660533333333333,5,0.1,0,5000,
probe2,204,withdraw,,mint,0,arb,472595910,1781236401,170946,1125899906842624,1.518305481340576e-10,2,0.020026,0,5000,
probe2,205,withdraw,,burn,0,hevm,37600970,1781239871,70967,3000000,0.023655666666666665,4,0.228490289,0,6000,
probe2,205,withdraw,,mint,0,arb,472609711,1781239877,2319356,1125899906842624,2.0600019468020037e-09,7,0.02,0,6000,
probe2,206,withdraw,,burn,0,hevm,37602954,1781241823,86536,3000000,0.028845333333333334,4,0.1,669,6331,
probe2,206,withdraw,,mint,0,arb,472617480,1781241830,1331928,1125899906842624,1.1829897061943484e-09,7,0.020058,669,6331,
probe2,207,withdraw,,burn,0,hevm,37604916,1781243753,845092,3000000,0.28169733333333336,6,0.1,1311,4689,
probe2,207,withdraw,,mint,0,arb,472625177,1781243759,170910,1125899906842624,1.517985737109484e-10,2,0.020022,1311,4689,
probe2,208,withdraw,,burn,0,hevm,37606108,1781244925,70967,3000000,0.023655666666666665,4,0.253570254,2775,6225,
probe2,208,withdraw,,mint,0,arb,472629868,1781244934,170832,1125899906842624,1.517292957942118e-10,2,0.020086,2775,6225,
probe2,209,withdraw,,burn,0,hevm,37608571,1781247348,2825202,3000000,0.941734,30,0.217701525,2801,3199,
probe2,209,withdraw,,mint,0,arb,472639545,1781247354,1970779,1125899906842624,1.7504033777981931e-09,11,0.02004,2801,3199,
probe2,210,withdraw,,burn,0,hevm,37612042,1781250762,660575,3000000,0.22019166666666667,10,0.168586624,3260,2740,
probe2,210,withdraw,,mint,0,arb,472653173,1781250768,311978,1125899906842624,2.7709212702120567e-10,4,0.020026,3260,2740,
