experiment_id,direction,amount_usdc(usdc),cctp_nonce,message_hash,t1_arb_burn_block_ts(ms),t1_arb_burn_block_number,arb_burn_tx_hash,t2_iris_attestation_complete(ms),t2_iris_complete_local(ms),t2_5_hevm_mint_block_ts(ms),t2_5_hevm_mint_block_number,hevm_mint_tx_hash,t3_hc_credit_ledger_time(ms),minFinalityThreshold_set,finalityThresholdExecuted,forward_state,maxFee(usdc_atomic),feeExecuted(usdc_atomic),arb_gas_used(gas),arb_gas_price(wei),arb_tx_fee(eth),t0_local_send(ns),rtt_offset(ms),arb_confirmations_at_attestation(blocks),iris_wait(ms),attestation_to_mint(ms),credit_wait(ms),src_inclusion(ms),E2E_dep_onchain(ms),E2E_dep_wallclock(ms),group,arb_burn_l1_block,arb_burn_l1_block_ts(ms),burn_rt_l1_block,burn_l1_lag_blocks,att_l2_block,att_l1_block,att_l1_block_ts(ms),dL1_blocks,dL1_seconds(ms),t2_l1_block,t2_l1_block_ts(ms),dL1_blocks_byT2,dL1_realblocks_byT2,t2_phase_in_l1(ms),l1_enrich_err
1,deposit,5.0,0xd6b33524f5cb24e4daf10dd6b348661db8be20c06728d5893c54423f237cdc8b,0x7025ef0fd3df8685363282e63cdd63aa7c478f4ab6f6e145da8db97afdce0db9,1780377727000,469169954,0x1a7c90c93cfb7c19071181ea630e4e85b64ca9c76e42ec96f4c669212f641dab,1780377731180,1780377731180,1780377733000,36724551,0xa82fb07e2e613609328ffa14108102afc4a8800a1746611cd1e40829ccfa5ae6,1780377733040,1000,1000,PENDING,242739,242739,112421,20002000,0.000002248644842000,1780377726908243980,91.756,13,4180,1820,40,6000,6040,6131.756,fast,25227576,1780377719000,25227576,0,469169967,25227576,1780377719000,0,0,25227577,1780377731000,1,1,180,
2,deposit,5.0,0x7fc526184e82ef4f6996c3115284c79f68c6fa1b0e9e74c48e649eed76b9d55e,0x30a738cd20a8215f523e1ed3850d98d0c9e70be91574ef9b5ad6720c08566310,1780631760000,470186616,0xa7b1b16bb798a11264730994750808423d6f00732400049021b4d9a617308a9b,1780631764141,1780631764141,1780631766000,36982818,0xb266e77c78f0b248964c9cdf8bf2fc58e329c9b75bcea8dde00d456cacb9e1b8,1780631766015,1000,1000,PENDING,237677,237677,113046,20192000,0.000002282624832000,1780631759598552370,401.448,12,4141,1859,15,6000,6015,6416.448,fast,25248633,1780631747000,25248634,1,470186628,25248633,1780631747000,0,0,25248634,1780631759000,1,0,5141,
3,deposit,5.0,0xda1660b10dc8f121cd3e193797cfd81e9f8d41ce673fb9db30c4411a42d03c69,0xdb46a2b0fb77dd4db26dd62fadb3e958ab2713bc3b0c083bee7635d1f77b6923,1780634077000,470195903,0x1de88481951af5fe390e6eedf4d66f0c7ec77727c1991ff255e75dfe60888fcc,1780634084659,1780634084000,1780634084000,36985174,0x21c89e666620cbe9e980e816ca902079d345a5b3e79909ff50f2cbddbbd3ef63,1780634084042,1000,1000,PENDING,237716,237716,113134,20000000,0.000002262680000000,1780634076900914847,99.085,27,7000,0,42,7000,7042,7141.085,slow,25248825,1780634063000,25248826,1,470195930,25248826,1780634075000,1,12000,25248826,1780634075000,1,0,9659,
4,deposit,5.0,0x6584558cb27e3d155c681c57bb246613d7f6c00820be925f49f56d16b87fd0d6,0x2073a83021fd5113b8ae2016656a35a5e9a20f75e599dc3f04886bad35b10e1a,1780634901000,470199195,0xb66c420f1a857576d2ebf92bf847efd583ff683dde29df5fb48f6d687b2e7b55,1780634905947,1780634905947,1780634910000,36986014,0xf3e151df54d3eca7001a89dd681e8ac2590fa4a462949742033b59e2a5a780fb,1780634910069,1000,1000,SENT,240742,240742,113126,20002000,0.000002262746252000,1780634901222144147,-222.144,15,4947,4053,69,9000,9069,8846.856,fast,25248893,1780634879000,25248894,1,470199210,25248893,1780634879000,0,0,25248895,1780634903000,2,1,2947,
5,deposit,5.0,0x3905f6b5b3dcf771c5f6c08ecdc659254f233eefccefc612f72e9945ee48c4c7,0x349eb5f825582119b57b6ffbe605f19039df96ce2775677d5791c7eb48fa0fe0,1780635747000,470202575,0x9e5fd532090f8446f531619a49430a9d02cd0014fdd0b98842c3e455a42ff634,1780635755952,1780635755952,1780635758000,36986876,0x31e6029a5a907f50500a599fb0f7de358aa23c762e967c55a4f3826ee94cebd5,1780635758037,1000,1000,PENDING,1577607,1577607,112921,20004000,0.000002258871684000,1780635747181073757,-181.074,31,8952,2048,37,11000,11037,10855.926,slow,25248963,1780635719000,25248965,2,470202606,25248965,1780635743000,2,24000,25248966,1780635755000,3,1,952,
6,deposit,5.0,0x43ea81699f3b12c9cb409441224e5eb9e36301040fa811ce90cec53d44d6dc93,0x13132ffe726bca828c63065db3bd7ed520e6710b603a602d04e416ef915b5c4c,1780636500000,470205592,0x614382f4f3c5341505e924cffb9402a4ac336a610bd1350caba9176af6c6b11c,1780636504110,1780636504110,1780636506000,36987637,0x7e0fa8c859c6733be027eb23d22762d213588ebad3faae68418350e1ac77a8ab,1780636506027,1000,1000,PENDING,237764,237764,113288,20000000,0.000002265760000000,1780636500012820998,-12.821,12,4110,1890,27,6000,6027,6014.179,fast,25249027,1780636487000,25249028,1,470205604,25249027,1780636487000,0,0,25249028,1780636499000,1,0,5110,
7,deposit,5.0,0x0b4565d0cf3c01f938b107ca8979be36a1e9f9a90b626b205ac62ce0e6ec11e4,0x1e85790e346c0485298f2f054446e192b000010f732fad67fe9671da408bf045,1780638658000,470214240,0xd36575000e2f28ef2916c45adb179430855681da40b48d11d4e4dcfe360d31b3,1780638661206,1780638661206,1780638664000,36989831,0x373a6c4220f7401a4ece5b18f9c6efe441a1707423a24c447e97cad9ed73eb44,1780638664009,1000,1000,PENDING,274582,274582,113483,20162000,0.000002288044246000,1780638657753246799,246.753,10,3206,2794,9,6000,6009,6255.753,fast,25249205,1780638635000,25249206,1,470214250,25249206,1780638647000,1,12000,25249207,1780638659000,2,1,2206,
8,deposit,5.0,0xba82020908cddac616d574de69d65eb587eb1fff8b12e80d8039fc492a6c21cb,0xa6478930d6718093be46778bbe2b2e31eff4c94159081ce1a492980de7a186ce,1780640833000,470222975,0xb7fb3eea836eac00253b5921c00bd86b77a0bf7cecdf6cd43397894ec13d08a4,1780640843598,1780640843000,1780640843000,36992046,0x64c47a85c8b914b12a493bd8810ddf2fa7dc9d6e85949e8ed11d015e4387c765,1780640843084,1000,1000,PENDING,290994,290994,125208,23324000,0.000002920351392000,1780640832832017796,167.982,38,10000,0,84,10000,10084,10251.982,slow,25249384,1780640807000,25249386,2,470223013,25249385,1780640819000,1,12000,25249387,1780640843000,3,1,598,
9,deposit,5.0,0xf1786d3a6fd79a617bdd48d9d397648c561e583acd24f6bcfcf4c7a33aad5dbe,0x17853d2356398f5ad13331b36232d4d7946f08d0c1b0a0d2a16e929ac8493359,1780642037000,470227838,0x6bd0696abecc0defea4b4abdc0f0859ba65470f214f02358914d83d19ff7213c,1780642041570,1780642041570,1780642044000,36993267,0xc94d6bf062796c44d1755f89ba6c4ab48188f47072cc382829d95fffcb5f4d8a,1780642044019,1000,1000,COMPLETE,265424,265424,117962,20538000,0.000002422703556000,1780642037618210974,-618.211,11,4570,2430,19,7000,7019,6400.789,fast,25249485,1780642019000,25249486,1,470227849,25249485,1780642019000,0,0,25249486,1780642031000,1,0,10570,
10,deposit,5.0,0x904a510c95fa2bfbbff266cef90c6b91b79666e8296cf43c2d9ad42944b1700d,0xbd97590a2362c1425446775eb37ca77c50f0d15ac7f87ed47ebc9fc3098cc903,1780643869000,470235186,0x242c3f4aaeeedc8c5a46691650d2d160432f0915fc078c4c4d7c694244070130,1780643873149,1780643873149,1780643875000,36995128,0xc59304a0439fc3dd0b79487089c4c45d3ad2910669090b8e9e2032a3e28d2a36,1780643875023,1000,1000,PENDING,320453,320453,111593,20270000,0.000002261990110000,1780643869376963900,-376.964,11,4149,1851,23,6000,6023,5646.036,fast,25249637,1780643855000,25249638,1,470235197,25249637,1780643855000,0,0,25249638,1780643867000,1,0,6149,
11,deposit,5.0,0x1b8773d913630061943c4f54e3c84931475bd8855f6cd2c621f7991b1d92f2ba,0xdef9cd095b86fb9c4305e4ca1cbbb7ece0838f0b52e6097923768066576bcfac,1780645924000,470243446,0x10c3964291aa2f4fa25da4858940e9476cea4379e91b588841d6657f68d9a669,1780645931853,1780645931853,1780645935000,36997223,0x2a02ca3edc218015b56185919eea3e479c115ad1f378e497a800770c4305d016,1780645935041,1000,1000,PENDING,273466,273466,114523,20264000,0.000002320694072000,1780645924128855192,-128.855,25,7853,3147,41,11000,11041,10912.145,slow,25249807,1780645907000,25249808,1,470243471,25249807,1780645907000,0,0,25249809,1780645931000,2,1,853,
12,deposit,5.0,0xc513a6ec5fdabab267a099486891d31e89f6c8b66e448632412ab0e1bf9b6f8e,0x5d23a2c07e1ee9a1bc49e66cda66f66206c791fc54bb2e35148b2fafd59e0ef1,1780647598000,470250161,0x884c23f3fbd6e7a6e888e1eb06e36fbc8aad8d09f43a4fb0ca40b071e15386fa,1780647603177,1780647603177,1780647606000,36998922,0x2e47f0af9cfd3821ea7b9202c357286d796ad464819564eb20f33f3bee814675,1780647606036,1000,1000,PENDING,240895,240895,111593,20034000,0.000002235654162000,1780647598066818582,-66.819,17,5177,2823,36,8000,8036,7969.181,fast,25249942,1780647575000,25249943,1,470250178,25249943,1780647587000,1,12000,25249944,1780647599000,2,1,4177,
13,deposit,5.0,0x3e43041d91f195455dcd40e15e7f7bef7784b818efbdd9efbbdff4c7d35f2393,0x829a630d029e1aa50fe6cbb99e322eb98fba8345dffea962f985cca938d475ce,1780649440000,470257545,0x7789895815a9b15e041bf3f3c537fda314d1d7b5912583bbeba6cd470389c749,1780649448156,1780649448156,1780649451000,37000797,0x9780ae4d188821efd04b7e154403c228fa81687269d7ec1e74f51f0f76bd98b6,1780649451017,1000,1000,SENT,237248,237248,111593,20056000,0.000002238109208000,1780649440171111108,-171.111,28,8156,2844,17,11000,11017,10845.889,slow,25250095,1780649423000,25250096,1,470257573,25250096,1780649435000,1,12000,25250097,1780649447000,2,1,1156,
14,deposit,5.0,0x3b4ec22192fc62b8f9a0555a2b1357fcd75352cb0ecf24111af07eb78c2d2a77,0xf3937368ef193c57a927dadc923c85ef147ce7549b496de5b709ee7e359744f3,1780650124000,470260290,0x78f616e5e4c931da35c0c64a9bd021c021ab4ffd45c8a1effd386c8043a588c5,1780650132618,1780650132618,1780650135000,37001493,0xa21a0d95ac9b6a17baa5af0de49c6a03243d702743fed8ae1e37dda2f165a018,1780650135074,1000,1000,PENDING,237182,237182,111593,20000000,0.000002231860000000,1780650124158005317,-158.005,30,8618,2382,74,11000,11074,10915.995,slow,25250151,1780650107000,25250152,1,470260320,25250151,1780650107000,0,0,25250153,1780650131000,2,1,1618,
15,deposit,5.0,0xa290c1c89280090f497d2f8a128bc6a18544b1b9188e0c4a9850030c91072a1e,0x193986b38cc2076bc465c4639135a725175537e84e52e5ea5b5cdc812b620c66,1780656013000,470283888,0xda5366dfc7ded33ef8db6e8acc1a63784a14267f05c1bc10e2a23cae6b95be1f,1780656017051,1780656017051,1780656020000,37007476,0xed0cc9ebf3ebd33a14322a952323807cc3647fce0513a8b469e8cd3c9232dac0,1780656020066,1000,1000,SENT,267110,267110,111832,20008000,0.000002237534656000,1780656013376860169,-376.860,11,4051,2949,66,7000,7066,6689.14,fast,25250637,1780655987000,25250639,2,470283899,25250637,1780655987000,0,0,25250639,1780656011000,2,0,6051,
16,deposit,5.0,0x94772273f5b99811eec16986f7e4bdb6f755af4a88a1c50350447f9266a98784,0x81b3f0ca31037dc289b87d91c046fc71b814233ca77a8c0f98ef4e0270d5bbf5,1780658324000,470293143,0xca16435e2d6964099db5e52a789e8bf330acaf412dd5e4ff9dba785426588e3d,1780658332285,1780658332285,1780658334000,37009828,0x297ac18e27dbee236f59acc60eb0f53c844114e00e94f4aa86c308c415058975,1780658334031,1000,1000,PENDING,317665,317665,113461,20014000,0.000002270808454000,1780658323919510364,80.490,28,8285,1715,31,10000,10031,10111.49,slow,25250827,1780658303000,25250828,1,470293171,25250828,1780658315000,1,12000,25250829,1780658327000,2,1,5285,
17,deposit,5.0,0x4de4502aebed93e3b5d59838421df92d2f5de8fce305871fed388c2616cdf75c,0x80f13777f65cb40b76a52604b26a46f076ace1d0dc8776bc5679d6d8e2062d6b,1780662700000,470310681,0xceb14ea53857eb19149b09ee27b3f1ebc4da7c2a1c09074b979d8d111f77fd87,1780662703958,1780662703958,1780662706000,37014273,0xf16204b7451c2df7312262a08cbf3a6d777b8ec82b8ff95f22892f1ddcc4f7b4,1780662706038,1000,1000,PENDING,384183,384183,112739,20648000,0.000002327834872000,1780662699466066624,533.933,13,3958,2042,38,6000,6038,6571.933,fast,25251190,1780662683000,25251191,1,470310694,25251190,1780662683000,0,0,25251191,1780662695000,1,0,8958,
18,deposit,5.0,0x0fc614316d1c66a1656763447f34347a6f9f57c773bd687cfb00603c2b7dc767,0xc70ccf6013d84902c31425a10605285693a9992853e8e61fc314bb004bbc16d8,1780663496000,470313877,0x755531605354fd1ff69415b212117b7c9edb7f949358308faed83397c8ca8dad,1780663504345,1780663504345,1780663507000,37015088,0xa46809058622d4d37c06c0d4e84733f7ccd87a13447f526d0dd875a3143cb3a1,1780663507029,1000,1000,PENDING,239070,239070,114723,20000000,0.000002294460000000,1780663495472228337,527.772,30,8345,2655,29,11000,11029,11556.772,slow,25251255,1780663475000,25251256,1,470313907,25251255,1780663475000,0,0,25251257,1780663499000,2,1,5345,
19,deposit,5.0,0xf9386aa6dd37e750ff6c9b0436625a378567ee1271927bb61696a65a34e8c85c,0x36cb22e06613724339474a8c1d22edd1335261012174105e028e2f731f779ed2,1780668516000,470334050,0xc32dc5962ad1029bb881e552d31cd83c629e4cc0a2df4262a20d20e15670af9e,1780668524371,1780668524371,1780668604000,37020270,0xf959532fa9f6c97bf0752bb943d949a643f91f6bb7188a202f3ca35945ae8538,1780668604090,1000,1000,SENT,390501,390501,138028,23898000,0.000003298593144000,1780668515692537458,307.463,32,8371,79629,90,88000,88090,88397.463,slow,25251674,1780668503000,25251675,1,470334082,25251674,1780668503000,0,0,25251675,1780668515000,1,0,9371,
20,deposit,5.0,0xb297bf959337bb114746f3c0b80c97e76eae779effdfdeb286bee9525c73dbc5,0xdcc91ca678a72eccf597a031e54b824b20c936e667d82fed58307a1418ccb109,1780669713000,470338878,0x38b114e063edfa0b2988a15726b4791e91a233699b748b6f2cbfe7b6eb803684,1780669718542,1780669718542,1780669720000,37021404,0x1e080d754adba1bbb9aadef481591d117c4ac83ba1c787a60786afb27582f343,1780669720004,1000,1000,SENT,260298,260298,158035,20440000,0.000003230235400000,1780669713400290262,-400.290,9,5542,1458,4,7000,7004,6603.71,fast,25251772,1780669691000,25251773,1,470338887,25251773,1780669703000,1,12000,25251774,1780669715000,2,1,3542,
21,deposit,5.0,0x92b21564875c2dc2616ce23adef2d1eda5a360b569ccd2e106c1fd5ef44a3c12,0xfbb055c3d5cc88c71a3c97d407b3b712dbbba60f42d28b13d5045c5ca3c576c5,1780675097000,470360539,0x2644adb85689af99e79098461426b1eb78c88aeae4f6502e59d1564fac1a17f5,1780675101313,1780675101313,1780675104000,37026878,0x16f374ee528eb344c873ad3404aa4dfd07d8155523857dd4124ced26de5b5831,1780675104025,1000,1000,PENDING,267745,267745,171785,20446000,0.000003512316110000,1780675097282363603,-282.364,8,4313,2687,25,7000,7025,6742.636,fast,25252220,1780675079000,25252221,1,470360547,25252220,1780675079000,0,0,25252221,1780675091000,1,0,10313,
22,deposit,5.0,0x020a144f2a3f895bc43fb6193100e557dd6b4bea96a93953cc72c6acca583d88,0xdf9d3c3ed69f08d8f0ce44c69ac65dd544d1ec1d363e5252866e41c07c398d00,1780676468000,470366047,0x98b5e4c7b6511c4e095b7b327863cb14222a96eb6dacba7a5551f50238e648b4,1780676472388,1780676472388,1780676475000,37028272,0xc2256a38d8558ae2d0007ad2f01045ba999a072482345ac8240ecc094ae312e9,1780676475028,1000,1000,SENT,949057,949057,117441,25156000,0.000002954345796000,1780676467764298928,235.701,12,4388,2612,28,7000,7028,7263.701,fast,25252335,1780676459000,25252335,0,470366059,25252335,1780676459000,0,0,25252336,1780676471000,1,1,1388,
23,deposit,5.0,0x8a3ae10fbc333c62ffea3e987d75dc38df67a10179ea6a4c32b950d971d278f7,0xd62649391403fc5251cf0e73b1c2107b73ba103aeb959061df71a6f98a82b644,1780678713000,470375102,0x5b82b9b8b51886c72f51b07bb2d51a4c92f37968bc83c2fc5219a4db52dc259c,1780678716766,1780678716766,1780678719000,37030553,0xdb7f0eb7de335ea3c308a59dc4ff05ebca576b58796b500ffff53bf0bff702c8,1780678719014,1000,1000,SENT,288151,288151,111593,21008000,0.000002344345744000,1780678712548664646,451.335,11,3766,2234,14,6000,6014,6465.335,fast,25252521,1780678691000,25252522,1,470375113,25252521,1780678691000,0,0,25252523,1780678715000,2,1,1766,
24,deposit,5.0,0xed09a42d007a8627ac31cc279a24cd99d219a0ae4e2eabcc163dda271e9f427d,0xe81defd39ff9e3dfc43fcfb8e282a2451ad0255ec823103b37d22afdc77ed030,1780681939000,470388055,0x3a9ce7104bf73f41e881940b7bb4f4481819b2cae073a90908dddd1357cb73e9,1780681943035,1780681943035,1780681946000,37033834,0x58cee6c988432744fbcb23ea6cc2d951d517067b466934c21a6d9c6b98bb4bb5,1780681946034,1000,1000,PENDING,241445,241445,111593,20626000,0.000002301717218000,1780681938492004846,507.995,14,4035,2965,34,7000,7034,7541.995,fast,25252789,1780681919000,25252790,1,470388069,25252789,1780681919000,0,0,25252791,1780681943000,2,1,35,
25,deposit,5.0,0x600dba4191a30453e1866cad0cce359bd95ff9dfcd7c50ea696de9af8cfa53c9,0x861bb5c18c1ec354a62af6819514277e1893c3dc3da316f021cf4238ffba1313,1780684007000,470396356,0xfd5a3072f7a41ad533f72f4ee058302bb1dc0f7582a2f16853651a9620a22ef8,1780684015600,1780684014000,1780684014000,37035936,0xd9dcf08db579afdb7f8290114c1cbe1c7e1042f2ed5c88a3701d0a61e84e1ca7,1780684014018,1000,1000,PENDING,396210,396210,111871,20312000,0.000002272323752000,1780684006541953534,458.046,29,7000,0,18,7000,7018,7476.046,slow,25252958,1780683983000,25252960,2,470396385,25252960,1780684007000,2,24000,25252960,1780684007000,2,0,8600,
26,deposit,5.0,0x035922a2ead39b8c6b91072092dad4cffc082712f57468fb1cd6c861ed9c5a89,0x37bbe217155091fe6f7050000b0c7bb4195f8087f0b1729b2e4653bdbf574b54,1780685444000,470402129,0xd9ad96df190cbf718a8ecf2b4c2abb8ad9621df77712d37965c38b51bf9aeb3a,1780685452165,1780685452165,1780685454000,37037400,0x967cbaba291fe5b1b56ee1c95d5281119cff1e2c3083c5261e746f22e00b89b3,1780685454011,1000,1000,PENDING,277944,277944,119123,20244000,0.000002411526012000,1780685444003304308,-3.304,28,8165,1835,11,10000,10011,10007.696,slow,25253078,1780685435000,25253078,0,470402157,25253078,1780685435000,0,0,25253079,1780685447000,1,1,5165,
27,deposit,5.0,0x85355c9f37317f55a0b344fc9c1be05ed414d38897370a70e0b456a644e5086c,0xa509ad9c5f57e01bd0f41de35c4940a1161b3efa496926d474920d6f5aacc8e4,1780690488000,470422410,0xd6ffb27d268e87edfeed27ff82e18b34a3005b125f955294b4008429d3358f2a,1780690496721,1780690496721,1780690499000,37042529,0x34a8df0af21461df75b9de0a4c00741b5da974c4aeccad9c7cb279e095fdb7e3,1780690499056,1000,1000,PENDING,236319,236319,118884,20340000,0.000002418100560000,1780690487093701176,906.299,31,8721,2279,56,11000,11056,11962.299,slow,25253497,1780690475000,25253498,1,470422441,25253498,1780690487000,1,12000,25253498,1780690487000,1,0,9721,
28,deposit,5.0,0xd06b993000168418bb579578c7f0a9a171b6d0dfc3093385e37fee0538546143,0x3a1eed0797d8ddf8b2d6525dda8aca9832289c3a1ff3505b47deae96488e68db,1780691728000,470427399,0x42792e9f7fe5c061867148077ac9d52f6344639306cfa5ece4c5b8c10234db84,1780691736618,1780691736618,1780691739000,37043790,0x1f744efa793337e7f8d597d28d3494eedbb93c6b7723e70258db369ab5825d48,1780691739034,1000,1000,PENDING,239560,239560,117502,20400000,0.000002397040800000,1780691728162146680,-162.146,28,8618,2382,34,11000,11034,10871.854,slow,25253600,1780691711000,25253601,1,470427427,25253600,1780691711000,0,0,25253602,1780691735000,2,1,1618,
29,deposit,5.0,0x21e0c9758b7b27df19a63b24206d44db21b3234c84c493e8b5d8047e89771a7f,0x07858f2a20dd93e94cc8bc39f600c3fe007ebb8b31df8cd6f97e136faf7f5339,1780694758000,470439572,0x8196e39fdcdc691c4040a26eb1b7f2882c8938d36b3b95517cbc93193d0b7576,1780694761353,1780694761353,1780694764000,37046866,0x239e1a3c3e5c9aec3bc678514136123ddfa206c0c1a788078bd302ad0ecf7681,1780694764005,1000,1000,PENDING,254594,254594,113073,20158000,0.000002279325534000,1780694757782373414,217.627,10,3353,2647,5,6000,6005,6222.627,fast,25253852,1780694747000,25253852,0,470439582,25253852,1780694747000,0,0,25253853,1780694759000,1,1,2353,
30,deposit,5.0,0x2a481ef426011cb1ff446095e7d18451e3472ea98e0ee9c4759e8ee9a3603f8e,0xa82daa734be382840d51c64c7cdd03a637fbbbebb36080ee8274eda5cb6117d7,1780698175000,470453266,0xf6b8fe03cf1fd3d7119aef908ef1c35cf103ea045d4b54aee665ff50da077d68,1780698178745,1780698178745,1780698182000,37050341,0xec3f4296d4e9882c26352b3798105c01df5bf2db41f9b1d72b33b63207462599,1780698182003,1000,1000,SENT,246261,246261,112717,20000000,0.000002254340000000,1780698174279451291,720.549,14,3745,3255,3,7000,7003,7723.549,fast,25254132,1780698143000,25254134,2,470453280,25254134,1780698167000,2,24000,25254134,1780698167000,2,0,11745,
31,deposit,5.0,0x62133ff6acd3a24532bd496409780d7afcb10b5c193a72aa7b93fa2470c7abf2,0x833ddef0f518d87e1483c3279bb266b1ff564288a815a12acd8d457d3efb768b,1780701339000,470465944,0x2c4c55f17497fa1672c528fda6bd7ac07e3bd808cfe4a88dd523a2f9c9265799,1780701342319,1780701342319,1780701346000,37053557,0x0ced0553978945faff6b037d997b1ccad2ab4cc2c92dcb6b938186d646d2ec90,1780701346060,1000,1000,PENDING,237318,237318,112747,20000000,0.000002254940000000,1780701338154749189,845.251,10,3319,3681,60,7000,7060,7905.251,fast,25254396,1780701323000,25254397,1,470465954,25254396,1780701323000,0,0,25254397,1780701335000,1,0,7319,
32,deposit,5.0,0x08706eb9eefa8eafd6e1cebfe021b259e80ad63bc6d6f4dad7bf196e3837a647,0xf83195e3362a1c5f4b02b6e585d07d9ffb6c353c255707b38b1c98e59f2ff56e,1780705149000,470481213,0xe4e54b779b05995379511e9843c58871332b88447fa55a8ce20341fb4a1d1296,1780705152663,1780705152663,1780705156000,37057431,0x995f61708e8fe242613c0af26ef4ad4b022a99e959dcc4d87b7ee0a8d3d055c1,1780705156066,1000,1000,PENDING,236878,236878,113342,20092000,0.000002277267464000,1780705148842781075,157.219,10,3663,3337,66,7000,7066,7223.219,fast,25254712,1780705127000,25254713,1,470481223,25254712,1780705127000,0,0,25254714,1780705151000,2,1,1663,
33,deposit,5.0,0x611cb4c544c8c8e4a8e0e09a8b5154e13683cede9511956a72455d59b9aa8e6d,0x4a03c27c60f4e98f22cbe572d948aaffdc1a705a9b1f5324a7ec974dd8dbd80f,1780707346000,470489999,0x4893eb4a29e46a6b87cec1b16e42f754c70e174c43905a46bba1938873e46930,1780707353990,1780707353990,1780707356000,37059667,0x7450cb9206097b442b7c1c3e2efa94d1b232eaf4a6a74ef20d51750a520f8b34,1780707356052,1000,1000,PENDING,249393,249393,112660,20060000,0.000002259959600000,1780707345686747665,313.252,25,7990,2010,52,10000,10052,10365.252,slow,25254896,1780707335000,25254896,0,470490024,25254896,1780707335000,0,0,25254897,1780707347000,1,1,6990,
34,deposit,5.0,0x281a5cb67cdfa271fdd6208f9838de442701d8a18fd558431247911735ee6917,0xa8216af28f7bc4d41500765e5aa08e702db5ff4bc40ad27b4f09185a97afbecb,1780709804000,470499799,0xc480debdc9151e8a69620c1404aba19b53bc6930ebf9e01d5210db8d34699aff,1780709810787,1780709810000,1780709810000,37062162,0x084f6128032c3c60fb181738e8fdeb0332dd498a2ff8eb82babd32251ff1188c,1780709810016,1000,1000,SENT,236919,236919,112644,20126000,0.000002267073144000,1780709803071826476,928.174,23,6000,0,16,6000,6016,6944.174,slow,25255099,1780709795000,25255099,0,470499822,25255099,1780709795000,0,0,25255100,1780709807000,1,1,3787,
35,deposit,5.0,0x0a8a7ac8fdd505875dd92044be008cc5ad56eef0f8949ae08bd42a165e247267,0x90c65068c989954d044beb5de88f019b037d516c7fb4195fd0dc96b80f48e37f,1780714405000,470518112,0xabfdb8bb679641d909b364d8be7efca2c063abad5d8e1cae8ebdb62be5b23665,1780714413325,1780714412000,1780714412000,37066841,0x83218c02eec9ec2c65ecec4bfa0a17e8327e9ac067e8324f10ac4f913634f8d7,1780714412049,1000,1000,PENDING,236805,236805,112766,20000000,0.000002255320000000,1780714404442170588,557.829,32,7000,0,49,7000,7049,7606.829,slow,25255480,1780714391000,25255481,1,470518144,25255481,1780714403000,1,12000,25255481,1780714403000,1,0,10325,
36,deposit,5.0,0x6f99b4ef416d29e6779cb1a83602bbf793cb2ec428821b61a82e3fac9a728560,0x2821bd0e9e69265f01f547d5ee9bb95c6062db2d9d76c1adb41534d570de4509,1780717232000,470529387,0x2e4fc84715cc7d9b8c15f7caf869cb28e0f774c59653a5d96626d3c83e88e5a8,1780717234878,1780717234878,1780717238000,37069714,0x26f203995076c8f6afe8110435832d812879278d5085d41785bbc1de5e1b1ffa,1780717238023,1000,1000,SENT,237596,237596,112556,20006000,0.000002251795336000,1780717231668542598,331.457,10,2878,3122,23,6000,6023,6354.457,fast,25255714,1780717223000,25255714,0,470529397,25255714,1780717223000,0,0,25255714,1780717223000,0,0,11878,
37,deposit,5.0,0x23d1118c21d088ca9157520f06061ec1f981c0ccaa7fdff85f715dc400320ed1,0x26bd1486bcaf42ecc1fe09a52e7f3910d6fc0e7b060dfba2e1ad6266c712fa6d,1780719249000,470537452,0x096d24126785d1195049f2f92450c31fb058e44d255acb83c821b545e6808795,1780719252430,1780719252430,1780719256000,37071766,0x3b261bc88efa5459fae817f64ac2d8e2d4e196be3c4afb0b08c134f09b6cb4c9,1780719256017,1000,1000,PENDING,235888,235888,112095,20200000,0.000002264319000000,1780719248227460802,772.539,14,3430,3570,17,7000,7017,7789.539,fast,25255880,1780719227000,25255881,1,470537466,25255880,1780719227000,0,0,25255882,1780719251000,2,1,1430,
38,deposit,5.0,0x24626d1fa89f3175394c05ad5d99a72ce347763986c2a30a1267ffd76d7cec1f,0xa1b7c768e23484a007f5e76b57196077812131ea0e156923b2baadbfe23b3002,1780721265000,470545539,0x7c502ddd9c2ad26706d9bae8a3f4086a64481e93298227bc1ff2db814c740cd7,1780721273289,1780721273289,1780721277000,37073820,0xe51b295cbe44214f79a8714976bc0ea605f46ce297e8760deaf27c3d235fc370,1780721277058,1000,1000,PENDING,270572,270572,111753,20164000,0.000002253387492000,1780721264924453338,75.547,30,8289,3711,58,12000,12058,12133.547,slow,25256047,1780721243000,25256048,1,470545569,25256048,1780721255000,1,12000,25256049,1780721267000,2,1,6289,
39,deposit,5.0,0x2e450d21a078932370044fc51e1897b0d17f10e1056ab80a49e747d6d843eb41,0xc53442b450d8a495745881be38e7b65a74713f80bb37b51f4e8b15c14ca2cc6a,1780724815000,470559811,0x6847d9012efa485c7c81a0f36d6bed33b02782f4792764cd35bcbac19bdb49ed,1780724819314,1780724819314,1780724822000,37077425,0x194dfc8d2b07627437a65ddb84487bcc16fab29dd71d4aa20c2a29ee663e570e,1780724822081,1000,1000,SENT,236239,236239,112440,20070000,0.000002256670800000,1780724814790950907,209.049,14,4314,2686,81,7000,7081,7290.049,fast,25256343,1780724795000,25256344,1,470559825,25256343,1780724795000,0,0,25256345,1780724819000,2,1,314,
40,deposit,5.0,0x3c90295c58cdc81ac2fc390b1ad9cc805f2266bbeb02761db38ae334726a958b,0x764a1834b238c1dc13a8ba92e20ef8b28317633b15934472e4cd2d7baa885179,1780726230000,470565489,0x7f34c0b240bf59d82d2cd257f15a8d4cf154dab1f8bae031bb8cbd2bc5b02d07,1780726233267,1780726233267,1780726237000,37078863,0x4150d9b5a584027ca66bb12832ee99d6b6b323ff0bb2239d1da8745cfb2a6835,1780726237011,1000,1000,PENDING,236255,236255,111593,20058000,0.000002238332394000,1780726229941309489,58.691,9,3267,3733,11,7000,7011,7069.691,fast,25256461,1780726211000,25256462,1,470565498,25256462,1780726223000,1,12000,25256462,1780726223000,1,0,10267,
41,deposit,5.0,0x98774038bc755a6541d23308b833e07942f5fa782de9ced3dcb70f249cba5be0,0x8b14fdab8660619d233d5e19c4647e8fcb25098e381ae64a32b2b7a92d4ba08a,1780730448000,470582338,0xb7f828ea82f5fa07c3438eb22f80a0614afca46aa67198805f45010384fdb863,1780730451630,1780730451630,1780730454000,37083150,0x247a599d41a28696abb73d9071fc8c0b62f752a4cb70b12a4a6c1f6cf22bd156,1780730454059,1000,1000,PENDING,236618,236618,112342,20026000,0.000002249760892000,1780730448017626805,-17.627,10,3630,2370,59,6000,6059,6041.373,fast,25256812,1780730435000,25256813,1,470582348,25256812,1780730435000,0,0,25256813,1780730447000,1,0,4630,
42,deposit,5.0,0xe377dba426f6e8c2f396b971cf6ccd0c449c2b033ed50e106dfea04f9d573e53,0xdb5cd8f2afc4c56f86f22c9e64ae88183e77080b4a5b99ee0451ae01737d7e64,1780731651000,470587120,0xb03a1579aab6a5288e732b2e6d07d0a8a575dcc7d189d423d3ed608faa501a2a,1780731655043,1780731655043,1780731657000,37084373,0xa487b41aab6af6cc80699ce884aa88402386aacd8469f77d3281c5af6157621d,1780731657001,1000,1000,PENDING,247997,247997,112296,20000000,0.000002245920000000,1780731651041982608,-41.983,12,4043,1957,1,6000,6001,5959.017,fast,25256911,1780731635000,25256912,1,470587132,25256911,1780731635000,0,0,25256912,1780731647000,1,0,8043,
43,deposit,5.0,0x0d55822fd407fd5c9aed4bb86046ba2038ea040efac9211ce0b8c25cb1356366,0xeabeb22ac5ab0095b13fe2d40d133b30976244861f25be1f459792ce7caa2598,1780734055000,470596672,0x24e8e03ccad65c24a8d4357e38d0f167f526f092f1ee6927453bd07c5be4eb8b,1780734061978,1780734061000,1780734061000,37086818,0x6208e91019f72845940f391ef6a213899f1d86ca28555263841ad145a0cc1b6f,1780734061009,1000,1000,SENT,236536,236536,112339,20012000,0.000002248128068000,1780734054965444174,34.556,24,6000,0,9,6000,6009,6043.556,slow,25257111,1780734035000,25257112,1,470596696,25257111,1780734035000,0,0,25257113,1780734059000,2,1,2978,
44,deposit,5.0,0x4df366bd5d16d800ca60bd71ea9b17a7476756da69debd932bbcda150bbc9797,0xd84421567fb10b66ea18856401a0e46067852c87df884e091983c0503bac4b50,1780737236000,470609386,0x8b555f8de7b5c760461c0bda21a0bcd9612c1abd0d4f099c9f4880245bab0603,1780737238554,1780737238554,1780737241000,37089963,0x790f3c37fb4bb57930172f194f459892947c59afd23309670e1b437ca663dd19,1780737241069,1000,1000,SENT,283983,283983,112466,20012000,0.000002250669592000,1780737235074972325,925.028,8,2554,2446,69,5000,5069,5994.028,fast,25257376,1780737215000,25257377,1,470609394,25257376,1780737215000,0,0,25257377,1780737227000,1,0,11554,
45,deposit,5.0,0xb230dc50a5a6db64dc827a70f4f87484684d946e8dd1c9714d12fc2c4d44fb18,0xc44df05d2df8cc6c6891ba2f811921ea9dafcba589d489c18598a79d172861c9,1780739812000,470619635,0x73c13b6b164e19825ff7a631a5b186e5679c847fcf8bd168237a08fb3d8a904b,1780739814715,1780739814715,1780739818000,37092582,0xc21416f0153d40ed75471fcaebf0f328a5625d1ff323175b0cc7d477f8b129d1,1780739818040,1000,1000,SENT,236208,236208,112281,20000000,0.000002245620000000,1780739811654053880,345.946,9,2715,3285,40,6000,6040,6385.946,fast,25257590,1780739795000,25257591,1,470619644,25257590,1780739795000,0,0,25257591,1780739807000,1,0,7715,
46,deposit,5.0,0xf843536d0d87232df071fe81bf125516f861bd7812f6e07eadfa3ccba106b9ae,0x2da0f3ea250d1944c33920b3535fde6c5dfecb2c7412d76723a81fad62d35bd3,1780743191000,470633141,0xc1f7cf439219a3e8257c4e4ad82efe9ae8e4832bb5b7803ff24424cf707560eb,1780743194765,1780743194765,1780743198000,37096019,0x169ea33073851d7904443e82a2d375d2d0d181f17b8f734de17c0714d2121dd7,1780743198036,1000,1000,PENDING,236229,236229,113115,20002000,0.000002262526230000,1780743190581794053,418.206,12,3765,3235,36,7000,7036,7454.206,fast,25257869,1780743167000,25257871,2,470633153,25257869,1780743167000,0,0,25257871,1780743191000,2,0,3765,
47,deposit,5.0,0xb6e586b906098b71b5b73dd8629bdcfec7e03c44f333a35c961072a06cb5dcbd,0x0fa28d8d4a983a78872d8934675f7e750936bcbd20f2c3285d081cf3eb01fe11,1780747864000,470651801,0x132ad183fdb6f74973b93b357d55db072c2f9c07e2f19488b61738e53141dac7,1780747872672,1780747872672,1780747874000,37100773,0x78f0eacefe6c20c5c4efbe4894384710979dfdbd73c1d083e4b371395636c3eb,1780747874015,1000,1000,PENDING,253183,253183,112378,20024000,0.000002250257072000,1780747863695371785,304.628,32,8672,1328,15,10000,10015,10319.628,slow,25258258,1780747847000,25258259,1,470651833,25258259,1780747859000,1,12000,25258260,1780747871000,2,1,1672,
48,deposit,5.0,0x56c1d9b5beb2382596007b65e0f996827e5c88ebbf340ba9d1f02afa9c49bf14,0x87b409ca50742f1893fe9eb9984faa72b2751bfc306d654607c01f9bc93d6c71,1780750980000,470664230,0xade0fda2a92a92b0ca821fe79c10d4ea324af1d685a98e94debebcdac7281618,1780750982566,1780750982566,1780750986000,37103937,0xcf596fcd76d2bcc98bec7ecff88aa6b0766fe408cd6879fd29b87ddfe33dbbf3,1780750986008,1000,1000,PENDING,236240,236240,112507,20006000,0.000002250815042000,1780750979266991349,733.009,9,2566,3434,8,6000,6008,6741.009,fast,25258518,1780750967000,25258519,1,470664239,25258518,1780750967000,0,0,25258519,1780750979000,1,0,3566,
49,deposit,5.0,0x1fa11ad37876f6444320f3ce7941110220055dab158cbece6ea43a0214790884,0x5382d94155fdc8f52c6214da8648499d29c5d511191d7ebbcac4382a1ec1aa45,1780752180000,470669016,0x9abf16fd879d7ad608724a01935af00d2075851d432e2ff6ae03b88aada4dc17,1780752184381,1780752184381,1780752186000,37105157,0xf5486c84064f1e2efba8c2193afc2b2a18b1a8e63e499194948168820ee66ab5,1780752186024,1000,1000,PENDING,236267,236267,113120,20058000,0.000002268960960000,1780752179585262609,414.737,10,4381,1619,24,6000,6024,6438.737,fast,25258618,1780752167000,25258619,1,470669026,25258618,1780752167000,0,0,25258619,1780752179000,1,0,5381,
50,deposit,5.0,0x8524754213718e7474d55b2270403ab1e97fe1c65bbb7584b72900e9ac9b339e,0xf14d7ee18e4d6a4a6ba84678286d31cb53ec29235f27fce1951738f15bfc44b6,1780756806000,470687518,0xe387e3ff4beb4e2d91194c5ad8ac68fa831f6bc3b04db6bfcbca6f4bd5d7e267,1780756809097,1780756809097,1780756812000,37109860,0xc492556fbbdf497340b0bff6a98ffdf97a6b01b37d6c747fcd62d39a4ccbc7e4,1780756812002,1000,1000,SENT,236008,236008,112920,20002000,0.000002258625840000,1780756805979188314,20.812,8,3097,2903,2,6000,6002,6022.812,fast,25259003,1780756787000,25259004,1,470687526,25259004,1780756799000,1,12000,25259004,1780756799000,1,0,10097,
51,deposit,5.0,0xc161557623e66e9e17ff18c4df3a9fb15d648f5e23a60034a087db3702a53824,0x3ac5e39f6bc34c9edea9c9b01b39e2deb983f391f586d95ffc9d9fa897daf24b,1780758116000,470692765,0x225905ee322669eac979bcaddafe3caf3712beae5dbe4daff16064e67a5bdeac,1780758124122,1780758124122,1780758127000,37111197,0x57be07e384ba665cc71a761e898857749d37d82439624421fd9884cb4f6f42c0,1780758127009,1000,1000,SENT,261667,261667,112585,20052000,0.000002257554420000,1780758114412236891,1587.763,30,8122,2878,9,11000,11009,12596.763,slow,25259113,1780758107000,25259113,0,470692795,25259113,1780758107000,0,0,25259114,1780758119000,1,1,5122,
52,deposit,5.0,0xe1159a57b1722593127a00be19dfb6f910eab7b10ba9136fcde64461de7147ec,0xfb3b582fa4669a734246e944f3a16b76fa538c46d7356cd5eeb3d1817ed464a7,1780761043000,470704459,0xad59387bebc7c17b35a0f06c6242af9f293914e908c51affc2cbe91c44bea436,1780761050429,1780761050000,1780761050000,37114168,0x7ace34183faeeed63abf79d12b5e0a34992955fccd91e7fc51aff38f81008bbc,1780761050027,1000,1000,SENT,236815,236815,112825,20004000,0.000002256951300000,1780761042198909570,801.090,28,7000,0,27,7000,7027,7828.09,slow,25259355,1780761035000,25259355,0,470704487,25259355,1780761035000,0,0,25259356,1780761047000,1,1,3429,
53,deposit,5.0,0x98b75b66fdf3e5d449b4eef570ed55e344d8c34c54a523ba59f9e0e4f1d5beee,0x6c88823a1e9a70b89e2735d418982f1986097af15e37b4f11e9be2218137e3c9,1780765686000,470722989,0x2e2653bece31d23c7de5d122746a4f2ef912a0c7d3d416a1689c0786aad53cd2,1780765689788,1780765689788,1780765693000,37118889,0xd846b89fc3f964984f253aa84a792d82ced16290cb0a00ae0b3533446c7b6b61,1780765693009,1000,1000,PENDING,235720,235720,113003,20124000,0.000002274072372000,1780765684618904285,1381.096,12,3788,3212,9,7000,7009,8390.096,fast,25259740,1780765667000,25259741,1,470723001,25259740,1780765667000,0,0,25259741,1780765679000,1,0,10788,
54,deposit,5.0,0xbc9458c1acf1f55108e7d5dc171e984af12513a4690d7997938153e5e5970201,0x6acac8d31280b10dc61949be1e358ecb59119704c3b2a22dfa1b00e193da7c3e,1780767245000,470729210,0x51c4cd72a4355e92d5b4fb1e6f4deaf160108655b349216d8e5ce7fb42942851,1780767248227,1780767248227,1780767252000,37120474,0xaf2efac7cbf4bfa0f49039085a2ff25c60af49dd70f72ed76eb5ec55330c901a,1780767252001,1000,1000,SENT,235455,235455,112773,20000000,0.000002255460000000,1780767243999154124,1000.846,13,3227,3773,1,7000,7001,8001.846,fast,25259870,1780767227000,25259871,1,470729223,25259870,1780767227000,0,0,25259871,1780767239000,1,0,9227,
55,deposit,5.0,0xee7ed8a05437dbbbd9efffd8ba13e119ccb2136f9295495eda05be4bf9762e4f,0xd363aee7ffec6b2bbd4dae33a5f00710db39b8027bf60ee0fe69317a3399d62b,1780771463000,470745997,0xf1c7c2dce7c8ab59be7f7eb4f44ab93a27d601891f225ad6f08770f59214e3da,1780771471961,1780771470000,1780771470000,37124762,0xfd09065703437e949279c7dec8f9add96e047c63190f3a3354e5e3c4ef1d5866,1780771470003,1000,1000,SENT,235478,235478,112783,20120000,0.000002269193960000,1780771463193592851,-193.593,32,7000,0,3,7000,7003,6809.407,slow,25260221,1780771439000,25260223,2,470746029,25260222,1780771451000,1,12000,25260223,1780771463000,2,0,8961,
56,deposit,5.0,0x49c9781edb9906ab04ea9781c17f51c0c034f72c197d537bc5d99a8dc57fa605,0x103657414c84d4f2f9cd810cf22895e96148c23b3134cd64e799c8f0f37668f0,1780772662000,470750779,0xe69a2b86624ba199501178ebe8f3442287f1db4d410397d47731598d66ae7dd6,1780772666416,1780772666416,1780772670000,37125982,0xa30bd93d9da5d208ac3f2a5dd49f2732a5a5260154266065eacf0a5206f8f9b5,1780772670050,1000,1000,SENT,235206,235206,112728,20054000,0.000002260647312000,1780772661437305476,562.694,17,4416,3584,50,8000,8050,8612.694,fast,25260321,1780772639000,25260322,1,470750796,25260321,1780772639000,0,0,25260323,1780772663000,2,1,3416,
57,deposit,5.0,0xb2bf0244cd813dba6cec2fc93bdfcc7017906ac278faed5274e39019e550dd5c,0x4aafa2f01fd1e28348eb92acb22077cd9d35cd80bc0b17dd4b47227fbf3dd434,1780775910000,470763619,0xdefc592b9b2c41fe253788e34608fb5d3bc733238d888de78682b9ee83e65894,1780775917594,1780775917594,1780775921000,37129287,0x530bc5b8c50b6eb7b6b30e296300e7faa32b98690109cd890991c838c823f18b,1780775921043,1000,1000,SENT,234738,234738,112674,20000000,0.000002253480000000,1780775909653967148,346.033,29,7594,3406,43,11000,11043,11389.033,slow,25260593,1780775903000,25260593,0,470763648,25260593,1780775903000,0,0,25260594,1780775915000,1,1,2594,
58,deposit,5.0,0x3abc68b86f15afeaff1c781586dab587f1702b43860d5529a7c7a50fbaa314c0,0x4600d72fbaa17ea7755d5303a5115a26b4634654ce7401b321e7fc18d09b6e68,1780778434000,470773497,0xa7f22ec3c6178eee3149ffd5d14316c584dab877f7df8ab71a0f7697a79973c9,1780778438202,1780778438202,1780778441000,37131849,0x9c023fc3c03aa7efa7a857967e893ad8cfa43e3350d7e4d8e5393cfb1d6bfe6f,1780778441036,1000,1000,SENT,234990,234990,112460,20044000,0.000002254148240000,1780778432171388867,1828.611,15,4202,2798,36,7000,7036,8864.611,fast,25260803,1780778423000,25260803,0,470773512,25260803,1780778423000,0,0,25260804,1780778435000,1,1,3202,
59,deposit,5.0,0xe8ce41539898ca8065fcf4132b9400721f8cee66957e5e3943b6b99610ceaef9,0x073d705303d1a6747ba45ac15fb6ed3e2073c2c4999554d3200f709e7ee8a2cc,1780782235000,470788579,0x054c7cb340204cea035480cba34d2f66591880a0c2bed0bd4f928028729b871b,1780782242068,1780782242000,1780782242000,37135714,0x60881230746a0e3db11f169fcdf45cfcd9340633d4ab27f4a862c8825945a5d5,1780782242032,1000,1000,SENT,235870,235870,112431,20000000,0.000002248620000000,1780782234357983939,642.016,28,7000,0,32,7000,7032,7674.016,slow,25261118,1780782215000,25261119,1,470788607,25261119,1780782227000,1,12000,25261120,1780782239000,2,1,3068,
60,deposit,5.0,0x03be8b431f63b46be1edf1a97be4f3f51e36b12ff8c363b203abbde0f13ca99a,0xc4da8f0abc3c8f346050c4d32d92bbbe0bd4dd6290483ccd548531d33f23aa11,1780783435000,470793317,0x44ffe958885428ed30d100d594c001fbe71c57990e60addac881378993c2a942,1780783437905,1780783437905,1780783443000,37136935,0x3e63949f9529a1743c0b889e720ffc5470c58682059cd1cb86733afa8c0448a7,1780783443013,1000,1000,SENT,268468,268468,112215,20000000,0.000002244300000000,1780783433599991231,1400.009,12,2905,5095,13,8000,8013,9413.009,fast,25261218,1780783415000,25261219,1,470793329,25261218,1780783415000,0,0,25261219,1780783427000,1,0,10905,
61,deposit,5.0,0x08e22542d7523d3ee428d66b11c83546ad0af6d2888da050380d9b336c57b197,0x473856338ee2907e3c42a6f369557638a8b10995e739058e1cf3bf4c0666a7a9,1780787509000,470809233,0x1569fdb4fbc57d97a1f5c48fdf710c400d6ce82afbed345889a6d24c54a1091a,1780787517890,1780787517890,1780787521000,37141081,0x9133fc2090ea6535f9bb6047abb51cad4771f61a290359efd565640b7221dc52,1780787521010,1000,1000,SENT,235164,235164,112025,20096000,0.000002251254400000,1780787509166668203,-166.668,32,8890,3110,10,12000,12010,11843.332,slow,25261558,1780787495000,25261559,1,470809265,25261558,1780787495000,0,0,25261559,1780787507000,1,0,10890,
62,deposit,5.0,0x0232bc566362e85b6247505293425b746a73751e4564089fcf639e1ae1597f1a,0x5d3e5aaa4832eefa1d6bf04cb0b9746d391777c0bdd4d4fc445978c374a2e23c,1780790577000,470821278,0x2e9c5fd7d5050b3b7339a8dfa2cc637baa4e3b82d663700f1012e5313f8998d7,1780790585157,1780790583000,1780790583000,37144194,0xde7b60446a72c4e5285b560e53049b9fdfb23a5d94e4cafe3f2d4f53be91c370,1780790583062,1000,1000,PENDING,238629,238629,111977,20000000,0.000002239540000000,1780790575979286356,1020.714,35,6000,0,62,6000,6062,7082.714,slow,25261812,1780790555000,25261813,1,470821313,25261813,1780790567000,1,12000,25261814,1780790579000,2,1,6157,
63,deposit,5.0,0xd0c63fb4058c6076a4b21327b19059f2a9e04403051815988adef71af6834f9f,0x546e6906f6a7de8e1a675eea140a86eda3954bfd481678aed2f51d6db789569e,1780794127000,470835301,0x55eac9a74e8eeec881ebdd9f216c837709b1886a394a9d3c6821babb26c0eb3b,1780794130588,1780794130588,1780794134000,37147804,0xacc9fc2ffa3a0fdf7df89660562561931b9fb553a0d8194cf5f3e56834def20a,1780794134065,1000,1000,PENDING,235310,235310,112013,20036000,0.000002244292468000,1780794126380266915,619.733,13,3588,3412,65,7000,7065,7684.733,fast,25262103,1780794107000,25262104,1,470835314,25262103,1780794107000,0,0,25262104,1780794119000,1,0,11588,
64,deposit,5.0,0x879583eb7be0c4311f02e5a09f2e9fd92ebb15c9b69b31d5991ab0f86f6d88b6,0x377ddcbbf658319bbc60f7b5be936b7ad3f083d0e75e800b1608230225bd4523,1780797975000,470850672,0x20359fa4b3b93b8bddbe476f63e35cc9adcc304fbeeb3a8d0832d0c8ee8d271c,1780797978797,1780797978797,1780797982000,37151716,0x8ed75b7433f2a3aaf6834522f57338932a2c09a97e00748843a50d6b78609560,1780797982033,1000,1000,PENDING,235675,235675,112108,20000000,0.000002242160000000,1780797974467252580,532.748,14,3797,3203,33,7000,7033,7565.748,fast,25262423,1780797947000,25262425,2,470850686,25262425,1780797971000,2,24000,25262425,1780797971000,2,0,7797,
65,deposit,5.0,0x27f005e3c7a02bad06d1f219724ce9481fad37d3c94c4a8bf75714c34f0f6b1e,0xda464810cfa5973f2de74f80ad5ec7792e105fdd1377aec48b8ce5c8a3f85f86,1780800962000,470862610,0xf3ddce6749489818959dbee7313a94018e4bbc9d7ffc082e71e5a6af149847fe,1780800965960,1780800965960,1780800968000,37154752,0xf2ef3d88d3db130bc75b5a101e47725a0f29dd862566bc11897c31cfe91e5689,1780800968008,1000,1000,PENDING,235670,235670,112033,20062000,0.000002247606046000,1780800961465625893,534.374,15,3960,2040,8,6000,6008,6542.374,fast,25262669,1780800935000,25262671,2,470862625,25262670,1780800947000,1,12000,25262671,1780800959000,2,0,6960,
66,deposit,5.0,0x4d3d19f55b8dd9f05f4ec86e52789c8fb950871e70551247f1ae4a44a514c30c,0x2975468728192a04bb7b4cc4663838768ead9d7761c497a4725e6883dff5f6b3,1780802791000,470869856,0x9df6be12c631d72ad5c291d667690efc6a105c41fdbcb93a1aca86f4c6fac68c,1780802794558,1780802794558,1780802797000,37156611,0x74884a09d7f67d993a1d4fbfeacc31c3adddc764e4958e70bcc51f530284daef,1780802797021,1000,1000,PENDING,235739,235739,111920,20000000,0.000002238400000000,1780802790610499760,389.500,11,3558,2442,21,6000,6021,6410.5,fast,25262822,1780802771000,25262823,1,470869867,25262823,1780802783000,1,12000,25262823,1780802783000,1,0,11558,
67,deposit,5.0,0x8fd5b8ed8edd7de4e146ce033f90e88f57bc4a3500f532b0fca27c3e23cd8f0d,0xf6f039749d3d9e2aed6c4c55c0d96916a33271bb8d5e0ae8b3873bd90c231ded,1780805059000,470878807,0x10ad8205906de073867ce2d26226fb8a470a203f0a7f87c28b2251af6888b647,1780805062710,1780805062710,1780805065000,37158917,0xeaea437942f76449f716efafdee0f77fced46fe04f3186891fb31ea502d447c4,1780805065045,1000,1000,PENDING,235586,235586,112006,20032000,0.000002243704192000,1780805059449399549,-449.400,9,3710,2290,45,6000,6045,5595.6,fast,25263011,1780805051000,25263011,0,470878816,25263011,1780805051000,0,0,25263011,1780805051000,0,0,11710,
68,deposit,5.0,0x33c6d4aeae5c207b2ca5433144d6370247a44fcb8425e9504ef82a7bbf9c84b5,0xdf4d4b3ba86d18823a129bc97ee8d849329dbd7d3ff6ddfe89b0980905bb290f,1780807946000,470890218,0xc375a0423f9db17fcac7bbf28bad1a7f93264e2047e267e32d13f32131321b45,1780807952413,1780807952413,1780807957000,37161857,0xfe3e2b9458803849dfba466240a84d7e1cbda653325d342a4495905915d2cd08,1780807957039,1000,1000,PENDING,240941,240941,112040,20000000,0.000002240800000000,1780807944596099202,1403.901,27,6413,4587,39,11000,11039,12442.901,slow,25263251,1780807931000,25263252,1,470890245,25263251,1780807931000,0,0,25263252,1780807943000,1,0,9413,
69,deposit,5.0,0x76e192d1a350baa855ba57af93693f2df2be0fd6bf5f105c1994d37f8084cd90,0xe48e7b51203ab4728b2ff4d01bbaf37770eccc69b4d765776fd30f8ff6128eee,1780811583000,470904636,0xd506cf6f4fe8a9bbdc597609b71ec8e6b83d128106f8a92585541a5fd67e68cd,1780811587392,1780811587392,1780811590000,37165551,0xd15b21611e7a0a763721b845adf81890619e0b1d241be5fdf8c5b140a3502a84,1780811590065,1000,1000,SENT,236394,236394,112202,20140000,0.000002259748280000,1780811583082309472,-82.309,12,4392,2608,65,7000,7065,6982.691,fast,25263549,1780811555000,25263551,2,470904648,25263551,1780811579000,2,24000,25263551,1780811579000,2,0,8392,
70,deposit,5.0,0x26555719fc7d1baa229039dadf76f8ebb5e541942f226181bf6238c87598939e,0x55bd2c4feca90e455c766d7d1f0a40c1b862b5bb607a0a891844badd1b8de0fa,1780812879000,470909752,0x1a2ca07ab2352a65b27c69c8961652718d2bd0ab6aa4a9e54a11b14aee9f579b,1780812882581,1780812882581,1780812886000,37166868,0x5334a3a7820f8caf1f07a59a088348e7b566b807d7582c6c5ee5f61eda7ffaf7,1780812886059,1000,1000,PENDING,236361,236361,112235,20032000,0.000002248291520000,1780812878533630796,466.369,12,3581,3419,59,7000,7059,7525.369,fast,25263658,1780812863000,25263659,1,470909764,25263658,1780812863000,0,0,25263659,1780812875000,1,0,7581,
71,deposit,5.0,0xabe1e605873f47e40df69d909e282a2ea72c8aa6c1a47aa3b7a7770b9fce6a22,0xf9431ae46c0c982cd3692840b884a07c3ece85ca6f89549585ffc17eab146189,1780816210000,470923067,0x6e46bd5b4c82eb4c9394b0060cad3769841f8e7b211929e43a0b579c1419bdac,1780816213502,1780816213502,1780816217000,37170255,0x500f3181a021d48095b3e20adbb95c9d2d362ffd0e76ea347d5a4f81adf6ac07,1780816217007,1000,1000,PENDING,236382,236382,112026,20032000,0.000002244104832000,1780816209811217159,188.783,11,3502,3498,7,7000,7007,7195.783,fast,25263935,1780816199000,25263935,0,470923078,25263935,1780816199000,0,0,25263936,1780816211000,1,1,2502,
72,deposit,5.0,0x7794c6dbac8ebbe34d129c2abf6162505768fc20f133d492a27a7829d69a302b,0x87c295a610581c63c553d6fedec1543db1091ea0b9a8714e2a07f93d5b502d96,1780819453000,470935964,0x3a9f4b84a7f8405f924eb6baa6ea27983200edfc711e8061a1d4bc329a093151,1780819462253,1780819462253,1780819465000,37173557,0xe8aa49f77fb2fe01fc8d443b2ad3da4ccbfd617214fcb0313178f3c463d53d92,1780819465015,1000,1000,PENDING,236526,236526,112186,20214000,0.000002267727804000,1780819451102259974,1897.740,31,9253,2747,15,12000,12015,13912.74,slow,25264205,1780819439000,25264206,1,470935995,25264206,1780819451000,1,12000,25264206,1780819451000,1,0,11253,
73,deposit,5.0,0x6543564ba7bb793d118735e71b8c54e4042318dd4431ed59c665a93b277e302c,0xbc3096ca16deff007b81240ab933f58cd155836289dcee9c787d7500fd35c0f1,1780821410000,470943757,0xdb192819048b3ed9aa561b94a942dd9c5aa1d2404684388c2ebc1dc1bc79bd67,1780821418970,1780821418970,1780821421000,37175546,0x68032ce6e21a92984f9d30c70c1992e648e4e31ddbc379c35a245b628d70ba5c,1780821421021,1000,1000,SENT,300761,300761,112365,20014000,0.000002248873110000,1780821409341762407,658.238,36,8970,2030,21,11000,11021,11679.238,slow,25264365,1780821383000,25264367,2,470943793,25264367,1780821407000,2,24000,25264367,1780821407000,2,0,11970,
74,deposit,5.0,0x4d374a9d923b3113eb87f82605b70d574b92f2505225eb7a938aee3d9231db9e,0xc52885b68dbec162db3b4da1dbb97d30b0f6ed988505648cdc4a6eb287eedd8b,1780823920000,470953790,0x8e450fb4ecd593df7401e1ff57c38292543e7e0a029e69e47734d8f2a8240ef8,1780823927981,1780823927981,1780823931000,37178097,0xdc1526eef4f259499cea8e633dbf1e5a2b3060c2d7b3de108f79cc1456e1066b,1780823931056,1000,1000,SENT,236778,236778,112935,20000000,0.000002258700000000,1780823917509834855,2490.165,29,7981,3019,56,11000,11056,13546.165,slow,25264571,1780823903000,25264572,1,470953819,25264571,1780823903000,0,0,25264573,1780823927000,2,1,981,
75,deposit,5.0,0xf59faaf5cacfadcb1b7ab195c115ce27e2d74c311702f94388284cfadb2035a6,0xcd2155689394551dcbecd7c6417abe0699dabc79e463bd9283b3980e5539745b,1780827417000,470967722,0x8d8055fa74c1fe4dfc0c58e22c2c4be7155879fe772cf099f173168d6da13850,1780827417181,1780827417181,1780827424000,37181649,0x36c64f187ca2972d19d5b3a82e6577bf866544653e66e79358359d0fd2b8fcf7,1780827424007,1000,1000,PENDING,236152,236152,112302,20000000,0.000002246040000000,1780827413322433492,3677.566,12,181,6819,7,7000,7007,10684.566,fast,25264860,1780827395000,25264861,1,470967734,25264860,1780827395000,0,0,25264861,1780827407000,1,0,10181,
76,deposit,5.0,0x1a563b73ee1c6d953dae10e3df90609cd98c1860247e5a744e1a13a9b6af90f5,0x0483161fb64b115e9fc467c438c1a26ae5c219484aba83d2939e68dd8032ec97,1780831568000,470984156,0xf53c52dd01d8e2071eaa3451194119d22dd909187caa033cff4a3b1e6b70644a,1780831573967,1780831573967,1780831576000,37185870,0xafc39e978ed29f4ec1aa55e9b6b3f3246804afe860d002bb829cdb64058616bc,1780831576011,1000,1000,PENDING,236095,236095,111945,20020000,0.000002241138900000,1780831567292361799,707.638,17,5967,2033,11,8000,8011,8718.638,fast,25265206,1780831559000,25265206,0,470984173,25265206,1780831559000,0,0,25265207,1780831571000,1,1,2967,
77,deposit,5.0,0xd023e957f85975e90d537f2711f521a8c23f02c55ed9f13e63018761dbd1e4af,0xafd6b2ee6627bb4ac216803fdb26416808e4a8b8295ae44534a89c21dccf04f5,1780833395000,470991435,0x7a6caafa704286602d5a2a50c2ddc2133036fe9663ed8a8f4e657ce3f04f3216,1780833398043,1780833398043,1780833402000,37187726,0xa7e45109f717659a7992bf655110155dffde362594caa85780a85a318d5a8fc7,1780833402041,1000,1000,SENT,236304,236304,111971,20000000,0.000002239420000000,1780833393390021487,1609.979,15,3043,3957,41,7000,7041,8650.979,fast,25265357,1780833371000,25265359,2,470991450,25265359,1780833395000,2,24000,25265359,1780833395000,2,0,3043,
78,deposit,5.0,0xf209a5f10a6b298b5131add1c5991465d0cbef8ca841ac7a3480c70a11078e93,0xa4379c7b7b150890edb76b753c7fd30313a0591c4556173d42b64f5e3dfd97ee,1780835220000,470998730,0x9d6b8c399c5cb518dc2bf46ffbaaec2d6df4e7bac0d08ed3254c189253221466,1780835230186,1780835230186,1780835231000,37189586,0xdb80d493791f1bc25e352f0edf5f349e3ea727f33adeb977d3d03b0861a216e7,1780835231045,1000,1000,SENT,235784,235784,112988,20000000,0.000002259760000000,1780835218484883127,1515.117,33,10186,814,45,11000,11045,12560.117,slow,25265510,1780835207000,25265511,1,470998763,25265511,1780835219000,1,12000,25265511,1780835219000,1,0,11186,
79,deposit,5.0,0x2dda8ab6b233981d74e4d22ea364b922bed84895928749b48123e860c5b01772,0xae926412d1e28f2008790000da3ed14f3a3f31fc166d7f21a60f1de4eb929a12,1780840596000,471020140,0x5f5b161007c40209bfdbed0787dced9d683262cab65bd788858a8fe42ff29736,1780840606531,1780840606000,1780840606000,37195050,0xc6ef05950249db1db6be48448458099ae1da07de283c4915996514eb5064841c,1780840606036,1000,1000,SENT,235595,235595,111595,20032000,0.000002235471040000,1780840594518701646,1481.298,44,10000,0,36,10000,10036,11517.298,slow,25265956,1780840571000,25265958,2,471020184,25265958,1780840595000,2,24000,25265958,1780840595000,2,0,11531,
80,deposit,5.0,0x535b305a106c78db1bc3c28d00b63432c0db939d9bf9b52cff9ef593029ea3de,0x77ee8cd3554b9d45803a79381e97fc3b35e8919019407094966a5c11e0af8d35,1780842857000,471029082,0x241d1b9597dc841e44f84db95a469c7bda6ba52990bc7ae8d054ac9fd8c59532,1780842865341,1780842865341,1780842869000,37197351,0x2f5a1417fd034904397fc42f3378add7d24ed9c6dd9cfab9ae95e1abfd446427,1780842869013,1000,1000,SENT,237299,237299,112382,20114000,0.000002260451548000,1780842856776515303,223.485,33,8341,3659,13,12000,12013,12236.485,slow,25266144,1780842839000,25266145,1,471029115,25266145,1780842851000,1,12000,25266146,1780842863000,2,1,2341,
81,deposit,5.0,0x21cc7f5a3fbd8b57065b4d2c757015bd30e6177fdb7fc546bf89c0f9f4cc6529,0x7171def03cc8f1323073d647d0a4492b1f1c0e30e2e49b39756962506fe308ce,1780845258000,471038662,0xedd5dacd21e0635e92f0e9cb7c3fd45d60f8fa6f6bd909454d16222f474d8428,1780845260196,1780845260196,1780845264000,37199786,0x8945d6226774c57d56b8ae4931a52ee23bf673c0d7fcda78c9b4e4ba11ff5d99,1780845264001,1000,1000,PENDING,236040,236040,112595,20054000,0.000002257980130000,1780845256940382812,1059.617,9,2196,3804,1,6000,6001,7060.617,fast,25266343,1780845239000,25266344,1,471038671,25266343,1780845239000,0,0,25266344,1780845251000,1,0,9196,
82,deposit,5.0,0x485183628db9c1c905a310d517e12e775b168867013d7c0ae4ddb52be0948595,0x9ca23b0c5d4ff3498244bc2f7c7defa1a744dc519d8e3b04fcb34b5b40878f57,1780848945000,471053365,0x9c05e33b48a440da1e3d30e9e6c7deff9b1643a7d96239fabf5e06e1a4fcf7ea,1780848947898,1780848947898,1780848952000,37203535,0x32c8cbff295834e133af7b145bb660684fb87cb3ab5a4529b89262b2db318544,1780848952029,1000,1000,SENT,235996,235996,112888,20084000,0.000002267242592000,1780848943551019601,1448.980,16,2898,4102,29,7000,7029,8477.98,fast,25266648,1780848935000,25266648,0,471053381,25266648,1780848935000,0,0,25266649,1780848947000,1,1,898,
83,deposit,5.0,0x848d362e5c841b4c3789eaa91a8aad1a05e8101a3af60b2b497ca65014d5f767,0x1d99ff5b371fc8f43c3f4069f5c64700fbb64d5a4d919657ded03b8236c4eab2,1780851304000,471062728,0x600eb5c69b7d5e0f8742a40597ec6dc6a58f274ab707606fdf05126b73dc28a3,1780851307623,1780851307623,1780851310000,37205933,0x1b2f2b9559f6f95c737c30f24b8c3583d592607cc589429c8586aee96ab9d5bb,1780851310034,1000,1000,SENT,235923,235923,113173,20066000,0.000002270929418000,1780851303339449953,660.550,14,3623,2377,34,6000,6034,6694.55,fast,25266844,1780851287000,25266845,1,471062742,25266844,1780851287000,0,0,25266845,1780851299000,1,0,8623,
84,deposit,5.0,0xf39c35960a54a0c053c35bc1a87b2d0de83010f0f3b41c1fc45cf6e8539a8b35,0x3bb22186890d890c3e8ccb191391513a1ec9d4b0e53d5a8ed99291024baa09cb,1780852654000,471068107,0xeb7d67e38748d0d5ce0c6778ecadbb3a1b6c6b278c22d3790afdac949c42d57a,1780852666489,1780852664000,1780852664000,37207309,0x115020b17d97e1c5a2b880596426aeb4ce62e1213c138adf91879ccf85e83f39,1780852664080,1000,1000,PENDING,238511,238511,112368,20000000,0.000002247360000000,1780852651618683353,2381.317,48,10000,0,80,10000,10080,12461.317,tail,25266957,1780852643000,25266957,0,471068155,25266958,1780852655000,1,12000,25266958,1780852655000,1,1,11489,
85,deposit,5.0,0x721e27e80cbf424688e9c9fe3df4fa48980b77837e3ed340df6f824d1450e57c,0x4afabde8de85a1b595d81a231d36a31cd4efe6b2d9fcdac6a2ba32f9419bffb0,1780856169000,471082098,0x0078d99578cbd6a14cf80cca53e6101bc25745b1fa6ee216fe739a32dd87c358,1780856171647,1780856171647,1780856176000,37210880,0x7ff41e9940aec94621da1abf8149aad7049329212f48ca05b932c13c88a43f06,1780856176048,1000,1000,PENDING,236320,236320,113030,20000000,0.000002260600000000,1780856167266886257,1733.114,15,2647,4353,48,7000,7048,8781.114,fast,25267247,1780856147000,25267248,1,471082113,25267248,1780856159000,1,12000,25267249,1780856171000,2,1,647,
86,deposit,5.0,0x96aeb230198485fef0795c0b8ad7d337c427ad11eb04614e6c78461961e302f0,0x61c83eceea34eb90f85a7677bba5e90984c25d2b0fb108f1a8037fb28a1ac838,1780858376000,471090901,0x700bfe5bcd9707b765a6db46a8935a2536bbdf1b098b9f745d02896a46745367,1780858379254,1780858379254,1780858381000,37213122,0xb5f8e73f35793121d717e50d7a7c2db3f86526a85a022242f8f7f203b25d08cd,1780858381032,1000,1000,SENT,236068,236068,112838,20244000,0.000002284292472000,1780858373068395554,2931.604,9,3254,1746,32,5000,5032,7963.604,fast,25267429,1780858355000,25267430,1,471090910,25267430,1780858367000,1,12000,25267431,1780858379000,2,1,254,
87,deposit,5.0,0xe26e2ad34df8dd03e454b87abe39b3cd55f1285f1aecd32e5999d6cc44e6efdb,0x03cc483c290db322bebe8321545c008973971e759e820e950453a8e87eece677,1780861647000,471103943,0xabc9734747452ffa5cd2c91aaed8617b86f62b61af95222539d8b71c71665052,1780861649400,1780861649400,1780861654000,37216449,0x8c5131402d51e29518c589a13055322c84bc7682d7508364d4eae1f364d26950,1780861654020,1000,1000,PENDING,258705,258705,112861,20002000,0.000002257445722000,1780861645221325194,1778.675,12,2400,4600,20,7000,7020,8798.675,fast,25267701,1780861631000,25267702,1,471103955,25267702,1780861643000,1,12000,25267702,1780861643000,1,0,6400,
88,deposit,5.0,0x6b6d33912d24b7a19304f87d616fa60002881b121a59c039deb0ea10d94d2355,0xb449de28d0a8467adde5e1e72469c4b959f822ab39d6eb8ba5b24a5e306308bc,1780864156000,471113951,0x2d5f7c231b22827074ec9f5a6698bd08f1fc6847f630adde5d7aca975e5b5260,1780864157787,1780864157787,1780864162000,37218999,0xfdda779bfa89f24e8657106f5fa9b7feaaec9e4f28d05293e008d91f46624e62,1780864162001,1000,1000,SENT,236456,236456,112617,21216000,0.000002389282272000,1780864154182758271,1817.242,12,1787,4213,1,6000,6001,7818.242,fast,25267911,1780864151000,25267911,0,471113963,25267911,1780864151000,0,0,25267911,1780864151000,0,0,6787,
89,deposit,5.0,0x5b7968a2a7ea54de2229bd29478fc2c9deaf4dd00668a732e943c9558cadbb6a,0x1326e1189937f82013a3862be2144849c0c58d1f689d3a626c5f7df92015cc96,1780868359000,471130660,0xbf9a6b4d28f87ce103044f02d930fa4d3a8b34b892b68571ccc109f39d5493dc,1780868363445,1780868363445,1780868365000,37223272,0xfe368066cbfb4cb8b34fa812145e55e318381367d0eb56710dfd9d057468cd28,1780868365019,1000,1000,PENDING,235858,235858,112529,20000000,0.000002250580000000,1780868358935719804,64.280,13,4445,1555,19,6000,6019,6083.28,fast,25268258,1780868339000,25268259,1,471130673,25268258,1780868339000,0,0,25268260,1780868363000,2,1,445,
90,deposit,5.0,0x54f3426f3804043c792998364bd3ff46b85da39af2b1528c4c0633cc1d52acd1,0x3ca9a07c74f2e72bdbea3ec171662b810ce3058bd58088a1e05201f56e960920,1780870204000,471137932,0x49625ff8dba3994328f961e57aeb8319d8851dd2f184320f68bd4d69c9201325,1780870208357,1780870208357,1780870211000,37225149,0x7c7d3ddf2c0cc76c152da4a72bb9784543588abcefe82701a6014f72dacc4da0,1780870211048,1000,1000,SENT,235980,235980,112362,20122000,0.000002260948164000,1780870203666938355,333.062,13,4357,2643,48,7000,7048,7381.062,fast,25268412,1780870187000,25268413,1,471137945,25268412,1780870187000,0,0,25268413,1780870199000,1,0,9357,
91,deposit,5.0,0x2f1f9f5d5adda9d2fb4d13b11a5fa940aa34ab6881234aa63e46baf5338e18c2,0xdf0492cdb93dee0a34b2846d9edacf1556e6fa6b9b1ee25417240253abbf173f,1780872987000,471149093,0x37248935abcacedef35c6a101f470749fbe18d17becf62754c08eee81b21caf5,1780872991164,1780872991164,1780872994000,37227978,0xe7ec5486fd6b504a6ca62e65918986261c46827ccaf980a899e30bb45c5b3f7b,1780872994030,1000,1000,PENDING,314824,314824,112898,20000000,0.000002257960000000,1780872986887538312,112.462,12,4164,2836,30,7000,7030,7142.462,fast,25268644,1780872971000,25268645,1,471149105,25268644,1780872971000,0,0,25268645,1780872983000,1,0,8164,
92,deposit,5.0,0x5164a4cf21cc5f3f85e1dee929837fe7209b3a16df166401ed9f8c97b5dc620d,0x2534ef778fcbb3a036683423d63af7d2cc6848f8fd24e46c07161be60050889b,1780875673000,471159764,0xe44b33caf889df593521b889b692f08421129e250576c9da695b49fede351682,1780875677546,1780875677546,1780875680000,37230709,0xe24e877466b2d060c13973f6660968bff1ac33fff14b507e4794f4c98a8eabf2,1780875680017,1000,1000,SENT,236549,236549,112066,20000000,0.000002241320000000,1780875672842427389,157.573,13,4546,2454,17,7000,7017,7174.573,fast,25268867,1780875647000,25268869,2,471159777,25268867,1780875647000,0,0,25268869,1780875671000,2,0,6546,
93,deposit,5.0,0x3c503f5c3c06013f715a17c76402ff1e75b908cf72df86d13000afe691c0e718,0x237e27dea6b06756a9afb573f991f4dbb5dc230a2ba4169f0e0ce45cc3a6e5f8,1780881162000,471181647,0x2f1bc7bfc75588c3499abe10a775261a70405ba5d04a8a78287bd311a7be8b58,1780881170910,1780881170910,1780881172000,37236292,0x10406ab7c384251aac69b317e5fb2c9b28634c57a3b84d7e0fdec9e91391ad3d,1780881172002,1000,1000,PENDING,240966,240966,112381,20036000,0.000002251665716000,1780881162572604791,-572.605,30,8910,1090,2,10000,10002,9429.395,slow,25269324,1780881143000,25269325,1,471181677,25269325,1780881155000,1,12000,25269326,1780881167000,2,1,3910,
94,deposit,5.0,0x431a6be8944c9b2d28a3f8f96d8ae0c918d0f80b11dfcffb8d4c306b6c84838a,0xfdca79c661ad3066962a4c4fbb13e52a3d622fec6a958c1660d2e01ce72e37cd,1780883320000,471190220,0x1496d313ce14762ee07d036862921fc2f702cfb6d9d430e4be787b27fc8d649c,1780883323912,1780883323912,1780883326000,37238482,0xd8dd71fc280eb1da1312e442db1cfa51148a6e491ed3c36aafd19e16ae12fcb1,1780883326063,1000,1000,PENDING,236651,236651,112699,20000000,0.000002253980000000,1780883319976563372,23.437,11,3912,2088,63,6000,6063,6086.437,fast,25269504,1780883303000,25269505,1,471190231,25269504,1780883303000,0,0,25269505,1780883315000,1,0,8912,
95,deposit,5.0,0xf002ec52ec4e336a541621bd5bd22373c32ac609a4e571d80b77a4f30d1ceafb,0xfeeb5054153c5b3339dc8536b96ada99e53db8f2c6fdbf8b1c0882a87a94666c,1780885053000,471197085,0x0ee1ae84bec5b325f7e6c86f7ae5a7495c03b99380a61200b8e713221d987752,1780885057498,1780885057498,1780885060000,37240245,0x2a7daabf5417e9fbd49c19fe76420c991c11caea6aeab7feba62ca11c4e410bc,1780885060022,1000,1000,SENT,236824,236824,112350,20032000,0.000002250595200000,1780885052796243145,203.757,15,4498,2502,22,7000,7022,7225.757,fast,25269648,1780885031000,25269649,1,471197100,25269649,1780885043000,1,12000,25269650,1780885055000,2,1,2498,
96,deposit,5.0,0x94686cbde6fcc18b58ee6e4d64531f537cdcff9af59f247d9da0d0b044041bf4,0x5648b2ffb691c7fe72a8c0bb1f33a9396a297ad1460186c02234bf042b7c27ea,1780889501000,471214593,0xd1764a043441e2d27510ec1f8f3955388c01e8933529ff1487044524361038b9,1780889505579,1780889505579,1780889508000,37244767,0x7939147db08b40a4283d6e24feba6e975fe0427b2e536d195b50cd5fb948d843,1780889508065,1000,1000,SENT,237200,237200,112620,20164000,0.000002270869680000,1780889501297726408,-297.727,14,4579,2421,65,7000,7065,6767.273,fast,25270019,1780889483000,25270020,1,471214607,25270019,1780889483000,0,0,25270020,1780889495000,1,0,10579,
97,deposit,5.0,0x3c9e3c9cfbd305f48598864450905f5c62f7fd356209663f27397f8698205244,0xddfa46bd08823a013a551c1f6e91076eee71eb0ccc8385eaa9e6980a6310e0f1,1780892948000,471228189,0xdf2c1d61cca986c162c9261367c12b9fe61313e22ab325d637089080e270394a,1780892951696,1780892951696,1780892954000,37248271,0x4a724d641781862304e4a254b9f7b049a5b5b8e9192917ccefac032ca2fd09e7,1780892954013,1000,1000,PENDING,236928,236928,112774,20002000,0.000002255705548000,1780892948169629382,-169.629,9,3696,2304,13,6000,6013,5843.371,fast,25270306,1780892939000,25270306,0,471228198,25270306,1780892939000,0,0,25270307,1780892951000,1,1,696,
98,deposit,5.0,0x2211e7886cde9bb10d4ff56d0526c51eaf97bbf2dcf24c716adfd19c82dc169c,0x8e6751ee71ae234e352e66d6ac7f0f5e2a268cf644cc01660af0bb545be7b60a,1780894188000,471233074,0x2bc0af24c7ac9fac5e6e7e6463f86de1ac35baa2d308682afcc9910c6bac9fe7,1780894191180,1780894191180,1780894194000,37249531,0xbc7142b31e5d5f1124adb978d2e9a0392f340f929eb41d8362b0e14a6a377b0b,1780894194040,1000,1000,PENDING,240716,240716,112564,20098000,0.000002262311272000,1780894187711884850,288.115,9,3180,2820,40,6000,6040,6328.115,fast,25270408,1780894163000,25270410,2,471233083,25270408,1780894163000,0,0,25270410,1780894187000,2,0,4180,
99,deposit,5.0,0xa4d877591cefe127b5a886be6aa6e9223033f081aa0e64b611f44419fb0409fa,0xe4b0f83385aff14615dd0843e0278689456895dbbd5d0d11265be1796c9a3347,1780896193000,471240989,0x34f9b13eedca501ae3232a27b16ff53261c49748c50a302325d0079fcc70c4a7,1780896197196,1780896197196,1780896200000,37251571,0x8d0f0a88e436e6aebe17d26c24caad7c675a5fa0029264356fc60433c49481a6,1780896200031,1000,1000,SENT,237121,237121,112050,20024000,0.000002243689200000,1780896193382701972,-382.702,10,4196,2804,31,7000,7031,6648.298,fast,25270576,1780896179000,25270577,1,471240999,25270576,1780896179000,0,0,25270577,1780896191000,1,0,6196,
100,deposit,5.0,0xf9634e6839b7ebc0b2e5e8d8d96cfd0a9a704c155b9ad09024d5622df0ac5172,0xd00ce7dc72086dc3a0c3de1fecc8bdc74f68dacea252c231abad31c17ea9a2b2,1780899220000,471253014,0x8fd8403efd193faeb0ce70d518d5ab3eafee087852b7a6f39452eef1ecc4e7bd,1780899223676,1780899223676,1780899227000,37254648,0x8cc9772e4d41bb1bbea0aebd1e9561ce96a4e0ec536c89706a0ffbbff11c076b,1780899227048,1000,1000,PENDING,240533,240533,112003,20032000,0.000002243644096000,1780899219443929128,556.071,11,3676,3324,48,7000,7048,7604.071,fast,25270827,1780899203000,25270828,1,471253025,25270827,1780899203000,0,0,25270828,1780899215000,1,0,8676,
101,deposit,5.0,0x991cef348b8b101710cc454cf43d5ede7770abbfded9868765c92f9aa93d0e73,0xc3f63a11b1eeeb911cd3acf1982499a72d0b260f04850eb83c2efe55a2fb930a,1780903430000,471269779,0x58aa6781d20bf9f8ad504f7b6f242a185ff7aa89e036e62127cd60ebbb764c9a,1780903438045,1780903438045,1780903440000,37258931,0x108e618191c4c73832b870acb85932408efc1af8a80220e5f1a6677c90c75845,1780903440039,1000,1000,SENT,237879,237879,112602,20000000,0.000002252040000000,1780903430079446228,-79.446,28,8045,1955,39,10000,10039,9959.554,slow,25271175,1780903403000,25271177,2,471269807,25271177,1780903427000,2,24000,25271177,1780903427000,2,0,11045,
102,deposit,5.0,0x93d23e40434258b1a3b51890e7ab36c7946a784249614ddba292ffbbeaca6ee8,0xfab69bec12a233de286a6236d3f6f287abb5f99289d68de57b70271062b94591,1780904653000,471274663,0xb9c90b63924b13f6be23a8b0522a4739a7ce19d877ea2ab09991b0904e35997e,1780904656884,1780904656884,1780904660000,37260172,0x7f7e22d70b7c41eb83e72f85973f40c173ed086e5be4303fd63769319fae6eb5,1780904660036,1000,1000,SENT,237928,237928,113014,20000000,0.000002260280000000,1780904652752958834,247.041,12,3884,3116,36,7000,7036,7283.041,fast,25271277,1780904627000,25271279,2,471274675,25271277,1780904627000,0,0,25271279,1780904651000,2,0,5884,
103,deposit,5.0,0x116ddebf0f59b4d9e71cf2315cfad84c78615c34ec36abedfbb0d6b1f4017fb5,0xc042d459ec3fa81cc31921297f83d6d0f301451aed682fc1e23c47a8383a48a3,1780908364000,471289485,0x6e13335506e89992626cf5490182754b0c07c40c2717050f7405f4517592dc05,1780908366944,1780908366944,1780908370000,37263944,0x0ad4b26c7d7f082382e5fbfdcdce14aec351a6b6be6b20474776a94374e0a3b9,1780908370028,1000,1000,SENT,240379,240379,112591,20360000,0.000002292352760000,1780908363534774532,465.226,9,2944,3056,28,6000,6028,6493.226,fast,25271586,1780908347000,25271587,1,471289494,25271586,1780908347000,0,0,25271587,1780908359000,1,0,7944,
104,deposit,5.0,0xa21cc11664e2d48b1fa0f25eb5edf8d5f4b8b51cb1f39024fbe92c9cbbb6e427,0x709dd77ea590c40b25dd597ae03b1bc7f96e0a73bce1040ad713f6b31ec41299,1780909518000,471294091,0x9ccc7ba0da451a812a10b653e7b316358782ae8f624398b25baea941bc39058c,1780909526058,1780909526058,1780909529000,37265122,0xba2037421ea9e2401ccf8f1d89faf4c8afe86a8b746877aedb477c20734b640f,1780909529011,1000,1000,SENT,237303,237303,112766,20000000,0.000002255320000000,1780909517902853230,97.147,28,8058,2942,11,11000,11011,11108.147,slow,25271682,1780909499000,25271683,1,471294119,25271683,1780909511000,1,12000,25271684,1780909523000,2,1,3058,
105,deposit,5.0,0x80d63e5eb2fc72649ffb146bdb51551587fe00fbfc87d1269271ce2cbc845b96,0x7a724c8f029ce20887543a13879eac742ebeef2c72e40fa636d066d10eab90f7,1780913724000,471310875,0x05a6e3594fa5a601fd1a0bd07b542cf2ec8003f81f9123069fd9a3dcf84702e7,1780913731621,1780913730000,1780913730000,37269393,0x17e00cab3a3e5bbd34eff06e6eb2b1424711ace82c54cd676d594dfc39846165,1780913730051,1000,1000,SENT,237389,237389,112779,20056000,0.000002261895624000,1780913723214669703,785.330,28,6000,0,51,6000,6051,6836.33,slow,25272032,1780913699000,25272034,2,471310903,25272033,1780913711000,1,12000,25272034,1780913723000,2,0,8621,
106,deposit,5.0,0xce49d482b28e0614c3bb2bc66ff6d6b1c8007339cf1bd5021ec0dcaf8961ab07,0x7c8a232176e24ff275a76e56a525e2ae9bd8bcb8221e427c15413b0e5601415b,1780916608000,471322374,0x0f6763f8284791ae8dddb0f054438df691b23f7e44d43a05b431b3efcb164a53,1780916611133,1780916611133,1780916614000,37272325,0x290f7aa8ccd73a2265ac1b4eefc1b15831f67a388838044916f306a78db14c01,1780916614041,1000,1000,PENDING,237122,237122,113540,20000000,0.000002270800000000,1780916607816211256,183.789,8,3133,2867,41,6000,6041,6224.789,fast,25272270,1780916591000,25272271,1,471322382,25272270,1780916591000,0,0,25272271,1780916603000,1,0,8133,
107,deposit,5.0,0xaeb5f85f58697cd7723f65c75321efaea2522c81f5e26ef5a4ca49eb5476350a,0x4bf2aedd2d5772a27cbee5b82b3e276484d9d5f5dd50e2ddab4d462162a19d20,1780920481000,471337859,0xfbc06e658ee443f446e3dc65c6c4f6206b1f548d6d79670f6f4a5e85608c47ca,1780920489745,1780920489745,1780920493000,37276269,0xc0f75a5185eb0df982addb8e4bfb91082b07910724ef8dba6847bbb854779af7,1780920493044,1000,1000,PENDING,237205,237205,111816,20014000,0.000002237885424000,1780920480913267314,86.733,32,8745,3255,44,12000,12044,12130.733,slow,25272591,1780920467000,25272592,1,471337891,25272591,1780920467000,0,0,25272592,1780920479000,1,0,10745,
108,deposit,5.0,0x2fe3ad465fa9d28e9441e4f61a7bf0038f6502a1323ff06fd27e16c506f7e2bd,0x27305b0c56139fc92fca0077f08736545926087bf13eace88855983dcc4dcdb8,1780926293000,471361099,0xebacf6e7e6155132d5223e21669a82633c5f0d04d08134daeff217adef7a7e75,1780926302305,1780926302305,1780926305000,37282178,0xed84c490f6783530a3c505eb4ba1dc31dd5522deae8fa5906420662d4034bd29,1780926305013,1000,1000,PENDING,416288,416288,113212,20090000,0.000002274429080000,1780926292796041738,203.958,35,9305,2695,13,12000,12013,12216.958,slow,25273074,1780926275000,25273075,1,471361134,25273075,1780926287000,1,12000,25273076,1780926299000,2,1,3305,
109,deposit,5.0,0xc33c06112826cef32750c459443d4b7bbad5a4a40af793d8e338feddfd51a625,0x0e8c7e77f27a88b9a1b9b967f6001ff9be2931f4306168caef4b1ff5365b4825,1780927747000,471366921,0x11c9291d19f799966441423304f97bd830aff1821db0b197e1aba77798858f09,1780927751683,1780927751683,1780927754000,37283651,0xcc9ad821206c3e7ad3783386efb6d2a8e3cd88cc64c75ae4b1c3c0bc788fc7f2,1780927754022,1000,1000,PENDING,238922,238922,112697,20000000,0.000002253940000000,1780927746723857239,276.143,15,4683,2317,22,7000,7022,7298.143,fast,25273195,1780927727000,25273196,1,471366936,25273195,1780927727000,0,0,25273197,1780927751000,2,1,683,
110,deposit,5.0,0xeff56c4a8cfae77e37dec0a1887a12e7d02e441ab52d2403625ab73afdbdca29,0x0139f51c5e776e66591262e1a58a3cc1b85e11cf5a5f7a66d533b360c46f21ba,1780931731000,471382857,0x0d9ccb0dcdb0ebfb1b929f9986a9df93508b27df5ac21cc9cba8e806dd80bd7b,1780931734976,1780931734976,1780931739000,37287702,0x5a713fc24805c37f62c9afc384c0de53dc7f0a430f0d25aaf9a62d68cb33feda,1780931739053,1000,1000,SENT,275881,275881,118008,20178000,0.000002381165424000,1780931731041719642,-41.719,11,3976,4024,53,8000,8053,8011.281,fast,25273528,1780931723000,25273528,0,471382868,25273528,1780931723000,0,0,25273528,1780931723000,0,0,11976,
111,deposit,5.0,0xc6bd2cb895465610d895e03d2d693d03419bd8068b7f7bd96e8a9ca607413519,0xd9f780c1869c126318f93b113fd07859e0616367f0d3fa97f41cea9df36dae2f,1780935294000,471397110,0xe213db96dddb27a2fee6832ce3b41c9729ef6b7e1842a06d17243e6b1e1f0104,1780935302050,1780935302050,1780935304000,37291327,0x01e60669f7b72598b63a20da3f70ed3a621c3e4b59c586064da0c0be7b138ced,1780935304026,1000,1000,PENDING,635198,635198,116158,20014000,0.000002324786212000,1780935293976014474,23.985,28,8050,1950,26,10000,10026,10049.985,slow,25273824,1780935275000,25273825,1,471397138,25273825,1780935287000,1,12000,25273826,1780935299000,2,1,3050,
112,deposit,5.0,0xd0854a27c5351a123d0d933a3d4ae1519392324f315fd0dd04dba7408bed8fea,0x5eb77f5653973d92b384bb3fae2551fdc88c41b1212c0364be391f2652b0afe8,1780937900000,471407514,0x1664fd692b94464b8ca7ed15eac4b0bd04eca6ebaeb8d7a814b11dd00a4c6269,1780937902975,1780937902975,1780937905000,37293971,0x1a2fb4f07274b3c066bb5dd8999d1a852d619d6f3285fb778dd03ac378c2316c,1780937905056,1000,1000,PENDING,331122,331122,114312,20090000,0.000002296528080000,1780937899071700995,928.299,12,2975,2025,56,5000,5056,5984.299,fast,25274042,1780937891000,25274042,0,471407526,25274042,1780937891000,0,0,25274042,1780937891000,0,0,11975,
113,deposit,5.0,0xd0fae7c0ae8b443372c15216a5d0fe2fbf36384e195124dc9b47f653e0757258,0xf6363fb8013e0f67a5c0d1d61bd961f4eeacc8ed2bafcc31628cd6c2a3004ed4,1780942656000,471426484,0x3b53bd88d9b8212b0a1cdae2fcdca3b0739af9516ab8653896ac98921816c35e,1780942664344,1780942662000,1780942662000,37298807,0xf9c592c2fef30de0c850252cbae664f3d0c123bbda6df2d887ca9b810b1fa314,1780942662017,1000,1000,SENT,238338,238338,113210,20000000,0.000002264200000000,1780942656009806997,-9.807,29,6000,0,17,6000,6017,6007.193,slow,25274435,1780942643000,25274436,1,471426513,25274435,1780942643000,0,0,25274436,1780942655000,1,0,9344,
114,deposit,5.0,0x07954faff6e65005a9be57730cc6bbef3b833e64bd74eb39b3431b34c9927da4,0x4e06e3ecb6dce4f350ac3e7687d92c582a71fd9ac3a7d28da32470fe79b38cff,1780944171000,471432503,0xc0d035f0717ceea01739e9c90c7a5592d6c27b8ed573e41d69a34e35523623dd,1780944175141,1780944175141,1780944178000,37300348,0xca8b7d9d64d2f3de2b11076719fc6bb154658b07128cae12f40b58eb14b3cb66,1780944178009,1000,1000,PENDING,238597,238597,112748,20000000,0.000002254960000000,1780944170584038682,415.961,15,4141,2859,9,7000,7009,7424.961,fast,25274561,1780944155000,25274562,1,471432518,25274561,1780944155000,0,0,25274562,1780944167000,1,0,8141,
115,deposit,5.0,0x36ce975754ea8c6a977a7da2ae6abb62431ff5bd2eeda270b0df85c5a7aec67b,0xc96a9549970aa41464c6e95e6147d781b4459095562dff3f90ada3ae56068452,1780947841000,471447103,0xd83926143c86601cafdbbd0dfd591b2697ed350d468aa4a927c8ec0e25a16928,1780947845376,1780947845376,1780947847000,37304079,0x2d422436ca56c8649aae5aba2c1287a91a1cbd5e4c40bd73da593c0ab9507e3c,1780947847056,1000,1000,PENDING,238213,238213,114840,20260000,0.000002326658400000,1780947840613266465,386.734,15,4376,1624,56,6000,6056,6442.734,fast,25274866,1780947815000,25274868,2,471447118,25274867,1780947827000,1,12000,25274868,1780947839000,2,0,6376,
116,deposit,5.0,0x813e32c94cd328dae6c5e6cc6cf69f54a39cae0867c5c1f8528560d0beec41fa,0x403239f638bab75aff60c0a8f93cbe0ce8c9aad026b8fb147fc0c40913cd24fb,1780951623000,471462102,0x0eed1c02e127109911eecbc4a51a3686246351fd691c00078a9fa6e44760d1e4,1780951626911,1780951626911,1780951629000,37307924,0x071a944fd5d02c2ed9c7fe16afa67f2adb93cd33cf9a1211230ce4a21da27250,1780951629003,1000,1000,SENT,238156,238156,114541,20096000,0.000002301815936000,1780951622432929597,567.071,14,3911,2089,3,6000,6003,6570.071,fast,25275180,1780951595000,25275182,2,471462116,25275182,1780951619000,2,24000,25275182,1780951619000,2,0,7911,
117,deposit,5.0,0x7f251ae27006c1d9244ee75feef0832236057684c82c7b5428f0c05cd9087e24,0x67eac124d231085d936785c6f2b13dba5dd0076a7137a704a692fceb9d22623f,1780952914000,471467198,0xa97152a5f2c87e5ab90ae111174c108b5a384f289de740626c157792dcd8835c,1780952917325,1780952917325,1780952920000,37309236,0x9da403c3c6f40fa7eb2511432a181bfb8425ed8e6c1adfa45303ff5f5f0eeb59,1780952920013,1000,1000,SENT,238862,238862,115044,20186000,0.000002322278184000,1780952913152155060,847.845,14,3325,2675,13,6000,6013,6860.845,fast,25275289,1780952903000,25275289,0,471467212,25275289,1780952903000,0,0,25275290,1780952915000,1,1,2325,
118,deposit,5.0,0x24c169480eea1c94b187d3e5e6d7c7c49b40ec2ab7590da706e03665e1eab7cb,0x5ad2796add22a2b4cc441c30446a08fb16f276bf370b5c3cc6f2fdc75b6cbb8f,1780957624000,471485699,0x8525cd1ff69e97e366d2522ec21cff8ed5e274c6fadfe40cabf0b4b7cc81c59f,1780957627363,1780957627363,1780957630000,37314025,0xab8054bcb8de982133788f53e01d6e5eb3b08ed9c72d0baf3285ed6b348e9241,1780957630050,1000,1000,SENT,238241,238241,117979,20004000,0.000002360051916000,1780957624039685834,-39.686,8,3363,2637,50,6000,6050,6010.314,fast,25275678,1780957607000,25275679,1,471485707,25275679,1780957619000,1,12000,25275679,1780957619000,1,0,8363,
119,deposit,5.0,0xb3ce9d9d537844e47f80ed00c5b38d221de90131b1f9928280b351b632a69f73,0xd024b6395a5b364f2debf6206b8990773c7fc08eb2e223c8a7c24b683d47ee4a,1780959394000,471492618,0xf798f564b3d34bdff70679f95145624b0c24ccb84a2b02b2c61018cd5d2960b1,1780959402143,1780959402143,1780959405000,37315829,0x79cabf6d7bfa6c4af1620721dfbef43e71792264277c1fbbf098b663374ee361,1780959405008,1000,1000,PENDING,250055,250055,114444,20216000,0.000002313599904000,1780959393201476305,798.524,26,8143,2857,8,11000,11008,11806.524,slow,25275824,1780959371000,25275825,1,471492644,25275825,1780959383000,1,12000,25275826,1780959395000,2,1,7143,
120,deposit,5.0,0x33af3b43af43bf5bd12be75e1dcc80e6d092a1b359b987a401a5ea8071ccb615,0x2e8c159403f161cb174ea7fa26b7c0d924d0782b74dba15c30b3aec39a3e0374,1780961396000,471500481,0x2f81fb2a6f71e48f9e9e745c33d558e12709447621ee37567fccb24f4efccdca,1780961400810,1780961400810,1780961404000,37317862,0xcbad6feabde399359cf8d517e33a745459a8c9bf8b3e0c9030faaf1d9c6268f4,1780961404070,1000,1000,PENDING,238903,238903,112840,20010000,0.000002257928400000,1780961396094354269,-94.354,13,4810,3190,70,8000,8070,7975.646,fast,25275990,1780961387000,25275990,0,471500494,25275990,1780961387000,0,0,25275991,1780961399000,1,1,1810,
121,deposit,5.0,0x2b86dcad5c7386bd2861d19345217a796e273430f24a0d8be8239ed852cc9e10,0xfeaa24316c5be8eee5108c86cab40eaeaabdd12737c849f801ab60bda252df45,1780963728000,471509589,0xdc08cce2c05885ea540d76eda489cb31459008507a8078c32c17ab8365916d22,1780963736302,1780963736302,1780963739000,37320235,0x2a502a557d1cc6ff1eb2fc49a24ce66c62f6b94e403f9d65fee00c103805e04d,1780963739079,1000,1000,SENT,238187,238187,114067,20000000,0.000002281340000000,1780963726963933714,1036.066,29,8302,2698,79,11000,11079,12115.066,slow,25276183,1780963703000,25276185,2,471509618,25276185,1780963727000,2,24000,25276185,1780963727000,2,0,9302,
122,deposit,5.0,0x0a2667a9833993c17806926241bdba0c74a41757e69fe723f6d8d5de9c7d644e,0x0550bf259033b6e99ab416f4d45a8a3f3fc95d7f25840976dbf2079afd86afd8,1780968076000,471526835,0x6f500c627e9517aadade4198ded9598689c226c85b446aba772092abcb207e91,1780968079751,1780968079751,1780968082000,37324651,0x748e6a91f85a29bee0648b3dca9d41b5d37764b4bf260fcb3adec51569d09e59,1780968082044,1000,1000,PENDING,237461,237461,112623,20000000,0.000002252460000000,1780968075780151446,219.848,10,3751,2249,44,6000,6044,6263.848,fast,25276546,1780968059000,25276547,1,471526845,25276546,1780968059000,0,0,25276547,1780968071000,1,0,8751,
123,deposit,5.0,0x7e87a8773e8e0dd0608e87d1e79b9b442212684883b8e4f6cd81d27e321ec979,0x9d82f8a9d18d558a9549f662fa48cb9856f48ef17d190891d8134353b771ffee,1780970661000,471536998,0x7ccf86ab2ffa56d33cf6061cfcaa16b7dabb5a7a3f49ec7ae8e02a73a8b1efbd,1780970665348,1780970665348,1780970668000,37327280,0x493e3a0df0783bf1e3b5d2ad506b62dcd8e5168d6e69786ac9b8217e9e63d99b,1780970668028,1000,1000,PENDING,300053,300053,112455,20208000,0.000002272490640000,1780970659736338894,1263.661,15,4348,2652,28,7000,7028,8291.661,fast,25276759,1780970639000,25276760,1,471537013,25276760,1780970651000,1,12000,25276761,1780970663000,2,1,2348,
124,deposit,5.0,0xee94d42ef69c387effccd3253cc9388d69de29942da00af47e93f943cf16a68d,0x84c35ca53bea4131fc335032304e76eba938dd238fceb1d286ba1dd9c02de6d4,1780973394000,471547779,0xf2690e85a8670e828e9d5985447350d2d505c213773ffb4b7afec942ffda5f82,1780973401956,1780973401956,1780973443000,37330101,0x4016bb8ce50653ce14667db6ef53ad4a8a5b7df1f70097bde844075d7dd3e0da,1780973443044,1000,1000,PENDING,237346,237346,112154,20036000,0.000002247117544000,1780973394096083626,-96.084,29,7956,41044,44,49000,49044,48947.916,slow,25276987,1780973387000,25276987,0,471547808,25276987,1780973387000,0,0,25276988,1780973399000,1,1,2956,
125,deposit,5.0,0x877dbe946f70b34345c4bd53e487bf207d341523fe7be47b58eb6c2446f1f758,0xa38c654e304f2ddd83ee189168cdd5deff559844bc52a476f2995740bc8eefaa,1780976153000,471558630,0xb2e9888e06eee88c3a2906403d3a46b8c09bae02fe963d606ac9325e25f3443f,1780976168126,1780976166000,1780976166000,37332870,0x4e174adf7b811036a400960cc4bec2094f801be420e035238cea6323054e66e3,1780976166015,1000,1000,PENDING,250689,250689,112324,20156000,0.000002264002544000,1780976153014468363,-14.468,55,13000,0,15,13000,13015,13000.532,tail,25277216,1780976135000,25277217,1,471558685,25277217,1780976147000,1,12000,25277218,1780976159000,2,1,9126,
126,deposit,5.0,0x0049f3b7c77443fec1930a1b3a18f3d468470a8a39a7128084afbe1acf855578,0xade435fd271902c8110d7f89009cf51cca4260b3b4e1b411b2097276a922e040,1780979799000,471572958,0x862bcf226366a3f3b8f24060be941b01a78c9628bcf2ebf039084edc753ac238,1780979807209,1780979807209,1780979810000,37336574,0xa5850d7a4c5b69c8b6c0a29648aa5f289cbc93ba1a7df2c525ec77a6de3cc431,1780979810067,1000,1000,SENT,253868,253868,112435,20004000,0.000002249149740000,1780979798705630234,294.370,33,8209,2791,67,11000,11067,11361.37,slow,25277517,1780979771000,25277519,2,471572991,25277519,1780979795000,2,24000,25277520,1780979807000,3,1,209,
127,deposit,5.0,0xd418766f43d8a23bd51fb3cb3a7ee5874e84ea63c9386a8c1d6f3768f5cdb1ab,0x8cbbe67140cb70d21026014d620ac9dbfa4d5a4d53a379eb2619a03ffc96afa5,1780981000000,471577732,0xec7cc44edd93ad9990b65c2af92178b29eeb52bc764554507abec5ebafcd9baa,1780981004166,1780981004166,1780981006000,37337790,0x99af2dd4838c973665f6c071ee7296283e252951a72f8f563ef1442032d64221,1780981006028,1000,1000,PENDING,237503,237503,112531,20000000,0.000002250620000000,1780980998876884278,1123.116,10,4166,1834,28,6000,6028,7151.116,fast,25277619,1780980995000,25277619,0,471577742,25277619,1780980995000,0,0,25277619,1780980995000,0,0,9166,
128,deposit,5.0,0xce016513f26a9e1d45ffe3fefbdbe1ab1a7e0927cd1600facdf6ac6902d3f503,0xadcd96ad65f8940aff04d20d3d64aaad0d8c1131debf36d6d1e3ed3a008c313c,1780985828000,471596856,0x4935d4892cc1450a2977eed71b6fc56eb8b48932a33e075dafb7086cf33bee84,1780985830133,1780985830133,1780985833000,37342698,0x7cecad58afc7f619080203340739d0d7c25112818a26a510b1e2909f29499d9f,1780985833043,1000,1000,PENDING,237485,237485,112466,20074000,0.000002257642484000,1780985826762939819,1237.060,9,2133,2867,43,5000,5043,6280.06,fast,25278019,1780985807000,25278020,1,471596865,25278019,1780985807000,0,0,25278020,1780985819000,1,0,11133,
129,deposit,5.0,0x7cfcd925dc2a157543659653ca7435829185eb31e1968dd2f5e9dd3b5c6d382d,0xabb0510865d595a295c93f96fe4047e25fe0aaf9d9fccb91e199d764ca611249,1780988884000,471609092,0x16e65a3a14919d4073ed0750b01e3d5e9625beb64f6357709259d5d69b710cd6,1780988892346,1780988892346,1780988895000,37345811,0x164978c138a8b11128439e77f420ee8ca841fbbcb69d65b29095d2b080eedc1c,1780988895034,1000,1000,PENDING,237967,237967,112364,20104000,0.000002258965856000,1780988883353305021,646.695,27,8346,2654,34,11000,11034,11680.695,slow,25278274,1780988867000,25278275,1,471609119,25278274,1780988867000,0,0,25278276,1780988891000,2,1,1346,
130,deposit,5.0,0x1ef95d5012043ae8aaef00e8b957ee7f4aaf6bd751f8d527dd8167c79d5eea28,0x65515383e0ca66b49c8f2291c9c115ab17e770017bb03753d235662169df6148,1780990856000,471616984,0x630e13d8e0ddbd9823f5004fe7fbe6ec60e48b38377a12982c2f8f8eafd9b3c0,1780990864551,1780990864551,1780990867000,37347816,0xc6ea6397edbae0c19701346a18418d8e7d2c81104b4d75d59b73b00e83585a5f,1780990867039,1000,1000,PENDING,237403,237403,113083,20002000,0.000002261886166000,1780990854802423264,1197.577,31,8551,2449,39,11000,11039,12236.577,slow,25278437,1780990835000,25278438,1,471617015,25278438,1780990847000,1,12000,25278439,1780990859000,2,1,5551,
131,deposit,5.0,0x28590ac33bfd552772d98cbc4f734f551714a0f0488b0a90e509b774ea35ee8f,0x7d46a87d13eb811ea2de921d3420e77f822281a99ef714a293dd0493f5229dbf,1780992815000,471624818,0xa0457991ed3ee63e5ec6c4f0817579f5d56ec6b77ba8150eb739663ecb93f5fc,1780992818356,1780992818356,1780992821000,37349802,0xec098912536f6e5c3477aaa86b66792f20417175b177e02e2f174de6585c3785,1780992821057,1000,1000,SENT,237566,237566,112003,20086000,0.000002249692258000,1780992813840004681,1159.995,15,3356,2644,57,6000,6057,7216.995,fast,25278599,1780992803000,25278600,1,471624833,25278599,1780992803000,0,0,25278600,1780992815000,1,0,3356,
132,deposit,5.0,0x305f9ee4435f12beb4428c34968912093b7dca96033c8e4828ef56f8ec89ee63,0x621d5dc8ff7c8c7c3d8e4b541bede8ee44957965422c05dcad6e0da5478d56ca,1780995927000,471637274,0xc7a8d51a5a104e4049d5a0a59122ceabce44895597df567c83b6eb2e36ba3b62,1780995935757,1780995935757,1780995938000,37352971,0x0e2bf0833e35168f7a6089475e9ad0fd0ebc86968606df378b166fe75806bd92,1780995938085,1000,1000,PENDING,237817,237817,112354,20042000,0.000002251798868000,1780995927149557722,-149.558,31,8757,2243,85,11000,11085,10935.442,slow,25278855,1780995899000,25278857,2,471637305,25278857,1780995923000,2,24000,25278858,1780995935000,3,1,757,
133,deposit,5.0,0x9f59c4e0e92dffbe7804781eaca807e026885bd31e5439ea8115b803cac20e2b,0x97d82e5f32740616a34814788aa8cde271b7f9ed278642f67d60358fa662f8d2,1781000088000,471653923,0x552fee5a8aa73e0d59fdf70e0f203d139b3afccd9daa248d940d07785d2ddffb,1781000101461,1781000099000,1781000099000,37357201,0x6a58fa211403ed97275bf8d947d53410f75bdbbd074125e2f8dd54fd36ff2000,1781000099052,1000,1000,SENT,237509,237509,112210,20000000,0.000002244200000000,1781000086842863769,1157.136,49,11000,0,52,11000,11052,12209.136,tail,25279201,1781000075000,25279202,1,471653972,25279202,1781000087000,1,12000,25279203,1781000099000,2,1,2461,
134,deposit,5.0,0xb8efa179ac2cce2557e84ad0597ad93073b710433246f4a6e43f8137707f53a2,0xa20d7a2d240689aeea4d9184570978740528d81e3601626de1031028542bce48,1781003335000,471666857,0x2f4c1e5bd5e472af9a8089647a188d913119e4b874001549f781746194b3a600,1781003345351,1781003345351,1781003348000,37360505,0xa205a81eec21afac71b2d68ae182ccc0dbfae6ec07362751207b457c4d6ef237,1781003348060,1000,1000,SENT,237498,237498,112874,20000000,0.000002257480000000,1781003334785172680,214.827,40,10351,2649,60,13000,13060,13274.827,slow,25279470,1781003315000,25279471,1,471666897,25279471,1781003327000,1,12000,25279472,1781003339000,2,1,6351,
135,deposit,5.0,0xd188904ce820f6adec356f036e6106ffe7b8e090330ad17fa2a9343d0aabf5d4,0x8788a1e786d1ba42d0b533287e9e9afa1f58e0c4f02778cd181a513ff3dfb189,1781004685000,471672223,0xa27ad7b4220a0ac48640c40134bc21e8dcd497ba1edabf0d76dfc94cecabed2e,1781004689318,1781004689318,1781004692000,37361871,0x1d544a2c23fe68b8411afb2f89845e14cf13874a864e64dd4622a73e7869b586,1781004692055,1000,1000,PENDING,237316,237316,112710,20000000,0.000002254200000000,1781004684383615329,616.385,17,4318,2682,55,7000,7055,7671.385,fast,25279583,1781004671000,25279584,1,471672240,25279583,1781004671000,0,0,25279584,1781004683000,1,0,6318,
136,deposit,5.0,0xa3c73c08d2b1fec6f7ba80b4f0d3f64eb330866d127f6313da1cc0281ca1f29d,0x547ebb590e4b9c5045529a6913bce88a5cc38a83aa145a911794bd756d5cb573,1781007403000,471683056,0xb04c56dd4f5e55457ee9adcb20d8b98d4c1e3f1404885a157740914eeba80260,1781007412768,1781007412768,1781007416000,37364640,0xbda405b17264da3180596fd4139bb585b958b34ef257de3782f2186c5e470bf0,1781007416012,1000,1000,PENDING,237535,237535,112959,20040000,0.000002263698360000,1781007401958983203,1041.017,32,9768,3232,12,13000,13012,14053.017,slow,25279809,1781007383000,25279810,1,471683088,25279810,1781007395000,1,12000,25279811,1781007407000,2,1,5768,
137,deposit,5.0,0x367c3a6a8ae1a9eff47af01bbb9ea5d22c006c8a1dbbdf5db697f07d03e7268b,0x229bb3ac138523866bef00e7bd3d1c1a24a08be1648ea5a4ce5f7705e3d44869,1781010727000,471696339,0xffd501f9ae422375cad52d4aadd10932580dd67b82457c83045f3b7b222696e2,1781010730060,1781010730060,1781010734000,37368014,0xad8e08e09c4eaf4e00e8f360eeac4c6b2917678f1120dfafc7eb03a5fe4f34a1,1781010734083,1000,1000,PENDING,237440,237440,113652,20132000,0.000002288042064000,1781010726122759949,877.240,11,3060,3940,83,7000,7083,7960.24,fast,25280086,1781010707000,25280087,1,471696350,25280086,1781010707000,0,0,25280087,1781010719000,1,0,11060,
138,deposit,5.0,0xdaabb0e94627941e629fd98b71606ae2accb19ec6d97cea3290c8767292ad2f3,0x63d136e7ed480e52b4fac3a934db70a76814900857fdac567b3d495ecab795ea,1781012892000,471705000,0x6ee22a4b2dd22b55745a015d14577ec3a85052bd0cb1f13ea140928737ce15bd,1781012904292,1781012903000,1781012903000,37370219,0x8250bf6e1c98e32de5e12d98e6109c79fe5dc2a005daeea66599e6ec908f1154,1781012903038,1000,1000,PENDING,237237,237237,113714,20000000,0.000002274280000000,1781012890818515279,1181.485,45,11000,0,38,11000,11038,12219.485,slow,25280267,1781012879000,25280268,1,471705045,25280268,1781012891000,1,12000,25280269,1781012903000,2,1,1292,
139,deposit,5.0,0x88697b542740d6399999b04da94d677afcdee3b1368933dd3d8df2a596268b19,0x3906bde397dc549d0e81acf5c1cf8aa5b6d26848695d358f532e0f747446ae76,1781016921000,471721157,0x1eb41d470405a3ead2b273790e03cae069f7d981d8181d77b8a70eca575310dc,1781016928975,1781016928975,1781016932000,37374315,0x37a1d1d78a7ef80ea1f4ae36655060d429b1da6407e871670538f265e5a5e2ee,1781016932076,1000,1000,PENDING,236549,236549,113994,20016000,0.000002281703904000,1781016920473461931,526.538,31,7975,3025,76,11000,11076,11602.538,slow,25280601,1781016911000,25280601,0,471721188,25280601,1781016911000,0,0,25280602,1781016923000,1,1,5975,
140,deposit,5.0,0x203ff17f4bacd167a1a12a315a33fac38a57f845af7e16a55cd515e97b6b8846,0x5566e6a3efedceed3fd14e024035273943a559ba4a7aab580c229ae2eb340fa8,1781019445000,471731262,0x09339d08285ed3a2a1b867184cb241086252f1e8e973fc889d9f5233e4df8039,1781019448820,1781019448820,1781019452000,37376877,0x7d9a5660cb555512b3f8ca2d77be2356441faad616f8b683c8e740a2d06dc188,1781019452030,1000,1000,SENT,255187,255187,114055,20042000,0.000002285890310000,1781019444176375069,823.625,16,3820,3180,30,7000,7030,7853.625,fast,25280811,1781019431000,25280812,1,471731278,25280811,1781019431000,0,0,25280812,1781019443000,1,0,5820,
141,deposit,5.0,0xe995d136c19354016bb275ab8363702b03e65783b5b45bc94b696c23278f0926,0x7b34132e8ac7e782f2116a3ca8524c1e8ab8898391c720a9c8b9740db296593a,1781020647000,471736079,0xda7e11c5dc87867cf6095aa8d536c631dccaafbaf88d76eb87173f655b1587b8,1781020649953,1781020649953,1781020654000,37378099,0x354680b5bb734dc2a05d77f038d83c485feee8cddeab8f3612d0b981aa20d64f,1781020654045,1000,1000,PENDING,287648,287648,113028,20066000,0.000002268019848000,1781020645984189107,1015.811,13,2953,4047,45,7000,7045,8060.811,fast,25280910,1781020631000,25280911,1,471736092,25280910,1781020631000,0,0,25280911,1781020643000,1,0,6953,
142,deposit,5.0,0xff5e3044afabffe8d70b7dbc1b74381d7afc9742de0fdf65c043a508ed7848f4,0x2ff94d89b37ef420817cf4ad5ee78c06a61d47b90748a923a744e27d501e2c89,1781025090000,471753871,0x4fc9367e2ddc18b2622f5db861d79f05e70360f2cc17f39dc53067e82a167385,1781025091784,1781025091784,1781025095000,37382614,0xe90a0e18f25c2a5b506384a1cdab1f8ef90a2aad7b930c7e065eec548a86cb16,1781025095069,1000,1000,PENDING,236394,236394,113402,20242000,0.000002295483284000,1781025088493344623,1506.656,9,1784,3216,69,5000,5069,6575.656,fast,25281279,1781025071000,25281280,1,471753880,25281279,1781025071000,0,0,25281280,1781025083000,1,0,8784,
143,deposit,5.0,0x854be91a919bdc2615e1078c16e8ca1a060e3b9ec52f3b77fc1e3a0daefc0daf,0x46c8442fc4cd0665624a266bd5e124a156cb273adfe577bcda6ed3ec5137e194,1781027882000,471765046,0xc7b74f0c25a7236b38608196dd03c39ffe746eea981f1969e1b3d557b5b3d2fb,1781027888417,1781027888417,1781027890000,37385456,0x0555398264ea5d5a6086b63f0c8c502db7df49dffd6136ae59f7c44a1727b9d6,1781027890037,1000,1000,SENT,236211,236211,113230,20058000,0.000002271167340000,1781027881542129764,457.870,24,6417,1583,37,8000,8037,8494.87,slow,25281512,1781027867000,25281513,1,471765070,25281513,1781027879000,1,12000,25281513,1781027879000,1,0,9417,
144,deposit,5.0,0x942b1d05a76fabab008bd6bd317eb0fa040782cd28924f5969c115daa5533d26,0x482d893da066e4c0bcbd862ecf7d6b7f170cbed76aafc3c08e80062add6333b6,1781032218000,471782385,0x455c8249a273533e8d36bafdbef639761be15d5b74afb43ff787b42f4c839ac5,1781032221552,1781032221552,1781032224000,37389862,0x1628fcf6683e2955c1350f12452e2c0ba8a9fea02097a78deead874232893aa7,1781032224034,1000,1000,PENDING,236191,236191,112805,20214000,0.000002280240270000,1781032217780493391,219.507,11,3552,2448,34,6000,6034,6253.507,fast,25281873,1781032199000,25281874,1,471782396,25281873,1781032199000,0,0,25281874,1781032211000,1,0,10552,
145,deposit,5.0,0x08adcd746be144fe1c79b8bb788af15dc2a89be643515134d3289218aeefacfa,0x84f9fe178f4cac368ea3d0b374b31604457add2dd3a3cef6caacae3c2209455f,1781035557000,471795708,0xd0343e5fb27b8b134aaf3ec838a4b6b377f403b97aef1760cb0c93464558fe7f,1781035560946,1781035560946,1781035564000,37393258,0x9b43eb3f815a21a4126659ab2db6538a371ad39d48fd14b784c46816b53c71e3,1781035564064,1000,1000,PENDING,235903,235903,113261,20000000,0.000002265220000000,1781035556719000751,280.999,14,3946,3054,64,7000,7064,7344.999,fast,25282152,1781035547000,25282152,0,471795722,25282152,1781035547000,0,0,25282153,1781035559000,1,1,1946,
146,deposit,5.0,0xdf4b09dd0ee56c348b4ecce8a9afb183c482fa6ee29a7fef8e78c252b4cc3636,0x914bbf44b692c0683f375438f153f64d401ece7c6d2c9af74e511b8b28d98243,1781037509000,471803482,0xe35a2527477735d310e4318f036e233d9087da1ce814ef5f33cb316d8d3b3649,1781037512916,1781037512916,1781037516000,37395242,0x0c5287aa429aa1fa03e895fa7cf65ead183c5800bd260dd99d3c3d9201da5fad,1781037516005,1000,1000,PENDING,254890,254890,112667,20296000,0.000002286689432000,1781037509021310459,-21.311,11,3916,3084,5,7000,7005,6983.689,fast,25282311,1781037491000,25282312,1,471803493,25282311,1781037491000,0,0,25282312,1781037503000,1,0,9916,
147,deposit,5.0,0x6f586de28f201a2c136e3ab6177ab2eb89c361e4a878704dfcbc641bafda07ac,0x1286dd29a94274da3330ec0c868634353aa5c280138072a11eb56127138346dc,1781039689000,471812161,0x46eb884f45fe702992d4c6ebba8ae6dcc23b1670be0507709709f80e1ea7fc73,1781039693123,1781039693123,1781039696000,37397458,0xaa775154e9f6a0d743152df4b7ed44de3354c109f19c0003995d2e0140dd14f0,1781039696015,1000,1000,PENDING,236259,236259,112502,20000000,0.000002250040000000,1781039688604043090,395.957,12,4123,2877,15,7000,7015,7410.957,fast,25282492,1781039663000,25282494,2,471812173,25282492,1781039663000,0,0,25282494,1781039687000,2,0,6123,
148,deposit,5.0,0x2a758bc3b2cb49cf3c7985345813e54d9a3065f5b9f1060b6cca915b069781f4,0xf90062b1d4fc911d03fea566a1350d79463c6ec4a092a6aaa5b54d55f2100efa,1781041919000,471821022,0x8753a09a1e1d92f018fff23dd1e3d05032ce3053b5fa2f7c48d1e2aa577f6dd1,1781041928296,1781041928296,1781041931000,37399731,0xef81ddf9e6a1e7691cffee76f384c5c06102cb6575b19ee184fa28d8340ab396,1781041931028,1000,1000,SENT,235771,235771,112483,20040000,0.000002254159320000,1781041919362453041,-362.453,31,9296,2704,28,12000,12028,11665.547,slow,25282678,1781041907000,25282679,1,471821053,25282678,1781041907000,0,0,25282679,1781041919000,1,0,9296,
149,deposit,5.0,0x885050caf6e9c66e525c0472fdf4784e5fdfb12220a2d699e248557f1b4f9783,0x540287fc0e561ab8d83403f66dd68bbd0404dbe455024fe489402a3439e28194,1781046045000,471837409,0xa1252c9ecffa0ff11862de4182996371c0be9fed35d36bf4e10df2c5547452cf,1781046049468,1781046049468,1781046052000,37403920,0xaecb346346cad504b311312cf0509f492da05072ab7238dcd4cb9dacf56f48a5,1781046052063,1000,1000,PENDING,242736,242736,112276,20134000,0.000002260564984000,1781046044737540024,262.460,14,4468,2532,63,7000,7063,7325.46,fast,25283022,1781046035000,25283022,0,471837423,25283022,1781046035000,0,0,25283023,1781046047000,1,1,2468,
150,deposit,5.0,0xb7a722f459249f12e260e68466b66e22c4d0af5b80ea0bea79622429267d1eba,0xc646a7215f23007098a9297ad77607488fbd8273bd8a3ae65a59d6326254ff80,1781048147000,471845759,0xbbbaba5fd3a9e6ffdc2a6089580cee0f843c8c2c6de3c5a490f593b1805f99c1,1781048151664,1781048151664,1781048154000,37406057,0x188fbf847d5c4bd180b64e1f7ed8dec6b93e33ed573bb4579ce86a768b51c5dd,1781048154066,1000,1000,PENDING,235733,235733,112562,20098000,0.000002262271076000,1781048146571188539,428.812,15,4664,2336,66,7000,7066,7494.812,fast,25283196,1781048135000,25283197,1,471845774,25283196,1781048135000,0,0,25283197,1781048147000,1,0,4664,
151,deposit,5.0,0x06068fa1544e12b14595208c218a1400928e0721ce24be0d59a410d3c89708ac,0x7cbf1d588d023eac9406944e3739743d0f690de00ab677b68ecf1d2cc7cbca71,1781049883000,471852660,0xe3c6cee29e7d01b9a12204466fd97cfc4209df0d93f52645d64228d57bd33653,1781049887299,1781049887299,1781049889000,37407821,0x7f967f578d261f487a854aec8c7b3a0c0019237f780eecf88f6dab576bf7a56d,1781049889057,1000,1000,SENT,235709,235709,112306,20046000,0.000002251286076000,1781049882613502021,386.498,14,4299,1701,57,6000,6057,6443.498,fast,25283341,1781049875000,25283341,0,471852674,25283341,1781049875000,0,0,25283342,1781049887000,1,1,299,
152,deposit,5.0,0xc7dd8fa760c94a25a204cc8344ba0e17e6866687c01f344843903be079a9e887,0x98b30b7b10e48ce6dc4501d94c0351fd16f35bd30ea3b4552f9018d69ed237a8,1781053582000,471867382,0x73268e460982c45446710a738846f1c59ddcbed41ef84929fe91b95f6c3a4bcf,1781053586027,1781053586027,1781053588000,37411582,0x862853a5320df7b314602aee021e3779f90e9a242444f55914a5b002dc022e6a,1781053588022,1000,1000,PENDING,235320,235320,112366,20000000,0.000002247320000000,1781053581923898350,76.102,11,4027,1973,22,6000,6022,6098.102,fast,25283646,1781053559000,25283647,1,471867393,25283646,1781053559000,0,0,25283648,1781053583000,2,1,3027,
153,deposit,5.0,0x78bcb7b2e45223b8d2e26a14a9ab47221adc4bd52fbc673ecf1677efc30f8a6f,0xb3836477bf6766ef03df492eebbd0765a5e8ded66f3b7e17e53cd7c57d3b0f64,1781056151000,471877628,0x5b83a9a337187eb611e4a5dd8e1ad72da67de1a04fadb5b48f328269998ef15d,1781056165355,1781056165355,1781056167000,37414204,0x7d406dbdb6d99825a11667584da986cb2e15aa7609f19b9e4447dbde8ec46733,1781056167014,1000,1000,PENDING,243304,243304,112333,20290000,0.000002279236570000,1781056150694213716,305.786,53,14355,1645,14,16000,16014,16319.786,tail,25283860,1781056127000,25283862,2,471877681,25283861,1781056139000,1,12000,25283863,1781056163000,3,1,2355,
154,deposit,5.0,0x2207e92d1cef70f61aaf6989c54ec481740681d0549b8ba29b60025e13b24f9a,0xaeb2d29b47dd23699fea984d9d259cb80b223fd894d6546ae9ce181aa689540b,1781058469000,471886888,0xcd44a9eeeb21887b306b576d8e1ec30197aea6d1ec1daeeb4c59a2037ac09ba4,1781058473769,1781058473769,1781058476000,37416551,0xf1712edf0c2d601f447f51780963807405aa4c3859752dcb01ef5e56e4b18b43,1781058476049,1000,1000,PENDING,235020,235020,112507,20024000,0.000002252840168000,1781058468496131033,503.869,17,4769,2231,49,7000,7049,7552.869,fast,25284053,1781058455000,25284054,1,471886905,25284053,1781058455000,0,0,25284054,1781058467000,1,0,6769,
155,deposit,5.0,0x22adbd3a7b0d4a067a96eb4e4e73aa4c15c0f7571ff74c9d30830ea56978b2e4,0x8ff1226233c102d0bbdaa3478c025b9f45d1bf14206afc93a852eb1dc9a1ee8c,1781063387000,471906444,0x81fa52bb93d5c10f12a487e057b758dd61c0f2b4b48211a67b637051fd7da1fd,1781063396343,1781063396343,1781063399000,37421556,0x3551d72f3e2ece66bf7327d70a9ed12d14c92223380d8e58f566ad2cde8e5361,1781063399018,1000,1000,SENT,235583,235583,112693,20016000,0.000002255663088000,1781063387258881291,-258.881,28,9343,2657,18,12000,12018,11759.119,slow,25284462,1781063375000,25284463,1,471906472,25284462,1781063375000,0,0,25284463,1781063387000,1,0,9343,
156,deposit,5.0,0xc54b12ef1dd65f483ddd08287f64f568dcb0d227bb8d86c405bf16a7452f4581,0x928904dd777510363ef49aa91519a2d4a711c5b3abdc24fc7f20f77549760f73,1781065586000,471915110,0xd3fc06a94d809670972bfbd02068c10f4fa7988c5552c08ea5e6d4e1fbf223ac,1781065594196,1781065594196,1781065597000,37423791,0xb0eecb4f0ac020b6669426142dae1f46d727561a6fb8328d161cdacf6cb33750,1781065597009,1000,1000,PENDING,235815,235815,112347,20258000,0.000002275925526000,1781065585652309137,347.691,29,8196,2804,9,11000,11009,11356.691,slow,25284644,1781065559000,25284646,2,471915139,25284646,1781065583000,2,24000,25284646,1781065583000,2,0,11196,
157,deposit,5.0,0x1ab1eb3aead45d1db797fe038c0aa2c615668b3fa6433ba57c6bdd6808bc1154,0x3042221bcfd3628176528821ec6b90ef267d2f9a3edca6b60b3915d0b069a013,1781067124000,471921204,0x7806f8060c086d6c92c36e761185c1601e6103e4d5122f35d947bd442044d58b,1781067132334,1781067132334,1781067134000,37425354,0x7b502b5d49df144b7fd84864030afd16a8f03a8ae82e59d0d1d09c9f2b8d8ca2,1781067134041,1000,1000,PENDING,234679,234679,112633,20020000,0.000002254912660000,1781067123319898640,680.101,31,8334,1666,41,10000,10041,10721.101,slow,25284773,1781067107000,25284774,1,471921235,25284773,1781067107000,0,0,25284775,1781067131000,2,1,1334,
158,deposit,5.0,0x31acca20a4ca68a78e30bc5fe1c53413a5c0fcc4db0a08bcdbcaa985ddcea65f,0xa799759f282547b668babf1b3d2b0749c9d9efcec3413e72b6e1558993b3a061,1781070033000,471932703,0xd35898be098e4c45e2264bf37a7c226f6d1c446bd57215e4b179ea8dbc5b6e84,1781070042647,1781070040000,1781070040000,37428308,0x793864c2bef727151a0a5843dfb889833e62e071ee1c5391f29403fdf0e9f95c,1781070040035,1000,1000,SENT,234492,234492,112421,20006000,0.000002249094526000,1781070033237711422,-237.711,33,7000,0,35,7000,7035,6797.289,slow,25285016,1781070023000,25285016,0,471932736,25285016,1781070023000,0,0,25285017,1781070035000,1,1,7647,
159,deposit,5.0,0x54e06cbb385203bc0d32e52d8e69278d51e94dc539784c34dc201e7c0535457a,0x91d0f2f2846b4ea2e315834f4ef50afd2a920bfb24f7853a8f0cd3f5e0e1bce3,1781073356000,471945901,0x955a1f11388254af7d8e962478549598153a95461285c42393053abc370b9010,1781073364361,1781073364361,1781073367000,37431691,0x6a02090bf4f0afa7af48771b3ac6ffab1f62f840242bbe3a6539aa4899ba3d59,1781073367032,1000,1000,PENDING,235757,235757,112669,20080000,0.000002262393520000,1781073355992195607,7.804,29,8361,2639,32,11000,11032,11039.804,slow,25285291,1781073335000,25285292,1,471945930,25285292,1781073347000,1,12000,25285293,1781073359000,2,1,5361,
160,deposit,5.0,0xe9261809a2b4c3f82dbf7f75b59673256410e53bcc82ef505254dc8b7c5420d2,0x060f9f139568231472d58cedc39fb097418bf6c7659a46a0f8f3278f5c921122,1781077842000,471963737,0x2e00e4dc69670919a98c3c91a94124eb3c48ef43235718ac97d28e91c0978f90,1781077850270,1781077850270,1781077852000,37436250,0xdc64197269991a3255243c2b77350d6e40a37a59a1281adfc15531a496eb4410,1781077852012,1000,1000,PENDING,234853,234853,112602,20000000,0.000002252040000000,1781077841668162107,331.838,29,8270,1730,12,10000,10012,10343.838,slow,25285661,1781077823000,25285662,1,471963766,25285662,1781077835000,1,12000,25285663,1781077847000,2,1,3270,
161,deposit,5.0,0xdea50ff23e2712de17550b1867a8488fd8b582856577a6b2fbd97cfc96360b7b,0xab1b8859595037852902b5f0d5938c3cf4e8a191a9633e3a53205a57622118a1,1781081624000,471978822,0xcf22e26617b082f09590ad307d268a704f3f6c8addcfc340c203baf03d7efac1,1781081629297,1781081629297,1781081632000,37440093,0xc0f0f9ce6c6a4d5f016d98302ebd1413ff1356f388b7604a3a98c3dab2e20c4d,1781081632043,1000,1000,SENT,242988,242988,112830,20020000,0.000002258856600000,1781081624533806595,-533.807,15,5297,2703,43,8000,8043,7509.193,fast,25285976,1781081603000,25285977,1,471978837,25285977,1781081615000,1,12000,25285978,1781081627000,2,1,2297,
162,deposit,5.0,0xdfe8236f96fd674c537187560609bd293f21480a0223a392880fdecce0de39b6,0x0f7153d9eceba897674025e623c8125f945e0df6190e89dc18c552f3267eb5db,1781083862000,471987750,0x55090db67663f03b238f103ea7434aa5c29e2f8219885cb573dc01c6b0593779,1781083867561,1781083867561,1781083870000,37442369,0xc04a035c63d6e9bac03a9a9738cf98ebd7d5a66e9a2028c25b80797ea4e2ece2,1781083870031,1000,1000,SENT,234955,234955,112580,20540000,0.000002312393200000,1781083862481846760,-481.847,16,5561,2439,31,8000,8031,7549.153,fast,25286162,1781083835000,25286164,2,471987766,25286164,1781083859000,2,24000,25286164,1781083859000,2,0,8561,
163,deposit,5.0,0x1ad6c6023e31b8d280a1bc26cb710e3a97a6fda1c69bd284421353c8625bce3d,0x39d115a939ccc77e4a005db979e4435c4bc5f360fa01e38549e70a5366de19b4,1781087106000,472000681,0x026e9a5a93c4f181620285659192ebecf980dd8d5b86b1de8b495fc0f5f51974,1781087109211,1781087109211,1781087112000,37445665,0x4bf2e1ab9d595348148513a0078da7c45b8a20a8be7aa520ab1885167907da75,1781087112040,1000,1000,PENDING,234666,234666,112450,20020000,0.000002251249000000,1781087106148216012,-148.216,8,3211,2789,40,6000,6040,5891.784,fast,25286433,1781087099000,25286433,0,472000689,25286433,1781087099000,0,0,25286433,1781087099000,0,0,10211,
164,deposit,5.0,0x30ede3167cf90b0123c7a0ecd735f8ebe6f6bc4728486d482caf91d4db15e1ee,0xaac9f706feddec7be064129e92313968f738a1889204223a9da67cfd633fe2cc,1781089101000,472008625,0xd33369bba0b1f85f38ebee76a93df513a2fe1366d3cc37211c32b7eceb8e89fc,1781089105501,1781089105501,1781089108000,37447694,0x2b73c384551a7a60bd9eb3a5327d38b33cad01a5afd679828094dc05297d0e56,1781089108066,1000,1000,PENDING,244597,244597,112411,20000000,0.000002248220000000,1781089100780794571,219.205,13,4501,2499,66,7000,7066,7285.205,fast,25286599,1781089091000,25286599,0,472008638,25286599,1781089091000,0,0,25286600,1781089103000,1,1,2501,
165,deposit,5.0,0x23c5350692326c39c3d495d39ebb78e09c5622f80cd0632ff8b23f2e1d40456b,0x65bf6b3959736405e21615752a6fc3da445f3f1a5a1c21c828997a7fa266198e,1781090457000,472014034,0x0018a05bc45cb75d329fd5269ad14d943f423c80edc87dbf1747c18e765d64b5,1781090461751,1781090461751,1781090464000,37449073,0xfeac528d147dc47e8a2e1d5c73f38baad3328f4b41d1308647a10494dbe235de,1781090464044,1000,1000,PENDING,235471,235471,112759,20072000,0.000002263298648000,1781090456529610534,470.389,15,4751,2249,44,7000,7044,7514.389,fast,25286712,1781090447000,25286712,0,472014049,25286712,1781090447000,0,0,25286713,1781090459000,1,1,2751,
166,deposit,5.0,0x3b2a616a253ed304870c3df9254ef6ccaf2713bca723fc02ac588a386ad8aef9,0xb8c5999f5878610a2eb152435420a695c7cdde01aeb35f1f3238d68caca97a28,1781093740000,472027146,0x84d574c2970b00b1e7a5e1ae422296c9bc0019f76bbcacf616eb10574e817ee1,1781093743620,1781093743620,1781093747000,37452410,0xf6230e2fb70413dcffad5dc36cefe67198a2d3d8b0d2d09c52cfdfbfd35acdd3,1781093747041,1000,1000,PENDING,241383,241383,112628,20066000,0.000002259993448000,1781093739628217948,371.782,11,3620,3380,41,7000,7041,7412.782,fast,25286984,1781093723000,25286985,1,472027157,25286984,1781093723000,0,0,25286985,1781093735000,1,0,8620,
167,deposit,5.0,0x71c8a3ad3a06ab221860c5ac025cc2f8b92ebedd9adfdbdd58c5b8c12b2a740b,0x91f644c286693ef3c5a641f7cfb01e7b931bafcf0eb8edd41a2d3be33798c4d4,1781097953000,472044000,0x706d5079697fdbf8b0b5e98c93e47a095af83da6445d893d81616aa8d0113de1,1781097957533,1781097957533,1781097960000,37456693,0xee2d28c05b573502ae700541b1190a4a7db5b8d17d7d3a685fb8c61807b829dd,1781097960042,1000,1000,SENT,235191,235191,113217,20006000,0.000002265019302000,1781097953507091965,-507.092,12,4533,2467,42,7000,7042,6534.908,fast,25287333,1781097947000,25287333,0,472044012,25287333,1781097947000,0,0,25287333,1781097947000,0,0,10533,
168,deposit,5.0,0x7bd418ce45aa051ad08a7ab44cbbc84e4eabb4af01c12baeaf7929051f5ff3ef,0x500c73e83b39b0a6ef31a2ee2f2e1c3150ffb371783322442b8294813cde5c3f,1781099500000,472050190,0xcd169011195ff07ba52dd967bc3c7509d4f2d2d499e78cdbd0e00f6c37c5baf7,1781099508009,1781099508009,1781099511000,37458270,0x00de7ed8c0f9f960e7d270ba7f7df23ff648df7ce4b8c2cadd500fbcc324f139,1781099511035,1000,1000,SENT,638836,638836,117332,20264000,0.000002377615648000,1781099499789203548,210.797,31,8009,2991,35,11000,11035,11245.797,slow,25287461,1781099483000,25287462,1,472050221,25287461,1781099483000,0,0,25287463,1781099507000,2,1,1009,
169,deposit,5.0,0x0048b78a286c19c1ae13422649820756f2eeb3a5aac8d400e1a1bdb0db4432a7,0xd63bb2038f865f44dfa3ba72c1455a268a3c274205521823c4fefddbb3e185c4,1781100978000,472056115,0x299530178cbe2d303ca0e593ee4bcb7be36073fa58dcf17627202b33eb6e746d,1781100982077,1781100982077,1781100985000,37459769,0x50c2aa1aac8571d58a703e7ae3b13f45678507dc1273aad9a9478c673dee8e2c,1781100985080,1000,1000,PENDING,344179,344179,115039,20000000,0.000002300780000000,1781100977909139302,90.861,13,4077,2923,80,7000,7080,7170.861,fast,25287584,1781100959000,25287585,1,472056128,25287584,1781100959000,0,0,25287585,1781100971000,1,0,11077,
170,deposit,5.0,0x0b9d8eb1c50803be2da9a4c40633f942c68d6712875f2399b43b84ad2dc875c2,0x4d94cf7da1a467b33d2200050e89983ffafda7de81fcca616fd996d7702a9137,1781106626000,472078715,0xd60520d5e56e28de20abaa789b6e47a73aef4ea805108e6bf99152c74ba89ed8,1781106628874,1781106628874,1781106632000,37465510,0x37266436df1d42f576c45958e2ca9c301d72e67cbf39092bb524d047ff53d348,1781106632067,1000,1000,PENDING,361709,361709,120510,20386000,0.000002456716860000,1781106625046143781,953.856,10,2874,3126,67,6000,6067,7020.856,fast,25288053,1781106611000,25288054,1,472078725,25288053,1781106611000,0,0,25288054,1781106623000,1,0,5874,
171,deposit,5.0,0xd8c3376f00643940832a21f1e348e49f5014d51b4909c521410fe03b370b7912,0x8611a0df70912ed3f0ccf81326b7d165c07d4a536098ec3783ac872deb32430a,1781109618000,472090697,0xab074aee53b536d9731b713a0c51ee19773f52eb4096c0efba169b96c3e367fa,1781109620910,1781109620910,1781109624000,37468552,0x3e7a3389d62e6754ba706546fb6d846a50fa282e32737834427d937687092a24,1781109624049,1000,1000,PENDING,235318,235318,114145,20034000,0.000002286780930000,1781109617528372582,471.627,9,2910,3090,49,6000,6049,6520.627,fast,25288300,1781109599000,25288301,1,472090706,25288300,1781109599000,0,0,25288301,1781109611000,1,0,9910,
172,deposit,5.0,0xcba8ce46f20d4c84f113e30ea13dfe009265216f8a644e42407fd23a84380b6e,0x31c62fc34c5c293655527398cf67af99ef6ffaa3196ea0cfb96e15ca79b79f01,1781153805000,472266406,0xa7abddbbffaba0337b659fa8200e99a693375aa272ce9de1623a5241ba637636,1781153809043,1781153809043,1781153812000,37513476,0x354cf93430a53ba7bf3bcb29cc57f7b240b55842cc9bf62cac9000b7b1246c4f,1781153812010,1000,1000,SENT,234287,234287,112265,20000000,0.000002245300000000,1781153804883938657,116.062,13,4043,2957,10,7000,7010,7126.062,fast,25291966,1781153783000,25291967,1,472266419,25291967,1781153795000,1,12000,25291968,1781153807000,2,1,2043,
173,deposit,5.0,0xda9172978e0df7aea6bc97be07c86409508a3f832d69dc6c7a7b12262c5bc913,0x0763df8b6226f0328795040cb5d71e47ce1aa1db140399ea2d9a260daeaac324,1781155825000,472274391,0x4db1e74598754fd367448830f6295b73ee574c7ba1ad92b18c9f8def6f219eb0,1781155829098,1781155829098,1781155831000,37515529,0xf568b2529d85a8a929e649faa0741f6e84e4344ae76c47b5bb5d7ad5066205c6,1781155831017,1000,1000,SENT,234434,234434,112468,20018000,0.000002251384424000,1781155825218580315,-218.580,11,4098,1902,17,6000,6017,5798.42,fast,25292135,1781155811000,25292136,1,472274402,25292135,1781155811000,0,0,25292136,1781155823000,1,0,6098,
174,deposit,5.0,0x54d02e9659bc4bb48db71d273d53160357b83613deb54fc05b16b1c91bad33bf,0x0fdfc27427d5609cb3e9b6a2bbc5aad6042dc40317a7af4e4b6c3e4dd0d54b2d,1781159146000,472287553,0x1d5057e11a133f78031616098f897f218147147a86a2b743d608467c42e3cb6d,1781159148228,1781159148228,1781159152000,37518905,0x04216b6eace83a7f47399b63a575c745259fde1e9c311c069f8630ff2abf22b2,1781159152069,1000,1000,SENT,247071,247071,112388,20010000,0.000002248883880000,1781159144862111594,1137.888,9,2228,3772,69,6000,6069,7206.888,fast,25292409,1781159123000,25292410,1,472287562,25292409,1781159123000,0,0,25292411,1781159147000,2,1,1228,
175,deposit,5.0,0xda489eff72ae4ad65e985ab5f4cb94b741e87ea8bc079c78dece4091c2a2094e,0x25b8517ed378c98ba5f5c45f727ff8e901f6cd1c6989df802e61cd580e9a6b9b,1781160352000,472292343,0xc3c9b23ead0187f09cf088daa51e8d666c5cfd6ec25be77b7198dceb8a5efbfa,1781160355056,1781160355056,1781160359000,37520132,0x047668069910f6eaf91e9503d62294c73006141bb4b8732f50073e7ddc216058,1781160359050,1000,1000,SENT,234773,234773,112497,20074000,0.000002258264778000,1781160351233467539,766.532,11,3056,3944,50,7000,7050,7816.532,fast,25292509,1781160335000,25292510,1,472292354,25292509,1781160335000,0,0,25292510,1781160347000,1,0,8056,
176,deposit,5.0,0x9af85480e3ced2ddcdc161ce2525b0a67e1a438b1de2f8d50cf6d6d0833888f3,0x5446f5c46ed4bbfdcbb6b39c79ee42a35ece53025d5311286b4d88eae9aad51b,1781162394000,472300474,0x39a32417ff5552d20af24838d3f2f138e0a64438d094982dc186d2f8355464ad,1781162401573,1781162401573,1781162405000,37522213,0x27e81b8d1f4e42cfad65861c43ab612517ca36aec0923d0ad9330e1ba5074581,1781162405053,1000,1000,PENDING,236138,236138,112653,20006000,0.000002253735918000,1781162394086164996,-86.165,28,7573,3427,53,11000,11053,10966.835,slow,25292678,1781162375000,25292679,1,472300502,25292678,1781162375000,0,0,25292680,1781162399000,2,1,2573,
177,deposit,5.0,0x7050a869b9374614d5e91e91f1b9ee83078fd985f6af63b064ac44ae6972e849,0x7f4319685cdd97c37aa2755b0c7a78d5b62ad7c425385c6c6adf8ab8784346d1,1781164594000,472309226,0xc93e7f16b6452138109cd79d278b81f58aad1e4f4c5bbfe1d648d9ae99b122f8,1781164600894,1781164600000,1781164600000,37524444,0x52e40b65742699fc25a7505124d61d5d02a9c562ce75186db473c999edb6d42e,1781164600050,1000,1000,SENT,234764,234764,112414,20016000,0.000002250078624000,1781164593256698222,743.302,26,6000,0,50,6000,6050,6793.302,slow,25292860,1781164571000,25292861,1,472309252,25292861,1781164583000,1,12000,25292862,1781164595000,2,1,5894,
178,deposit,5.0,0x28bec010d67a24d2ea8b5b41553816cc8014b51526a2336fc0f8a2cc8dbc56af,0x26e4088c36cbbb36dcdce74130cde58e7226dc80e05d2637f28f7b82674528c5,1781165942000,472314607,0x284f2aa144aeedcc91074a4fdfdda44f64eccd90de14d57416ba50aa9c132aa9,1781165944616,1781165944616,1781165948000,37525815,0x4bcdc220344d6e1e95fc90939df34538294d6469747f3ffa232c7715f8a2de83,1781165948026,1000,1000,SENT,234738,234738,112762,20012000,0.000002256593144000,1781165942006774079,-6.774,6,2616,3384,26,6000,6026,6019.226,fast,25292973,1781165927000,25292974,1,472314613,25292973,1781165927000,0,0,25292974,1781165939000,1,0,5616,
179,deposit,5.0,0x6e12244131facc4a83722ee7011b9ab4dce6de70a83fb3ecfe94ddcda10262ad,0x9e607af9e840841ccb6f27a455af555f26a09d1b6a0bfef84d70e73ac8be93a3,1781167857000,472322252,0x213996cca971abe1eb68a1e5383b9ee88b2b24deabe0c2ed4da75f7980c7addd,1781167860480,1781167860480,1781167864000,37527763,0xc1d46c3f6b0433b5f97356341b43817ec500c5eca9ebf182d1b89521a023e583,1781167864074,1000,1000,PENDING,234892,234892,112960,20000000,0.000002259200000000,1781167856500105265,499.895,13,3480,3520,74,7000,7074,7573.895,fast,25293131,1781167847000,25293131,0,472322265,25293131,1781167847000,0,0,25293132,1781167859000,1,1,1480,
180,deposit,5.0,0xefdb8128bf952dc0ababf69112e07f9e9725715901282e687eafd6020035179f,0xda6496f33c0823043794efb72ccaf0b58b3130ef9e972bb6c0fa97e54d951738,1781170759000,472333829,0x5d9ed83c027e8ffd8bae487f402032a74115bebf5cc90d0e9546619c645069a9,1781170767302,1781170767302,1781170770000,37530717,0x20eed6b82230ab0cb6b22cd7d09080ca5ebde2b72855548d9ff857c9714dd9cd,1781170770065,1000,1000,SENT,234755,234755,112714,20000000,0.000002254280000000,1781170758911346221,88.654,31,8302,2698,65,11000,11065,11153.654,slow,25293372,1781170739000,25293373,1,472333860,25293373,1781170751000,1,12000,25293374,1781170763000,2,1,4302,
181,deposit,5.0,0xb14172c474f7f583ec236b86df139d7fc38aba9dc419fd6ee45c991ed620c897,0xc563416870f82d9863b5842b6fab5fb2617734d561552c88564705ed45c7002b,1781173711000,472345599,0x8748c7cdcd2b5e0ba0a32464f851f69b66a6a4c1834dfc5677ec99ed6b5532d3,1781173715699,1781173715699,1781173717000,37533713,0xc95b55ede792d010f9ef10640f05c826dffe873d1e99c1cc581b62341278fdce,1781173717000,1000,1000,PENDING,234709,234709,112698,20000000,0.000002253960000000,1781173709751223322,1248.777,15,4699,1301,0,6000,6000,7248.777,fast,25293617,1781173691000,25293618,1,472345614,25293617,1781173691000,0,0,25293619,1781173715000,2,1,699,
182,deposit,5.0,0xee9b6c6e389c80b4667157c487015b0bc04d6e091d6a550f0d076a49b9fea9d3,0x1450b682fb64be0b4415f53f977f903c333e4415370465a0739e4cfe8c15326f,1781174922000,472350417,0x0aa584b3d494dffa167dd449365ea5949339c6cf707ffd28c1c99d33d3c3c4bb,1781174924587,1781174924587,1781174928000,37534944,0x7a471561737f7f5601b16b322efe558655bd8621dd46dd26a7713834cb19b52e,1781174928010,1000,1000,PENDING,234710,234710,112529,20000000,0.000002250580000000,1781174921006654610,993.345,11,2587,3413,10,6000,6010,7003.345,fast,25293718,1781174903000,25293719,1,472350428,25293718,1781174903000,0,0,25293719,1781174915000,1,0,9587,
183,deposit,5.0,0xac99c5e04b4255599c5d585cd21b54ba2f533d79789aa56c434fb1a799de76ce,0xaba19580e77edff23963588dc66571199f1f57e6acaf6513a1107541441223ea,1781177565000,472360958,0xcb27efc4451498c129d5fc4a7d0c6d43e964068ef207b5fb4455499421e5c485,1781177575144,1781177575144,1781177576000,37537636,0xc57996d33b77927b7a08bca89dfdadb64c9f2be56e9e8f02830ba55e3eca0522,1781177576001,1000,1000,PENDING,235608,235608,112711,20000000,0.000002254220000000,1781177564179102161,820.898,41,10144,856,1,11000,11001,11821.898,slow,25293939,1781177555000,25293939,0,472360999,25293940,1781177567000,1,12000,25293940,1781177567000,1,1,8144,
184,deposit,5.0,0x06b9cc1883b2cf9e3360893b12f34826194e45dea2a1fd3deb6c985f226cc684,0x5a8e312598740136815796851455d4ce08574b35b9aaad5ca9e3b511e186cd6b,1781180626000,472373188,0x4913077f803bca317a64890894269be2c9b1b9e6a802a9d84ad686fd48f4b2af,1781180628614,1781180628614,1781180632000,37540743,0x4cf721fe2e2f7d7715176a1171aabe0df6fd68f4d9086b4940aa00669c9d60e4,1781180632003,1000,1000,PENDING,398554,398554,112678,20034000,0.000002257391052000,1781180624731929567,1268.070,11,2614,3386,3,6000,6003,7271.07,fast,25294192,1781180615000,25294192,0,472373199,25294192,1781180615000,0,0,25294193,1781180627000,1,1,1614,
185,deposit,5.0,0xab9efa67c2cc755f702371a54e9c912c7c73605f98227db8829bfd7a031dd63f,0x7cdd17a7df4c64eb03c0b0188926ebc78c42bfbdbb585dbff085c0789682fd2d,1781184404000,472388309,0xc7d9c38ca95d276a482281ed6fe5c8c55bba7f5cbef0f6b68e08107f3024b896,1781184407274,1781184407274,1781184410000,37544584,0x55ba80349128f4e58afc70f3e09849a7d3102e90d353223c19785ac0a8e6bf3c,1781184410034,1000,1000,SENT,234881,234881,112281,20030000,0.000002248988430000,1781184403943888956,56.111,11,3274,2726,34,6000,6034,6090.111,fast,25294506,1781184395000,25294506,0,472388320,25294506,1781184395000,0,0,25294507,1781184407000,1,1,274,
186,deposit,5.0,0xef0fc9a1a2ca8158252a74f0bb320c5f412a4f72d9c8125f101d369a04cbeb1a,0xa461e22694020df7f8cf81bea1fa2ad797c581d5bff06b7cf07e67651ffa62f1,1781186746000,472397690,0x23879dc38f9e44a433f56a65436630172c2240e356bcf85cf30fe90fbef36531,1781186750280,1781186750280,1781186753000,37546966,0xd034d2a18d4fff9ee3b51d6ead15d5ac38cee79d9ef6f8ff9c87962218dc07dd,1781186753028,1000,1000,PENDING,236597,236597,113619,20004000,0.000002272834476000,1781186746095668622,-95.669,12,4280,2720,28,7000,7028,6932.331,fast,25294701,1781186735000,25294701,0,472397702,25294701,1781186735000,0,0,25294702,1781186747000,1,1,3280,
187,deposit,5.0,0x5dd21f924cf34794960237caf50d50945e557c116f35330707b908d970a12c29,0x11d48b0acb59675e53739339f6a2099da6a04d1609ccea249cc7d00b52d19f61,1781187938000,472402463,0x9009ffcb858796e752dd0a047f57c74438a84ad174093630628fb6c76af5577e,1781187950264,1781187949000,1781187949000,37548182,0xe1ce7cd4c5769476d2b1bbe1e5c6dbc9a844b1c41c05c196e374c48cd569d6c4,1781187949033,1000,1000,SENT,237561,237561,112855,20010000,0.000002258228550000,1781187938244394312,-244.394,45,11000,0,33,11000,11033,10788.606,slow,25294799,1781187911000,25294801,2,472402508,25294801,1781187935000,2,24000,25294802,1781187947000,3,1,3264,
188,deposit,5.0,0xd45a4143b7fa96cfdc965491adb6f0b89aeaffd366891f265117dcc015f1c1b4,0x6f25ffacf4c097300774c390f9727fdd146d05eb6f64e074e381c2a980041a11,1781193989000,472426656,0xce7dac0e686bad66545ac74571e5ee5aeb91442530d5f42f3a8125bf5e67ea9f,1781193992857,1781193992857,1781193996000,37554330,0x2c2a820ddf5dd3345ab553059e3e8f116d4276146b8e62ec05e35b49fb1a2068,1781193996063,1000,1000,PENDING,262452,262452,113119,20052000,0.000002268262188000,1781193988514352295,485.648,13,3857,3143,63,7000,7063,7548.648,fast,25295304,1781193983000,25295304,0,472426669,25295304,1781193983000,0,0,25295304,1781193983000,0,0,9857,
189,deposit,5.0,0x9b7e933d1bb5c4f785dc225cbe9c262ad5654b6ef3e64611fb6d43a387328fd2,0x2d1eae966ac7fffb776451e00adb5f9aaf85246d194dfad2097eef7761936458,1781199091000,472447034,0x18db4a63be93d2ef3881daa75e344c6c6139adcab897b2f7fc2566ba47536ebd,1781199103587,1781199103587,1781199134000,37559554,0x864eca1af8126463e520547e32f6c1d61dba5a311adbc829ae86da13c682194e,1781199134056,1000,1000,PENDING,742424,742424,114300,20724000,0.000002368753200000,1781199089940896908,1059.103,45,12587,30413,56,43000,43056,44115.103,slow,25295726,1781199083000,25295726,0,472447079,25295726,1781199083000,0,0,25295727,1781199095000,1,1,8587,
190,deposit,5.0,0xbd42d018ed77972b3dbbbc2d56db2da1b28d80449025dfe7788ac131de3c72db,0x2d84919e2bdef42c50c1716fc6267f6945b5a6bde7431e0835b23690cf057f3c,1781200291000,472451848,0x5183f6488fb127ad6b4f533019f0ca478c64d3b3a5b9747c6cb422dbe8344669,1781200295105,1781200295105,1781200298000,37560737,0xa202a3e53311864793eb67ac1575d6103a665b88204f4a899631ca71cedcd382,1781200298033,1000,1000,SENT,412027,412027,122618,20066000,0.000002460452788000,1781200289729565606,1270.434,11,4105,2895,33,7000,7033,8303.434,fast,25295826,1781200283000,25295826,0,472451859,25295826,1781200283000,0,0,25295827,1781200295000,1,1,105,
191,deposit,5.0,0xb2a59555ce32e7ec3a49a3b43116da513a9ad84e98165660e48dddf8efa1dcce,0x609049e90281988cfbaed7801336851c2928c3dbccce3aba8a15b9463cf5bdba,1781202622000,472461191,0x053f56bc473e1fa0b4ddc7696a5c9a80fdac2f7de187afcb0324e8db17b7c1eb,1781202630044,1781202630044,1781202633000,37563111,0xbe2afe0dfeb9bbab784cb223beee6b14a406e48835ed18b591d45e057dd56099,1781202633014,1000,1000,PENDING,237614,237614,112143,20036000,0.000002246897148000,1781202619994234602,2005.765,29,8044,2956,14,11000,11014,13019.765,slow,25296018,1781202599000,25296019,1,472461220,25296020,1781202623000,2,24000,25296020,1781202623000,2,1,7044,
192,deposit,5.0,0x6dc8f8be4232a124ceaff816ed11fc58e0be37b3d32f9fe8ebda76b4cf8f0f82,0x916f00ca7da698fdf5b0ab18593cf6879f780eac14816df7c3a4f1e2982d961c,1781207823000,472482013,0x8ab7390c208faaf8998fc7d0f2971c0d6a2a2bc9a6ccb6c62fdcc8eea02ffe7d,1781207826971,1781207826971,1781207830000,37568395,0x9fa9905f54e50dc3db6c573c201280f675a82e0d452ee73d7324ec6c7accc4d3,1781207830080,1000,1000,SENT,236017,236017,112304,20000000,0.000002246080000000,1781207822841107072,158.893,14,3971,3029,80,7000,7080,7238.893,fast,25296448,1781207807000,25296449,1,472482027,25296448,1781207807000,0,0,25296449,1781207819000,1,0,7971,
193,deposit,5.0,0x36aa2a609715d4a80a7d1f73803dc34628dc320ceff20e18bbe32be4ba64149b,0x633b2c9a44484fdba5d15889bd0710b8cc82037849e60b3d0dccbf95517289b6,1781209166000,472487384,0xd5c79e441f68e66906ea8f981c593998651cea01ebc3ef335babea6a7fe24db6,1781209169453,1781209169453,1781209172000,37569759,0xbe92c9cb8fa0107d15ee79d45973bfcb5ee5c3b62f52ec22ad7d82e591808b32,1781209172020,1000,1000,PENDING,236030,236030,112298,20022000,0.000002248430556000,1781209165800134282,199.865,11,3453,2547,20,6000,6020,6219.865,fast,25296559,1781209151000,25296560,1,472487395,25296559,1781209151000,0,0,25296560,1781209163000,1,0,6453,
194,deposit,5.0,0x4dbd77a9063126e5b27a8c6a9d4da3cb712fd031356c4fbc33f8a5dcde3d0c67,0xab3bf6b0dbdc702ca05f755afe1c5804e28f62de8e7c4c207f5b11b9416f966a,1781212058000,472498918,0x5975ecc92e4b7022e2639b6089a409397323deabe04df729884d07fd62d41587,1781212060884,1781212060884,1781212064000,37572699,0x5be06fd0f9ab18d289ac89c5834ebf949b2b4dd8a8a45a45afe459e5740c981e,1781212064028,1000,1000,PENDING,236002,236002,112556,20098000,0.000002262150488000,1781212056458770606,1541.229,13,2884,3116,28,6000,6028,7569.229,fast,25296800,1781212043000,25296801,1,472498931,25296800,1781212043000,0,0,25296801,1781212055000,1,0,5884,
195,deposit,5.0,0x38771fcc7a901b376cc1dd9a0ffdb099bcb91531aa1e7c678fc9c363411ff0c3,0xccb7e53af57507e5cedce1ff7d5e257b64396a4be2fbf4d9d8dd47fd9fe959be,1781215055000,472510882,0x1f7042a75e95509340bd95d2297add99a0e737af1e2fda49b0363277857a7c2f,1781215062788,1781215062788,1781215066000,37575751,0xa38123602b577edc4af1b75ec5c8f866fb86f5bceb79a12a9d833edad856b316,1781215066002,1000,1000,PENDING,236110,236110,113900,20178000,0.000002298274200000,1781215055420471600,-420.471,26,7788,3212,2,11000,11002,10581.529,slow,25297049,1781215043000,25297050,1,472510908,25297049,1781215043000,0,0,25297050,1781215055000,1,0,7788,
196,deposit,5.0,0x29c4db7c37a98920ba08baf221b4268fafbaeab83d60fc237d03e850be123bc3,0x2a87e1cd7a6b6ac6a2e04905fb76ba7b2211ba1386a5dc7e8bf388a750eb828e,1781219656000,472529196,0xe366539babf2f05486a7101485623ab167cf841b2d212714c8f76bd278ee6e96,1781219659308,1781219659308,1781219663000,37580425,0xaa5c248453055ad93990a6bd34066abb7dc116418eb52e4bc415bf5de3361ada,1781219663001,1000,1000,PENDING,236030,236030,112373,20002000,0.000002247684746000,1781219655276814357,723.186,13,3308,3692,1,7000,7001,7724.186,fast,25297428,1781219639000,25297429,1,472529209,25297429,1781219651000,1,12000,25297429,1781219651000,1,0,8308,
197,deposit,5.0,0x0959b516afcc8e1b6237fb267d76f92c14156bbe2e6c07593f74d68bfbdaefcc,0xbf627212f55b6ad3fe22d8c10968c1f15cbbf9035c2b00ecdcc2f5039e977549,1781220856000,472533969,0xdf8331ce72f2e95eafb3a1b390d8961ccb910589e5f7d8cf6a4c1184254bd0b6,1781220859132,1781220859132,1781220863000,37581645,0x79d6d78f5d3625ca36dbe1dc835a40098d2789776b0dbb96cb0e33b1a1d59488,1781220863067,1000,1000,PENDING,252535,252535,112351,20040000,0.000002251514040000,1781220855036568497,963.431,14,3132,3868,67,7000,7067,8030.431,fast,25297528,1781220839000,25297529,1,472533983,25297529,1781220851000,1,12000,25297529,1781220851000,1,0,8132,
198,deposit,5.0,0x8798f49d1ea7d4824e27be341d9a6ec2b8a8c217fc5e182cbc25154e5fd1c586,0x83b2da4ea7eee74a3d30de22479fcaf90776ae5391060eb1a59eb2d9c47b1b39,1781224733000,472549428,0x1980baa949e5127fc51a212fc6fdf08b51b391b1592da4a72a221a50ca9385af,1781224739304,1781224739304,1781224743000,37585590,0x0e722a391e30855aea2233b108a7f8d4b80d02b7522ee1fe8bcb32f01465638d,1781224743045,1000,1000,PENDING,238433,238433,112335,20000000,0.000002246700000000,1781224731729632459,1270.367,28,6304,3696,45,10000,10045,11315.367,slow,25297850,1781224715000,25297851,1,472549456,25297850,1781224715000,0,0,25297852,1781224739000,2,1,304,
199,deposit,5.0,0x884dd7e3c743334b9f4c75553557a097410f6db9ddaae42ff9525f5d8acb892e,0x38498986fc02e562e0996e96cdfaf5f400ba728b9677ee057b875242868a9f3a,1781226209000,472555313,0x90adade84a935dcda95769277d10f767ea622b0883e688e3b283674c30b333f9,1781226212045,1781226212045,1781226215000,37587086,0x3812fbcecfe15f476f735c6bf60f124981770d51cb3c5b0e3f145e00882b4ab8,1781226215012,1000,1000,PENDING,253479,253479,112284,20000000,0.000002245680000000,1781226208878340755,121.659,9,3045,2955,12,6000,6012,6133.659,fast,25297973,1781226191000,25297974,1,472555322,25297973,1781226191000,0,0,25297974,1781226203000,1,0,9045,
200,deposit,5.0,0xee45d32a29c65b3d90807525c3e70fe555ed7dc7cb63408ebeb3535c7069b1e3,0xa442131029b0d7c28e4a5d14f60353b23b894dc7b8c446c2c9fc0dc44ed4d6e4,1781229826000,472569738,0x518b0d8e7d9b2c3788c39f940f634bdddef1a1069fae9b2e46e9a32016f4e740,1781229829512,1781229829512,1781229833000,37590764,0x3245823c9299827bcd14770aa65ca9958fe3af3c5ad1448f6a65ee07a0b6c0e5,1781229833005,1000,1000,PENDING,235884,235884,112526,20040000,0.000002255021040000,1781229825714603696,285.396,11,3512,3488,5,7000,7005,7290.396,fast,25298274,1781229803000,25298275,1,472569749,25298274,1781229803000,0,0,25298276,1781229827000,2,1,2512,
201,deposit,5.0,0xdd374b2b0740c7703b161b3fa262e7a8eb74c925c81711a80de65f65307c3736,0xaabd561b333c1e9f65e64b4409c758a896eef14ad37e01a151957ffd7d5c3e1c,1781231631000,472576929,0xf03897e4df9d3d577a18cce59b2006684c6deb845b6f3dc7cb39fb2fdd041fa0,1781231637347,1781231637347,1781231642000,37592604,0x6c53596b96573e2b41547eb577931d49d85cbe05a6d52d48a7a6865031043294,1781231642066,1000,1000,SENT,273458,273458,112494,20022000,0.000002252354868000,1781231629564799851,1435.200,28,6347,4653,66,11000,11066,12501.2,slow,25298425,1781231627000,25298425,0,472576957,25298425,1781231627000,0,0,25298425,1781231627000,0,0,10347,
202,deposit,5.0,0x135a4c1346824c11e0bb06e9f064eabec049bae4b3271392459acea675e2e4e2,0x8c0beceeee4849fbff1665828ed2c10a1cd3c54b0c549942b36ae97210e5cc5c,1781234848000,472589739,0xaef3f90b3b7e77beb1af3734c95a7cc55d0e4b342439a0ce2b5b9f0a45b9d7ea,1781234851085,1781234851085,1781234854000,37595869,0xae06fbe2bef67e4f0ebafa6035754f6d7a0df344d6030bb798ac133d9fdcfaf9,1781234854024,1000,1000,PENDING,236189,236189,112451,20000000,0.000002249020000000,1781234847368772622,631.227,11,3085,2915,24,6000,6024,6655.227,fast,25298692,1781234831000,25298693,1,472589750,25298692,1781234831000,0,0,25298693,1781234843000,1,0,8085,
203,deposit,5.0,0x118907fbc3e3d22a376002573605f6929e2f78ac13ee14bce310fdd470b15a57,0xa464ee140ffa85f359ad8058db439c01eed812144dd762f648b0a138976299c8,1781236258000,472595342,0x59b22a3cc91df2fb5f45407f26cef5aa448c235c1ba26be318901ae30af76d89,1781236261335,1781236261335,1781236264000,37597303,0x44265b23e71420a64a24b42b79890bd9321690d9309347d5ce9776add0c53bf9,1781236264050,1000,1000,PENDING,236196,236196,112379,20000000,0.000002247580000000,1781236257562365670,437.634,9,3335,2665,50,6000,6050,6487.634,fast,25298810,1781236247000,25298810,0,472595351,25298810,1781236247000,0,0,25298811,1781236259000,1,1,2335,
204,deposit,5.0,0x8dc545b461a2b1cc65dd9afbb6c9283585c7d17ef720ad54e33d549439b9d2b9,0x98318744b56b6c19fe3abf29573369d517f53e8b670bf298437b63f7ca30a7e2,1781239614000,472608671,0xd09591376b327e564bdc74cbac58ac2f80062d822f528c1075f21068fd0e55f8,1781239616859,1781239616859,1781239620000,37600714,0xb82714f5b2182dcd1d7633d5e2e38a113615edd62f8241bdfea0708909fb20c5,1781239620040,1000,1000,SENT,236113,236113,112400,20014000,0.000002249573600000,1781239612385612985,1614.387,12,2859,3141,40,6000,6040,7654.387,fast,25299088,1781239595000,25299089,1,472608683,25299088,1781239595000,0,0,25299089,1781239607000,1,0,9859,
205,deposit,5.0,0x64fbe491e52f36e4a5660759f649f81443f85ed1ca0758d55d5eeb45e67e90ac,0xe3fbc8ac9f0544b6eb1769fc5d95ec196f275ee5a7d87cf7938394d90c8be434,1781241507000,472616198,0xe468fdea9e9d477f54027b11584e4dfd34220a1affc115b19dac86b5a7220bb1,1781241515719,1781241515719,1781241517000,37602643,0xf7ad580501c63ee7955b846a01716c7437ac0e81563e34bc0331a247b86f3ff0,1781241517053,1000,1000,PENDING,236071,236071,112404,20010000,0.000002249204040000,1781241505473963482,1526.036,29,8719,1281,53,10000,10053,11579.036,slow,25299245,1781241491000,25299246,1,472616227,25299245,1781241491000,0,0,25299247,1781241515000,2,1,719,
206,deposit,5.0,0x975c898d59fb2d2b01f418201375b97d5c20e8e9d28f23fd00d4a21643ef7914,0x2e748c542117c618b195c9345ab823a835e8398b3c428d8a4459d2bf0555639c,1781243521000,472624222,0x1d8431fb700fb57ed892388c432ad433b61dcdd4a181a2b2385729093e600714,1781243528341,1781243528341,1781243531000,37604691,0x367e96413a84bb05791804423071c6533575d45a91e59ffa3b03b5d9d9c748d1,1781243531038,1000,1000,SENT,235871,235871,112588,20000000,0.000002251760000000,1781243520890638557,109.361,27,7341,2659,38,10000,10038,10147.361,slow,25299412,1781243507000,25299413,1,472624249,25299413,1781243519000,1,12000,25299413,1781243519000,1,0,9341,
207,deposit,5.0,0x2f4360902c04376bda1755795a8df44e1aae15dd635cbd482b7308be12621562,0xadc9c9c938bd2e18784611c925ff7fb2445948c6d7d1f45cff4e4743e34917fe,1781244733000,472629066,0xf9aa528e029aac8240e800a58a3da534a03d3246cedf4d548838b0bf9a32a5f6,1781244735881,1781244735881,1781244738000,37605918,0xd75a7f6b53a93de8e7adab58a64e36903d67a9c900cf34c01e70878134799801,1781244738030,1000,1000,PENDING,239293,239293,112410,20000000,0.000002248200000000,1781244732702384939,297.615,9,2881,2119,30,5000,5030,5327.615,fast,25299513,1781244719000,25299514,1,472629075,25299513,1781244719000,0,0,25299514,1781244731000,1,0,4881,
208,deposit,5.0,0x6b2beaf690aa87ff5dabef255e0e760f69fba3514ecb69417677dd37049a2366,0x7ac6a456135f4e28998fae2d25f0b8d7ad6db55bf1eb7dc404c18d373a85b8af,1781247053000,472638341,0xcc4a3428716e9d9053cbaa23bcd582d523f510ba1d95064756a6f596451d9c27,1781247060623,1781247060623,1781247063000,37608282,0x6f652e23ff7403eae998b60be51369a528233d50b01a791b44839145ee0d8094,1781247063028,1000,1000,PENDING,236826,236826,112773,20004000,0.000002255911092000,1781247053221859046,-221.859,26,7623,2377,28,10000,10028,9806.141,slow,25299706,1781247035000,25299707,1,472638367,25299707,1781247047000,1,12000,25299708,1781247059000,2,1,1623,
209,deposit,5.0,0xf88329b412e7bc1bbb86525940e84111d42114433c6a2d05f6a6be7806afe48b,0xc6b07ff12c09e5c36a70f1959b87ec49d4fac5d250bf8e868576820ab784fd1e,1781250475000,472652007,0xe0993cdb10ca8477267b9124d6a652b6e421c1a4c2e328274f784187cf990b49,1781250479342,1781250479342,1781250482000,37611758,0x344650a7ada0ad380cb4778fd217548c4feb639062ec30898dcac167245167b8,1781250482014,1000,1000,PENDING,235402,235402,112424,20042000,0.000002253201808000,1781250474651279692,348.720,16,4342,2658,14,7000,7014,7362.72,fast,25299991,1781250467000,25299991,0,472652023,25299991,1781250467000,0,0,25299992,1781250479000,1,1,342,
210,deposit,5.0,0xfd384e0cffb946f4a4de2cdcc68ca10617849c6d753881ae390847e10f686ef3,0x945ef15cd0d3517eab9c665eba145c6c19f8ddb196eba8e56f3e3150182ba128,1781251677000,472656808,0x87e2bb35be6fadfcdf8248b4ce9cae75f856fc095b9587830c14aa4495869316,1781251681810,1781251681810,1781251684000,37612980,0x7645f72cfbe3488791a9e03d5b69550c169d910d97b25d9dab7515cbe6a1690a,1781251684013,1000,1000,PENDING,249389,249389,112551,20004000,0.000002251470204000,1781251677236471866,-236.472,15,4810,2190,13,7000,7013,6776.528,fast,25300091,1781251667000,25300091,0,472656823,25300091,1781251667000,0,0,25300092,1781251679000,1,1,2810,
