experiment_id,direction,amount_usdc(usdc),amount_received(usdc),cctp_nonce,message_hash,t_hc_debit_ledger_time(ms),t1_hevm_burn_block_ts(ms),t1_hevm_burn_block_number,hevm_burn_tx_hash,t2_iris_attestation_complete(ms),t2_iris_complete_local(ms),t3_arb_mint_block_ts(ms),t3_arb_mint_block_number,arb_mint_tx_hash,finalityThresholdExecuted,forward_state,maxFee(usdc_atomic),feeExecuted(usdc_atomic),forwarding_fee(usdc_atomic),t0_local_send(ns),hc_debit_offset(ms),hevm_confirmations_at_attestation(blocks),hypercore_to_burn(ms),iris_wait(ms),attestation_to_mint(ms),E2E_wit_onchain(ms),E2E_wit_hypercore(ms),E2E_wit_wallclock(ms)
1,withdraw,5,4.8,0xc5c34fac8512cac34f3cedd8ba89994be12ebd168004b1bb2ecf3b8e8a536ea8,0x97823d997f6c46c6cf5f40d8b97778ac3f44dd48180a637cc1154cab3f7018f1,1780546485388,1780546486000,36896116,0xf68852312f526fc2c0e2966e8cc173a52e584d429af0e081b0ca643ca0c3c64a,1780546494980,1780546491000,1780546491000,469845460,0x5fcc97334698a6016516769330630b8a877ac81ef897eda68f4c037e992fa413,2000,PENDING,200000,200000,200000,1780546486222687478,-834.688,8,612,5000,0,5000,5612,4777.312
2,withdraw,5,4.8,0xc02c29603cabc25d188e86172630cfeece2601152ecc903c72da5bebc30a9dba,0x14241f0c906691353dbd99d3b4b77fbf6d2dc0c3387f83c153f7f9e5d6474e58,1780548207751,1780548208000,36897867,0x5ac5b8d9f6f03696232e82b643eacee8c431f41e268953fb310e34ce3594006a,1780548213285,1780548213000,1780548213000,469852331,0x0e2b67719387db644b9a816ea5744a90691357da9b51120ca265dac0d5869be4,2000,PENDING,200000,200000,200000,1780548208095206037,-344.206,3,249,5000,0,5000,5249,4904.794
3,withdraw,5,4.8,0x86a786133f201527bd0ff457ed7fa9f66b48598946234dfc32b2ffb190754bd8,0x62b167b784228bb016f3692c7043c90f91742ceeda8736bbc863a2feb1e9f4b7,1780550665194,1780550666000,36900366,0x7ca7f45105ff2c2c9ff430ea88d92e16e1d886c7750230d14d41f6f703ed8f8d,1780550673127,1780550673127,1780550674000,469862178,0x7b42753f76490c219da6ef872207b7afdc25bd62b7c5ebf9c48ee99e115bec35,2000,PENDING,200000,200000,200000,1780550665072338804,121.661,5,806,7127,873,8000,8806,8927.661
4,withdraw,5,4.8,0x97e77a19525b77a95261341a1b3b37948aa4c0206a56106c1e0052011da86417,0xb18ba906da978b559d087f3d55420a52088e4843618b2ae6e4f57bb3570920c2,1780550818088,1780550819000,36900521,0xbb0ddefa298b7430ce102a477161419bb29fb5e989e51cb44e3f07a039add9d0,1780550825704,1780550825704,1780550826000,469862785,0x7f0993b11b51d5b3f3166b96b37a034b4317425729c22a31a812e8b3e15481a8,2000,PENDING,200000,200000,200000,1780550817796239934,291.760,6,912,6704,296,7000,7912,8203.760
5,withdraw,5,4.8,0xbb742583c4c5e817acf42a839719e1619527bb587ed70d9b250b3dc65c5f72a0,0xb31d8471f7c074be34e0b87a9f34d2bee6b4598a3873b6db3f40e7f9c2ad1982,1780631995804,1780631996000,36983051,0x3441b811777b1f10e251188e58628e2fe9dc8b2402a7cc9e052df843b44debc7,1780632007771,1780632004000,1780632004000,470187590,0x10e41303eb1c5b344f5501d8125e86ef9363e1bd6ec78b386388ff74d2d89442,2000,PENDING,200000,200000,200000,1780631995319427241,484.573,12,196,8000,0,8000,8196,8680.573
6,withdraw,5,4.8,0xc65fc8ab3a7d5ebdde535d3a564132d376794569ec87b6f3ec588b355fde5ef6,0xcc456ec9ff54e92c5c89c3b3cb680d9bc5c70268a37cad14ad07e6163141c62a,1780634246285,1780634247000,36985340,0x671b2a31a57082950a3d3896d1e5d442808982aa9de6689ab0edbc6f79978b8b,1780634253285,1780634253000,1780634253000,470196607,0x12bdda7511e60aaf2a0aa007b26a2bdf099e5bc476ae0a6f63ef5bc42c480017,2000,PENDING,200000,200000,200000,1780634245863277691,421.722,5,715,6000,0,6000,6715,7136.722
7,withdraw,5,4.8,0x1b288cb182ced5167baeff2401d9186375573a451aedf108a97324f3c8b7e21a,0xecd0d0b14e98cf0935074725e76e9b4807d3a64bd6af7ad7003af073456061e6,1780635157120,1780635158000,36986266,0x5c17c67045c4278134c3a3c5f88bfbc9c1398675a6119b0f1f812e41cf2de4fb,1780635164617,1780635164617,1780635165000,470200252,0x7a64377c4e7f08c32e5e2cf713a38323c55d091e691e8533a4571b6c65356f18,2000,PENDING,200000,200000,200000,1780635156697347739,422.652,6,880,6617,383,7000,7880,8302.652
8,withdraw,5,4.8,0x721c46b7adb1b3d09c6b73c9278e0d4cdb5859381d41f901d62c6ce524335584,0x0251d9158f036a3c245d7a67e74a5111e4b5f0321658e406238c399318150759,1780635977142,1780635978000,36987100,0x7501d383bf095e1a27d3369e03a7b56b2d1f8edac17cdd2a5d7e597b61390b65,1780635985190,1780635984000,1780635984000,470203528,0x95a59c039cb00a0e5abbcf4344bdba86cdd2e52b184b87d9904a21acaa1c39d3,2000,PENDING,200000,200000,200000,1780635976653585894,488.414,6,858,6000,0,6000,6858,7346.414
9,withdraw,5,4.8,0x70d8b10a99d3b6f3ec30f5145b69e96c71b8266d1040fe6969b17b41c5fcd540,0xcb25164c20501d1ff32c8d29a1a7516f36e23c287c4ce5025107e07083128949,1780636734250,1780636735000,36987869,0x732e40b0c146ebd01a4c30ed440a88948cb279e9e9a85f5ce2b08d18e89e6d11,1780636745503,1780636742000,1780636742000,470206565,0x18a2098f771c9af1d0941b708661f1fb503f795ef9b09556a95b439656d5ac7a,2000,PENDING,200000,200000,200000,1780636733772945089,477.055,11,750,7000,0,7000,7750,8227.055
10,withdraw,5,4.8,0xa68127e5a0ba4c6c917625df869cda61aec7a093b80a780bb28b92278253d6c4,0x4afc0f359e232a11f65c170134ec73834aed9be2e7e0213cc81ce4d40f6b5687,1780638883567,1780638884000,36990054,0xf9fde48db487535fe9de41f4c6515e2971d57257b94787a242d4477d957752ab,1780638895465,1780638891000,1780638891000,470215172,0x6454bfddc1b55f4abf9ab912269da0b41c5122161c400192973507fc3c0bdad1,2000,PENDING,200000,200000,200000,1780638883018292754,548.707,11,433,7000,0,7000,7433,7981.707
11,withdraw,5,4.8,0x66ead31d27311f1fcef7a57d8f12b82fde69c593df2db50f90d5dcd02ecab19c,0x44743d49865c7e0dd23c066cf7f1d76197db6b6d19ced98af02b758bca4aef2c,1780641049651,1780641050000,36992256,0xb89ea7bf5b174919feb2cb597e93fb60752b1c69c5a68dee57cbc151cf8f6455,1780641059607,1780641057000,1780641057000,470223878,0x32cd9d23f73f26304de532db18317c3ed0bdf08e1ad705657dd683657a8a97bb,2000,PENDING,200000,200000,200000,1780641049145958243,505.042,9,349,7000,0,7000,7349,7854.042
12,withdraw,5,4.8,0xc796325f682a8e35164aff5d4dd8eebd6f12f777e6f8ceecfe9139fbf9b984ba,0x0b9a05b086ef12194d77281239e665019ab4dfa28cb0d264b3e1e070059e7ce0,1780642228954,1780642229000,36993455,0xd084b53bfde9eb964fcdbc228854b6ca4d5006e5a157c3312667eb67204c9c38,1780642235134,1780642235134,1780642236000,470228630,0x80b10b991b9ed181cd4b7ae2fa0797a814d99d1c7d4e78a735b1aed98737a6fa,2000,PENDING,200000,200000,200000,1780642228338313850,615.686,5,46,6134,866,7000,7046,7661.686
13,withdraw,5,4.8,0xeb606cf3a90330a3c46b08ea93a0c292c2409df884ef54f2eaa6e46b50320083,0x844f0795b7606e23d1035264297ff197cb9fd5879a4fdeef50700f2fd66c69ae,1780644032348,1780644033000,36995289,0xd054bf19944c81be3b31ba7bce0e02bf1436ae14995012312cfc53002e875472,1780644041759,1780644039000,1780644039000,470235877,0xd234d60bc185b60a657538519c57047346d19a76b7f612f79f6353b94afd0398,2000,SENT,200000,200000,200000,1780644031820898415,527.102,9,652,6000,0,6000,6652,7179.102
14,withdraw,5,4.8,0xd27ff22f48d857fac4f033c54194edfb5c4ef31942f94300cad75b30c2b6e253,0xa3b7ef0f8947880a6e1db55b4e5f80e296ae8284c94c20518e495b9095297600,1780646160239,1780646161000,36997453,0xd03eb92daf6e31152e7b670abea61f17ad0efe890a30c778a8b22f4b7f6da73c,1780646168197,1780646168197,1780646169000,470244425,0xbc70d387b6b0dc79221fa8686ef39d1ba2a4d83638b5fed3e17c2ae3d8978edf,2000,PENDING,200000,200000,200000,1780646159731906441,507.094,6,761,7197,803,8000,8761,9268.094
15,withdraw,5,4.8,0xb919a17190fd7bdfbf8c624efe3798c6dc33bff750f9e989d8d4bf626edee236,0xb49bc77c409d6090ef6ea2f10009b14093bda8bb97b2f6fe5d4abf23beae3fcf,1780647782680,1780647783000,36999102,0xb703c5fedcb5956a61ce5ee0bea83d9dd73871eaa759ce7dce4fc16e29260b86,1780647792056,1780647789000,1780647789000,470250931,0xcf05fe5a05ad6380df54e11ce3606d51ebf31110baafd45c342a9e0415e51abc,2000,SENT,200000,200000,200000,1780647782149301266,530.699,8,320,6000,0,6000,6320,6850.699
16,withdraw,5,4.8,0xae17afe1d8ed89fdbbe5fe9d338080c53cbba4a59d3b57b35842aabdd1c4f979,0xc8461a38e266cb625656d2fef821e45435321f0c71f15d32dbf6c5c41f157521,1780649710210,1780649711000,37001062,0x44ecde661b4c3554e6f5f5b9c30861d455480dc3e19c456e350191ab1a2e2e54,1780649720044,1780649717000,1780649717000,470258659,0x18131b454e14a0eb23456dd7ae02312832227a7cca22608e6e822d99137d6bd8,2000,CONFIRMED,200000,200000,200000,1780649709639372726,570.627,8,790,6000,0,6000,6790,7360.627
17,withdraw,5,4.8,0x2a2a75f9c06af3a8b6040b5ebf200a8fd3befb4d4959e72cbdcf8a347a5c9c69,0xb64905b4378903f6cc53cbb185a4b575e0707dbcdc5fff03194b2a3eb2f0cfb1,1780650362244,1780650363000,37001725,0x5d43516ec7f782494b068e200b638e6a73f7356122155af1187857e928edd684,1780650368842,1780650368842,1780650369000,470261270,0xd501234b6cd3dc8b37e8ded48b394d1ea80666537f16df07082a29cf1719a1c0,2000,PENDING,200000,200000,200000,1780650361566502387,677.498,5,756,5842,158,6000,6756,7433.498
18,withdraw,5,4.8,0xed7676c2e2ffbe23789a8d22dd362c4446db66a0365bd7afc5878b6052c68977,0x5638cd9c243a4687aa8f2b708d75a059e80f285aed498fc0f203e292b4e1eb12,1780656296303,1780656297000,37007757,0x7fc7d9e235501baa6c417660b4a6223a1546ed2334e58eb52b435347a5b23a49,1780656305012,1780656305012,1780656306000,470285060,0xcf23b78af7e8b66bf5c563fdba08fa6f21d31a8812fc217765b5382a8dc1e8a3,2000,PENDING,200000,200000,200000,1780656295600513826,702.486,8,697,8012,988,9000,9697,10399.486
19,withdraw,5,4.8,0x28d7663a98482cc6521349b9ef8b86dae568aacfb2c8d32cca5f2ca898463893,0xe89360bcd7e3c36c57839a19e6f06e4f1cb4f7b4ead3b10bbfb77a5455207f43,1780658474619,1780658475000,37009972,0x2accf1cec69de8ca132a69b614f2a1c23701968a4a8f9390dfed57762f219ce5,1780658480731,1780658480731,1780658481000,470293770,0xf08efb9f5323fc1ee85aa935b029dde8d7c57cda6d1b195b7554a9860368c957,2000,PENDING,200000,200000,200000,1780658474024720211,594.280,5,381,5731,269,6000,6381,6975.280
20,withdraw,5,4.8,0x1f07d3d79e3eccbbbc2f54883abb8aa8d013569837f44baf11efa0ed2ad47d93,0x8c01eb292d925f7fb382ccdc817db12e03643b49577123b79bb9f4a7de696afb,1780662955753,1780662956000,37014527,0x6275514784364eaad469c00870849b506831938b03800100a96a0dd4c387024d,1780662966421,1780662964000,1780662964000,470311745,0x56f5b44b2bd344dddc22ca7ff6451d07468a596d77a25f097e277207a1ef2bbf,2000,PENDING,200000,200000,200000,1780662955199130109,553.870,11,247,8000,0,8000,8247,8800.870
21,withdraw,5,4.8,0xae87ae42d22018233323a92960256d8f6b2575afb776a7849e0a1a3b3fcd4af2,0x41a69de9a73fe258d1f55b96e356c37617b6cb1d12a013f0634508576e1d17b3,1780663812604,1780663813000,37015399,0xd353b20cd8f27f3ea6f6530758126cda8480ad9a355f2ed77d5c6da93988a3bf,1780663819906,1780663819906,1780663820000,470315182,0x4c872c7454dddff198a52648841d9cae28fd023fa65f594cd07fbcd97ff1aeac,2000,PENDING,200000,200000,200000,1780663812181227830,422.772,6,396,6906,94,7000,7396,7818.772
22,withdraw,5,4.8,0x0aa74773cab650714343b4c2bb99675ac04ac588add48c1906de7d15702792d6,0xdf735b2f0de0ee25c228a2d4fe8a912c7c2cc9aca112983b8de8de40c7e4b512,1780668838055,1780668839000,37020508,0xc5c987ce577893642d30fa2ebce68b99eb4073edf1669e0a52f45bcb86ed3c23,1780668844229,1780668844229,1780668845000,470335363,0x1868c739884709267057545156e577457060183b11f671ab1e25c8509c4f2cdc,2000,PENDING,200000,200000,200000,1780668837379238186,675.762,6,945,5229,771,6000,6945,7620.762
23,withdraw,5,4.8,0x72accd96075fefe854b7f214939ea65e7e31b2c4f0b0a8ff0c61b3bc3cc3dd37,0x2cad8e125a950a731fc7c32a6843b01df7e5f78f0a6bffaf72e4cb93ae79464a,1780670001433,1780670002000,37021691,0xc1096a5e562ba776569abd3eb1e1ded7e88689c8483d318fb8e2c49b63597470,1780670010273,1780670010000,1780670010000,470340064,0xc5f79536e6d7afb4508ad770f1ebf50bc76fba60eba2be43016c14d4701f9aa0,2000,SENT,200000,200000,200000,1780670000816312076,616.688,7,567,8000,0,8000,8567,9183.688
24,withdraw,5,4.8,0x6b719ac2bd701e7b6d987ece4aff1f916542e893072a49c1d0a6aeaf6a40c8ed,0x85fbbfbbeb1cc9df5ec24362c82b6a3293d8b088f8e873ac043b3b687dd8b40c,1780675337220,1780675338000,37027116,0xafaed81cb7fc02e276d84b4cd63e74b12cfa6727abdffd030cc54613ded2f7dd,1780675343263,1780675343263,1780675345000,470361527,0xa14e7800a8bf8ccca54f4c325ec73f8025e2ae4ef8cc5221ce65177475d677c0,2000,PENDING,200000,200000,200000,1780675336586949675,633.050,5,780,5263,1737,7000,7780,8413.050
25,withdraw,5,4.8,0x0da6f2fe811d806ccb6fd0b580461daff65beed860b339d2eea68a0fa982d9dd,0x883ee174d769ab052c914dd4f1ae5203d0f4f3a805456b2a24f291020fea54f1,1780676610317,1780676611000,37028410,0x53a7c49d5d6256864eb7da11ffbc2193438fc5ce220a113b67397a7922db041b,1780676617029,1780676617029,1780676618000,470366654,0xc8b1e79abf8801175b268342100a6bdf08a33505414d5405be6afaa6e70f8911,2000,SENT,200000,200000,200000,1780676609830869085,486.131,5,683,6029,971,7000,7683,8169.131
26,withdraw,5,4.8,0x1cb3cf6b7f89b0458da72c7887499a1f3eb6bcfc3654b8d2f6e3a7e4251e99f4,0x5de9ae1c254116b2bc17a9c3f76aa8f5f99e8e502e85bd03055051e9422d25e4,1780678869492,1780678870000,37030707,0xda326257d6104e8cf5643afa73c8095dd767837465f971cae343aff90b57a0c8,1780678874984,1780678874984,1780678877000,470375758,0xe5c12b6f71884cd30efabe8b36b20a5192c0df721cb52a700c905ba018ee6c90,2000,CONFIRMED,200000,200000,200000,1780678868439803589,1052.196,4,508,4984,2016,7000,7508,8560.196
27,withdraw,5,4.8,0x692796165249ba7a6c36f9722c6c9e5f6c88dc3fee51595964df4a9a377b7d65,0x1f0f136f24b805146ce1064fef6018b423420676790791b2ba28ecffcc5a5818,1780682104633,1780682105000,37033996,0x9c20d93386acbbca9192ca8fb7b01a6d171373bf73b91a8ad6ff667f68fe8ee7,1780682110866,1780682110866,1780682112000,470388755,0x02a13a038c989cde18305605f779bca599a7a1f4ecd0e719a2421b9b4ae5093b,2000,PENDING,200000,200000,200000,1780682103774230039,858.770,5,367,5866,1134,7000,7367,8225.770
28,withdraw,5,4.8,0x61428189fa8c7e7b9fa87bf61f823fca64dff0007a48783b9c14ac66736f3e80,0xbba83cb7c6fe18856d25f73c4ee5dac4777ec05898e769031f06bcba1efb5893,1780684154894,1780684155000,37036080,0x4b72ea8107c7e6141422144904fbfb9f6139f32ae66ff6f7d83f36de120e5740,1780684160976,1780684160976,1780684162000,470396975,0x873caf043a9b9fb09b12cdfc229bda50b07fdcd2b1062d09ce68dd1b19b773bb,2000,PENDING,200000,200000,200000,1780684154334695225,559.305,5,106,5976,1024,7000,7106,7665.305
29,withdraw,5,4.8,0xa634e4f1a95212ec1d2f68a179ff8096938e2b9ff8ebafefda85302d4c566e66,0x2390933c132b09cc64bf5f1912edca34d8107d8bfe836a169071039d85865fb6,1780685678772,1780685679000,37037629,0x0f7cb0c699be60deaff0cdd34b2ff2b11df9f90cd8412cb576e5dfd2c22fa875,1780685684410,1780685684410,1780685685000,470403092,0xac479bcc0716d9b632dd1e118290b04ec34a56032213c6fe1887501e97083565,2000,PENDING,200000,200000,200000,1780685677918454026,853.546,5,228,5410,590,6000,6228,7081.546
30,withdraw,5,4.8,0xb197fafeaafa0dfa14ff42499ee281742dd30d3996e94613df85e55961b3f9a9,0x958dfc51773f10bea6b21d4fe1a732c5df332988862e7a6914ea0991701fa3b2,1780690705102,1780690706000,37042740,0x853325a818f1f70193fcf21b9c560c86a43a21332f9d4568f9a7cbe85451f7ec,1780690712657,1780690712657,1780690715000,470423315,0xd6475987da5c7e3507c305ba455d9c0afa17e6685f9c25182c27c708b6b3bed6,2000,PENDING,200000,200000,200000,1780690704408830754,693.169,6,898,6657,2343,9000,9898,10591.169
31,withdraw,5,4.8,0x8cce7f85922e1015ac31e684972aaa94c79708c6cb5305852f7027705099b38d,0x506b0accdc9c3f7f325e03abf14153a19e5d592791e1ca76ad68a51550bd1c4c,1780691911949,1780691912000,37043966,0x53b7c1e80fe6f9834e0d661575865498547c63d38bbf89681a2e49e2980d9a2d,1780691918453,1780691918453,1780691920000,470428163,0xea83b0f53cfb0fde55a3e3c60f07a71402fa44e8f98ff36e037af810fe1f111b,2000,PENDING,200000,200000,200000,1780691911129035369,819.965,6,51,6453,1547,8000,8051,8870.965
32,withdraw,5,4.8,0x93b30e140442278f3ccde40bc92301eb9adc3f83eae5e24ec96d9c0d6f1bbcc6,0xbbdcd2b1bd9c855526d9c28b38fc7e3744f01cd75abf3a42d9870a3f23556fbb,1780695023249,1780695024000,37047130,0x8bc2d3ed1817d3b7297e9f2afd52b6c229dd8b0dec9516bb7b96ae66f21a6d49,1780695028841,1780695028841,1780695030000,470440668,0x536520cbcfe3fc9009af892ebadccebdcb24f6555f0428e70f09f4fd60335d2b,2000,PENDING,200000,200000,200000,1780695022787465942,461.534,4,751,4841,1159,6000,6751,7212.534
33,withdraw,5,4.8,0xbd28770d8befe5cdeef23a062aff7296db2ab2e77956ac4a614c6d259534aca6,0x55749a70352df71d2be5b4958c465de719a5da944402c4c347938b337eb8825a,1780698486817,1780698487000,37050651,0x73d323dfe5897ec110f9011b53ea04bf6f849e88be4e03d125e1897ead36d3ae,1780698493958,1780698493958,1780698495000,470454551,0x15f8306abea3b71172d3273af22f34a85918e2caa6f274ac5b30afb0f0239d37,2000,PENDING,200000,200000,200000,1780698486224825422,592.175,6,183,6958,1042,8000,8183,8775.175
34,withdraw,5,4.8,0xcda57d811248e95162ba802f7e9e2a496fb41a2383d48ad486b75df2900d61ce,0x4a395309afaef15d6f837a11cf8bc1d4c701b2a4b825f90c1a69d640757c2443,1780701523598,1780701524000,37053738,0x6a4d7dd8a0a702f6e169a1709e5db1476b5a614a2a69786eb8c1b30b1672906d,1780701530325,1780701530325,1780701531000,470466712,0x4d561a2d692ddaf9776d0d4acdd044f79f8629e2b57c4a4eecc9fc52066da10a,2000,PENDING,200000,200000,200000,1780701523021906009,576.094,6,402,6325,675,7000,7402,7978.094
35,withdraw,5,4.8,0xd8440f4a5dad544dadcfe7641d234ca0d7caaa0c01155376cbc42f9488d3d5c0,0x3eb38731e84e16f73d35d0e4d33f7d08cde8236673df0127ccd0598cce516941,1780705370774,1780705371000,37057649,0x636031fa0feca88fae1537ff7525b90263f12f650afcf1792d1ed2d63caa9263,1780705376422,1780705376422,1780705377000,470482122,0x02d09b5f633dd59bb71855beffe4c327565218dcf2cc0dfba73fe24447285fa6,2000,PENDING,200000,200000,200000,1780705370324412759,449.587,5,226,5422,578,6000,6226,6675.587
36,withdraw,5,4.8,0x6fea0833c9c3f640c3bbfc902ddbcc4d4b2a2c537cbffe50461ae3a966caf3d5,0xc30c8a69514c1fd9b5fb3c2f68931d3ba6e25db8ff58ffa3b4a84eb93369b827,1780707636099,1780707637000,37059953,0x9d89609a0ff5148ee654c28c70928dbe4290f4a1a14ce11694ba5b8b8a51301e,1780707644672,1780707644672,1780707645000,470491188,0xed0b8f9ce0e60290059b482ad3c2d4d74ec9b57858e3638e813efec224fb97f3,2000,PENDING,200000,200000,200000,1780707635653978804,445.021,7,901,7672,328,8000,8901,9346.021
37,withdraw,5,4.8,0x9abe20781f0dd286f00ad5b619f9820defedc86b8555a352ec39377bb99b41ef,0xc6984db3cf7cc4f2ea7221ff645dacc901ac896c03b8c54c6ac4ae435eedd172,1780709966137,1780709967000,37062322,0xf6afd4394d6601978399306836f64fe018ea8e68bed8e8142b0dd22abf93dbeb,1780709971675,1780709971675,1780709973000,470500475,0x56d2a368572989e6d1ddf138de13440e9229d0ecfc4cdcf6fda55d8c3dc48adc,2000,PENDING,200000,200000,200000,1780709965030963425,1106.037,5,863,4675,1325,6000,6863,7969.037
38,withdraw,5,4.8,0xe596dbb1652ae4d0a5a6eb5a02eb12a33ecfd844ac61b4ddd1a7c31d502214eb,0xb85d5948ecdc2a30895890d0cf98005b4206c47b6aed5af976297ee283ead927,1780714605178,1780714606000,37067038,0x394045e0a36df5e6bebbd8d937c5abf83faf5d3442721cca5eb8648493d82118,1780714612913,1780714611000,1780714611000,470518937,0x8db307416070e7b50231a2f097f60fafba641f6917d752b10233ff0bc05b68d0,2000,PENDING,200000,200000,200000,1780714604436567458,741.432,7,822,5000,0,5000,5822,6563.432
39,withdraw,5,4.8,0xcc8df33239bc2243d7c19fd00450f4c910777315581f26189f0d20bd02447eef,0x7565d37ca40b5951b6416ed704bae19885b38ff8621eb7d3a3e6b91bf7e635d7,1780717432379,1780717433000,37069912,0x2ed92dce98213667a38b5c697613ef5dd2e2697d9091659d2825126c7ff1838d,1780717438205,1780717438205,1780717439000,470530215,0x38978ccbe74de17e164f9885cb110bd0011deb8be1d801413a9bae206c08a321,2000,PENDING,200000,200000,200000,1780717431313430905,1065.569,4,621,5205,795,6000,6621,7686.569
40,withdraw,5,4.8,0x1d2d02328a5b4f1d017fffa3766f29a74fc477fa5e2ca5a77eb1e455d3c80f71,0x05ab6fb6f3653a87b4612773e1d3ecb4d60bb105962bb8060eea77f13d2c0187,1780719466563,1780719467000,37071980,0x59af77e88006741fc76907df002385a3fff3fbfbb40d0824631751abdd3e4eb8,1780719472179,1780719472179,1780719473000,470538346,0x70d91516f81830a2fe6ef7a1694382b09a95908f629a2858dcbba6eb3a3c9f71,2000,PENDING,200000,200000,200000,1780719465988052209,574.948,5,437,5179,821,6000,6437,7011.948
41,withdraw,5,4.8,0xd54e232013880abe27782334fd302462ba67c725c7181a48c6279bbb9b59ac78,0x6ed7a0c6e0d7092d8472dc2ab8eeaa955bef725da6bf0b0b879dcd5b81150c27,1780721408095,1780721409000,37073955,0xdc0e7344023ba3570be732189971d7e02e854796912552ae90b510ec75d6edc4,1780721413795,1780721413795,1780721416000,470546138,0x3da4235a46fa385ceab424f40ec21e558d3ed9c928973be9842f8c61327d7868,2000,PENDING,200000,200000,200000,1780721407227811806,867.188,4,905,4795,2205,7000,7905,8772.188
42,withdraw,5,4.8,0x579470d234af3f2e31a52304d7653120efbf4d1e51e698406430f3842bd44a31,0x5c0d0a43ccde64e0dc6fe2e27eab4709abe4f9d1ac8b2234518b8ee77fb88766,1780724991570,1780724992000,37077597,0x2c7c13ba6a9bc420a4ce43ad7e2e7cd7a3f99a2640daa7295ca6d278b171801a,1780724998952,1780724998952,1780725000000,470560560,0x6ecf468e10e2995dd51fb080610fc957a8e57802932ce1c8d0ff90edd9000972,2000,PENDING,200000,200000,200000,1780724990870217624,699.782,7,430,6952,1048,8000,8430,9129.782
43,withdraw,5,4.8,0xa4231aede30d1f63887c5533233dbdce4db2d0db98120ac93e0dd9330722f205,0xdbc357dd8d0785c726d327e806c32f4b861629ae733eaf068c42a7203d63dd60,1780726535293,1780726536000,37079167,0x2b394fdd716cbbaf9d71f585e52d2c102ad127c38a9f162a5692b6d4120574f7,1780726540807,1780726540807,1780726542000,470566739,0xffa7c3a4c2469c9b425ad658e7ca0b38e9c2fd8fb4e53ec86ce6a96e5328e44b,2000,PENDING,200000,200000,200000,1780726534868558233,424.442,4,707,4807,1193,6000,6707,7131.442
44,withdraw,5,4.8,0xcec5abeb8df57ecceba8289733f96154b64a599dbf5e5697d731c07930eb6543,0xfb6ba54b53f5603c66b1a6cf48e474b003d33c600dcfe148bd715f3503c95caf,1780730639737,1780730640000,37083339,0x1f4ef82f471b58b98aa55edc6c1819789ff32f7d7df5290fcc4e5a04913c26aa,1780730642762,1780730642762,1780730644000,470583120,0xaea934f28cba6023007b569dd6bf6a285625c5babd89a0d186cf9d828d2572f4,2000,PENDING,200000,200000,200000,1780730638328343067,1408.657,4,263,2762,1238,4000,4263,5671.657
45,withdraw,5,4.8,0xe421733a7ce92c3bb1a7deb833b3269d733e214bc55828db3a8b9ddee2c68546,0x87490829316679edf6894aa6e67b0f65d39ef212a20909d15f8c65a43b3c96f6,1780731832853,1780731833000,37084552,0x1f3aedd49df9cae98ef8aa3acd354a45ecefffd94e1e6f8ba0decd3b5e311830,1780731837737,1780731837737,1780731839000,470587865,0x6fa8e008494ce9fdf8d2bde46c7f36f865206ba8b16ae782b06685a991f2e878,2000,SENT,200000,200000,200000,1780731831106913678,1746.086,4,147,4737,1263,6000,6147,7893.086
46,withdraw,5,4.8,0x9ceee2bb7c869261ecfd2346d8ec342466b5c5e2040200be46ef24e0014fe72d,0x34c6e9db74494672c9430c5503e23e5199933a833c271947aa862bb8c3df0424,1780734344857,1780734345000,37087106,0x9bb5b39aa64946149234301c31765f7e93d3d1df6faebb2008ef136c3730c72f,1780734351533,1780734351533,1780734352000,470597857,0x72d09d07b3b35e9779bf61fb1f914261514e62cbac578d2fb938a45b53273cd5,2000,PENDING,200000,200000,200000,1780734343317168484,1539.832,6,143,6533,467,7000,7143,8682.832
47,withdraw,5,4.8,0xe4db681b0eee0eb36fbcffece13730fa0bdb865a586f4242b9a49925f49c7f2f,0x4f311faa89f7a6b4a954b2ddb8382a9d748599e0ec423e2500d82d28b57ea735,1780737457721,1780737458000,37090183,0x75d7cb85334d7e1bc6f0104ef1826df5ed298b83ff4bb7033b2deb0b05f51ea7,1780737464408,1780737464408,1780737466000,470610306,0x7458ea4355964b6d94fa0e74af5d1b38c59be0488d5ce980e78ef19e4bd4e8e8,2000,PENDING,200000,200000,200000,1780737456965823666,755.176,6,279,6408,1592,8000,8279,9034.176
48,withdraw,5,4.8,0x9250bc247705ca101d256e90b77d80aec60094ed7b4a0e6703a1d724a189d907,0xac077f0c492525eae446352049471aaf7143050cb33476fab093e920c043b93b,1780740085893,1780740086000,37092855,0x3e8a48538e069f59cc36e1153c686af153afd94b2030eaa19914b1aeeef36a2c,1780740091646,1780740091646,1780740093000,470620753,0xd0bc959603bb4f81f697c3ece9df13684bdce52132f1c867cf57f7a14460fa5e,2000,PENDING,200000,200000,200000,1780740084610882278,1282.118,6,107,5646,1354,7000,7107,8389.118
49,withdraw,5,4.8,0x9ea8980cc291a65578032e575f0911c537490bb54bb365be71f2a1865f448cb7,0xcfb3abed21576d63033d9a33a7de621e370cc67bf1fd63351b22bb13f5b7ddcc,1780743439678,1780743440000,37096265,0x56ebdd9e97166bbd4eb5147761eeab3a7c177c236db0665e228afeffbb30e008,1780743446744,1780743446744,1780743447000,470634168,0x046cdd64563367a1d942fb7ed00b517eec6885981825208344a3eda2ffc4485d,2000,PENDING,200000,200000,200000,1780743437644149965,2033.850,6,322,6744,256,7000,7322,9355.850
50,withdraw,5,4.8,0x3f83921753828fbee4b0cbb28553f98aeb7e46eb358912913fe9e099716a262e,0x85fc59ab2225980a3e4c00c57bba029607e0f1bd599259cfc773d31d284da8c9,1780748062059,1780748062000,37100964,0x76fe828f9e826756f87be4906531f311f4da098563bf9b81a817f65febf64e36,1780748067242,1780748067242,1780748069000,470652615,0x106e7c7c7eb86edad5eacf02415df00ecc0fd0ac461346af293e4e1410817ae8,2000,PENDING,200000,200000,200000,1780748061024465279,1034.535,5,-59,5242,1758,7000,6941,7975.535
51,withdraw,5,4.8,0x2b2769bd3ab9c2d652c19b8f150ff41cbd92469d57941f32e519d95399e034a1,0xdc3097965641cf8f5862db8bb60b00eae2ffa9ba025e2497ab8876a0631ba1e0,1780751257595,1780751258000,37104213,0x3c79455ce60600decea069e393c8e89a73e23f1b10fd62c23f2b80b30149569e,1780751267936,1780751265000,1780751265000,470665368,0x895ff75091104bdbceed35eddb079a18464b76d467c73822e1a2a911a095e04e,2000,PENDING,200000,200000,200000,1780751255805255096,1789.745,9,405,7000,0,7000,7405,9194.745
52,withdraw,5,4.8,0xc833902ee2f80e8e117f299a7275819e73b1d47fe634d9c3b6b8515d2b4a5839,0xe45a4d09d944bb1332613e6df365a00a5ec9da81f7b43cc37a56fc6d9491e9a8,1780752335624,1780752336000,37105309,0xd4eef0978ec02cc3ead819b7420fbf35ce801b825b26361ca6a1f639bb19e560,1780752340225,1780752340225,1780752342000,470669665,0xf7c4668eed4d69f1fddfa24cd256a0e2462d24a694c31ae3b24aba7695e68861,2000,PENDING,200000,200000,200000,1780752333856259832,1767.740,4,376,4225,1775,6000,6376,8143.740
53,withdraw,5,4.8,0xe572020c26b47f3de212b9a03177a5a0b3fc10c642d78f7d0972834a9ddc4cb2,0xc3e6c64b94c7559937d91f4fa773d55066f1b8f45a851e5f372483f3f5a64832,1780756956543,1780756957000,37110007,0x9d6077271c4ff8e2d0e62d512d1a13e4bedce784ed47a175bd244d11cdc1eaf7,1780756962197,1780756962197,1780756964000,470688153,0xd09c3669e40e999fb2c9c877969439441799ff62c3519a28b4615a16d64d56fc,2000,PENDING,200000,200000,200000,1780756955167498659,1375.501,6,457,5197,1803,7000,7457,8832.501
54,withdraw,5,4.8,0xce0c425380dbe458c762800dfe0b4897fbba1704270f450f29e34adda2325f47,0xf5ee8573c0b2fbfbc59bc437dff497faff8d526879166db4d86402b4647f16c3,1780758368121,1780758369000,37111443,0x0cf2a9b6b11c230e8f186ca3f941bb3b184d55ac99ef639553fff7a29ffa3b3c,1780758374055,1780758374055,1780758375000,470693800,0xb1ff9db8d5da5b6e1a902babf8be15422ce95942e7e0882de7284b69117ec77e,2000,PENDING,200000,200000,200000,1780758367085445508,1035.554,5,879,5055,945,6000,6879,7914.554
55,withdraw,5,4.8,0xfd5766ce167b11a703b55e44fc835d18dead726f18a001b5a22d1f2e9348b018,0x24cf66f4dc4a5b77af5dc8aaede9606e11ff429a73b9b5f05c46093a351c4894,1780761213176,1780761214000,37114335,0xd228a897f8158259de6b518f7bd89e7a28aac799a3eaaec1e059fef2fe761c79,1780761218847,1780761218847,1780761220000,470705168,0xf0d8f1f116278cabd8a0d90346b43c22d63f6ad0d4f8fe729e242a5d88cafb57,2000,PENDING,200000,200000,200000,1780761212084990782,1091.009,5,824,4847,1153,6000,6824,7915.009
56,withdraw,5,4.8,0xe16a6950eaaf46d17feb640286546f7b0594e0291e67bff12916966b4daa2a7b,0x0e9a6f02ad91c6fd3d3e42a5f1d10378a5b7c0acb97110972d562a90bc61e950,1780765865306,1780765866000,37119065,0x1f14d0cacbec255b1cf716f3a46c255aa71b2b2038fe0f2aa0ff85d56ba73077,1780765871248,1780765871248,1780765873000,470723737,0x1d3a85c71a1a822194dabefc6861ffc72216b98326f5fef9aceb8ceedab18027,2000,PENDING,200000,200000,200000,1780765864628622570,677.377,5,694,5248,1752,7000,7694,8371.377
57,withdraw,5,4.8,0x3c65d227fbdac918e83e03bf07408fa09b77d48c9cf7d4cb67c3d0577d4b6cab,0xe0957fbd72c3cbabf06d2680d1659f09cd76f65654f7aa463da8181eec8608b3,1780767559740,1780767560000,37120787,0xd492f9d3aeeb5264d148c496f22781d33bd93715861605089cc5b69bec3ba9a7,1780767567075,1780767567075,1780767568000,470730492,0x408984351f2983c1e771586a85dda9aad84082139ef5ad306edbfb53d40169c3,2000,PENDING,200000,200000,200000,1780767559217757286,522.243,6,260,7075,925,8000,8260,8782.243
58,withdraw,5,4.8,0x855fb0d9b45b835296e7c45d188f741b5f2cd0de073502160fb26eb92f5fbc6c,0xbe2224de7725f7743e20b6330e347f89bf9e57c860a6729d2f6951d506ecd34a,1780771658636,1780771659000,37124954,0xb24d61443fd53c7c7c54ba2c03063105e68d64ac916af152cfa0310c8b998069,1780771664810,1780771664810,1780771666000,470746801,0x9b1acc82b954ec1362e2a300ccf1a0c1433d11e27180be3bf80c9277f947cc47,2000,PENDING,200000,200000,200000,1780771658259110660,376.889,5,364,5810,1190,7000,7364,7740.889
59,withdraw,5,4.8,0xac72172389b0206e4cc2e0a2a64895d864f3bcfe1287f9bddbc164d1e776e064,0x8eab386662779e294de4dcc9dc2810ffb2708329f38fd3873d05a9efa8d42d50,1780772811429,1780772812000,37126126,0x14569086770954420c5d422ecffe61bc3a6ed91fa37817d43d908ade152b35ee,1780772817146,1780772817146,1780772818000,470751402,0xd3fdfbeb150c5b8692e2fa1b14a0b8718e96932fb31afbea3a51207b222c75ff,2000,PENDING,200000,200000,200000,1780772809960600524,1468.399,4,571,5146,854,6000,6571,8039.399
60,withdraw,5,4.8,0x9d1604e15327fd09eb87378e0eeefac856110cdbd34248b43e02eacc1c734fea,0x3bf9fa11f98d74b562d528dc1f5396d9347fdb0ca07b198c0a96b97950c33eca,1780776057108,1780776058000,37129426,0x4525155eca73b819dd4b2ecc77567859fcdbd86f907dd6caabf89448eb24577b,1780776062369,1780776062369,1780776064000,470764226,0xd3e350e21741e3373374922f09ebf14edfcf1e7e48efdb92b685bf82d6c1e018,2000,PENDING,200000,200000,200000,1780776055962563307,1145.437,5,892,4369,1631,6000,6892,8037.437
61,withdraw,5,4.8,0x09b08c28c7fb6208ab8389adc731423047b77c30569bd71080758e9f18c1e675,0x1febd7e3b5937810727091f3ef80df7f39c54e328d50316fa4e7ac97976eec63,1780778620186,1780778621000,37132032,0xab7742535a7b6fc21168d0a60d3696015a6459d3bb9b1aba0d09bbb00a64fb74,1780778626259,1780778626259,1780778628000,470774259,0xa798fa21a6aa427bbb5bcbdb6c099bf3568b5c082677435dafef1f8060f51811,2000,PENDING,200000,200000,200000,1780778619078615865,1107.384,5,814,5259,1741,7000,7814,8921.384
62,withdraw,5,4.8,0x2e39e68801d93f615abc0fe2b45bc2c52d54ba510fedb6fdc98885cfdd72aecc,0xb72181dc338e6564a466c996b0066e45f046cd122c734d84ce8f0ef019525acf,1780782461098,1780782462000,37135937,0x070541a1e8865c3b972ddc2fde4128d645d2f930f7dd44e8a3dba38e293345d6,1780782466533,1780782466533,1780782467000,470789494,0xec7eaacf34ef60df65780fb7d00dbcde1ad5d9a0f03aee08df3e6121fa2b789d,2000,PENDING,200000,200000,200000,1780782458835215257,2262.785,4,902,4533,467,5000,5902,8164.785
63,withdraw,5,4.8,0x8d780cf29bd63b94a35c54c5107366cd38d0cc6a1e0eac0abd205d71e94feb1e,0x26d030e4a5a0709b710083cc2501b67d339ec804f7074e8dfe9d72d3c652225c,1780783708011,1780783708000,37137204,0x0a647517fc26f765579d7022b232dec54a1f5c3e1acf89a416926ea7ecaadac3,1780783711430,1780783711430,1780783713000,470794419,0x032c51c9aa0dff9088fe7cc3292cd1352797ed103d384fdadc43d2825313cbd0,2000,PENDING,200000,200000,200000,1780783706664162433,1346.837,4,-11,3430,1570,5000,4989,6335.837
64,withdraw,5,4.8,0x70f8bcd42ed39978933654a2cb0134b4175c6f8a2735a2c5f9acea0a937f9c8f,0x30b4e92d9a2a31c69ddf87aa78c26140876e42df7ce2f053691acfef76d7ab4f,1780787761455,1780787762000,37141326,0x8a0d533059b77d486b2b81d7605dbf6200c1d9aff05a2fece934e878af7464ac,1780787768466,1780787768466,1780787769000,470810250,0x97467e7007d7d75188a7e9f2f6078d360e0734a53e9bf7a55d0a81613e877577,2000,PENDING,200000,200000,200000,1780787760460574613,994.425,6,545,6466,534,7000,7545,8539.425
65,withdraw,5,4.8,0xb991150cb0ffe3fa8fdeda7e1d1abf52a79f13c826eb47ecb38eeb7726a8fea6,0x6ff92fc29e2ec685ea9579dcbac39327084a28488dceb8aea7a8136dd34f66f0,1780790787042,1780790787000,37144401,0x26282663c10786bc75d4a007737fce462784e6cea995615e4246149aca2e7815,1780790792453,1780790792453,1780790794000,470822142,0x3bdeabbd8b371a3b52dfb2303532904f21f625e6dbd5bde175047a40227fc0b4,2000,PENDING,200000,200000,200000,1780790785531202448,1510.797,6,-42,5453,1547,7000,6958,8468.797
66,withdraw,5,4.8,0x43b05b1dc54aff1cbf5f981d7b72b80595282fd6a98ca264174812778a1dbbf2,0xfa05714e448d8d7789af51cafa90e6e109d994b03ec50ce6ed62674b3ba55d6a,1780794440887,1780794441000,37148116,0x4bb23d96e01d447538f7c3322b8af3e3a3cc99d3f0f920176198da614a58db17,1780794445823,1780794445823,1780794447000,470836574,0x9591eb5c289b91bf448eb0850baff5aa76d44d77046cdc921e217227769adfe6,2000,PENDING,200000,200000,200000,1780794439851224522,1035.775,5,113,4823,1177,6000,6113,7148.775
67,withdraw,5,4.8,0x27fea3785a7b41da8f33833a6d6e2c8f3a9e4f26f8a0becc0152bc864384a332,0x6869af69c55897a8e69b744424b1c88aaf6b7d71fcb1fd1f07546b1ecbc3a2c3,1780798141904,1780798142000,37151879,0xacb02f7bd8e58c1a05137c3cc364a73475210f0a62a160ab782f04995a11cdb6,1780798148696,1780798148696,1780798150000,470851371,0x0b35511ddc1d73358eaf4f613c57ebfceb98cb2cfde0a9d25253e1e89f6cd579,2000,PENDING,200000,200000,200000,1780798141318417211,585.583,6,96,6696,1304,8000,8096,8681.583
68,withdraw,5,4.8,0x121ecbb3c3094162d579165f8d4e2b288239eee86c98b0bb1999ccb3c3261550,0x53f6b1b0cbab4450870edff54a7603ef6272901f2a7aa0d89e00f370c8d9e276,1780801164835,1780801165000,37154952,0xe5f19af5f1b9f943202d49e87d9c1f1ce743e9dd5b19eda9239f074ce5b9ef8e,1780801171388,1780801171388,1780801172000,470863447,0xa99af7842bd9e74b07e42e66af646578dab3ed90f6d007c2264a35a791ac0501,2000,PENDING,200000,200000,200000,1780801162441464872,2393.535,6,165,6388,612,7000,7165,9558.535
69,withdraw,5,4.8,0xf96ad147c5f586fd81dd4bf1b9142797bf39d1c3f4650ea6b5cbc13db202c481,0xa7fe7646f22a519df7aa84f03d6330355a4e53b5730a7b8824e63aa672ac3bec,1780802979562,1780802980000,37156797,0x1581bb878b7cb77b171e46efcbc85d38cbc4cfafe17cf9c25c90d12a90c5e6c0,1780802984510,1780802984510,1780802986000,470870631,0x70c56b7ac69c6a3339584c1f7043edf9eda65bacab61ad8fd58dbb0ffdcd0931,2000,PENDING,200000,200000,200000,1780802977776029154,1785.971,5,438,4510,1490,6000,6438,8223.971
70,withdraw,5,4.8,0x56fab9ddccb0e3d17ff4ca01ba28ecf69f354011679cdca8e4aa4266fd6614b5,0xc0bb7e56147243e9142ee727b32d0c62517c65691147ccc05ca9bc60aee6de30,1780808171238,1780808172000,37162076,0xd590e38264b38dd340bc4becd8007b1b7dad78405a28d4ccc1416d499e38ce5f,1780808176594,1780808176594,1780808178000,470891135,0x4acbaddbfbf6d368122d5867a3b7a035fcce9bc9b3e6c80380f53ca7df698b5a,2000,PENDING,200000,200000,200000,1780808170373580596,864.419,4,762,4594,1406,6000,6762,7626.419
71,withdraw,5,4.8,0xedf362e6a9833d9f342018ef42786d5b1aa5645679f3564a2ea69ae410ae5d56,0x36af7b6528b4e38151aa544ddfeedb8f2b95c4e89e898010c85d31653fa57159,1780811839669,1780811840000,37165805,0xbc7b56813a5919199f76218375e6a497be7e3263b6a93e8261dce99cd8877797,1780811846896,1780811846896,1780811847000,470905684,0x059c7d0c29b9e4f236bab81dde4b50d7f450394f641e7bc255d43d23b17e627f,2000,CONFIRMED,200000,200000,200000,1780811837014263434,2654.736,5,331,6896,104,7000,7331,9985.736
72,withdraw,5,4.8,0x72427262099ab0f506752f9ab223c98d405d70fa397aec276eb093f501f39170,0x87f72fb760445f92df39e57bba78fcc58ca2fac89377d19960f0c04aa484affa,1780813113280,1780813114000,37167100,0xa90e97ffde185c4b064763415a95fa5798396994758950f3c5611415ff0d302b,1780813119547,1780813119547,1780813121000,470910711,0x13b3caaaceddf246b62066b26d50dea07745211d5da203906f379500f4783ad7,2000,PENDING,200000,200000,200000,1780813112270827007,1009.173,5,720,5547,1453,7000,7720,8729.173
73,withdraw,5,4.8,0xaa00cddac10ae11c87aabb8ae901742a7922d734b9f73b4161d3d95a76b90758,0xe17843f5ce492350c6d32e83f9246713c6c6cd099e6f93fd0e2dc56a73839162,1780816382101,1780816383000,37170424,0xb38060fb3dfb922f1c840292384df92bf9a0bb2e5bb49fb9a3cc1595b31e4821,1780816395172,1780816395172,1780816398000,470923820,0x0ae99499358e2bdb03f8c84010f71ffc913cf5f4da2fd3df22a828447c43c46c,2000,CONFIRMED,200000,200000,200000,1780816381380232730,720.767,13,899,12172,2828,15000,15899,16619.767
74,withdraw,5,4.8,0x3eb19808b130904b07cabd933b54be3fffd5d05b88a284e6e0da7f37b41c8073,0x96d3b247a3b85bbcd9ccc738bfc90c76eeeeb858435f47ea6ccc77522f07c61e,1780819684426,1780819685000,37173781,0x0b5b9c5569ceb888d62e8e7877105121036aad3ab61c71fc572419439259fd5f,1780819689240,1780819689240,1780819691000,470936912,0x08059423d8a9bf66c733a19dd00297a680149c57b079dc3f6258d6b967979693,2000,PENDING,200000,200000,200000,1780819683023119661,1402.880,5,574,4240,1760,6000,6574,7976.880
75,withdraw,5,4.8,0x7838989283e366a297570e1555d76caee5770d188e9af5d29b8f01a30722dd2f,0xfe989e6dd9c1a5c88444666de69de7f360d5e1e795278ceb8d97de6e8207a75d,1780821623524,1780821624000,37175752,0x5437e855f13e1af234e1da86d1c428d2e2c43619be4d29614c2f008d4258ebff,1780821627501,1780821627501,1780821629000,470944631,0x141e9baa0645fffc7f89084cc89134ac8422ff2115ae32d92c5cc5b5cc33ddb5,2000,PENDING,200000,200000,200000,1780821621969719554,1554.281,4,476,3501,1499,5000,5476,7030.281
76,withdraw,5,4.8,0x9f2fa4555a8744c0cf83d9f3988d11b47f478bd45682e0a93ae6a42daa8ab8ec,0xa0cd5ba59fe6cb664e874cbf92c12188dfee2b0dde636f47512effc8dc899fcb,1780824097387,1780824098000,37178267,0x8917ab52fe3398506a0d894613cf4230e9612a617cd0cce26fa498a18085c3e2,1780824104833,1780824104833,1780824106000,470954536,0x3098a0da0c63598966e3d619a1ffb8f0dbb88c6c5806eea02c45883108c49131,2000,PENDING,200000,200000,200000,1780824096906545960,480.454,6,613,6833,1167,8000,8613,9093.454
77,withdraw,5,4.8,0xac8530c8e3f0de7c951f795e6cdfe3727c7cc2a3b21a117911c62fc131ce9658,0x4d7763490254ab670e649c6beb161d49524fe68a30169b4d874793af182a9e23,1780827644751,1780827645000,37181873,0xf2f4ba584a783afe2a89d753c29bdb75fe7cbd08ec50254768574c3a1287152c,1780827650451,1780827650451,1780827651000,470968657,0x8c6a0d7458d196997e1503690a79eb60252688c8708528b82afb18f1c584c2c1,2000,PENDING,200000,200000,200000,1780827644125234999,625.765,5,249,5451,549,6000,6249,6874.765
78,withdraw,5,4.8,0xbd135e24cf49556992d1b6d622012888620c4170af6a44d7f3a756c6b9ce5dd6,0x369a33f705dfc1c292f6d4a81b8e61578f10c499144e5d15e6a7a1c112dc3990,1780831797954,1780831798000,37186095,0xddd7fc9cafde453f445f4ee0ac471320151c9fd2ad302bad1147be3a29cfad85,1780831802420,1780831802420,1780831804000,470985096,0x5e436df54aee54a33ff507c7602b3c25243a46775edb98aad37fd382c641aa72,2000,PENDING,200000,200000,200000,1780831796684610162,1269.390,6,46,4420,1580,6000,6046,7315.390
79,withdraw,5,4.8,0xd22d05254fd98881870a51de98b865583cd0e97439ebea6efcea43ad2871ac52,0x1c5a13144d68ba1cc86ae8a69ca08ba5bc7f5c7299c4903f8d78fecce937aaf7,1780833531433,1780833532000,37187858,0xdb7baa2efe014e0a274ed4460de70297e7bd037f891beaab0fed6c9abc916c73,1780833537249,1780833537249,1780833540000,470992013,0xa4cee26ac31db1d44dea829d22c9eec1eb272b270b5f44329f1c2a1b1c46c335,2000,SENT,200000,200000,200000,1780833529613500555,1819.499,6,567,5249,2751,8000,8567,10386.499
80,withdraw,5,4.8,0xf9e0e23e78feb03ac2ce6e6db5473813525a0a80ee8d1ea6521945db22d75b20,0x0f95c943980cd62051969746ec607c89007cb0b98be38d4fcd392a8d90349897,1780835442852,1780835443000,37189801,0x4a329c9547a8d59a328d190a1fd43e95bb1fe5f3ef15c39ad7aa7db116330fa5,1780835449406,1780835449406,1780835451000,470999653,0xeb46b9fa1b6b5ba2e5859c91ffe9283a6d0764b158a5f17e1cdb4933d474f46d,2000,PENDING,200000,200000,200000,1780835441853441575,998.558,7,148,6406,1594,8000,8148,9146.558
81,withdraw,5,4.8,0xd826ec10e58262547f629d01af9d71936517ae4ddba471b51401bb5c553fec42,0x45d83b00d4afdb8f60c637b448626c59ceddab7799c306dcca6747ed4f178002,1780840750505,1780840751000,37195198,0xf6dd85aa9099c95d2b4d8e4bce5c239eec99a0803a9d5ce51e626095ae2ebf28,1780840757144,1780840757144,1780840759000,471020778,0x115f6b580cae0c88c33454074f39afcd48ac9082861fb7d3af0b94b9164ab39e,2000,PENDING,200000,200000,200000,1780840749497812415,1007.188,6,495,6144,1856,8000,8495,9502.188
82,withdraw,5,4.8,0xa379e32277a3c6accb3c8ebd01fa315ab6c10933915f68e0ba0278606db032f0,0x89973ce237a5296cf0923109291ce30f44b7834d040f690b0171b87f733c8127,1780843128351,1780843129000,37197615,0x7a81c94fd032c8ee538081438ea2cf1e2fad95d2d2f3c8d2f75225741c144dc0,1780843134007,1780843134007,1780843136000,471030180,0x29331efba83e702fd5f95be9cca8f09e249a7377dd5695d27fe16aa340fe41a3,2000,PENDING,200000,200000,200000,1780843126987914260,1363.086,5,649,5007,1993,7000,7649,9012.086
83,withdraw,5,4.8,0xf22e29ac65a8ae80b9a55405930f33a74ee07ee30e032976edc613dfeb8870aa,0xcf97c47d36ee00de9e264d31931835019625867976fbc33cbc93b3d3ddddca8c,1780845434763,1780845435000,37199960,0x848b2967aa95ec38cd3fb19c3df533997a5b6b6bc0d1b07c780330c918b6441b,1780845439630,1780845439630,1780845442000,471039397,0x3fce0e8d11ee5f27ead26561d372042663958c7e1e1cde0e965e0525b29dc55a,2000,PENDING,200000,200000,200000,1780845433475077927,1287.922,5,237,4630,2370,7000,7237,8524.922
84,withdraw,5,4.8,0xdc8dbd4c3d0928aa93ccd59aea0c3bc84caf8b5f58d8db4b0ca0aa21f41e957f,0x327a5cebdbaf4a253f8876b7c63e6386443f0b9d74a9239699fdfa9f7ffc46b3,1780849102543,1780849103000,37203689,0x73b477ae23c20af68c42131a3675e805731cd02f5aaa0c5e3bd379e923597b43,1780849108663,1780849108663,1780849110000,471054023,0xe294b988117fae2322e1475f7df8bc57d1da9b5343e30175c7f82c7d90b61a9d,2000,PENDING,200000,200000,200000,1780849102094569913,448.430,5,457,5663,1337,7000,7457,7905.430
85,withdraw,5,4.8,0x2395dc5a025ca212dc781ed43aebe2367158ff20d99119e33a5d645665e1a837,0x02ae1250da4f3780bab5275379f103134cc737c14452d46669a7dd6c983735ec,1780851609992,1780851610000,37206238,0xbfa218df2bfdcb6d3b24cfcc0582029aff38f3e69fa0980dfd800c4200c6984e,1780851616673,1780851616673,1780851618000,471063978,0x992bf3e2a28a98c387d136f844709ffb483f081fe6accc220ecbcacbc63e6313,2000,PENDING,200000,200000,200000,1780851607136079960,2855.920,6,8,6673,1327,8000,8008,10863.920
86,withdraw,5,4.8,0x9c983b758eb394b4a793c2b7353096857591d95f323edd3d33a9b0529c521c52,0xe92031972bb69ebcb3b58f7e5064412fed0303c3e6a14e9f2c24235d834d67b6,1780852910823,1780852911000,37207560,0xe05935e8f084401cd2ee149ba4f7b5071de683b692d49472bef78486ad3bca51,1780852915841,1780852915841,1780852917000,471069148,0x2e477c4a693a1f5fd37a5a714531e8a0c55f99409fe9de24526be4f5407d06b6,2000,PENDING,200000,200000,200000,1780852909901267630,921.732,5,177,4841,1159,6000,6177,7098.732
87,withdraw,5,4.8,0x2f49f5ca7467526738e085569ede869adcc06f2d2d0c1326b4356d37a7d9c4af,0x50d13c79c88db7e3eafcd454da7d6104b9960eddbf6b7a6b066b965db06f9eec,1780856470802,1780856471000,37211180,0xf5fdf6fed80238e8db1596dc2414cb3da5338d7489308be5b5dd80c359a40c1c,1780856475946,1780856475946,1780856478000,471083330,0x6429e53f9b36f08155837a1a0d0a0d900fddcc1689d0f3cbd955257888f2813a,2000,PENDING,200000,200000,200000,1780856469404607791,1397.392,6,198,4946,2054,7000,7198,8595.392
88,withdraw,5,4.8,0xfb6d3f8a89dda0acba862e8c7b084eeab8de3da0361b32c9fed2e6df3dd7490e,0x1b3661b6890b445d20b3ab7f1aaca2ad963180b76445cc062711d9a951382b16,1780858596569,1780858597000,37213341,0x47ac159b6ba649945a2369f639af742b635235545e2c7d189d55c6e1e9b052c1,1780858602526,1780858602526,1780858604000,471091815,0x89198bca4f0dc57ed3b3b67ff7e901fac55cafbce59a9c3fc2445ac8dda8266d,2000,PENDING,200000,200000,200000,1780858595421738276,1147.262,6,431,5526,1474,7000,7431,8578.262
89,withdraw,5,4.8,0x1792fadfc3f1d3df568914d303b7f5946c5e0454448ac1ff7524bfe419b7337f,0x7331badd861daf96ecbf7ac8bcb4319b07275851d3031a7bb4b6a1587f038dad,1780861871115,1780861871000,37216670,0x5d50d9f0ee985e0eaf8191b25fafeec076906d640ede5acaac0d2454e2669a68,1780861875069,1780861875069,1780861877000,471104863,0xefb9ca1280e93a4db2dde7aa3ceeabc8177fafeba104a0ced6e932229b040d4d,2000,CONFIRMED,200000,200000,200000,1780861870307678477,807.322,4,-115,4069,1931,6000,5885,6692.322
90,withdraw,5,4.8,0xaa6b7977e05f055a0303abc9368055220fb88171157838cb571ec18bde395400,0x1404bffbac70510acb49c21bcb86459f4606d64ee5666238a43787d8920ab0fb,1780864446241,1780864447000,37219289,0x878b9700fe98ae5eb18b11a852b6f4778e1e98bf6a8016ebe72a414a196bde99,1780864454596,1780864454596,1780864455000,471115143,0x576de1349fca46492c0a423e7524fb4f88941c3e6eee0997bc39cbf98c3d9a70,2000,PENDING,200000,200000,200000,1780864444043088013,2197.912,7,759,7596,404,8000,8759,10956.912
91,withdraw,5,4.8,0x4ebf1acc70e5e8571ef6b0a42dc1ea202ab4182b3065d4cd24070375ed1cfeb5,0x0599792ce3d858f87ca91735c55ecd0016b8c75dce645ba5efe97201e7c09ae8,1780868559254,1780868560000,37223470,0xfc39353318bb69715fed88a92ace031925827b85c6f1e62b73c7273c29a258f2,1780868570498,1780868568000,1780868568000,471131479,0x7c0432677331e2f6e1cf8bd417054ba7b9d328aabf8fc1f856a1fcf351d5bcf5,2000,CONFIRMED,200000,200000,200000,1780868558913031631,340.968,10,746,8000,0,8000,8746,9086.968
92,withdraw,5,4.8,0x9e606682c2ea9b394548c8daa48121ea627767d3c4976039f430867c71429180,0x7d22d79acb1cfffdf7a0103c26d772cb5ddda7e563e84fc1e4b206fcacb65029,1780870429049,1780870429000,37225370,0x8f676ec24af6a00c4f10d46046c378317d1341ad136005b03778cbdc85078f92,1780870444099,1780870438000,1780870438000,471138864,0x1d909a74b356efd21e4388e0d04f47ec274517d63e30e9bb970fa8c61f24b324,2000,SENT,200000,200000,200000,1780870428529383765,519.616,15,-49,9000,0,9000,8951,9470.616
93,withdraw,5,4.8,0x1cb73abd26f651a42e678906eb292092a480db9ba4678382aefbb5a36e75fde5,0x2e226f277f13d7cf99a68edc9036325d12b62b92ef82d8c22dea8444c60afd3d,1780873160599,1780873161000,37228148,0xa518d4a1c14bcf54bb1b868c3b7d2e93a1b2170ddf2bd1a2b8728e60186755cf,1780873166707,1780873166707,1780873167000,471149811,0x96236ea8d2f84ce0bc026814922b005a07d9089e8fd43915c050edd03580544a,2000,PENDING,200000,200000,200000,1780873160060365516,538.635,5,401,5707,293,6000,6401,6939.635
94,withdraw,5,4.8,0x6277332b3b0ec246621c6fb3276d39714776b5aa2b8d125bf28f5373ab381e90,0xa9afd175b5cb88bd777379ac227472899ffb14986fad01124df437f255379bb3,1780875910689,1780875911000,37230944,0x880c9e7ad1df23c4cb276e789d73df8aa4ed9103eb9a6975d2e07f2c17b3c8fc,1780875920318,1780875917000,1780875917000,471160726,0x4feee006c1de6e207de58310df9f504ace3c6b82105593739dbf79ba99baa4b3,2000,CONFIRMED,200000,200000,200000,1780875910326450564,362.549,8,311,6000,0,6000,6311,6673.549
95,withdraw,5,4.8,0xb31386881e2c32ae76a610d751488dd5f42a21f3e1b4c508288a6a3beaf61708,0x4b87a99b2f5f36cb5217c92dc7479212c4985afcbaf4b83e1ee360736dd3b44b,1780881329789,1780881330000,37236453,0xda659aa7197ec1f90c417f489355e8d3612219dbc2ccc415e2357c715a1bb0a5,1780881335054,1780881335054,1780881336000,471182345,0xe9a6882bd52ff60244bf6407e986ae67a7f857b7812b4cb73ec6f6f5589f8585,2000,CONFIRMED,200000,200000,200000,1780881329378934447,410.065,9,211,5054,946,6000,6211,6621.065
96,withdraw,5,4.8,0x58604a9fc247c5dfa1c335db227e727e5b40be596e72431003d7d33d9039a4af,0x77a375839a515caaab3e7c333ed16f95f07ac863346a86734d607f5693183431,1780883631133,1780883632000,37238793,0x2256940349b164621bd5dcaf06b476727eb2e39c3f2214f4e1b0740532b5443b,1780883640042,1780883640042,1780883641000,471191497,0xc076641181b38876a7e085c0bab9a086c0dfc8c16f67109a7a728f2a8adcfe41,2000,PENDING,200000,200000,200000,1780883630590094950,542.905,7,867,8042,958,9000,9867,10409.905
97,withdraw,5,4.8,0x7ab4840fd9f58ad93de9a2fc93cec567eb649bceb9014c15e896b1f9bf4a97ab,0x9b89006b18b7e636c17e9f28ddf4800f9b03b22f0cbf1cd21935b5b63382b725,1780885303978,1780885304000,37240493,0x46b19c7aa4df9fdc63d76ad2153dc9fcc10557e62d9c4720c6e12c1b0277086b,1780885310382,1780885310382,1780885311000,471198104,0x218cf9ade970921c88a915767991bd56ae8a93ebd0f9fcca0da5036e240fbc3f,2000,PENDING,200000,200000,200000,1780885303412669927,565.330,6,22,6382,618,7000,7022,7587.330
98,withdraw,5,4.8,0x02ba82944807b2aa07143336d7a8c24830a2267734837068a2e794c9f5f9fe19,0x2f80ddf5c236535f20c040071ae8b0da7778570d0ed427bd995275b894b9bba8,1780889802402,1780889803000,37245067,0x2b51d789e8a8057d2a5825e7d491aa45bd189f1f9fc1f3b6a89fe6a5742b3b04,1780889810783,1780889810783,1780889812000,471215807,0x4c98bd20bbb92f6c01e01c53b0f0fd1b07225b8525c269494a548c10019098a9,2000,PENDING,200000,200000,200000,1780889801965270128,436.730,7,598,7783,1217,9000,9598,10034.730
99,withdraw,5,4.8,0x4979b10ea136381321e8906c0ca0472826cde6b359d48b6d740bdf25efbf1b69,0x3184c5458b06cf4a052cbc4766fde5dbfb578828b6a1765d78e0248562c68d30,1780893258578,1780893259000,37248581,0x37e776306a444bf9aa8df93acd0b3714fd0c89907cc77dcb8da16bcc6a2f833c,1780893266465,1780893266465,1780893268000,471229435,0x49199bf3e2fec04c640d02cc3a2b37ad4a19050de03306bbaa3ef4c3ad4d3908,2000,CONFIRMED,200000,200000,200000,1780893257866014613,711.985,7,422,7465,1535,9000,9422,10133.985
100,withdraw,5,4.8,0x4636812f4a87ed5b80a595a9876cf5ad187807df09198f65a5462f5307f8ee0a,0xcd811280e291e2aa3412ef674cbba78109fbba189f29d3b8fcdc9d36c287e7e4,1780894381291,1780894382000,37249723,0x117b8329aeb32e26c34c4123cc93547ceab422f9354cae4bad5ea9c8f719614c,1780894390168,1780894390168,1780894392000,471233882,0x3cf9ef195af03898ed160f735f9a4edd22df24951bcde410472bb5d55cc9dbc4,2000,PENDING,200000,200000,200000,1780894380820160667,470.839,7,709,8168,1832,10000,10709,11179.839
101,withdraw,5,4.8,0xc19f2e8c68f56aea2e2d500a8f03a494a5e802512a46a25d331534a5eb2eed47,0x9386923b2effff815db5cf5544f2e3a7120f6407377dd5b8ce7086c1a65a8462,1780896374415,1780896375000,37251749,0x9427e4834d0f0f9fc8f9737c8a0a81686c7e4325bedb96a25f20e4f85df5ec43,1780896379973,1780896379973,1780896381000,471241732,0x5cb8a688d4a8144150e3884a1808cfe60a436422657cc503bcf049cc2ac75521,2000,PENDING,200000,200000,200000,1780896373849986901,565.013,4,585,4973,1027,6000,6585,7150.013
102,withdraw,5,4.8,0xb9cb59695cb1f9d5d38c0f3dbace66c3bac5e6e13cd4b19ac36edfda048bc07b,0x7f5acc5235186d12d8b6fb7983478dd549c4a9e4b6d556687c403b045ecfc6e1,1780899422584,1780899423000,37254848,0x2ae6a28cd87adf621a0c5ba489c06678e6fea4153e1f10b2cd6befd0e46db846,1780899431172,1780899431172,1780899432000,471253863,0x27be4b65c902c02026f8c9afc132f766ecffb17c5e941ec2a7228baa25cef612,2000,PENDING,200000,200000,200000,1780899421836384039,747.616,7,416,8172,828,9000,9416,10163.616
103,withdraw,5,4.8,0xe0ca385097705de16831685839ce55ab3ea9802ec20ceb18da50b58d4827974d,0x092e95f16532ad79a6f91b7c9081df427141285829365f07c94b5e813718f9ee,1780903718206,1780903719000,37259215,0x813c81e9a91724e37907f78e0bcc52be96deb2878b0046b1135b6c49adc8590d,1780903724479,1780903724479,1780903725000,471270955,0x532446a6ab3afe85b3aff7dcc929f34ce1eced10ea468b99827d5a67c7c6e9ab,2000,PENDING,200000,200000,200000,1780903717572707373,633.293,5,794,5479,521,6000,6794,7427.293
104,withdraw,5,4.8,0x5533d8e1114f5e6724896b9eb71ba5366e637c11554438687b3d2a8a858abac8,0xc6fa931761ac007a942abe367518802721f12ce5f18f2b9da96cd7d33c2a77ef,1780904932295,1780904933000,37260449,0xe4f87061651d7043dfddfb585ca9fd359b6c63747eb75c52d9a0e09264161fe0,1780904939121,1780904939121,1780904940000,471275812,0x83c99613e57a7f67334d4063b483b2bdcf93d887407a070d2983919c6315de1a,2000,PENDING,200000,200000,200000,1780904931786553592,508.446,5,705,6121,879,7000,7705,8213.446
105,withdraw,5,4.8,0x7775973f40617a2e06c58679d2203ca0a1582f9398c1ce6fc7b1e8f5446763b2,0x28ebbe0a7474a99735f71ebceaf4dcbd99059831dd71057d59782dd59b743adf,1780908522334,1780908523000,37264099,0x369786d933d3cbe8b84b40dfd5dcaae275a5be8f68052a1c9ed922a7633dcc23,1780908530347,1780908530347,1780908531000,471290159,0x43f5e9db47483f029b4ff53ed37b34e231b5ba4b7b8494908ff7e5e531cb0e20,2000,PENDING,200000,200000,200000,1780908521657407978,676.592,7,666,7347,653,8000,8666,9342.592
106,withdraw,5,4.8,0x27ecc7184bf9fbb9d29e61443b331551afb54d2f8f3e302d11ae714342deeb21,0x43a1f6c9a7e94a88fbb08668ff56349d895ba9601de7614b17d14f90855234f7,1780909790283,1780909791000,37265388,0xf7fc375cdd6241005f416a699130e67f6ef490202176eb83a66d86f572ac26ac,1780909799330,1780909797000,1780909797000,471295207,0x9c7c12369e4d063a443fad990e21b8244a739970de7af95b236cfc8f39135b76,2000,PENDING,200000,200000,200000,1780909789546669756,736.330,8,717,6000,0,6000,6717,7453.330
107,withdraw,5,4.8,0x563c9649dde855173275e56b085d8e7f62253894b153b4387ea14fe24bb9b1a1,0x2cfd59d355de5131d18d853b03b0918a445d98d64f7c0a5aea5c8d9c018fd05c,1780913905124,1780913906000,37269572,0x7fe5340a4a062b64a4bca157722bcf03727d63f2256ff056e126823d4d686ca1,1780913912729,1780913912729,1780913914000,471311632,0xfd68a0b36200939b8e79cbd624ab15bdf77d29568ab5ba92e592046b4d387a8e,2000,PENDING,200000,200000,200000,1780913904552415094,571.585,6,876,6729,1271,8000,8876,9447.585
108,withdraw,5,4.8,0xaddf8ad5ecd146105bed15e7e01bc4a47f760863bae257e76f2a8cdef0d8eb7d,0x35574e6f2bb01307eccddb720cb1652ad2f5e9b9e664258c1d6b30f61100c325,1780916840335,1780916841000,37272556,0x831e9872bd0d134c1523c1971bc49af333667235bd1c7634d385da327d364f20,1780916846514,1780916846514,1780916848000,471323328,0xe3401b181420e5e9eb2c6bb68f18985bb8312ff17468b6f0fe52054dae24f044,2000,PENDING,200000,200000,200000,1780916839330468561,1004.531,5,665,5514,1486,7000,7665,8669.531
109,withdraw,5,4.8,0x60d8fc9877a905b69a4f73931864db4527ddb98a9b139a71b7e59d095b22f51a,0x2d86df6f1c18ef28cbd30cb06f882d66d42c5aa179035281f926abb07744110e,1780920714659,1780920715000,37276494,0xbac99f3ee7bef86af9ccd7b8a74dcda92c912af3a3c615306b35a786a5bc283d,1780920723040,1780920723040,1780920724000,471338827,0x7608b20e0effc5474daf690286361cd4d3a6053eed575269524a71feb56c4d0c,2000,PENDING,200000,200000,200000,1780920713888882864,770.117,8,341,8040,960,9000,9341,10111.117
110,withdraw,5,4.8,0xa8eb9a32cb535c909c6c0ae0ab8e6b73ae782a8f2e36b0674b1ee5c13495d1f5,0x5d471e8ac256a2d74813c5a7bac7f5c2a35ab98bcae08bca4ae3a696334e32c1,1780924092835,1780924093000,37279929,0x53277e982ba4dd05c9f96f84c58c2a92d2994c68721d8a278810088ddb13ff27,1780924099862,1780924099862,1780924100000,471352321,0x0d7422ac77698c8c39b1e74bd2af2410706b998e77f3cdcad9dd5ea61d9bfd45,2000,PENDING,200000,200000,200000,1780924091547069146,1287.931,6,165,6862,138,7000,7165,8452.931
111,withdraw,5,4.8,0x50b4b2b5d3b44d4d1974edb97b89b1a0f45c03d595fbc4f2777bd866ae6b3cd2,0xaf531e03d8aa33950f30e0a34e19a2b33c72c049bd6f54567fde84adbc76175e,1780926507819,1780926508000,37282384,0xb9792ab1a25749b43d28c87277bed0f0f448fe5cb7f451a0bb0e5d24fd21d6d0,1780926518151,1780926516000,1780926516000,471361988,0xf6a1a746a9c4425fa70e7f15b6640e12c856215ecf4911ef5f884f8c220fce2e,2000,PENDING,200000,200000,200000,1780926506753250061,1065.750,9,181,8000,0,8000,8181,9246.750
112,withdraw,5,4.8,0xf930adbc82c3305a965d6053311ff3e59b2710e6e8d4a6156247a47445c52d4d,0x9b3ad753129cb01aace1c6bd608962f7054289be99c4e8039f919943c449f81b,1780927930217,1780927931000,37283831,0x632c7d5b935676be62f5424f6076f80be4482d89ea5144076674d6de6e9648e5,1780927938012,1780927938000,1780927938000,471367683,0xe304cb76d491ade423311e8428d53cf6f1a435ed053865a57a4acd8cb4534b5a,2000,PENDING,200000,200000,200000,1780927929243656978,973.343,6,783,7000,0,7000,7783,8756.343
113,withdraw,5,4.8,0x1f4a52012a3b4d0368c86b999f3215708b5925974877656962d7e98a6bf90a24,0x4d5dbf1096008ffa3be9d08afe1b0fb237a2371dd8fb883e58b2ca56536266f9,1780931925687,1780931926000,37287892,0x3515301e21f20c371edb1b8bf41f7392039cb691b3de74311077a2a8c489e89e,1780931933269,1780931932000,1780931932000,471383656,0xf96ec27ad68020eb6c890b377e63d6710483b0f70d4c789a6e6792c92e781546,2000,PENDING,200000,200000,200000,1780931925143965758,543.034,7,313,6000,0,6000,6313,6856.034
114,withdraw,5,4.8,0x821db435c6c962e81685ad72cdf85a68641f02db132c4b3b899bca7d5f02287c,0x543270889bed59086b7256dd7f178d37a5207aabc0f2f8f7be63fa3f71b375c6,1780935497033,1780935497000,37291523,0x8b7b54bb44c19458bb0834cc0a0b55c5640c2c4b512f6d78c7a21e6ed20eb6fc,1780935502526,1780935502526,1780935504000,471397952,0x1ba51c95160c31358b20e9eb3d4b459bd2869ff6ab9d808251ac47bce0c6af0e,2000,PENDING,200000,200000,200000,1780935496527261223,505.739,5,-33,5526,1474,7000,6967,7472.739
115,withdraw,5,4.8,0x6acf8a0a9d568074428599bac8236dbb02dbd62f19c0c3cd124e6420ea943371,0xac3949216aebe2039f28685d9fe6964a84ee9ba15997f69ce93056e936ad099d,1780938106297,1780938107000,37294176,0x8067eda2c9ee2eaf38dfaec61c3b5fd0f49add595309f31f7a0457354dcaea77,1780938112122,1780938112122,1780938113000,471408363,0x471d0646f037a9bb92e334eeb818fa48ab5265a0206d54b64344a2b393756947,2000,PENDING,200000,200000,200000,1780938105280510272,1016.490,4,703,5122,878,6000,6703,7719.490
116,withdraw,5,4.8,0x3e73b08069c5528701b0978abd4f0253327637354714cecb2eb6ccb028ce67c4,0x10c11e659cd72bbd32d0555759f723fb209ba36cda27cf1cf28423c2f61960c3,1780942899043,1780942899000,37299048,0x67dab5df6c72e806951b53ea4f8f32030d3d41e50eb3f15d462a9b46e80e7f33,1780942904182,1780942904182,1780942906000,471427482,0x11b54c365901b38d374e6aa7432d7d2ed6f075ddb74601e90d20e8ddc1835deb,2000,CONFIRMED,200000,200000,200000,1780942897985772365,1057.228,5,-43,5182,1818,7000,6957,8014.228
117,withdraw,5,4.8,0x301ed664e6ccf74f53af7279e072863b1eb5843059bf9362ad0e405ac7a4b19c,0xda7e20387c8da0056696d8ba00d67d60d6926210c701a09bd3cd3169cf01451a,1780944329594,1780944330000,37300503,0xdd5ef9a7c341b806378316d5d48e4e663978920613e4a8c8320414b0d3940f26,1780944335034,1780944335034,1780944336000,471433160,0xeb7e57a8c3f63254d6a8a168b4ccc25916714078c90b4d5921718b99c099f771,2000,PENDING,200000,200000,200000,1780944328974086944,619.913,4,406,5034,966,6000,6406,7025.913
118,withdraw,5,4.8,0xb213ad3782f3819a5f0498b60c98708d8a3a54a7141685426821662fd8d9b626,0x2fd6a95800cf664ce2cd9830aa04e2748f745aca10dff07447fdb2fcbb833705,1780948080012,1780948080000,37304315,0x08fe06fed3b55706cd1cf698961fc9900e91899f78956958e4914c283cafaf21,1780948086880,1780948086880,1780948088000,471448091,0x389ca1f0fea6d6b0a810e68be6466ea3d2cb2f8af90e400bb1058106e159f5db,2000,PENDING,200000,200000,200000,1780948079375863329,636.137,7,-12,6880,1120,8000,7988,8624.137
119,withdraw,5,4.8,0x21778769d39d74fad302a329244d3d6cc5a279ed2fe72b7f5b71e90c5ca1eafa,0xd42aada2f9549f9f46fc0f996ae417ac7fa3c9437b48e2c3a81298f563161831,1780953221259,1780953222000,37309543,0xb7cd87be3e5c22f79e5bf0dc3a4e328811af558a846a56d5a921afd0f099e614,1780953227065,1780953227065,1780953228000,471468449,0x48a64874dc4925c41749047b1ddda4bc7831b6adb4594986088edffd17664f78,2000,PENDING,200000,200000,200000,1780953219934210746,1324.789,4,741,5065,935,6000,6741,8065.789
120,withdraw,5,4.8,0x19f9343a9544c5a182595fc939c7aff0b0885d4b6a34c901fba768dc3604039d,0xe526e70b56bbc33a5ad2535203b182293d743a0d7a09e7f718a49412d15d1ddc,1780957795643,1780957796000,37314193,0xc481e9b568c3cf6d6c0bc8067ab17364766a4ca328bf5e6dc4c8f4d83534d98c,1780957802543,1780957802543,1780957804000,471486411,0x8a28cef9d52522692d5805c81250825f6f8dd67df3de932b57429f35088c353a,2000,PENDING,200000,200000,200000,1780957795008317349,634.683,7,357,6543,1457,8000,8357,8991.683
121,withdraw,5,4.8,0x40e783be32ed0bd1e2931ce28a88f3976b22211e523b811c8310c0fb55b961e8,0x53934509273a0d1793c59336dbe80494e4aec09508b3a52bf22df5f2e4c4fec5,1780959684817,1780959685000,37316114,0xe6bec2c6bf456f32b899d0e286de48b453ab9447802fb72c623284dfa163dd13,1780959692580,1780959692580,1780959693000,471493790,0xf5980606dedcdecb9ee115096924f840fb417ca10063e6d19f66d78d7ae24472,2000,PENDING,200000,200000,200000,1780959683786344408,1030.656,7,183,7580,420,8000,8183,9213.656
122,withdraw,5,4.8,0x9c5abba55f4a3df6846d9c715f93d08a526ffeeb8e8a8e34aaef67f8d7c53d8b,0xa57c333941a21cc757ff1c7f21d06492031a90272a77d867f8cd1e31707d5086,1780961603770,1780961604000,37318065,0x62f1854d4d1814545ce7eb749a925f3c39fd98dfe92d4d49b9e86905b1ec2b16,1780961608513,1780961608513,1780961610000,471501313,0xc12b43492678ee31b16ed834e790baf4cc90ba22fd779b046ef361cbb3c80fbe,2000,PENDING,200000,200000,200000,1780961602498551803,1271.448,5,230,4513,1487,6000,6230,7501.448
123,withdraw,5,4.8,0xcd6a52ac5982f38442590cb0f13aa52a6715d44668c955e4bb404f113eb2bdff,0xdf4b024b1540b5d83da12fb9cb0ad2ca8e62f10ae3c3c6f24716667dc6bab3a1,1780963962629,1780963963000,37320463,0x73ee591eade4fd57431c0449350726b351ad49b680d09f317c4f02fbbb42a613,1780963970645,1780963970645,1780963971000,471510557,0xb38e2616fd7e2b9518b3af5b6f16bb850de26166b6e24897fbe72280cf7e1a1a,2000,PENDING,200000,200000,200000,1780963961218268739,1410.731,7,371,7645,355,8000,8371,9781.731
124,withdraw,5,4.8,0x45ea432dd3eff3a3cae5240c881a78d75d66108d771643c4e80e124e8fb8a4a4,0x25b17903a543e804f938974101bd800a09e5c7d91d5d464fca0e99d98c8accd6,1780968275124,1780968275000,37324847,0xdcfc53557cc948e299a9a08756d22482c777cfc213404c6c4b744a219c67ad9d,1780968279873,1780968279873,1780968281000,471527646,0xdb167d48af4e35604df7f67f8feff7205017a27af5b1adfc2794964bb7214469,2000,PENDING,200000,200000,200000,1780968274692876213,431.124,4,-124,4873,1127,6000,5876,6307.124
125,withdraw,5,4.8,0xa11ace4c2fddd36db2b0a118f1981617eea12567dd6de0800838b02fa7ce47f4,0x8609a7e547ec19e92aff6cd66776d7347d67e535d749f27b1b63801613178c4c,1780970926433,1780970927000,37327543,0xb2ee7a617a4fdee071fa518408b303b8704618f1b220000d48b19b91b347161f,1780970935764,1780970934000,1780970934000,471538079,0xc251ba5629ce8eb8952c2b4f871efb3498a0e77117cf2cde5ab607daa4566246,2000,PENDING,200000,200000,200000,1780970925144719368,1288.281,8,567,7000,0,7000,7567,8855.281
126,withdraw,5,4.8,0x6a537bac1c48f00cabbadae35f77d9414bd6fec6c3c4036bf820abebc5058b2f,0x2dc209a6c5f890e9ee6894185fc5d1acd427bc23c11d263f8d7b44f6ab7080c7,1780973583252,1780973584000,37330245,0xd5b38b106b2e5f7d7d22179c3ce83d1e73d334b44691e62c79d28e79802ca5f5,1780973587582,1780973587582,1780973589000,471548555,0x445f841660f7cb6d738a8bf1bd3807ee6e3c96a93e65bf74121cadef10dfb113,2000,SENT,200000,200000,200000,1780973582032146223,1219.854,4,748,3582,1418,5000,5748,6967.854
127,withdraw,5,4.8,0x0c012dfb0c04ae789ca96b1b45c09a5b9b0a475b96e4b1be836a9cb6ebc63b53,0x400b937bc14cba2d8c2a45f7e1ee8bec41d7a4a9b72654eb9bcc19c728dc65ef,1780976435387,1780976436000,37333144,0x0dfa92c04864978e2910a88a3e07eab3b5f9ef912c5f51e20ab2f1db42ef3524,1780976440890,1780976440890,1780976442000,471559756,0x4907ae436ee9851566e7b35f0a157e3ec726c2f53939d14ae309fcc6281e1da8,2000,PENDING,200000,200000,200000,1780976434567036795,819.963,5,613,4890,1110,6000,6613,7432.963
128,withdraw,5,4.8,0x17d9eae30c730804ed938a509217ddfaff5fff7bcbc67629c32109a1054cf27a,0x764c2743d8d61a15fbd04ef4dbe2b60caf1bda25174f0aaa0aa800e83a7e2b0e,1780980067537,1780980068000,37336837,0x15ad23d4230131d9c8425045655c9e8e11391c606d2c7b6b5a6c54973feeb237,1780980074056,1780980074056,1780980075000,471574064,0x27404fa65b9600567c01483f43ea99f840738967a6a345ac0d781c2143e067b5,2000,PENDING,200000,200000,200000,1780980066398336241,1138.664,6,463,6056,944,7000,7463,8601.664
129,withdraw,5,4.8,0x172f3451d576bd322dc085adc06a93ccbc5e0669e67733062d03fc581b6b7800,0x1b03381a4fd4cd6f8aa82192450904ca8e0aa2dde8281a11d2b1a47263c62b96,1780981198876,1780981199000,37337986,0x764ee6c25e396f68877cafb9a08d695d6de162ba79881be00cc04f45733a8280,1780981203211,1780981203211,1780981206000,471578540,0x88b562ca2ba8cd514ca324839787961d9c1e0bb1f9acbf66ca7c2ac0bed932e6,2000,CONFIRMED,200000,200000,200000,1780981197085611592,1790.388,6,124,4211,2789,7000,7124,8914.388
130,withdraw,5,4.8,0x07a8d39004c2bb6cd3d81c934a8642cc6b3d7e466a4b0f66d62d92783732f7a9,0xaa6236e0250bf9fe36b539a171e3a31b6998fd2e77470ece0044078a5c913216,1780986101557,1780986102000,37342971,0x20febf397a10381ed058c444a7143e0dbede282edb8fe0d68696d87da1c781f9,1780986106444,1780986106444,1780986108000,471597976,0x46dab4f444e1e546fe91bc1e45e63867dcf3f7ed65c4164d8ef355a15ae89461,2000,PENDING,200000,200000,200000,1780986100336668009,1220.332,5,443,4444,1556,6000,6443,7663.332
131,withdraw,5,4.8,0xd12326d9ab5ee692214b8d922e942de4a54dc3367426dd8a8e03395b646b5dbc,0x658435bd04b999a30e2d9e8fd114a11b00274c3751520969a55e1dad375160ff,1780989203751,1780989204000,37346125,0x9a7ca2e4970efb9252f3aaeaa316d87e0c2505281076c9f6d43316b7d20f6e0d,1780989209078,1780989209078,1780989210000,471610395,0xeb52ffe430010b7dae4d65cc0d54347a0d17acd1d042841a6b6c4c4620d464a9,2000,PENDING,200000,200000,200000,1780989203201298549,549.702,4,249,5078,922,6000,6249,6798.702
132,withdraw,5,4.8,0x43be4ece249c70a67ed2fd4b90a4e8190be491cd787a5b36d9601e8af414742c,0x075d92d67086b21b5b820886f3a955116ee2b921c68e1c2b383e98f4a9f63424,1780991174288,1780991175000,37348129,0x08d327daba330d2a9c2071a49d25ce1b44d4da006b7d298dee5269f764009c77,1780991180497,1780991180497,1780991182000,471618287,0x9b6a0f3d48add8c4fa1bd5638900a5e640bf65104a0963000c966e51b9aeaf97,2000,PENDING,200000,200000,200000,1780991173624985782,663.014,5,712,5497,1503,7000,7712,8375.014
133,withdraw,5,4.8,0xf8db8793c362377d8d0cd3c9a1ceb78d652ed39716d2f54fd2cdf1fb6eeed3a3,0x9f2e1facba127caa0c1510cca6901ad900a28088266b6b89d58a53a8d329ee6c,1780992974516,1780992975000,37349959,0x516e1f3dd9d7a48e0e068804458e4a76e64198d58afff83f345172fc131188ef,1780992980154,1780992980154,1780992981000,471625484,0xab3a47aa95736eaba631e5c7c6f8f91be100052b1a85c179d9727229eba846ec,2000,PENDING,200000,200000,200000,1780992973806865154,709.135,5,484,5154,846,6000,6484,7193.135
134,withdraw,5,4.8,0x8be07180677578cdcb1365f47f550f1180d13b111a53f1ddbf81a3bba692158c,0x701b7845d4fdd24e17db99b93f454bd6ca661783acb92fb589e4b7eaee335e76,1780996079229,1780996080000,37353115,0xe6ce2d6e0bbfafb83c6b90dff76428102a655b1e9d576963f8a5f843932d2e53,1780996083796,1780996083796,1780996086000,471637912,0x46a300b376d496fa21e587a6b4d2f57ac5e03b574620a91fb9d029c0143910b6,2000,PENDING,200000,200000,200000,1780996077578763550,1650.237,5,771,3796,2204,6000,6771,8421.237
135,withdraw,5,4.8,0xcc8fb7e5b1b528664030d75e08a4ab9e8ddf7c556f06c03cc1a6d44e735edbac,0xdf1d995400698ceb0e8e702131eac2c5bee658c0cce3e9afe4fe07e6ac777f44,1781000388057,1781000388000,37357495,0x53bb6b6582ff25136be417787a3be3d3e5565fd4c7073194ba8f0f87a579fb36,1781000395091,1781000394000,1781000394000,471655148,0xb4ee5e2f14b6c0c685685fb2abf55c8243a669a32a173f7ac6143e133f58eadb,2000,PENDING,200000,200000,200000,1781000386821351758,1235.648,7,-57,6000,0,6000,5943,7178.648
136,withdraw,5,4.8,0x1704119b17d2384eb6b547c3e86acfa08206a4b5fb1b9f776d7a47f4445c75f3,0xbe4e470b8ddaefa57a8f7f93b7eaa5c383e9130c155f044a338f89bd28dbb298,1781003634806,1781003635000,37360796,0x1e73ee31a8e424af43d13e7ecbc98f7bc43e1e0534eebcee5bacde81e9de8624,1781003640933,1781003640933,1781003642000,471668076,0x1979e8f77571d2339bc02ef5677576621985023102502273ec39d058512fb2da,2000,PENDING,200000,200000,200000,1781003634374023843,431.976,6,194,5933,1067,7000,7194,7625.976
137,withdraw,5,4.8,0xf0b0ae2d765aba8fc8d8c888f64ba0314c3def1d4e9ca30e297ffdb9feb7a95c,0x733b875ac1368436d5fed688c7316dedb98687734dece587803a7c5269302957,1781004827174,1781004828000,37362009,0x735b8539aedb252d76602eac2d6fd06d6f06eb28923ebb3a58830b212e104d49,1781004833127,1781004833127,1781004834000,471672816,0xd030de5bfe2e2c02bbe670f8339ae3e6cbd7bbdf0efd6cf7e2b76fb9bb8e7dc6,2000,PENDING,200000,200000,200000,1781004826463072464,710.927,5,826,5127,873,6000,6826,7536.927
138,withdraw,5,4.8,0x3eaf6c5a499ae9953b8eccda1384a4392c9532400dd3aca480e9c4947ada3763,0xdf4c3916a1583df457d0e20dcdf9654c69065723ae05f597fa828f422a35da87,1781007642893,1781007643000,37364871,0x2394df77adef7914567adf6338e6be4f03064a7f8812dd4c1938dc79b262d59b,1781007651077,1781007651000,1781007651000,471684047,0xcbfc82921ad28defa9c5a9d104a88ac6b46124dc6a5056c5a1c41238f8874a80,2000,PENDING,200000,200000,200000,1781007641005263351,1887.737,13,107,8000,0,8000,8107,9994.737
139,withdraw,5,4.8,0xd472262101e210be9b66ad720091e158f94aaa466289cfcf032bfb27802f5dd0,0xc4522d8211a69470021b43bad1bb164a9cb798c5940fd9f527bbf4f9e24ba328,1781010941612,1781010942000,37368225,0x17541e9003d3dc512d4950b7b7a0bbfb8137db9d87660272669f4d59a3ca9ab7,1781010947758,1781010947758,1781010948000,471697222,0x7e49f23f505344bc8a37ac7a36b7498b9989d888717833b2ab22bcb35f43bf2c,2000,PENDING,200000,200000,200000,1781010940872338294,739.662,5,388,5758,242,6000,6388,7127.662
140,withdraw,5,4.8,0x0fc79777d406b4cc6170245afc88b8cc533269ef0ac4b3688284cbe3c7fd0287,0x04427b606352f48e7ed49e530d23ee0fb08d150e2438dc6056c7779e698f03a4,1781013046185,1781013047000,37370365,0x14569f50b5b48cb686239fedb66c3a9fc5686d6ef6698fb1f37ad2fb57ba86a5,1781013051823,1781013051823,1781013053000,471705647,0x9cd129627123442e603dc3fb2b17276f2ffcc5ddf5db9eac9cd06d1343157aeb,2000,PENDING,200000,200000,200000,1781013044992830719,1192.169,5,815,4823,1177,6000,6815,8007.169
141,withdraw,5,4.8,0x22bda98d83a371bd9d328fcb94a52107fe9c98ab377482a34c8454b531784eba,0x54660d84f95994eb35898d0ea3a21d5b45e9c2f905b0d1811178c252d32776ad,1781017194780,1781017195000,37374582,0x48a3fb964373bbdcc7a1c49ae88dc75a85564eedc2a1309c8390df6e58fa3ea1,1781017202992,1781017202992,1781017205000,471722296,0x7ff78342652cf8a393a3b8aef511504accfae389198a870e0e63405151c66668,2000,PENDING,200000,200000,200000,1781017193454633800,1325.366,9,220,7992,2008,10000,10220,11545.366
142,withdraw,5,4.8,0xdad622bef4626f31e98c30efa6f900527526a45f88ab31af27304e2c6461a263,0x4589ca2bec76eed277c3fb19396fe88dfbf9adee74e29d4aa3c6d55ee32e4a95,1781019742368,1781019743000,37377173,0xe3b97c4678739300d8eff00b4dcf8e5d1fb04d2c69268c7049cdbf2f8183af1c,1781019749181,1781019749181,1781019750000,471732485,0x13d61034a31ecc789957ae939660ca14e212293da185cbdd77c88516313c4b19,2000,PENDING,200000,200000,200000,1781019741900712697,467.287,6,632,6181,819,7000,7632,8099.287
143,withdraw,5,4.8,0x9b37900355e431c7464acae41bac4d06e478d2275c2073cdafcb2634082fb083,0x59941661eb105c25d7a16bc4ed90411fff72d88eb8857ea9e41d6857596b60cb,1781020915738,1781020916000,37378365,0x6a676285a75f524dab1a7116591063a1b2ee179652862cea63740bc3603b7af8,1781020923488,1781020923488,1781020924000,471737183,0x460b6a27cd2d1727f90b886f19d8284b68d7454ca8180c4041d6c19a3aad2cce,2000,PENDING,200000,200000,200000,1781020914785867141,952.133,9,262,7488,512,8000,8262,9214.133
144,withdraw,5,4.8,0x4e3acfa88238474b708d97ea4c74f88114ec7c53a20fb81f50abb3f1829307fe,0x358763b1fa06d5621816121db19d137edda44146258460e9290c0cc0d1e629ce,1781025348844,1781025349000,37382872,0x8bd16f375b9053f80a969220205f007f203ac9c184010f725d837e458f0012c6,1781025355874,1781025355874,1781025358000,471754946,0xec58fc9bd307463adbfe9ae4f779919dffca72efa9bfb818cc6ad63733d6648d,2000,CONFIRMED,200000,200000,200000,1781025347796139836,1047.860,7,156,6874,2126,9000,9156,10203.860
145,withdraw,5,4.8,0x05c54114193561a4fb6706da3679e3cd094fc312c2f06b22292fa9f953515246,0x182b210c096969646afbf8a4a87be557e81218abc14677ec36e2d50a14457ffe,1781028036222,1781028037000,37385605,0x127f01a2ec81fea24d455571f7b2ad7e6d44ca296e885aff6b23a12e1c767aac,1781028045306,1781028045306,1781028046000,471765704,0xd137e6814496ed93b2c90aa27907d6bc6d638cd4ebb8ab14ed7ee84277cb5fe8,2000,PENDING,200000,200000,200000,1781028033975588182,2246.412,8,778,8306,694,9000,9778,12024.412
146,withdraw,5,4.8,0x7b8ccc10823e486a210370473729412b7b1d7fcb16f8974320f42072b57a1147,0x2f59e960ed6ed3f04622a01885a70bf14f9aaa61a3f29addb8a50b193623656a,1781032462566,1781032463000,37390105,0x9f79dc3c829eb222ac4a51b364571802d917ac10cb8b6b7ed221830e91d1261c,1781032468404,1781032468404,1781032470000,471783392,0x9ce89e5c2cbb78584642d2ffacfa3492c06886eb0df55d9ea281277f97a9e737,2000,SENT,200000,200000,200000,1781032461789559156,776.441,5,434,5404,1596,7000,7434,8210.441
147,withdraw,5,4.8,0xcb999b2112d3e3bf183941a2ee9c2e59b952a26a8fde273bad77fefd32b95443,0x13c3bd5065c8e29b4e55fe56b1ac6c7b993c6d0dbc3928fef35f85be8114765b,1781035820537,1781035821000,37393519,0x08ae78b7455cb17e42432dace601345c2e601f94b92b3d4a9eadde1775f5cb60,1781035827052,1781035827052,1781035829000,471796791,0x2d0bb3d2d598a79afbfd6ce8ce584c69aac888718592d92f3a4f45a2a544858a,2000,PENDING,200000,200000,200000,1781035818614328934,1922.671,5,463,6052,1948,8000,8463,10385.671
148,withdraw,5,4.8,0x6b277b531877ca936471759e44e3e81ca40514c794fbdab898f08105e48e38de,0xfc99c322c2eefbaba91647f2b184e85228e9b4d8080bb7fe83ba27156accf55e,1781037659203,1781037660000,37395388,0x2cbb4d33a7853cfb2974d1721c0b149f9732ee935ab87372abb1232fcbc9818b,1781037669536,1781037667000,1781037667000,471804117,0x5d28d03bc82d22711e1c03bb4accba1109d1989a911fef51c374b586f87df520,2000,CONFIRMED,200000,200000,200000,1781037658067260271,1135.740,11,797,7000,0,7000,7797,8932.740
149,withdraw,5,4.8,0x623f83a57f3349842c507bb974a831b61c9ca202cc38c21f65f97a329afbea97,0x3bc7dcbf379f2ebdd2decb1ebdbb437da1979a184a1c7ca681140f29b91fcf24,1781039915242,1781039916000,37397682,0x690d4eee3afa55781783c37e82148547d8280d9ae8680d3895c1c8f8478dff45,1781039920804,1781039920804,1781039922000,471813090,0x43c643a93ad579a9d564576d03b3662c013e8d077e7ba0b27fbd22f76a31b565,2000,PENDING,200000,200000,200000,1781039914832834233,409.166,4,758,4804,1196,6000,6758,7167.166
150,withdraw,5,4.8,0x5bb10e5d727b7c8c8200119a248cc030984207d4183df9414e40ed8e2663ca0e,0xb0f071e6337549dbf6dcc03f49d448ae8a64ebcc58c7154ddc6f25f5470e18d1,1781042186848,1781042187000,37399991,0x0b0282f40ac658d732ee0394229763e75e7919c10acb5070fc91577cd787485a,1781042192717,1781042192717,1781042193000,471822113,0x084af0e8e4a67a3d497d47630d302753b919c367f69345268916d73dc5c485c0,2000,PENDING,200000,200000,200000,1781042186497396313,350.604,5,152,5717,283,6000,6152,6502.604
151,withdraw,5,4.8,0x1cc74168c98c0dff50d12bd06d104d67bfab4dbaecde675faafb89a29b74e982,0x52008a3135dccf4d858d975f187a837f9c0fa4412e326750eccf8186597dad52,1781046359697,1781046360000,37404233,0xc0d573386ddcb95d8acaf44556a61b7a4c83f03913e4861d04a6c350a889f647,1781046364854,1781046364854,1781046366000,471838679,0xb6c7c0e89c02a7b49b3bed4337b7bdd217c8123822b1b4eb58654845c6efda98,2000,PENDING,200000,200000,200000,1781046359184868655,512.131,5,303,4854,1146,6000,6303,6815.131
152,withdraw,5,4.8,0x7678e322f13dab7907006a9109e008d79435b16ec3f1443e7b82f0beb78c273a,0x64df802aff686d386efaf47baffbb134e074cb79d1a1ea0bcbc14a063c53b117,1781048330132,1781048331000,37406237,0x9be39ff119e402596ae30a3f4c01729f9f070b3a7e74fcd684c3b8b7417e75eb,1781048336961,1781048336961,1781048337000,471846521,0x88b8a458d5d72a3ffaecd837bb6bcba78a6d170d8e605da8913a762c9bb0d6af,2000,PENDING,200000,200000,200000,1781048329614583263,517.417,5,868,5961,39,6000,6868,7385.417
153,withdraw,5,4.8,0xd3ce7d4a3a86dd126086fb0785f1f12dd66e1770de0142a0f94b5d7bde781e5d,0x3115b08893254f6cdfd248fadb82d57effdbb204f5b4017844104d478d78ab1e,1781050190339,1781050191000,37408128,0xe0bf88e481aa0d0ca3c0f5e035da0af733a82117d497ca8bedaeaf14c7904b25,1781050197268,1781050197268,1781050198000,471853909,0xeb2c506fa294d89de06a336890c01f5cb9bf5db19bf84673f76521994fe1fcf9,2000,PENDING,200000,200000,200000,1781050189733233287,605.767,5,661,6268,732,7000,7661,8266.767
154,withdraw,5,4.8,0x198a2b90076b526251079a86ed6b10094d545bfd51f322bd4866ce0b4c7a88cb,0x6c7b00f62f6c3eb7774ae33eb8c696e454878849d17eb8e7016a34c20ac45f20,1781053864276,1781053865000,37411864,0x77b12eb072e6c147c5d45a863c3700d0cd761c8e5216ffd412ab4e23a7a41457,1781053872526,1781053872000,1781053872000,471868541,0x55d6b1289b7201928ef510118293f9acef869f80b21ec92641554cff84fc1e91,2000,PENDING,200000,200000,200000,1781053863840252150,435.748,7,724,7000,0,7000,7724,8159.748
155,withdraw,5,4.8,0x2e5015e965a92f213334bed220178e513fb1dfe16351e945c636aa92c004712e,0xae8f7040868b6fac59c7333a89f3888d1e81057e370a09302c1fccd603ef56d9,1781056415005,1781056415000,37414456,0x35e18fa5fa06eb27457d1697d4ba76312b552bdaccd80ee8d56f9e4c2505f592,1781056421224,1781056421224,1781056422000,471878713,0x67c87d7caf5d5c7da34aa08e868b6c8f3245655d95cd436c531136d50900639b,2000,PENDING,200000,200000,200000,1781056414490286240,514.714,5,-5,6224,776,7000,6995,7509.714
156,withdraw,5,4.8,0x1ae576d6fcaceab6ede14e1dd5cd96f6aeebffaac5761dbe3513de9f5c054065,0xb0360b6cea0d0dccd4408026d3be96070f9ff97ded342bd1b50b464d1464e959,1781058684809,1781058685000,37416764,0xd74b2e05cf60b84a6fcca5ce6da64f7dec992d35b3df23a44393f25d6b72835a,1781058693284,1781058693284,1781058694000,471887790,0xdfeb6a689091c27f55e09bf5ed18ebd737fa49ba3eb92953120948e4236c5401,2000,PENDING,200000,200000,200000,1781058684408287551,400.712,7,191,8284,716,9000,9191,9591.712
157,withdraw,5,4.8,0xaed89b7665449d49b0f48cecbad6a4553ed4daa618f5fa91bf5cccfc5f48bad4,0xf9f4bc076f17e057d95dfa2b17527a55a05f072c3e6b368db9ad9510e68ded31,1781063571590,1781063572000,37421732,0x6237d669bf06b55cdb5039f6fdcc735e99686da52b59a9c88d438defd5e0830a,1781063577028,1781063577028,1781063578000,471907192,0x125a4af4e5b84b2112ee17aa919ae56df223ab581ac014d8dfcd287ae661fe81,2000,PENDING,200000,200000,200000,1781063571109325263,480.675,4,410,5028,972,6000,6410,6890.675
158,withdraw,5,4.8,0x12cbb0404edd2862fe4f55bc79ebd4c641b3bbfe820aedab777351e9c4aa7e9d,0xf336b7075fbf38e5f0b17a39918643c6e513681e215a1d1a59207100dca903b6,1781065789696,1781065790000,37423987,0x8141c275a0cb953b1475736f6a20f68490c49d431bb2541eafd02fda4f5b3607,1781065796830,1781065796830,1781065798000,471915943,0xd3ce3d24ffa39b28320cc3cc27cb8a2631a9ac6f21032f4251cf9c8e9239cb28,2000,PENDING,200000,200000,200000,1781065789238263565,457.736,6,304,6830,1170,8000,8304,8761.736
159,withdraw,5,4.8,0xecb902dc9648f6d4f06cf4952e14717f24b6faedf1f83a1650f05e21573ada00,0x39ec9daa087609f4d05ba7490989a112c60831452ba38b0557146c40196373c8,1781069528548,1781069529000,37427789,0x5890fec28ecaa5baf575cf2d00ad9d4bbcbf1ac829e84480e46506ee9a549dfe,1781069535136,1781069535136,1781069536000,471930744,0x24e670f9709b15b5b1869b8391576f5d48593aa6da1a7974772b6a966bb61851,2000,PENDING,200000,200000,200000,1781069528140271477,407.729,5,452,6136,864,7000,7452,7859.729
160,withdraw,5,4.8,0xfa99562ec82424bf2c05a040eeadc5ffb47da1e2482373e65d5278f5097fe8b7,0x5772958bcf25135b62f122057a2f1cde568858d429d09857c1d2ae12cca62ae1,1781070358008,1781070358000,37428631,0x7f1736b8cdf3b5f30fb73eab34cce3202a1fe82499ab195b8f08ed3f8a783676,1781070363195,1781070363195,1781070364000,471934007,0x3cb40b439b0d86776018512a73f2c5836def4e6c016cc7fc4f3b6647423b89cc,2000,PENDING,200000,200000,200000,1781070357277079154,730.921,5,-8,5195,805,6000,5992,6722.921
161,withdraw,5,4.8,0x77d05128f91f92c1e5e591722087bf46df8ce5b3566aa8d2e9e7e9c6d0fb80fa,0x48dadcf5f8245f63aedf320237e93d6b2f54f84a4a984b9fb6599d2caac591fb,1781073654660,1781073655000,37431983,0xee9ac0c9ebe1940199aa9d878171d932f17804564f1645156d0d9679f9851bde,1781073661490,1781073661490,1781073662000,471947128,0x284fe4298796787ff609ad53030ede04bc41680a6ab22197a4f0cd2d3d2791ba,2000,PENDING,200000,200000,200000,1781073654501843715,158.156,6,340,6490,510,7000,7340,7498.156
162,withdraw,5,4.8,0x37c9170856f8a896c9ef9d9f4a1da65121f9ddfaa448df7ac4f5e22e01c9b4cf,0x4437e10d01bd5ae10b206a90c4d2fbbcd1e495adb8c95a3f5de45b790b7fd8c2,1781078048344,1781078049000,37436451,0x8b86cabdbcd867b990f37d20542af61b7777b882325621d0e272531533bd7e7a,1781078054268,1781078054268,1781078055000,471964587,0x75e76fc45bc2bcddc7d2301cc53058f310ed1d75187f335bc0d800b3f10c9df1,2000,PENDING,200000,200000,200000,1781078047830077998,513.922,4,656,5268,732,6000,6656,7169.922
163,withdraw,5,4.8,0x0774f24e323f0afadc85737bdb0aef6d97f6a4d0cfe67593d9e5a6fedfae1d48,0x4731d0790ac770dc7f619ba7b88edf8c346b04987b0f0efcecc2f83bf307aeb7,1781081799619,1781081800000,37440264,0x87e5ff422b1b7260f10f5c37ddddd203bf254d4a5832073d121e433515da727b,1781081804687,1781081804687,1781081805000,471979545,0xa5d6c93a10bb2ae77dfa099919c1ae9f2dce986324c8620d0209458f009f5b9d,2000,PENDING,200000,200000,200000,1781081799029291660,589.708,4,381,4687,313,5000,5381,5970.708
164,withdraw,5,4.8,0x89df0b510d9d04a3beea8defe91a1f6324475e3ff9ea8a061c08e8978bda30b8,0xdf27e483bd8e277aab04605f18d521cfb46e943ef7a2155ad2229541c7df1aae,1781084021132,1781084022000,37442523,0xa7228aea4b3bf20913994966b17ee0a6d827fa60e1682898a0e95b6e1fa797fc,1781084026997,1781084026997,1781084028000,471988416,0xf62304d3cede0146691d3b174be6fbc3f4c930b51af4f1a2807b27e89e85ca6b,2000,PENDING,200000,200000,200000,1781084020555662359,576.338,4,868,4997,1003,6000,6868,7444.338
165,withdraw,5,4.8,0x492b6aa40f23adcd80e1e32331002d9c4b0b34561542bf1410e56ce5f4dba574,0x9d4795d7bdb79149baeafdab7b741449c6e0a6b24f79b6e86f5c68f8b6ffa69e,1781087423455,1781087424000,37445982,0xf740a06aca9bb59c32f857181d30b0a0bbce3a79cffd804ece20ef3c2ba412b1,1781087428592,1781087428592,1781087430000,472001965,0xb3ceaa35b954c8b6eddaf546837525fb72537da416a97f43b017a16027e551a6,2000,PENDING,200000,200000,200000,1781087422609959764,845.040,4,545,4592,1408,6000,6545,7390.040
166,withdraw,5,4.8,0x37981814b7ff1e9eba6ccb11705a96e0eb4ff24c064ebda0c918a9d0f9109e90,0x96cfecf6a1364e2692fd60b8f61acb9964b1a6991ef1b18f3f55cca598131dca,1781089290850,1781089291000,37447880,0xe49c993624b4eeda6ed08a64ec3129010dcb470d1e755312876187afaad57398,1781089298315,1781089298315,1781089299000,472009411,0x8000628fc88d1691dabde9a8adea8ca1d0b19fd9ca38650b80f5f83ef1ac8aa1,2000,SENT,200000,200000,200000,1781089289609762541,1240.238,7,150,7315,685,8000,8150,9390.238
167,withdraw,5,4.8,0xc81bf3539f459ddd9afcda9bbc8576609655bbf96500c6dfda6645148736c4df,0x9a00a354be474bae65d2692ca0b011680c64f49b17b54e28c8b84d54e5172022,1781090623399,1781090624000,37449235,0xb9f0acdb4f4f4ab838e667447a5474d6969dd5e736ca5c0a90bc53896cd5075f,1781090630723,1781090630723,1781090632000,472014737,0x9010cc5c0b0c66beb78a9f65d28a4c094acb69ce09f1df3575c1a38782b13cf8,2000,PENDING,200000,200000,200000,1781090622314432720,1084.567,6,601,6723,1277,8000,8601,9685.567
168,withdraw,5,4.8,0xa2077e6623b4400874178e66295b52b65169a30feaf91de07f2d0cd792292e8c,0x5bfceeebe1ec6adbff8d69b4e0ea2651c247ee299ffedd32d4139a071197995f,1781094038553,1781094039000,37452707,0x62c58cfc71023d8587269fe66912e4c26d80ce17eb0ef4a6c8964afdcfd92835,1781094044661,1781094044661,1781094046000,472028367,0x0715c8ce6f390e3a0162010739750dba10598c8248cf36bc9212133cb385a54c,2000,PENDING,200000,200000,200000,1781094037997071774,555.928,5,447,5661,1339,7000,7447,8002.928
169,withdraw,5,4.8,0xebfbd0758620cc199f95b6d38d93532e72fae24b6c3eeb086e5936f75090d128,0x260f98049dcef2ac95c4582e0dc6f689d683714cff4289299aa86c3a5a323d26,1781098264326,1781098265000,37457004,0xb1b2b30639e10b97e20b85f7181f34f199453e391f6e59df16f8f6a390491316,1781098271154,1781098271154,1781098273000,472045276,0x1d5be32c3e4b161df9cac7dfe4b36b489eb7a8ddd0d8bd12877c6925eca4cc3e,2000,PENDING,200000,200000,200000,1781098263535797235,790.203,6,674,6154,1846,8000,8674,9464.203
170,withdraw,5,4.8,0xc365fe3f401f268ee96b74b5c05cbf8b705c2c3c8442ae9bfa7b7f5fe36c418a,0xbe6493f641945faebf2f2053e82afb5ee105f4f9b3995143821e858a8f2fa34e,1781099767570,1781099768000,37458532,0x1069e87e5ae6670a8017004bbf8622a99714a22642e373d6e4095f8809063db0,1781099775073,1781099775000,1781099775000,472051297,0x8932e3701a8096eb792bb3e360aeeccae05b53da2dc5881db330767d6735b8e3,2000,PENDING,200000,200000,200000,1781099765803026520,1766.974,6,430,7000,0,7000,7430,9196.974
171,withdraw,5,4.8,0x95dc484ad2f9f1c6e2d61dfcce1c0c2a68475a8ce9df9679fc51825f0f8e3b3a,0xaeb1981722c101af206cb7852b00b353e5205157678f2ca66a68af9c5c91ce14,1781101291882,1781101292000,37460081,0x7674d3e13161d2b449c39d38ecef1bd7de1fa2666541a34404f2716f56c09b3e,1781101298922,1781101298922,1781101299000,472057402,0x8e1c47d3b911ececcc42b13b488dfacf697efd10e35c1a905ff72d320fdd4f04,2000,PENDING,200000,200000,200000,1781101291278377524,603.623,6,118,6922,78,7000,7118,7721.623
172,withdraw,5,4.8,0x0821f0e25e124701d6cea7d448e57643f6d6b7605848afa598aac85dda1f01e1,0xb2851af9b9354a883dc8c35305eefe5cc94e0225ef9cc5694d4e872b57ae3d7e,1781106870436,1781106871000,37465753,0x7f1a73181b771024dfb4734255169c53f0f9f3cc8e23f014321bc6c697a0e3d9,1781106877187,1781106877187,1781106878000,472079729,0x6937b1601acb9d011a82b99d6c9930f792591c5fefd5a202e373822febb7d0d9,2000,CONFIRMED,200000,200000,200000,1781106869904501886,531.498,5,564,6187,813,7000,7564,8095.498
173,withdraw,5,4.8,0x4304942f083a75262bb2608cf89dfe521c35238e4b16aa759028d78952b153fd,0xc59076c66f632c918a1411b293f4fc993c4d8b599638c9851de151e100fb4ae8,1781109820440,1781109821000,37468752,0x6d5c355e1f3605530ee03f54195b0fd9ea4b80fe9dd77c2a868f3a15045d8404,1781109827307,1781109827307,1781109828000,472091535,0x9e087dfa85bc3142f9342f1536dd83a671cab261ef455d976f357d45a0e3ace1,2000,PENDING,200000,200000,200000,1781109819268835155,1171.165,5,560,6307,693,7000,7560,8731.165
174,withdraw,5,4.8,0xff3919500ef731528641c8fab73169538509482ec7f378cae29177d88bc218b6,0x192324bb05cdb9d1731afa5904e4536273953e655190ba09b68059a6cd785b72,1781153966355,1781153967000,37513634,0x038da450bee0f625506f37f7154a57056a95ffadf14dfab28ff04c8cd19dc76c,1781153972949,1781153972949,1781153973000,472267069,0x2070c7aff3be7eaada7e6cb566bd9bdc9c7748274bba221c6bf75f6b17d825ed,2000,PENDING,200000,200000,200000,1781153964989070300,1365.930,5,645,5949,51,6000,6645,8010.930
175,withdraw,5,4.8,0x65935add33113191707cb5fef31a001d9a252c329e449856321d8bf191193235,0x280291a1c300d23390ee15f46e71e678bcf2f9a85fecdc605b342a516c93102a,1781156027454,1781156028000,37515729,0x2b535ad2fbf646f0fc9b5056a12e1264573bc69ad80446dd77eaafd5abe79202,1781156032705,1781156032705,1781156034000,472275215,0x598abd2da8e09bbb29dd8101720210e57cdd0902092a18aa3a41d005caf425b0,2000,PENDING,200000,200000,200000,1781156026867182779,586.817,4,546,4705,1295,6000,6546,7132.817
176,withdraw,5,4.8,0x54f5a1e11ffead3544632fa1475f85f0fa264fd0e33d8642db1ec7476e387b1a,0x89ebfb6af08ca8387abb8c3b78e4288d05e7d1219c184bd1a8352360f742e8e3,1781159409036,1781159409000,37519167,0x57317790a5b58a1865dfdc0fd8d7187648df8e0f4e3c84a91c2a4d734ed1b19f,1781159416093,1781159416093,1781159418000,472288628,0x938d5553ce18d152b85095458ca3304233d6748dd89f6cb66192060676ac188c,2000,PENDING,200000,200000,200000,1781159407907281020,1128.719,7,-36,7093,1907,9000,8964,10092.719
177,withdraw,5,4.8,0x2ccb4185969904f824fe1e0c81b36e3306f798357f1c46e3fc3390b98a3f7df6,0x58acf2bce4792b8bd95383e98a6c2c2b32e50fe22699d1f3fb4bc3c78085eb8c,1781160644418,1781160645000,37520423,0x1d21c961c91fe83c03ba8b19a7517e2a66efbef2953b0fe39b3f6142dcd97cbf,1781160650713,1781160650713,1781160652000,472293537,0xde1fc0f4b28c524be418bc6e7cfa895154194d934e2b7224c9d9eda9094d9436,2000,PENDING,200000,200000,200000,1781160643821635440,596.365,11,582,5713,1287,7000,7582,8178.365
178,withdraw,5,4.8,0x233fc4ac0ad71fad0527cf69152315df5fd4a774314185980ecb98a0940e773c,0x256c85ef8d668cbd489fcb2755d6ae477c287322c79c292ac71a189413f5fc59,1781166217119,1781166218000,37526089,0x4ce0a020f0ef980ff14d73ce1c69dcfb6bc512faa22201343c2fd38c105f24ad,1781166223770,1781166223770,1781166225000,472315736,0xd309124472ee26fbed6675c7700a5d53adedfb65807c17b3f78d4574caa163b1,2000,PENDING,200000,200000,200000,1781166216320390464,798.610,6,881,5770,1230,7000,7881,8679.610
179,withdraw,5,4.8,0x9bf09ce978026491d86dfc25cd1c69908b413f8b5711a9703978aee6eaad68c9,0x73896b0dbe78954d53700cbf3bdd4185f12279982410984884d58369688ace83,1781168045734,1781168046000,37527948,0xf20dec792cf6c6f11b2ca0abed054f17de2ac51bc0271122cf476e693a87b5aa,1781168055555,1781168052000,1781168052000,472323028,0x70c048cc532f67b653389292d36206723f4e8a3f08525fcc90ca0926b330b4cb,2000,PENDING,200000,200000,200000,1781168044063374016,1670.626,9,266,6000,0,6000,6266,7936.626
180,withdraw,5,4.8,0xd627cf7665f43a47ec6d4537674911c751aedf75de0f8b75e69df248ebaea4ed,0xda2a6f9947bd0c9b7490cadc60adb0bfc0a2d66cb67deb8b443951c648deb987,1781170915473,1781170916000,37530865,0x984b1150ce6877e5968016771231d3c5f44485a02d82475b01689f8fc2fad56d,1781170922815,1781170922815,1781170923000,472334480,0x5d73259f78baac1efeb8d68193c501fabe56b308ba05848fde1a69b7f39532e4,2000,PENDING,200000,200000,200000,1781170913828094952,1644.905,7,527,6815,185,7000,7527,9171.905
181,withdraw,5,4.8,0xbd4efc8b13d002ed8c69fc92131d55b9c52fea2486c5c06a9741bc4f7428db29,0x9fd20e94c9d7cf7a550f0a9dabe7dd401699df12f0448fb86526d642b0800af8,1781173868585,1781173869000,37533868,0xc810e779876ffedc7bb57992941515e2153fc58b394e50b47da18ddb642ddb74,1781173875433,1781173875433,1781173876000,472346255,0x8e680e33007d34c71102bc9784ee4219d43399470c99fad5b3dd8dd2115da0c0,2000,PENDING,200000,200000,200000,1781173867343200762,1241.799,7,415,6433,567,7000,7415,8656.799
182,withdraw,5,4.8,0x3e2fc0f2a57f97d73cdcc80facd2dc6bf0e97784532358ea839924cb9104af3c,0x21984669ae91cb7181520c8ae8ee0c6eec00ade0be252383795890bf2da868ef,1781175099571,1781175100000,37535119,0x06b414ee60829a3d3d7d65c4c41cf650f3ca365a21f9812705e9a7a812401ab4,1781175103415,1781175103415,1781175105000,472351149,0xd99338a2918837da9cd1b4491d941333b314c69aa0cb18478b74615577aa50e5,2000,PENDING,200000,200000,200000,1781175097671126930,1899.873,4,429,3415,1585,5000,5429,7328.873
183,withdraw,5,4.8,0xca35ebd9d8bf0654f2b5840cd7d9326c7cde95ff870563793f54acefc3efd7b7,0x61a9f029104861584a90b41c57570dd96de5e02283c66183d60c7ddd33a6dc86,1781177782278,1781177783000,37537847,0xc5e6b63b92b3bc09f30d7c383bcd30d00c9b171b8931d522a706dcf8e854d9de,1781177788377,1781177788377,1781177790000,472361856,0x4c4b39fba9f41515fc1d8f41b77094410e3d13a2fd2be3b8bd0bbe0c8d58de2e,2000,PENDING,200000,200000,200000,1781177780983599628,1294.400,6,722,5377,1623,7000,7722,9016.400
184,withdraw,5,4.8,0x16213db1dc93e1f68c684cf12f0bcc3681ae598307b633c9da4d33f081c1fe40,0x20d56a7c25ae99facb618ba52ea988c5e880044ad1c0747a2d80875d36dbeffd,1781180779106,1781180780000,37540894,0x4b73a243bf51229340cf477e0442e3086b7bc126be590ce4bbe2bcd67f2eaaf8,1781180788484,1781180787000,1781180787000,472373834,0x292c593dba131e898a7a703d2219dd549cd1ae0687b65073f99929d750834d1b,2000,PENDING,200000,200000,200000,1781180778151987940,954.012,9,894,7000,0,7000,7894,8848.012
185,withdraw,5,4.8,0xd9cb3afdb5c01e3ce56618252a765a2d4d6864eb1ad94d0240ff04fa4d745598,0x87daff6b816064d6ad8ffff4f711cda09b8a65fdb2bfdf29b794025f8807dcc5,1781184617815,1781184618000,37544796,0x37745066b9bfd431aa825854261478f1b2c9fdbc0558323b1bc69798ac9c3d72,1781184623042,1781184623042,1781184624000,472389186,0x36ccfb3a6a59dec946589266229a7078645dd417956ef20bd5fc2ea5f57f6014,2000,PENDING,200000,200000,200000,1781184615910865939,1904.134,4,185,5042,958,6000,6185,8089.134
186,withdraw,5,4.8,0xa33b221de015808613efc1a916d7d08c8536d99bffbc11903fcfc73dbad7d9c8,0x98db5cc87f69a0d51b097747a8b595b61de666c0e8fa0bdc61f3cefc7bb2b270,1781187015387,1781187016000,37547234,0x68becef264fe2bba9cfa95c1071f4a2b62929c71d143eddaa8238a13f6181265,1781187021204,1781187021204,1781187022000,472398796,0x297a350ead36ad09462e705054d107b30f7deb5cb43688770b522afe8a16675b,2000,PENDING,200000,200000,200000,1781187014748057220,638.943,5,613,5204,796,6000,6613,7251.943
187,withdraw,5,4.8,0xcef4322c15cb1c6c5dad2204aaf4fa667dd360da244e8381a210158183cd5faa,0x19272f9b72d3e996d84085b3826ecacd939960776309de8d624b48bf9a1a726f,1781188241832,1781188242000,37548480,0x1553cf5a20c129ac6fdad9cfb2ac3e939afc06d6f9541bb0b7244a493f0d3477,1781188247115,1781188247115,1781188248000,472403704,0x7ad149a26a8d6f463c8cebba54646c9438a229cbf94608e9ddfa4fbf16fe3ebf,2000,PENDING,200000,200000,200000,1781188240999012349,832.988,5,168,5115,885,6000,6168,7000.988
188,withdraw,5,4.8,0x64756590f544d0e363f12346365f3344e38029ab92e3bfeab243a160adcc3ebf,0x0beafaa99f283d41c486076833db7808307eff236de6ca478294b60295bee209,1781191131185,1781191132000,37551418,0x3779ad5268413e45b9a5b1aa6a3e1b6fdd11b65709199156363dabae5e76c0a9,1781191167938,1781191167938,1781191170000,472415391,0xc886e0326f213186a7f37ed7ff8fded00580606e039826b1cd3cc3c8f38d01c0,2000,PENDING,200000,200000,200000,1781191129786574454,1398.426,37,815,35938,2062,38000,38815,40213.426
189,withdraw,5,4.8,0x09b00b6a820c10299081a7ebdcbb2be2aca6cae2f7aad11d949b3f4afb0d1450,0x05d3eb5bb2a890eae7476bf20b3f7746733292081cef8974ad282013bfedb259,1781194288659,1781194289000,37554628,0xa9efd3dcb86a729161b839e9802bb52a44754e7566a79280747dd3e3514d8aa6,1781194295334,1781194295334,1781194296000,472427879,0x3175ca1a79ab621d270c34bd7c4ad221b19eba51f39d9b202d4ce6458ab6d831,2000,PENDING,200000,200000,200000,1781194288128540621,530.459,6,341,6334,666,7000,7341,7871.459
190,withdraw,5,4.8,0xa6462c5268c8be796e02b230e91c3c1ae0841bdc94b6ad69b3a124c647358d6e,0x7d5bf1730be82e6c031bd7b7f185ce4960b42ed37b9044a0590cb930b5637355,1781199395379,1781199396000,37559820,0xf617ed22b6fbc5f388d559680eb4ddbb3e6217679914f9d20a19cd89674c588c,1781199399575,1781199399575,1781199402000,472448279,0x48019951cf21a7474f1cded3693844fec903f7f55a4c966608322253b5fce228,2000,PENDING,200000,200000,200000,1781199393805789353,1573.210,4,621,3575,2425,6000,6621,8194.210
191,withdraw,5,4.8,0xc3f7542651f91bdf0aa844ee17a03800d55e401504a10437d7d5ad29fbb9c9f0,0x674a3c2f70f3396e1aee0efc275e785c42449e476d6046cd794943e1e00f6dde,1781200522943,1781200523000,37560966,0x5a97d03aa03d3f2302c58e51fc100a5028732d23d5d1c5440724bb7be925724e,1781200526825,1781200526825,1781200529000,472452802,0x6eda085e8723474e5f133d694e37140ec37f6eaa9d048536f2f949dad11581bd,2000,PENDING,200000,200000,200000,1781200521314492491,1628.508,4,57,3825,2175,6000,6057,7685.508
192,withdraw,5,4.8,0x8e176e9503d24b8afd51cdd524138711a77f72d190b4f53dbc6b8046d69c83f6,0x5a77d74691d97b48fa1ab32b6be78398236d5fe5df3365dcd89bf93eea92a7fb,1781202907237,1781202908000,37563391,0xd48a5da0a32870ed18101a9ef63f279a1467bdb6f369960f75e0aff8f16caefe,1781202913404,1781202913404,1781202915000,472462370,0xfb37ef8edf43dd3c112d77ae3b79ab2bf418b3cf6260221e71ec6bbda4b6a8c0,2000,PENDING,200000,200000,200000,1781202906251899650,985.100,6,763,5404,1596,7000,7763,8748.100
193,withdraw,5,4.8,0xeb36ce55927c9209dd49b3121bd9ff33ef7fb9826ccd3a082a8bab8bbe3167cc,0x44cd16d44271fefac2ff6a78990e7c78da56ae1043bc659c8736bb1fb9fdb306,1781207959863,1781207960000,37568527,0x693dfe35ecde1b358c1910e68e160df3255b668f8c1898ea4f297ede36059b69,1781207966324,1781207966324,1781207967000,472482590,0x40361d6ac677829b54891848fd21375d20656e7e94076d8f28995bb26efb5617,2000,PENDING,200000,200000,200000,1781207959269662622,593.337,6,137,6324,676,7000,7137,7730.337
194,withdraw,5,4.8,0x5a63a56b972840e8d1675836ee570d2c6de2b85b8e8a66efde3173a38e07bc12,0x130155375c113cffa1bd527fb31aff6098307cdb4d19545a8f01bd2b517d99ce,1781209401429,1781209402000,37569993,0x60225c4b60db7aa25418d0be375e3a03c29468d8d0c85af0afaf7989c62c7403,1781209406083,1781209406083,1781209407000,472488335,0x625a5c1b1ad0a027ff74cae9fd6a2e9f3e4349c85e2d0937c9588dc0a708a065,2000,PENDING,200000,200000,200000,1781209400641586831,787.413,4,571,4083,917,5000,5571,6358.413
195,withdraw,5,4.8,0xd69ca98c2b04f0e5d80afbbf3f9c4f67435d0c5b2ed0cbb0cc1d17dc40858d99,0xc3af147167a2852f4c54f813d886e2b25454df5fd65e476f71d0f48c6138362e,1781212325513,1781212326000,37572966,0x5968ffb2f992aaad3f89298bfdc4e3b08fc2e3a0539a8955480ccc5138a2a735,1781212329514,1781212329514,1781212332000,472500011,0xcb290130c97ba714aea6936b7c4a88275943fd8a5d83e5993577d8257fb5b432,2000,PENDING,200000,200000,200000,1781212323921424781,1591.575,4,487,3514,2486,6000,6487,8078.575
196,withdraw,5,4.8,0xe6035eaedce57cfd75788ed4983d994fa4573307b8df10df81352d76e88c4df7,0xf1010564d254e1bfbb13fc3324f052e32e0af810a7a6bc2fbbe651efe811ca95,1781215328815,1781215329000,37576019,0xd18efd0562902138bebb6581438a7672fe86d9eaf5f8d00a7d0c5bb6410c2b4b,1781215334454,1781215334454,1781215336000,472512000,0x6a70f55890ede297808f3e107cbfbcfc666b2c9d7550db325ef3c074945a6d39,2000,CONFIRMED,200000,200000,200000,1781215328325554423,489.446,5,185,5454,1546,7000,7185,7674.446
197,withdraw,5,4.8,0x4467baf8c8b402c20f2f23fc8127b7df1288626c48cc946b7770bd6dc99e5394,0x029ae761010744849bc9920ee7d165e108f6cfd615b6e7f12ed18e43bf4a7d18,1781219842925,1781219843000,37580608,0x0b8ece87e07ceedb2fdb4a012af9819ce77f3caef06e119b8c2d4b58e747656a,1781219848810,1781219848810,1781219850000,472529962,0x9da9f00ef03cbe1f73cbe02476d01484c1dcbaa0c53d778e22819b2b50598a06,2000,PENDING,200000,200000,200000,1781219842616345636,308.654,5,75,5810,1190,7000,7075,7383.654
198,withdraw,5,4.8,0xd32a05a9a950d8964403e7133d67720dba855f3e9d62cb4a0015bb69ba14aac8,0x618f5cc890aa54b652a299bc95052500d682c9cf17c812a48740a15ddab8f598,1781221005024,1781221005000,37581789,0xa68cb6331f341b2a3d15b2f97616e6c4cca8f2e55728f5b74e44486ada3bd32c,1781221010456,1781221010456,1781221012000,472534586,0x31e89eda9e7569ef406e3cec59984259190a582b3f7afde23ef4ff1739cd7905,2000,PENDING,200000,200000,200000,1781221002599726804,2424.273,5,-24,5456,1544,7000,6976,9400.273
199,withdraw,5,4.8,0x3980786e14c2b239dfd7e814a572e518a1e580e8b4e99d238b4137ebd406a616,0x7486e04070b5610b36da0b8181e5fbde428c2fbf67e6ecb3f6afa29d81a002bf,1781224967086,1781224968000,37585818,0x249d3bb01473c887ca2e87faf1addd4937b326248689b4a6c7f81a438550ed3e,1781224972043,1781224972043,1781224974000,472550391,0x21a9b44eb862eb0df874bb0972c338c09c266b73cee3eaa2cbd6aaff1193e5cf,2000,PENDING,200000,200000,200000,1781224966089205327,996.795,4,914,4043,1957,6000,6914,7910.795
200,withdraw,5,4.8,0x14dd626e751260d1aae8c7d7ac5a5b72ec377d646737d4e06f1edcb6a146f073,0xd0c4eae39dbda8a89950fa693dd6fd53ed48cbaab81ae6a61b4087dc10d93fe2,1781226417125,1781226418000,37587292,0xc57504a93143db69f9e3d0b192103a80d75bdfbc28b21eb281349aedbad2dbeb,1781226421206,1781226421206,1781226423000,472556165,0xf3fdfc5ad17adb740436198fd4001c972ccdd6589b24a55227662000a847a24a,2000,PENDING,200000,200000,200000,1781226415793982655,1331.017,5,875,3206,1794,5000,5875,7206.017
201,withdraw,5,4.8,0x0c23bb976aa7f6ef23c779af6fbcb0e730d5374995bafe76bb03effdf891b32a,0xe36bd873e61873c2be8912b9f6efb7eba0bf0ee5292d37c9628f80bcc39b531e,1781230104990,1781230105000,37591041,0x981e8205f2ef9cbe4b260e8cc74fa1668d86ccea19f39915cd6b07d4173b40fb,1781230111534,1781230111534,1781230114000,472570885,0x0e1dcebfb7ad485cf27a0833e3dbe3058495ec6b4d4ccdeb07c5f35ffb66a82f,2000,PENDING,200000,200000,200000,1781230103643752755,1346.247,7,10,6534,2466,9000,9010,10356.247
202,withdraw,5,4.8,0x45fd3ca3c0060fafaabe56040d23cbcb946eb8e262488ca5b9de40bc02850811,0x5edae42fb5aac55510961b0dfe3cfffc245708c7e4b47561726f2f7e394e9edc,1781231661288,1781231662000,37592624,0x835a7dfbe55923ba4650e37317d0d0df208ddd38415c53faa64eb04e05f5ede0,1781231665554,1781231665554,1781231668000,472577076,0x65648d90b47d293004f3b471d907ff23a63965f08de42181f121bb432484961f,2000,PENDING,200000,200000,200000,1781231659556154357,1731.846,4,712,3554,2446,6000,6712,8443.846
203,withdraw,5,4.8,0xf5f916d0ac231c773444804f631a5837cdece57275954a642b600db60e3ea059,0xe4f1f5a60d57da251e52558a8c5d1d7f5954115f22c43921f1aa280e3d1b5282,1781235035871,1781235036000,37596054,0xf593a69fbee239f466688f9cfb9bf53704c59bc99620fe4b7d52eb1448c1ac05,1781235038650,1781235038650,1781235042000,472590513,0x0f6c5b70a237fd0517c8476d8e36b45f70bf82d04ed48a8a58bc0759a1ff31c9,2000,PENDING,200000,200000,200000,1781235033679109454,2191.891,4,129,2650,3350,6000,6129,8320.891
204,withdraw,5,4.8,0x36d318653b3fab8429c20c4facaecea5c47955874107001992ab276d479ed54a,0xa8c3774b382ee6c33221a864d86feec677057f9da09092b0aac28f9a9974dbf3,1781236395211,1781236396000,37597437,0xbd4f1fca2052af728374e297752686a367e94942e7e5950aa64caa6e0a80cef7,1781236404901,1781236401000,1781236401000,472595910,0xee82847eddac2a5bbae8227c52d96ff16e99c1b20f11409c43fdc6ddee138b4c,2000,PENDING,200000,200000,200000,1781236394495308971,715.691,9,789,5000,0,5000,5789,6504.691
205,withdraw,5,4.8,0x9e583dd1d406bb76759d430e4674afeae5f361a21379099e8a336fefb5c8193f,0x9906f27f64e2aa2c06d5774797090f23085fa4b3b206ab0bc8ceb24f13e80a8a,1781239871063,1781239871000,37600970,0x7798569d667de252aac8419755cbae00d1883fe88aa0fbf3525eac873fc2d71e,1781239877569,1781239877000,1781239877000,472609711,0xa40bed8f20993c56c46d778f621d639bba5b0e0df9904a3015c5c1e450671860,2000,PENDING,200000,200000,200000,1781239868502808571,2560.191,6,-63,6000,0,6000,5937,8497.191
206,withdraw,5,4.8,0x7c8d2af8e553b7152a0900ec48d3d4ad6ef0d2473953ed1c832a89a2d8dcf34d,0x4f276793b665ec41e544f8984fccdefb08f7372cd84874d2118b0de0cd8e1aea,1781241822235,1781241823000,37602954,0xeff2df252d15540765747fb9a0bb4198857d93ff9d9482f4ce19c874d667c064,1781241829331,1781241829331,1781241830000,472617480,0x241e6cdc94c3866a77fca58a355bca58bd8f3ac25c9a1f5e01ce4b161e35ed0a,2000,PENDING,200000,200000,200000,1781241819330246929,2904.753,5,765,6331,669,7000,7765,10669.753
207,withdraw,5,4.8,0xc675b67ec9b5ff0cd074c2eb458a4270f4e09d281290a1346dc27ba189c8ec16,0x1dcf6a137d68079d9ae3f109aff42e8cf741cf2bb8de32248ea57f5fd7f4c573,1781243752863,1781243753000,37604916,0x135a8e5bb615c321295a229db81057a83baeaf5f6336fc99e54af88465cd8270,1781243757689,1781243757689,1781243759000,472625177,0x065f045761a6d809888bfdd1474f94821ccf9ac838f02ef2599f48e14cf56668,2000,PENDING,200000,200000,200000,1781243750814838946,2048.161,6,137,4689,1311,6000,6137,8185.161
208,withdraw,5,4.8,0x0e25535fb4ab9a2a245900d63a964f1cc405b90883e617749a84e1aefc03429d,0xd3ba1d59d4c3104f77907fb7765c893f1647c148f754e2c212865c9ef830ca9c,1781244924932,1781244925000,37606108,0xc6d7a43506df85dac8b80925020e79e67d3870f7dcc4bd53e6e5b061af0478aa,1781244931225,1781244931225,1781244934000,472629868,0x6db76fbc9526942e5710f2f274b6c928b3e249fe49d5359cd036ae1f0d099a90,2000,PENDING,200000,200000,200000,1781244923088483081,1843.517,7,68,6225,2775,9000,9068,10911.517
209,withdraw,5,4.8,0x288a8faabf66a81945aef147f60c636fd11205447c365c0b3ea8561e14e80367,0x2d7a68dd710f0f43018248f654cd55032d2fca1ba4381a8b5f283b60e6aa87cd,1781247347543,1781247348000,37608571,0x0c076dcba963bf565a713a3a4bf34963d793442128d8cb95f1e2223629943daf,1781247351199,1781247351199,1781247354000,472639545,0x46e3e76355d1770f990a51b50619842c39d8bd40813fe22408230fb9512ff753,2000,PENDING,200000,200000,200000,1781247345742559236,1800.441,4,457,3199,2801,6000,6457,8257.441
210,withdraw,5,4.8,0x59d2a933cbad3ba185d410966e5d3b70d47c51afef434e7101c73c889640989d,0x8fd82ece7842c2925e3c83ecc0c9eec432abd5ead116ba965dda00ba0e185d72,1781250761587,1781250762000,37612042,0xa3fd43f910420ece5f3587c417242983b82857520d6b8622ca225e66999b218b,1781250764740,1781250764740,1781250768000,472653173,0x71b57b95fe47066579f345a89637e8654d525ef75ef89838462550f092bcd8b1,2000,PENDING,200000,200000,200000,1781250759227177946,2359.822,4,413,2740,3260,6000,6413,8772.822
